{"content":[{"id":"283d21f5","settings":{"content_width":{"unit":"px","size":1360,"sizes":[]},"gap":"no","background_background":"classic","background_color":"#FFFFFF","animation":"none","background_overlay_background":"classic","background_overlay_color":"#153965","height":"min-height","background_image":{"url":"https:\/\/demo21.houzez.co\/wp-content\/uploads\/2020\/04\/property-16.jpg","id":2959,"alt":"","source":"library"},"background_position":"center center","background_size":"cover"},"elements":[{"id":"6e2c2ec2","settings":{"_column_size":100,"_inline_size":null,"z_index":1},"elements":[{"id":"3a8e748d","settings":{"selected_icon":{"value":{"url":"https:\/\/demo21.houzez.co\/wp-content\/uploads\/2022\/01\/icon-vip-crown-queen-2@64x64-gold.svg","id":2772},"library":"svg"},"title_text":"Discover exclusive life style with a leading provider of high-end quality real estate\u200b","description_text":"","text_align":"left","title_color":"#FFFFFF","title_typography_typography":"custom","title_typography_line_height":{"unit":"em","size":1.5,"sizes":[]},"_padding":{"unit":"px","top":"50","right":"60","bottom":"50","left":"060","isLinked":false},"_background_background":"classic","_background_color":"#153965","_element_width":"initial","_element_custom_width":{"unit":"px","size":461,"sizes":[]},"_position":"absolute","_offset_orientation_h":"end","_offset_x":{"size":488,"unit":"px"},"_offset_y":{"size":10,"unit":"px"},"_offset_y_end":{"unit":"px","size":-341,"sizes":[]},"_box_shadow_box_shadow_type":"yes","_box_shadow_box_shadow":{"horizontal":0,"vertical":35,"blur":35,"spread":0,"color":"rgba(0, 0, 0, 0.1)"},"_z_index":1,"_animation":"fadeInRight","title_typography_font_size_mobile":{"unit":"px","size":24,"sizes":[]},"_padding_mobile":{"unit":"px","top":"40","right":"40","bottom":"40","left":"40","isLinked":true},"_element_custom_width_mobile":{"unit":"px","size":332,"sizes":[]},"_offset_x_end_mobile":{"size":0,"unit":"%"},"_offset_y_mobile":{"size":-50,"unit":"px"}},"elements":[],"isInner":false,"widgetType":"icon-box","elType":"widget"}],"isInner":false,"elType":"column"}],"isInner":false,"elType":"section"},{"id":"45e33aa3","settings":{"animation":"fadeIn","content_width":{"unit":"px","size":1320,"sizes":[]},"gap":"no","background_background":"classic","background_color":"#FFFFFF"},"elements":[{"id":"1ff61dbf","settings":{"_column_size":100},"elements":[{"id":"28658bc4","settings":{"content_width":{"unit":"px","size":725,"sizes":[]},"layout":"full_width","padding_tablet":{"unit":"px","top":"0","right":"30","bottom":"0","left":"30","isLinked":false},"padding_mobile":{"unit":"px","top":"0","right":"15","bottom":"0","left":"15","isLinked":false}},"elements":[{"id":"45fe4f80","settings":{"_column_size":100,"_inline_size":null},"elements":[{"id":"555f7af5","settings":{"height":{"unit":"px","size":100,"sizes":[]},"height_mobile":{"unit":"px","size":50,"sizes":[]}},"elements":[],"isInner":false,"widgetType":"houzez_elementor_space","elType":"widget"},{"id":"6fa124a4","settings":{"title":"Our values","size":"large","align":"left","title_color":"#000000","typography_line_height":{"unit":"em","size":1.4,"sizes":[]},"typography_typography":"custom","typography_font_size_mobile":{"unit":"px","size":24,"sizes":[]}},"elements":[],"isInner":false,"widgetType":"heading","elType":"widget"},{"id":"15ca2cab","settings":{"space":{"unit":"px","size":100,"sizes":[]},"space_tablet":{"unit":"px","size":50,"sizes":[]},"space_mobile":{"unit":"px","size":0,"sizes":[]}},"elements":[],"isInner":false,"widgetType":"spacer","elType":"widget"}],"isInner":true,"elType":"column"}],"isInner":true,"elType":"section"}],"isInner":false,"elType":"column"}],"isInner":false,"elType":"section"},{"id":"543e9ba8","settings":{"animation":"fadeIn","content_width":{"unit":"px","size":1320,"sizes":[]},"gap":"no","background_background":"classic","background_color":"#FFFFFF"},"elements":[{"id":"1f185cf9","settings":{"_column_size":100},"elements":[{"id":"78590c67","settings":{"content_width":{"unit":"px","size":725,"sizes":[]},"layout":"full_width","gap":"extended","structure":"40","padding_tablet":{"unit":"px","top":"0","right":"30","bottom":"0","left":"30","isLinked":false},"padding_mobile":{"unit":"px","top":"0","right":"15","bottom":"0","left":"15","isLinked":false}},"elements":[{"id":"1546b341","settings":{"_column_size":25,"_inline_size":null,"_inline_size_tablet":50},"elements":[{"id":"1bb9298f","settings":{"selected_icon":{"value":{"url":"https:\/\/demo21.houzez.co\/wp-content\/uploads\/2022\/01\/icon-target-correct@40x40.svg","id":3047},"library":"svg"},"title_text":"Efficiency","description_text":"Lorem ipsum dolor sit amet, consectetur adipiscing elit. Ut elit tellus, luctus nec ullamcorper mattis, pulvinar dapibus leo.","icon_space":{"unit":"px","size":30,"sizes":[]},"text_align":"left","title_bottom_space":{"unit":"px","size":15,"sizes":[]},"title_typography_typography":"custom","title_typography_font_family":"Inter","title_typography_font_size":{"unit":"px","size":20,"sizes":[]},"title_typography_font_weight":"500","description_typography_typography":"custom","description_typography_font_size":{"unit":"px","size":16,"sizes":[]},"description_color":"#9298A1","icon_space_mobile":{"unit":"px","size":15,"sizes":[]},"title_bottom_space_mobile":{"unit":"px","size":15,"sizes":[]},"title_typography_font_size_mobile":{"unit":"px","size":18,"sizes":[]},"description_typography_font_size_mobile":{"unit":"px","size":15,"sizes":[]}},"elements":[],"isInner":false,"widgetType":"icon-box","elType":"widget"}],"isInner":true,"elType":"column"},{"id":"701a86b1","settings":{"_column_size":25,"_inline_size":null,"_inline_size_tablet":50},"elements":[{"id":"6cc7df6c","settings":{"title_text":"Trust","description_text":"Lorem ipsum dolor sit amet, consectetur adipiscing elit. Ut elit tellus, luctus nec ullamcorper mattis, pulvinar dapibus leo.","icon_space":{"unit":"px","size":30,"sizes":[]},"text_align":"left","title_bottom_space":{"unit":"px","size":15,"sizes":[]},"title_typography_typography":"custom","title_typography_font_family":"Inter","title_typography_font_size":{"unit":"px","size":20,"sizes":[]},"title_typography_font_weight":"500","description_typography_typography":"custom","description_typography_font_size":{"unit":"px","size":16,"sizes":[]},"description_color":"#9298A1","selected_icon":{"value":{"url":"https:\/\/demo21.houzez.co\/wp-content\/uploads\/2022\/01\/icon-business-contract-approve@40x40.svg","id":3030},"library":"svg"},"icon_space_mobile":{"unit":"px","size":15,"sizes":[]},"title_bottom_space_mobile":{"unit":"px","size":15,"sizes":[]},"title_typography_font_size_mobile":{"unit":"px","size":18,"sizes":[]},"description_typography_font_size_mobile":{"unit":"px","size":15,"sizes":[]}},"elements":[],"isInner":false,"widgetType":"icon-box","elType":"widget"}],"isInner":true,"elType":"column"},{"id":"3f715ff4","settings":{"_column_size":25,"_inline_size":null,"_inline_size_tablet":50},"elements":[{"id":"3ab83db6","settings":{"title_text":"Innovation","description_text":"Lorem ipsum dolor sit amet, consectetur adipiscing elit. Ut elit tellus, luctus nec ullamcorper mattis, pulvinar dapibus leo.","icon_space":{"unit":"px","size":30,"sizes":[]},"text_align":"left","title_bottom_space":{"unit":"px","size":15,"sizes":[]},"title_typography_typography":"custom","title_typography_font_family":"Inter","title_typography_font_size":{"unit":"px","size":20,"sizes":[]},"title_typography_font_weight":"500","description_typography_typography":"custom","description_typography_font_size":{"unit":"px","size":16,"sizes":[]},"description_color":"#9298A1","selected_icon":{"value":{"url":"https:\/\/demo21.houzez.co\/wp-content\/uploads\/2022\/01\/icon-user-idea@40x40.svg","id":3048},"library":"svg"},"icon_space_mobile":{"unit":"px","size":15,"sizes":[]},"title_bottom_space_mobile":{"unit":"px","size":15,"sizes":[]},"title_typography_font_size_mobile":{"unit":"px","size":18,"sizes":[]},"description_typography_font_size_mobile":{"unit":"px","size":15,"sizes":[]}},"elements":[],"isInner":false,"widgetType":"icon-box","elType":"widget"}],"isInner":true,"elType":"column"},{"id":"7596301b","settings":{"_column_size":25,"_inline_size":null,"_inline_size_tablet":50},"elements":[{"id":"56a7357c","settings":{"title_text":"Quality","description_text":"Lorem ipsum dolor sit amet, consectetur adipiscing elit. Ut elit tellus, luctus nec ullamcorper mattis, pulvinar dapibus leo.","icon_space":{"unit":"px","size":30,"sizes":[]},"text_align":"left","title_bottom_space":{"unit":"px","size":15,"sizes":[]},"title_typography_typography":"custom","title_typography_font_family":"Inter","title_typography_font_size":{"unit":"px","size":20,"sizes":[]},"title_typography_font_weight":"500","description_typography_typography":"custom","description_typography_font_size":{"unit":"px","size":16,"sizes":[]},"description_color":"#9298A1","selected_icon":{"value":{"url":"https:\/\/demo21.houzez.co\/wp-content\/uploads\/2022\/01\/icon-certified-ribbon-1@40x40.svg","id":3050},"library":"svg"},"icon_space_mobile":{"unit":"px","size":15,"sizes":[]},"title_bottom_space_mobile":{"unit":"px","size":15,"sizes":[]},"title_typography_font_size_mobile":{"unit":"px","size":18,"sizes":[]},"description_typography_font_size_mobile":{"unit":"px","size":15,"sizes":[]}},"elements":[],"isInner":false,"widgetType":"icon-box","elType":"widget"}],"isInner":true,"elType":"column"}],"isInner":true,"elType":"section"},{"id":"12698284","settings":{"space":{"unit":"px","size":200,"sizes":[]},"space_tablet":{"unit":"px","size":100,"sizes":[]}},"elements":[],"isInner":false,"widgetType":"spacer","elType":"widget"}],"isInner":false,"elType":"column"}],"isInner":false,"elType":"section"},{"id":"59a6702f","settings":{"content_width":{"unit":"px","size":1340,"sizes":[]},"gap":"no","background_background":"gradient","background_color":"#FFFFFF","background_color_stop":{"unit":"%","size":65,"sizes":[]},"background_color_b":"#EEF4F8","background_color_b_stop":{"unit":"%","size":0,"sizes":[]},"background_gradient_angle":{"unit":"deg","size":270,"sizes":[]},"padding":{"unit":"px","top":"50","right":"0","bottom":"50","left":"0","isLinked":false},"animation":"fadeIn","background_overlay_background":"classic","background_overlay_color":"#FFFFFF00","background_overlay_opacity":{"unit":"px","size":1,"sizes":[]},"padding_tablet":{"unit":"px","top":"0","right":"0","bottom":"0","left":"0","isLinked":true}},"elements":[{"id":"2b7e10f","settings":{"_column_size":100,"_inline_size":null},"elements":[{"id":"58d594d0","settings":{"layout":"full_width","content_position":"middle","structure":"20","padding_tablet":{"unit":"px","top":"0","right":"30","bottom":"0","left":"30","isLinked":false}},"elements":[{"id":"34d68bf7","settings":{"_column_size":50,"_inline_size":null,"padding_mobile":{"unit":"px","top":"0","right":"0","bottom":"30","left":"0","isLinked":false}},"elements":[{"id":"1aaba3b3","settings":{"image":{"url":"https:\/\/demo21.houzez.co\/wp-content\/uploads\/2022\/01\/mediterranean-villa-interior-and-exterior-design-2021-09-04-10-53-10-utc.jpg","id":2752,"alt":"","source":"library"},"_animation":"fadeInLeft"},"elements":[],"isInner":false,"widgetType":"image","elType":"widget"}],"isInner":true,"elType":"column"},{"id":"47ab754a","settings":{"_column_size":50,"_inline_size":null,"padding":{"unit":"px","top":"0","right":"0","bottom":"0","left":"50","isLinked":false},"padding_mobile":{"unit":"px","top":"0","right":"0","bottom":"0","left":"0","isLinked":true}},"elements":[{"id":"484423a8","settings":{"style":"dotted","width":{"unit":"px","size":27,"sizes":[]},"width_tablet":{"unit":"px","size":"","sizes":[]},"width_mobile":{"unit":"px","size":"","sizes":[]},"text":"Divider","color":"#D1C292","weight":{"unit":"px","size":5,"sizes":[]}},"elements":[],"isInner":false,"widgetType":"divider","elType":"widget"},{"id":"3de6904b","settings":{"title":"About us","size":"large","align":"left","title_color":"#000000","typography_line_height":{"unit":"em","size":1.4,"sizes":[]},"typography_typography":"custom","header_size":"h3"},"elements":[],"isInner":false,"widgetType":"heading","elType":"widget"},{"id":"1fa52bc5","settings":{"editor":"<p>Our company is one of the leading providers in high-end real estate. Our services includes wide variety of luxurious properties and we will make sure you get the best experience when dealing with us.We started this company to help people find the home they deserve and we will make it our mission to make sure that your lifestyle is exclusive.<\/p>","text_color":"#9298A1","typography_typography":"custom"},"elements":[],"isInner":false,"widgetType":"text-editor","elType":"widget"},{"id":"11b4348b","settings":{"icon_list":[{"text":"Contact us","selected_icon":{"value":{"url":"https:\/\/demo21.houzez.co\/wp-content\/uploads\/2022\/01\/icon-read-email-at-1@16x16.svg","id":2784},"library":"svg"},"_id":"63a950a"},{"text":"987 654 3210","selected_icon":{"value":{"url":"https:\/\/demo21.houzez.co\/wp-content\/uploads\/2022\/01\/icon-phone-landline@16x16.svg","id":2783},"library":"svg"},"_id":"12c5c07"}],"text_color":"#153965"},"elements":[],"isInner":false,"widgetType":"icon-list","elType":"widget"}],"isInner":true,"elType":"column"}],"isInner":true,"elType":"section"}],"isInner":false,"elType":"column"}],"isInner":false,"elType":"section"},{"id":"729cc138","settings":{"animation":"fadeIn","content_width":{"unit":"px","size":1340,"sizes":[]},"gap":"no","background_background":"classic","background_color":"#FFFFFF"},"elements":[{"id":"3b90ad92","settings":{"_column_size":100},"elements":[{"id":"45efe491","settings":{"content_width":{"unit":"px","size":804,"sizes":[]},"animation":"fadeIn","padding_mobile":{"unit":"px","top":"0","right":"15","bottom":"0","left":"15","isLinked":false}},"elements":[{"id":"1f4bceea","settings":{"_column_size":100,"_inline_size":null},"elements":[{"id":"374f7944","settings":[],"elements":[],"isInner":false,"widgetType":"houzez_elementor_space","elType":"widget"},{"id":"315f0705","settings":{"selected_icon":{"value":{"url":"https:\/\/demo21.houzez.co\/wp-content\/uploads\/2022\/01\/icon-vip-crown-queen-2@64x64-gold.svg","id":2772},"library":"svg"},"primary_color":"#D1C292"},"elements":[],"isInner":false,"widgetType":"icon","elType":"widget"},{"id":"7a7b1cbb","settings":{"title":"Read what our customers say about us","size":"large","align":"center","title_color":"#000000","typography_line_height":{"unit":"em","size":1.4,"sizes":[]},"typography_typography":"custom","typography_font_size_mobile":{"unit":"px","size":24,"sizes":[]}},"elements":[],"isInner":false,"widgetType":"heading","elType":"widget"},{"id":"54daed81","settings":{"space":{"unit":"px","size":20,"sizes":[]}},"elements":[],"isInner":false,"widgetType":"spacer","elType":"widget"}],"isInner":true,"elType":"column"}],"isInner":true,"elType":"section"},{"id":"2bbb3e1","settings":{"layout":"full_width","animation":"fadeIn","padding_tablet":{"unit":"px","top":"0","right":"30","bottom":"0","left":"30","isLinked":false},"padding_mobile":{"unit":"px","top":"0","right":"015","bottom":"0","left":"15","isLinked":false}},"elements":[{"id":"4babf354","settings":{"_column_size":100,"_inline_size":null},"elements":[{"id":"4859b2d6","settings":{"posts_limit":"3","houzez_testi_v2_text_color":"#000000","houzez_testi_v2_bg_color":"#F4F3F0"},"elements":[],"isInner":false,"widgetType":"houzez_elementor_testimonials_v2","elType":"widget"},{"id":"56d57bc4","settings":{"space":{"unit":"px","size":30,"sizes":[]}},"elements":[],"isInner":false,"widgetType":"spacer","elType":"widget"}],"isInner":true,"elType":"column"}],"isInner":true,"elType":"section"}],"isInner":false,"elType":"column"}],"isInner":false,"elType":"section"},{"id":"3dbc4bcb","settings":{"content_width":{"unit":"px","size":1340,"sizes":[]},"gap":"no","background_background":"classic","background_color":"#FFFFFF","background_color_stop":{"unit":"%","size":65,"sizes":[]},"background_color_b":"#EEF4F8","background_color_b_stop":{"unit":"%","size":0,"sizes":[]},"background_gradient_angle":{"unit":"deg","size":270,"sizes":[]},"padding":{"unit":"px","top":"50","right":"0","bottom":"50","left":"0","isLinked":false},"animation":"fadeIn","background_overlay_background":"classic","background_overlay_color":"#FFFFFF00","background_overlay_opacity":{"unit":"px","size":1,"sizes":[]}},"elements":[{"id":"1f9fba41","settings":{"_column_size":100,"_inline_size":null},"elements":[{"id":"1a67a756","settings":{"structure":"21","padding_tablet":{"unit":"px","top":"0","right":"30","bottom":"0","left":"30","isLinked":false},"content_width":{"unit":"px","size":1000,"sizes":[]}},"elements":[{"id":"6287def5","settings":{"_column_size":33,"_inline_size":null,"padding_mobile":{"unit":"px","top":"0","right":"0","bottom":"30","left":"0","isLinked":false}},"elements":[{"id":"4a7a3d0d","settings":{"style":"dotted","width":{"unit":"px","size":27,"sizes":[]},"width_tablet":{"unit":"px","size":"","sizes":[]},"width_mobile":{"unit":"px","size":"","sizes":[]},"text":"Divider","color":"#D1C292","weight":{"unit":"px","size":5,"sizes":[]}},"elements":[],"isInner":false,"widgetType":"divider","elType":"widget"},{"id":"6fc9ce07","settings":{"title":"We'll take the stress out of the buying and selling process.","size":"large","align":"left","title_color":"#000000","typography_line_height":{"unit":"em","size":1.4,"sizes":[]},"typography_typography":"custom","header_size":"h3"},"elements":[],"isInner":false,"widgetType":"heading","elType":"widget"}],"isInner":true,"elType":"column"},{"id":"7c93ebf0","settings":{"_column_size":66,"_inline_size":null,"padding":{"unit":"px","top":"0","right":"0","bottom":"0","left":"50","isLinked":false},"padding_mobile":{"unit":"px","top":"0","right":"0","bottom":"0","left":"0","isLinked":true}},"elements":[{"id":"53d8e0bc","settings":{"space":{"unit":"px","size":44,"sizes":[]}},"elements":[],"isInner":false,"widgetType":"spacer","elType":"widget"},{"id":"36fefffc","settings":{"editor":"<p>Our company is one of the leading providers in high-end real estate. Our services includes wide variety of luxurious properties and we will make sure you get the best experience when dealing with us. We started this company to help people find the home they deserve and we will make it our mission to make sure that your lifestyle is exclusive and high-end experience.<\/p>","text_color":"#9298A1","typography_typography":"custom"},"elements":[],"isInner":false,"widgetType":"text-editor","elType":"widget"}],"isInner":true,"elType":"column"}],"isInner":true,"elType":"section"},{"id":"6bc76eca","settings":[],"elements":[],"isInner":false,"widgetType":"spacer","elType":"widget"},{"id":"39152635","settings":{"structure":"40","padding_tablet":{"unit":"px","top":"0","right":"30","bottom":"0","left":"30","isLinked":false},"content_width":{"unit":"px","size":1057,"sizes":[]},"gap":"wider"},"elements":[{"id":"5a6dc276","settings":{"_column_size":25,"_inline_size":null,"padding_mobile":{"unit":"px","top":"0","right":"0","bottom":"30","left":"0","isLinked":false},"_inline_size_mobile":50},"elements":[{"id":"72b29df","settings":{"image":{"url":"https:\/\/demo21.houzez.co\/wp-content\/uploads\/2022\/01\/team-03.jpg","id":3077,"alt":"","source":"library"},"title_text":"Harry Johnson","description_text":"CEO and founder","title_size":"div","image_size":{"unit":"%","size":100,"sizes":[]},"image_opacity_hover":{"unit":"px","size":0.4,"sizes":[]},"text_align":"center","title_typography_typography":"custom","title_typography_font_size":{"unit":"px","size":15,"sizes":[]},"title_typography_font_size_tablet":{"unit":"rem","size":"","sizes":[]},"title_typography_font_size_mobile":{"unit":"rem","size":"","sizes":[]},"title_typography_font_weight":"600","description_color":"#9298A1","description_typography_typography":"custom","description_typography_font_size":{"unit":"px","size":15,"sizes":[]}},"elements":[],"isInner":false,"widgetType":"image-box","elType":"widget"}],"isInner":true,"elType":"column"},{"id":"25832d6c","settings":{"_column_size":25,"_inline_size":null,"padding_mobile":{"unit":"px","top":"0","right":"0","bottom":"30","left":"0","isLinked":false},"_inline_size_mobile":50},"elements":[{"id":"48f7f177","settings":{"image":{"url":"https:\/\/demo21.houzez.co\/wp-content\/uploads\/2022\/01\/team-02.jpg","id":3078,"alt":"","source":"library"},"title_text":"Susan Rosenback","description_text":"Company Strategist","title_size":"div","image_size":{"unit":"%","size":100,"sizes":[]},"image_opacity_hover":{"unit":"px","size":0.4,"sizes":[]},"text_align":"center","title_typography_typography":"custom","title_typography_font_size":{"unit":"px","size":15,"sizes":[]},"title_typography_font_size_tablet":{"unit":"rem","size":"","sizes":[]},"title_typography_font_size_mobile":{"unit":"rem","size":"","sizes":[]},"title_typography_font_weight":"600","description_color":"#9298A1","description_typography_typography":"custom","description_typography_font_size":{"unit":"px","size":15,"sizes":[]}},"elements":[],"isInner":false,"widgetType":"image-box","elType":"widget"}],"isInner":true,"elType":"column"},{"id":"727802fe","settings":{"_column_size":25,"_inline_size":null,"padding_mobile":{"unit":"px","top":"0","right":"0","bottom":"30","left":"0","isLinked":false},"_inline_size_mobile":50},"elements":[{"id":"10fef53b","settings":{"image":{"url":"https:\/\/demo21.houzez.co\/wp-content\/uploads\/2022\/01\/team-01.jpg","id":3079,"alt":"","source":"library"},"title_text":"Mike Rossano","description_text":"Marketing Manger","title_size":"div","image_size":{"unit":"%","size":100,"sizes":[]},"image_opacity_hover":{"unit":"px","size":0.4,"sizes":[]},"text_align":"center","title_typography_typography":"custom","title_typography_font_size":{"unit":"px","size":15,"sizes":[]},"title_typography_font_size_tablet":{"unit":"rem","size":"","sizes":[]},"title_typography_font_size_mobile":{"unit":"rem","size":"","sizes":[]},"title_typography_font_weight":"600","description_color":"#9298A1","description_typography_typography":"custom","description_typography_font_size":{"unit":"px","size":15,"sizes":[]}},"elements":[],"isInner":false,"widgetType":"image-box","elType":"widget"}],"isInner":true,"elType":"column"},{"id":"5ac75311","settings":{"_column_size":25,"_inline_size":null,"padding_mobile":{"unit":"px","top":"0","right":"0","bottom":"30","left":"0","isLinked":false},"_inline_size_mobile":50},"elements":[{"id":"40dec1be","settings":{"image":{"url":"https:\/\/demo21.houzez.co\/wp-content\/uploads\/2022\/01\/team-04.jpg","id":3076,"alt":"","source":"library"},"title_text":"Nora Wilson","description_text":"Account Manager","title_size":"div","image_size":{"unit":"%","size":100,"sizes":[]},"image_opacity_hover":{"unit":"px","size":0.4,"sizes":[]},"text_align":"center","title_typography_typography":"custom","title_typography_font_size":{"unit":"px","size":15,"sizes":[]},"title_typography_font_size_tablet":{"unit":"rem","size":"","sizes":[]},"title_typography_font_size_mobile":{"unit":"rem","size":"","sizes":[]},"title_typography_font_weight":"600","description_color":"#9298A1","description_typography_typography":"custom","description_typography_font_size":{"unit":"px","size":15,"sizes":[]}},"elements":[],"isInner":false,"widgetType":"image-box","elType":"widget"}],"isInner":true,"elType":"column"}],"isInner":true,"elType":"section"},{"id":"77f32fe","settings":[],"elements":[],"isInner":false,"widgetType":"spacer","elType":"widget"}],"isInner":false,"elType":"column"}],"isInner":false,"elType":"section"},{"id":"2c941e60","settings":{"content_width":{"unit":"px","size":1330,"sizes":[]},"background_background":"classic","background_color":"#FFFFFF","gap":"no","background_color_stop":{"unit":"%","size":60,"sizes":[]},"background_color_b":"#E2DED3","background_color_b_stop":{"unit":"%","size":56,"sizes":[]},"background_gradient_angle":{"unit":"deg","size":270,"sizes":[]},"margin":{"unit":"px","top":"0","right":0,"bottom":"0","left":0,"isLinked":false},"padding":{"unit":"px","top":"0","right":"0","bottom":"100","left":"0","isLinked":false},"z_index":0},"elements":[{"id":"58da6c2","settings":{"_column_size":100,"_inline_size":null},"elements":[{"id":"3644bc2a","settings":{"layout":"full_width","content_position":"middle","structure":"20","background_background":"classic","background_color":"#EEF4F8","background_image":{"url":"","id":"","alt":"","source":"library"},"background_position":"center center","background_size":"cover","background_overlay_opacity":{"unit":"px","size":0.07,"sizes":[]},"box_shadow_box_shadow_type":"yes","box_shadow_box_shadow":{"horizontal":0,"vertical":80,"blur":80,"spread":0,"color":"rgba(0, 0, 0, 0.1)"},"margin":{"unit":"px","top":"","right":0,"bottom":"","left":0,"isLinked":true},"background_overlay_background":"classic","background_overlay_image":{"url":"","id":"","alt":"","source":"library"},"z_index":1,"animation":"fadeIn"},"elements":[{"id":"37e8e99c","settings":{"_column_size":50,"_inline_size":31.001,"padding":{"unit":"px","top":"70","right":"70","bottom":"70","left":"70","isLinked":true},"_inline_size_tablet":100,"padding_tablet":{"unit":"px","top":"70","right":"70","bottom":"40","left":"70","isLinked":false},"padding_mobile":{"unit":"px","top":"30","right":"30","bottom":"30","left":"30","isLinked":true}},"elements":[{"id":"6474e3c0","settings":{"title":"Request a free valuation of your property","size":"large","align":"left","title_color":"#000000","typography_typography":"custom","typography_line_height":{"unit":"em","size":1.4,"sizes":[]},"typography_font_size_mobile":{"unit":"px","size":24,"sizes":[]}},"elements":[],"isInner":false,"widgetType":"heading","elType":"widget"},{"id":"711455de","settings":{"editor":"<p>Our real estate company has a number of luxury and exclusive listings that are perfect for international clients.&nbsp;<\/p>","text_color":"#9298A1"},"elements":[],"isInner":false,"widgetType":"text-editor","elType":"widget"},{"id":"4b75c847","settings":{"icon_list":[{"text":"Contact us","selected_icon":{"value":{"url":"https:\/\/demo21.houzez.co\/wp-content\/uploads\/2022\/01\/icon-read-email-at-1@16x16.svg","id":2784},"library":"svg"},"_id":"63a950a"},{"text":"987 654 3210","selected_icon":{"value":{"url":"https:\/\/demo21.houzez.co\/wp-content\/uploads\/2022\/01\/icon-phone-landline@16x16.svg","id":2783},"library":"svg"},"_id":"12c5c07"}],"text_color":"#153965"},"elements":[],"isInner":false,"widgetType":"icon-list","elType":"widget"}],"isInner":true,"elType":"column"},{"id":"66fe75b3","settings":{"_column_size":50,"_inline_size":68.999,"padding":{"unit":"px","top":"70","right":"70","bottom":"70","left":"70","isLinked":true},"_inline_size_tablet":100,"padding_tablet":{"unit":"px","top":"0","right":"70","bottom":"40","left":"70","isLinked":false},"padding_mobile":{"unit":"px","top":"10","right":"30","bottom":"30","left":"30","isLinked":false}},"elements":[{"id":"20b73df5","settings":{"form_name":"New Form","form_fields":[{"field_type":"user_type","field_label":"Personal Information","placeholder":"Select","required":"true","field_options":"Property owner\nAgent\n","width":"33","_id":"b66c734"},{"field_type":"first_name","field_label":"&nbsp;","placeholder":"First name","required":"true","width":"33","_id":"ac32e68"},{"field_type":"last_name","field_label":"&nbsp;","placeholder":"Last name","required":"true","width":"33","_id":"7304c05"},{"field_type":"email","placeholder":"Email address","required":"true","width":"66","_id":"7b74074"},{"field_type":"mobile","placeholder":"Phone number","required":"true","width":"33","_id":"e92d2c5"},{"field_type":"e_meta[property_type]","field_label":"Property Information","placeholder":"Type","required":"true","width":"33","_id":"08ee178"},{"field_type":"e_meta[zipcode]","field_label":"&nbsp;","placeholder":"Zip code","required":"true","width":"33","_id":"cfcfcd6"},{"field_type":"e_meta[city]","field_label":"&nbsp;","placeholder":"City","width":"33","_id":"5e7d721"},{"field_type":"e_meta[beds]","placeholder":"N. of bedrooms","required":"true","width":"33","_id":"c3053de"},{"field_type":"e_meta[baths]","placeholder":"N. of bathrooms","required":"true","width":"33","_id":"ca559d7"},{"field_type":"e_meta[price]","placeholder":"Your budget","required":"true","width":"33","_id":"3dbb366"}],"button_text":"Submit","email_to":"hello@favethemes.com","email_subject":"New message from &quot;Houzez - Highly Customizable Real Estate WordPress Theme&quot;","button_background_color":"#153965","button_background_hover_color":"#2F5E99","_padding":{"unit":"px","top":"30","right":"30","bottom":"0","left":"30","isLinked":false},"_background_color":"#FFFFFF","input_size":"md","button_size":"md","column_gap":{"unit":"px","size":15,"sizes":[]},"row_gap":{"unit":"px","size":15,"sizes":[]},"label_spacing":{"unit":"px","size":15,"sizes":[]},"label_typography_typography":"custom","label_typography_font_family":"Inter","label_typography_font_size":{"unit":"px","size":14,"sizes":[]},"field_typography_typography":"custom","field_typography_font_size":{"unit":"px","size":14,"sizes":[]},"field_border_color":"#FFFFFF","button_typography_typography":"custom","button_typography_font_size":{"unit":"px","size":14,"sizes":[]},"button_typography_text_transform":"uppercase","button_typography_letter_spacing":{"unit":"px","size":1.9,"sizes":[]},"button_border_radius":{"unit":"px","top":"3","right":"3","bottom":"3","left":"3","isLinked":true},"_box_shadow_box_shadow":{"horizontal":0,"vertical":4,"blur":4,"spread":0,"color":"rgba(0, 0, 0, 0.16)"},"column_gap_mobile":{"unit":"px","size":20,"sizes":[]},"row_gap_mobile":{"unit":"px","size":10,"sizes":[]},"_padding_tablet":{"unit":"px","top":"0","right":"0","bottom":"0","left":"0","isLinked":true}},"elements":[],"isInner":false,"widgetType":"houzez_elementor_inquiry_form","elType":"widget"}],"isInner":true,"elType":"column"}],"isInner":true,"elType":"section"}],"isInner":false,"elType":"column"}],"isInner":false,"elType":"section"}],"page_settings":[],"version":"0.4","title":"Demo 21 - About us","type":"page"}