{"content":[{"id":"7cac214c","settings":{"content_width":{"unit":"px","size":1320,"sizes":[]},"gap":"no","background_background":"classic","background_color":"#FFFFFF","animation":"fadeIn","layout":"full_width"},"elements":[{"id":"61b9fb78","settings":{"_column_size":100,"_inline_size":null},"elements":[{"id":"32b0ee15","settings":{"posts_limit":"9"},"elements":[],"isInner":false,"widgetType":"houzez_elementor_properties_slider","elType":"widget"}],"isInner":false,"elType":"column"}],"isInner":false,"elType":"section"},{"id":"65a58937","settings":{"animation":"fadeIn","content_width":{"unit":"px","size":1320,"sizes":[]},"gap":"no","background_background":"classic","background_color":"#FFFFFF"},"elements":[{"id":"52a7f3e3","settings":{"_column_size":100},"elements":[{"id":"7e738061","settings":{"content_width":{"unit":"px","size":725,"sizes":[]}},"elements":[{"id":"60b99ae8","settings":{"_column_size":100,"_inline_size":null},"elements":[{"id":"5df084cd","settings":[],"elements":[],"isInner":false,"widgetType":"houzez_elementor_space","elType":"widget"},{"id":"6f979c2e","settings":{"selected_icon":{"value":{"url":"https:\/\/demo21.houzez.co\/wp-content\/uploads\/2022\/01\/icon-vip-crown-queen-2@64x64-gold.svg","id":2772},"library":"svg"},"primary_color":"#D1C292"},"elements":[],"isInner":false,"widgetType":"icon","elType":"widget"},{"id":"63f14f1f","settings":{"title":"Discover exclusive life style with a leading provider of high-end quality real estate<br>","size":"large","align":"center","title_color":"#000000","typography_line_height":{"unit":"em","size":1.4,"sizes":[]},"typography_typography":"custom","typography_font_size_mobile":{"unit":"px","size":24,"sizes":[]}},"elements":[],"isInner":false,"widgetType":"heading","elType":"widget"},{"id":"19372336","settings":{"space":{"unit":"px","size":10,"sizes":[]}},"elements":[],"isInner":false,"widgetType":"spacer","elType":"widget"}],"isInner":true,"elType":"column"}],"isInner":true,"elType":"section"},{"id":"30e402ff","settings":{"content_width":{"unit":"px","size":836,"sizes":[]},"background_background":"classic"},"elements":[{"id":"161bf9fc","settings":{"_column_size":100,"_inline_size":null},"elements":[{"id":"28b5f9b2","settings":{"form_fields":[{"_id":"field-cities","field_type":"location[]","field_label":"Cities","placeholder":"Where","width":"20","price_from_text":"From","price_to_text":"To","selected_count_text":"items selected"},{"_id":"56ba80f","field_type":"bedrooms","field_label":"Beds","placeholder":"Beds","price_from_text":"From","price_to_text":"To","width":"20","selected_count_text":"items selected"},{"_id":"field-types","field_type":"type[]","field_label":"Property Type","placeholder":"Type","is_multiple":"true","select_all_btns":"","selected_count_text":"types selected","width":"20","width_mobile":"100","price_from_text":"From","price_to_text":"To"},{"_id":"field-max-price","field_type":"max-price","field_label":"Max. Price","placeholder":"Budget","width":"20","width_mobile":"100","price_from_text":"From","price_to_text":"To","selected_count_text":"items selected"},{"_id":"field-search-btn","field_type":"search-button","field_label":"Search Button","placeholder":"Search","width":"20","price_from_text":"From","price_to_text":"To","selected_count_text":"items selected"}],"input_size":"md","button_size":"md","tabs_all_text":"All","field_border_color":"#FFFFFF","button_background_color":"#153965","_background_color":"#FFFFFF","_border_radius":{"unit":"px","top":"4","right":"4","bottom":"4","left":"4","isLinked":true},"_box_shadow_box_shadow":{"horizontal":0,"vertical":4,"blur":4,"spread":0,"color":"rgba(0, 0, 0, 0.16)"},"field_typography_typography":"custom","field_typography_font_size":{"unit":"px","size":14,"sizes":[]},"button_typography_typography":"custom","button_typography_font_size":{"unit":"px","size":14,"sizes":[]},"button_typography_text_transform":"uppercase","button_typography_letter_spacing":{"unit":"px","size":1.9,"sizes":[]},"button_border_radius":{"unit":"px","top":"3","right":"3","bottom":"3","left":"3","isLinked":true},"button_background_hover_color":"#2F5E99","show_tabs":"yes","status_data":["for-rent","for-sale"],"form_background_color":"#FFFFFF","form_padding":{"unit":"px","top":"10","right":"5","bottom":"0","left":"5","isLinked":false},"form_radius":{"unit":"px","top":"4","right":"4","bottom":"4","left":"4","isLinked":true},"search_tabs_typography_typography":"custom","search_tabs_typography_font_size":{"unit":"px","size":13,"sizes":[]},"search_tabs_typography_font_weight":"400","search_tabs_typography_text_transform":"uppercase","search_tabs_typography_letter_spacing":{"unit":"px","size":1.9,"sizes":[]},"search_tabs_typography_word_spacing":{"unit":"px","size":"","sizes":[]},"search_tabs_typography_word_spacing_tablet":{"unit":"px","size":"","sizes":[]},"search_tabs_typography_word_spacing_mobile":{"unit":"px","size":"","sizes":[]},"search_tabs_bg_color":"#153965","tabs_padding":{"unit":"px","top":"11","right":"30","bottom":"10","left":"30","isLinked":false},"tabs_radius":{"unit":"px","top":"2","right":"2","bottom":"0","left":"0","isLinked":false},"_animation":"none","_animation_delay":300,"tabs_padding_mobile":{"unit":"px","top":"11","right":"20","bottom":"10","left":"20","isLinked":false},"border_border":"solid","border_width":{"unit":"px","top":"1","right":"1","bottom":"1","left":"1","isLinked":true},"border_color":"#E9E9E9","box_shadow_box_shadow_type":"yes","box_shadow_box_shadow":{"horizontal":0,"vertical":35,"blur":35,"spread":0,"color":"rgba(0, 0, 0, 0.1)"},"_z_index":1,"_border_border":"solid","_border_width":{"unit":"px","top":"0","right":"0","bottom":"0","left":"0","isLinked":true},"search_tabs_color":"#FFFFFF","search_tabs_active_color":"#0FAEEF","search_active_tabs_bg_color":"#FFFFFF"},"elements":[],"isInner":false,"widgetType":"houzez_elementor_search_builder","elType":"widget"},{"id":"7f0a2728","settings":{"space":{"unit":"px","size":100,"sizes":[]}},"elements":[],"isInner":false,"widgetType":"spacer","elType":"widget"}],"isInner":true,"elType":"column"}],"isInner":true,"elType":"section"}],"isInner":false,"elType":"column"}],"isInner":false,"elType":"section"},{"id":"24491a18","settings":{"content_width":{"unit":"px","size":1340,"sizes":[]},"gap":"no","background_background":"gradient","background_color":"#FFFFFF","background_color_stop":{"unit":"%","size":65,"sizes":[]},"background_color_b":"#EEF4F8","background_color_b_stop":{"unit":"%","size":0,"sizes":[]},"background_gradient_angle":{"unit":"deg","size":90,"sizes":[]},"padding":{"unit":"px","top":"50","right":"0","bottom":"50","left":"0","isLinked":false},"animation":"fadeIn","background_overlay_background":"classic","background_overlay_color":"#FFFFFF00","background_overlay_opacity":{"unit":"px","size":1,"sizes":[]}},"elements":[{"id":"44eb262d","settings":{"_column_size":100,"_inline_size":null},"elements":[{"id":"652937fd","settings":{"layout":"full_width","content_position":"middle","structure":"20","padding_tablet":{"unit":"px","top":"0","right":"30","bottom":"0","left":"30","isLinked":false},"reverse_order_mobile":"reverse-mobile"},"elements":[{"id":"4d679097","settings":{"_column_size":50,"_inline_size":null,"padding":{"unit":"px","top":"0","right":"50","bottom":"0","left":"0","isLinked":false},"padding_mobile":{"unit":"px","top":"0","right":"0","bottom":"0","left":"0","isLinked":true}},"elements":[{"id":"f469f38","settings":{"style":"dotted","width":{"unit":"px","size":27,"sizes":[]},"width_tablet":{"unit":"px","size":"","sizes":[]},"width_mobile":{"unit":"px","size":"","sizes":[]},"text":"Divider","color":"#D1C292","weight":{"unit":"px","size":5,"sizes":[]}},"elements":[],"isInner":false,"widgetType":"divider","elType":"widget"},{"id":"689b1c75","settings":{"title":"Modern living for a unique lifestyle","size":"large","align":"left","title_color":"#000000","typography_line_height":{"unit":"em","size":1.4,"sizes":[]},"typography_typography":"custom","header_size":"h3","typography_font_size_mobile":{"unit":"px","size":24,"sizes":[]}},"elements":[],"isInner":false,"widgetType":"heading","elType":"widget"},{"id":"709394c9","settings":{"editor":"<p>We are one of the leading developers in europe providing exquisitely designed modern living villas in unique locations. We have made out quality development an hallmark by incorporating the latest in contemporary architecture to suit your tastes and budget.<\/p>","text_color":"#9298A1","typography_typography":"custom"},"elements":[],"isInner":false,"widgetType":"text-editor","elType":"widget"},{"id":"2a257dc4","settings":{"text":"Discover More","selected_icon":{"value":"fas fa-arrow-right","library":"fa-solid"},"icon_align":"right","icon_indent":{"unit":"px","size":14,"sizes":[]},"button_text_color":"#D1C292","background_color":"#02010100","hover_color":"#153965","border_border":"solid","border_width":{"unit":"px","top":"0","right":"0","bottom":"0","left":"0","isLinked":true},"border_radius":{"unit":"px","top":"0","right":"0","bottom":"0","left":"0","isLinked":true},"text_padding":{"unit":"px","top":"0","right":"0","bottom":"0","left":"0","isLinked":false}},"elements":[],"isInner":false,"widgetType":"button","elType":"widget"}],"isInner":true,"elType":"column"},{"id":"3ec0e2ce","settings":{"_column_size":50,"_inline_size":null,"padding_mobile":{"unit":"px","top":"0","right":"0","bottom":"30","left":"0","isLinked":false}},"elements":[{"id":"19e44313","settings":{"image":{"url":"https:\/\/demo21.houzez.co\/wp-content\/uploads\/2022\/01\/mediterranean-villa-interior-and-exterior-design-2021-09-04-10-53-11-utc.jpg","id":2750,"alt":"","source":"library"},"_animation":"fadeInRight"},"elements":[],"isInner":false,"widgetType":"image","elType":"widget"}],"isInner":true,"elType":"column"}],"isInner":true,"elType":"section"}],"isInner":false,"elType":"column"}],"isInner":false,"elType":"section"},{"id":"7ea835a","settings":{"content_width":{"unit":"px","size":1340,"sizes":[]},"gap":"no","background_background":"gradient","background_color":"#FFFFFF","background_color_stop":{"unit":"%","size":65,"sizes":[]},"background_color_b":"#EEF4F8","background_color_b_stop":{"unit":"%","size":0,"sizes":[]},"background_gradient_angle":{"unit":"deg","size":270,"sizes":[]},"padding":{"unit":"px","top":"50","right":"0","bottom":"50","left":"0","isLinked":false},"animation":"fadeIn","background_overlay_background":"classic","background_overlay_color":"#FFFFFF00","background_overlay_opacity":{"unit":"px","size":1,"sizes":[]}},"elements":[{"id":"68293b33","settings":{"_column_size":100,"_inline_size":null},"elements":[{"id":"42240950","settings":{"layout":"full_width","content_position":"middle","structure":"20","padding_tablet":{"unit":"px","top":"0","right":"30","bottom":"0","left":"30","isLinked":false}},"elements":[{"id":"af5ceff","settings":{"_column_size":50,"_inline_size":null,"padding_mobile":{"unit":"px","top":"0","right":"0","bottom":"30","left":"0","isLinked":false}},"elements":[{"id":"178916b9","settings":{"image":{"url":"https:\/\/demo21.houzez.co\/wp-content\/uploads\/2022\/01\/mediterranean-villa-interior-and-exterior-design-2021-09-04-10-53-10-utc.jpg","id":2752,"alt":"","source":"library"},"_animation":"fadeInLeft"},"elements":[],"isInner":false,"widgetType":"image","elType":"widget"}],"isInner":true,"elType":"column"},{"id":"7ece33f5","settings":{"_column_size":50,"_inline_size":null,"padding":{"unit":"px","top":"0","right":"0","bottom":"0","left":"50","isLinked":false},"padding_mobile":{"unit":"px","top":"0","right":"0","bottom":"0","left":"0","isLinked":true}},"elements":[{"id":"675e0fe3","settings":{"style":"dotted","width":{"unit":"px","size":27,"sizes":[]},"width_tablet":{"unit":"px","size":"","sizes":[]},"width_mobile":{"unit":"px","size":"","sizes":[]},"text":"Divider","color":"#D1C292","weight":{"unit":"px","size":5,"sizes":[]}},"elements":[],"isInner":false,"widgetType":"divider","elType":"widget"},{"id":"6231e81b","settings":{"title":"Hillside estate locations","size":"large","align":"left","title_color":"#000000","typography_line_height":{"unit":"em","size":1.4,"sizes":[]},"typography_typography":"custom","header_size":"h3"},"elements":[],"isInner":false,"widgetType":"heading","elType":"widget"},{"id":"2ec25285","settings":{"editor":"<p>A hillside estate is usually a home on a large piece of land that has a steep slope. It usually includes access to the water and possibly water views, but not always. It's also possible for this type of property to be located in the mountains or on the top of a mountain.<\/p>","text_color":"#9298A1","typography_typography":"custom"},"elements":[],"isInner":false,"widgetType":"text-editor","elType":"widget"},{"id":"11face73","settings":{"text":"Discover More","selected_icon":{"value":"fas fa-arrow-right","library":"fa-solid"},"icon_align":"right","icon_indent":{"unit":"px","size":14,"sizes":[]},"button_text_color":"#D1C292","background_color":"#02010100","hover_color":"#153965","border_border":"solid","border_width":{"unit":"px","top":"0","right":"0","bottom":"0","left":"0","isLinked":true},"border_radius":{"unit":"px","top":"0","right":"0","bottom":"0","left":"0","isLinked":true},"text_padding":{"unit":"px","top":"0","right":"0","bottom":"0","left":"0","isLinked":false}},"elements":[],"isInner":false,"widgetType":"button","elType":"widget"}],"isInner":true,"elType":"column"}],"isInner":true,"elType":"section"}],"isInner":false,"elType":"column"}],"isInner":false,"elType":"section"},{"id":"685fdb61","settings":{"animation":"fadeIn","content_width":{"unit":"px","size":1340,"sizes":[]},"gap":"no","background_background":"classic","background_color":"#FFFFFF","layout":"full_width"},"elements":[{"id":"23780faa","settings":{"_column_size":100},"elements":[{"id":"3d1724bf","settings":{"content_width":{"unit":"px","size":1180,"sizes":[]},"animation":"fadeIn"},"elements":[{"id":"2925492","settings":{"_column_size":100,"_inline_size":null},"elements":[{"id":"1a9bf833","settings":[],"elements":[],"isInner":false,"widgetType":"houzez_elementor_space","elType":"widget"},{"id":"7b937291","settings":{"selected_icon":{"value":{"url":"https:\/\/demo21.houzez.co\/wp-content\/uploads\/2022\/01\/icon-vip-crown-queen-2@64x64-gold.svg","id":2772},"library":"svg"},"primary_color":"#D1C292"},"elements":[],"isInner":false,"widgetType":"icon","elType":"widget"},{"id":"19b74dfb","settings":{"title":"Proud on providing the best service in the industry <br>and we want to make sure you find your dream property in no time","size":"large","align":"center","title_color":"#000000","typography_line_height":{"unit":"em","size":1.4,"sizes":[]},"typography_typography":"custom","typography_font_size_mobile":{"unit":"px","size":24,"sizes":[]}},"elements":[],"isInner":false,"widgetType":"heading","elType":"widget"}],"isInner":true,"elType":"column"}],"isInner":true,"elType":"section"},{"id":"6d573933","settings":{"content_width":{"unit":"px","size":725,"sizes":[]},"layout":"full_width","animation":"fadeIn","padding_tablet":{"unit":"px","top":"0","right":"100","bottom":"0","left":"100","isLinked":false},"padding_mobile":{"unit":"px","top":"0","right":"0","bottom":"0","left":"0","isLinked":true}},"elements":[{"id":"674b0096","settings":{"_column_size":100,"_inline_size":null},"elements":[{"id":"7698db0a","settings":{"slides_to_show":"5","auto_speed":"3000","featured_prop":"yes"},"elements":[],"isInner":false,"widgetType":"houzez_elementor_properties_carousel_v1","elType":"widget"},{"id":"146abe7d","settings":[],"elements":[],"isInner":false,"widgetType":"spacer","elType":"widget"}],"isInner":true,"elType":"column"}],"isInner":true,"elType":"section"}],"isInner":false,"elType":"column"}],"isInner":false,"elType":"section"},{"id":"70f745eb","settings":{"content_width":{"unit":"px","size":1340,"sizes":[]},"background_background":"classic","background_color":"#FFFFFF","gap":"no","background_color_stop":{"unit":"%","size":33,"sizes":[]},"background_color_b":"#E2DED3","background_color_b_stop":{"unit":"%","size":0,"sizes":[]},"background_gradient_angle":{"unit":"deg","size":90,"sizes":[]},"background_image":{"url":"","id":"","alt":"","source":"library"},"background_position":"top right","background_size":"cover","background_overlay_background":"gradient","background_overlay_color":"#FFFFFF","background_overlay_color_stop":{"unit":"%","size":33,"sizes":[]},"background_overlay_color_b":"#D9E0E4D6","background_overlay_color_b_stop":{"unit":"%","size":0,"sizes":[]},"background_overlay_gradient_angle":{"unit":"deg","size":110,"sizes":[]},"background_overlay_opacity":{"unit":"px","size":0.36,"sizes":[]},"padding":{"unit":"px","top":"70","right":"0","bottom":"70","left":"0","isLinked":false},"animation":"fadeIn"},"elements":[{"id":"152bf826","settings":{"_column_size":100,"_inline_size":null},"elements":[{"id":"3e347184","settings":{"layout":"full_width","structure":"20","background_background":"classic","background_color":"#153965","background_image":{"url":"","id":"","alt":"","source":"library"},"background_position":"center center","background_size":"cover","background_overlay_opacity":{"unit":"px","size":0.06,"sizes":[]},"box_shadow_box_shadow_type":"yes","box_shadow_box_shadow":{"horizontal":0,"vertical":80,"blur":80,"spread":0,"color":"rgba(0, 0, 0, 0.2)"},"margin":{"unit":"px","top":"","right":0,"bottom":"","left":0,"isLinked":true},"border_radius":{"unit":"px","top":"6","right":"6","bottom":"6","left":"6","isLinked":true},"background_overlay_background":"classic","background_overlay_image":{"url":"","id":"","alt":"","source":"library"},"background_overlay_position":"center center","background_overlay_size":"cover","z_index":1},"elements":[{"id":"414c0c83","settings":{"_column_size":50,"_inline_size":31.001,"padding":{"unit":"px","top":"70","right":"70","bottom":"70","left":"70","isLinked":true},"_inline_size_tablet":100,"padding_tablet":{"unit":"px","top":"70","right":"70","bottom":"50","left":"70","isLinked":false},"padding_mobile":{"unit":"px","top":"30","right":"30","bottom":"30","left":"30","isLinked":true}},"elements":[{"id":"72ec6edc","settings":{"selected_icon":{"value":{"url":"https:\/\/demo21.houzez.co\/wp-content\/uploads\/2022\/01\/icon-vip-crown-queen-2@64x64-gold.svg","id":2772},"library":"svg"},"primary_color":"#D1C292","align":"left"},"elements":[],"isInner":false,"widgetType":"icon","elType":"widget"},{"id":"6ade989c","settings":{"title":"Your trusted <br>real estate <br>partner","size":"large","align":"left","title_color":"#FFFFFF","typography_typography":"custom","typography_line_height":{"unit":"em","size":1.4,"sizes":[]},"typography_font_size_mobile":{"unit":"px","size":24,"sizes":[]}},"elements":[],"isInner":false,"widgetType":"heading","elType":"widget"},{"id":"28a241cb","settings":{"editor":"<p>Our real estate company has a number of luxury and exclusive listings that are perfect for international clients.&nbsp;<\/p>","text_color":"#A6AEB6"},"elements":[],"isInner":false,"widgetType":"text-editor","elType":"widget"},{"id":"2939facb","settings":{"text":"Services","selected_icon":{"value":"fas fa-arrow-right","library":"fa-solid"},"icon_align":"right","icon_indent":{"unit":"px","size":14,"sizes":[]},"button_text_color":"#FFFFFF","background_color":"#02010100","hover_color":"#FFFFFF","border_border":"solid","border_width":{"unit":"px","top":"0","right":"0","bottom":"0","left":"0","isLinked":true},"border_radius":{"unit":"px","top":"0","right":"0","bottom":"0","left":"0","isLinked":true},"text_padding":{"unit":"px","top":"0","right":"0","bottom":"0","left":"0","isLinked":false}},"elements":[],"isInner":false,"widgetType":"button","elType":"widget"}],"isInner":true,"elType":"column"},{"id":"17bae04c","settings":{"_column_size":50,"_inline_size":68.999,"padding":{"unit":"px","top":"70","right":"70","bottom":"0","left":"70","isLinked":false},"_inline_size_tablet":100,"padding_tablet":{"unit":"px","top":"0","right":"70","bottom":"0","left":"70","isLinked":false},"padding_mobile":{"unit":"px","top":"10","right":"30","bottom":"30","left":"30","isLinked":false}},"elements":[{"id":"39f8b372","settings":{"icon_boxes":[{"icon_type":"custom_icon","icon":"fa fa-address-book","custom_icon":{"url":"https:\/\/demo21.houzez.co\/wp-content\/uploads\/2022\/01\/icon-performance-user-graph@40x40.svg","id":2830,"alt":"","source":"library"},"title":"Advisory","text":"Lorem ipsum dolor amet, consectetur elit. ","_id":"3a46fad"},{"icon_type":"custom_icon","icon":"fa fa-address-book","custom_icon":{"url":"https:\/\/demo21.houzez.co\/wp-content\/uploads\/2022\/01\/icon-seo-network-map@40x40.svg","id":2825,"alt":"","source":"library"},"title":"Management","text":"Lorem ipsum dolor amet, consectetur elit. ","_id":"35d586f"},{"icon_type":"custom_icon","icon":"fa fa-address-book","custom_icon":{"url":"https:\/\/demo21.houzez.co\/wp-content\/uploads\/2022\/01\/icon-data-file-home@40x40.svg","id":2828,"alt":"","source":"library"},"title":"Valuation","text":"Lorem ipsum dolor amet, consectetur elit. ","_id":"d366dee"},{"icon_type":"custom_icon","icon":"fa fa-address-book","custom_icon":{"url":"https:\/\/demo21.houzez.co\/wp-content\/uploads\/2022\/01\/icon-performance-presentation-graph@40x40.svg","id":2829,"alt":"","source":"library"},"title":"Leasing","text":"Lorem ipsum dolor amet, consectetur elit. ","_id":"266a517"},{"icon_type":"custom_icon","icon":"fa fa-address-book","custom_icon":{"url":"https:\/\/demo21.houzez.co\/wp-content\/uploads\/2022\/01\/icon-analytics-pie-1@40x40.svg","id":2827,"alt":"","source":"library"},"title":"Capital","text":"Lorem ipsum dolor amet, consectetur elit. ","_id":"062c9e1"},{"icon_type":"custom_icon","icon":"fa fa-address-book","custom_icon":{"url":"https:\/\/demo21.houzez.co\/wp-content\/uploads\/2022\/01\/icon-business-contract-handshake-sign@40x40.svg","id":2832,"alt":"","source":"library"},"title":"Investment","text":"Lorem ipsum dolor amet, consectetur elit. ","_id":"1a27504"},{"icon_type":"custom_icon","icon":"fa fa-address-book","custom_icon":{"url":"https:\/\/demo21.houzez.co\/wp-content\/uploads\/2022\/01\/icon-office-outdoors-1@40x40.svg","id":2833,"alt":"","source":"library"},"title":"Development","text":"Lorem ipsum dolor amet, consectetur elit. ","_id":"fcdf149"},{"icon_type":"custom_icon","icon":"fa fa-address-book","custom_icon":{"url":"https:\/\/demo21.houzez.co\/wp-content\/uploads\/2022\/01\/icon-target-center-1@40x40.svg","id":2831,"alt":"","source":"library"},"title":"Contractor","text":"Lorem ipsum dolor amet, consectetur elit. ","_id":"a0dc52e"},{"icon_type":"custom_icon","icon":"fa fa-address-book","custom_icon":{"url":"https:\/\/demo21.houzez.co\/wp-content\/uploads\/2022\/01\/icon-invitation@40x40.svg","id":2826,"alt":"","source":"library"},"title":"Certifications","text":"Lorem ipsum dolor amet, consectetur elit. ","_id":"e74d946"}],"icon_boxes_style":"style3","icon_size":{"unit":"px","size":6,"sizes":[]},"title_spacing_a":{"unit":"px","size":0,"sizes":[]},"title_color_a":"#FFFFFF","title_typography_a_typography":"custom","title_typography_a_font_size":{"unit":"px","size":16,"sizes":[]},"title_typography_a_font_weight":"600","description_color_a":"#A6AEB6","description_typography_a_typography":"custom","description_typography_a_font_size":{"unit":"px","size":15,"sizes":[]},"description_typography_a_line_height":{"unit":"em","size":1.6,"sizes":[]}},"elements":[],"isInner":false,"widgetType":"houzez_elementor_icon_box","elType":"widget"}],"isInner":true,"elType":"column"}],"isInner":true,"elType":"section"}],"isInner":false,"elType":"column"}],"isInner":false,"elType":"section"},{"id":"1755f40b","settings":{"animation":"fadeIn","content_width":{"unit":"px","size":1320,"sizes":[]},"gap":"no","background_background":"classic","background_color":"#FFFFFF"},"elements":[{"id":"6165a3a2","settings":{"_column_size":100},"elements":[{"id":"63e64338","settings":{"content_width":{"unit":"px","size":804,"sizes":[]},"animation":"fadeIn"},"elements":[{"id":"6455cd12","settings":{"_column_size":100,"_inline_size":null},"elements":[{"id":"1c69caa2","settings":[],"elements":[],"isInner":false,"widgetType":"houzez_elementor_space","elType":"widget"},{"id":"5714d5c5","settings":{"selected_icon":{"value":{"url":"https:\/\/demo21.houzez.co\/wp-content\/uploads\/2022\/01\/icon-vip-crown-queen-2@64x64-gold.svg","id":2772},"library":"svg"},"primary_color":"#D1C292"},"elements":[],"isInner":false,"widgetType":"icon","elType":"widget"},{"id":"68b19bf9","settings":{"title":"Team of licensed, experienced agents who work together to help you find the perfect home","size":"large","align":"center","title_color":"#000000","typography_line_height":{"unit":"em","size":1.4,"sizes":[]},"typography_typography":"custom","typography_font_size_mobile":{"unit":"px","size":24,"sizes":[]}},"elements":[],"isInner":false,"widgetType":"heading","elType":"widget"},{"id":"69b615fd","settings":[],"elements":[],"isInner":false,"widgetType":"spacer","elType":"widget"}],"isInner":true,"elType":"column"}],"isInner":true,"elType":"section"},{"id":"7b0a9d5c","settings":{"layout":"full_width","animation":"fadeIn"},"elements":[{"id":"491484e4","settings":{"_column_size":100,"_inline_size":null},"elements":[{"id":"47468881","settings":{"columns":"4","posts_limit":"9","orderby":"title"},"elements":[],"isInner":false,"widgetType":"houzez_elementor_agents","elType":"widget"},{"id":"4cc15bd5","settings":[],"elements":[],"isInner":false,"widgetType":"spacer","elType":"widget"}],"isInner":true,"elType":"column"}],"isInner":true,"elType":"section"}],"isInner":false,"elType":"column"}],"isInner":false,"elType":"section"},{"id":"70c21725","settings":{"content_width":{"unit":"px","size":1330,"sizes":[]},"background_background":"classic","background_color":"#FFFFFF","gap":"no","background_color_stop":{"unit":"%","size":60,"sizes":[]},"background_color_b":"#E2DED3","background_color_b_stop":{"unit":"%","size":56,"sizes":[]},"background_gradient_angle":{"unit":"deg","size":270,"sizes":[]},"margin":{"unit":"px","top":"0","right":0,"bottom":"0","left":0,"isLinked":false},"padding":{"unit":"px","top":"0","right":"0","bottom":"100","left":"0","isLinked":false},"z_index":0},"elements":[{"id":"36b60c7","settings":{"_column_size":100,"_inline_size":null},"elements":[{"id":"1a8bba63","settings":{"layout":"full_width","content_position":"middle","structure":"20","background_background":"classic","background_color":"#EEF4F8","background_image":{"url":"","id":"","alt":"","source":"library"},"background_position":"center center","background_size":"cover","background_overlay_opacity":{"unit":"px","size":0.07,"sizes":[]},"box_shadow_box_shadow_type":"yes","box_shadow_box_shadow":{"horizontal":0,"vertical":80,"blur":80,"spread":0,"color":"rgba(0, 0, 0, 0.1)"},"margin":{"unit":"px","top":"","right":0,"bottom":"","left":0,"isLinked":true},"background_overlay_background":"classic","background_overlay_image":{"url":"","id":"","alt":"","source":"library"},"z_index":1,"animation":"fadeInUp"},"elements":[{"id":"3732fcba","settings":{"_column_size":50,"_inline_size":31.001,"padding":{"unit":"px","top":"70","right":"70","bottom":"70","left":"70","isLinked":true},"_inline_size_tablet":100,"padding_tablet":{"unit":"px","top":"70","right":"70","bottom":"40","left":"70","isLinked":false},"padding_mobile":{"unit":"px","top":"30","right":"30","bottom":"30","left":"30","isLinked":true}},"elements":[{"id":"6aa609f1","settings":{"title":"Request a free valuation of your property","size":"large","align":"left","title_color":"#000000","typography_typography":"custom","typography_line_height":{"unit":"em","size":1.4,"sizes":[]},"typography_font_size_mobile":{"unit":"px","size":24,"sizes":[]}},"elements":[],"isInner":false,"widgetType":"heading","elType":"widget"},{"id":"7a8a1fa3","settings":{"editor":"<p>Our real estate company has a number of luxury and exclusive listings that are perfect for international clients.&nbsp;<\/p>","text_color":"#9298A1"},"elements":[],"isInner":false,"widgetType":"text-editor","elType":"widget"},{"id":"7b7dcba1","settings":{"icon_list":[{"text":"Contact us","selected_icon":{"value":{"url":"https:\/\/demo21.houzez.co\/wp-content\/uploads\/2022\/01\/icon-read-email-at-1@16x16.svg","id":2784},"library":"svg"},"_id":"63a950a"},{"text":"987 654 3210","selected_icon":{"value":{"url":"https:\/\/demo21.houzez.co\/wp-content\/uploads\/2022\/01\/icon-phone-landline@16x16.svg","id":2783},"library":"svg"},"_id":"12c5c07"}],"text_color":"#153965"},"elements":[],"isInner":false,"widgetType":"icon-list","elType":"widget"}],"isInner":true,"elType":"column"},{"id":"201c3840","settings":{"_column_size":50,"_inline_size":68.999,"padding":{"unit":"px","top":"70","right":"70","bottom":"70","left":"70","isLinked":true},"_inline_size_tablet":100,"padding_tablet":{"unit":"px","top":"0","right":"70","bottom":"40","left":"70","isLinked":false},"padding_mobile":{"unit":"px","top":"10","right":"30","bottom":"30","left":"30","isLinked":false}},"elements":[{"id":"1afbb22e","settings":{"form_name":"New Form","form_fields":[{"field_type":"user_type","field_label":"Personal Information","placeholder":"Select","required":"true","field_options":"Property owner\nAgent\n","width":"33","_id":"b66c734"},{"field_type":"first_name","field_label":"&nbsp;","placeholder":"First name","required":"true","width":"33","_id":"ac32e68"},{"field_type":"last_name","field_label":"&nbsp;","placeholder":"Last name","required":"true","width":"33","_id":"7304c05"},{"field_type":"email","placeholder":"Email address","required":"true","width":"66","_id":"7b74074"},{"field_type":"mobile","placeholder":"Phone number","required":"true","width":"33","_id":"e92d2c5"},{"field_type":"e_meta[property_type]","field_label":"Property Information","placeholder":"Type","required":"true","width":"33","_id":"08ee178"},{"field_type":"e_meta[zipcode]","field_label":"&nbsp;","placeholder":"Zip code","required":"true","width":"33","_id":"cfcfcd6"},{"field_type":"e_meta[city]","field_label":"&nbsp;","placeholder":"City","width":"33","_id":"5e7d721"},{"field_type":"e_meta[beds]","placeholder":"N. of bedrooms","required":"true","width":"33","_id":"c3053de"},{"field_type":"e_meta[baths]","placeholder":"N. of bathrooms","required":"true","width":"33","_id":"ca559d7"},{"field_type":"e_meta[price]","placeholder":"Your budget","required":"true","width":"33","_id":"3dbb366"}],"button_text":"Submit","email_to":"hello@favethemes.com","email_subject":"New message from &quot;Houzez - Highly Customizable Real Estate WordPress Theme&quot;","button_background_color":"#153965","button_background_hover_color":"#2F5E99","_padding":{"unit":"px","top":"30","right":"30","bottom":"0","left":"30","isLinked":false},"_background_color":"#FFFFFF","input_size":"md","button_size":"md","column_gap":{"unit":"px","size":15,"sizes":[]},"row_gap":{"unit":"px","size":15,"sizes":[]},"label_spacing":{"unit":"px","size":15,"sizes":[]},"label_typography_typography":"custom","label_typography_font_family":"Inter","label_typography_font_size":{"unit":"px","size":14,"sizes":[]},"field_typography_typography":"custom","field_typography_font_size":{"unit":"px","size":14,"sizes":[]},"field_border_color":"#FFFFFF","button_typography_typography":"custom","button_typography_font_size":{"unit":"px","size":14,"sizes":[]},"button_typography_text_transform":"uppercase","button_typography_letter_spacing":{"unit":"px","size":1.9,"sizes":[]},"button_border_radius":{"unit":"px","top":"3","right":"3","bottom":"3","left":"3","isLinked":true},"_box_shadow_box_shadow":{"horizontal":0,"vertical":4,"blur":4,"spread":0,"color":"rgba(0, 0, 0, 0.16)"},"column_gap_mobile":{"unit":"px","size":20,"sizes":[]},"row_gap_mobile":{"unit":"px","size":10,"sizes":[]},"_padding_tablet":{"unit":"px","top":"0","right":"0","bottom":"0","left":"0","isLinked":true}},"elements":[],"isInner":false,"widgetType":"houzez_elementor_inquiry_form","elType":"widget"}],"isInner":true,"elType":"column"}],"isInner":true,"elType":"section"}],"isInner":false,"elType":"column"}],"isInner":false,"elType":"section"}],"page_settings":[],"version":"0.4","title":"Demo 21 - Homepage 2","type":"page"}