{"content":[{"id":"4d60783","settings":{"content_width":{"unit":"px","size":1320,"sizes":[]},"gap":"no","background_background":"classic","background_color":"#FFFFFF","animation":"fadeIn"},"elements":[{"id":"4e1286c7","settings":{"_column_size":100,"_inline_size":null},"elements":[{"id":"2a96e2ea","settings":{"content_width":{"unit":"px","size":840,"sizes":[]},"height_inner":"min-height","custom_height_inner":{"unit":"px","size":640,"sizes":[]},"content_position":"middle","background_background":"slideshow","background_image":{"url":"","id":"","alt":"","source":"library"},"background_position":"center center","background_repeat":"no-repeat","background_size":"cover","background_slideshow_gallery":[{"id":2709,"url":"https:\/\/demo21.houzez.co\/wp-content\/uploads\/2022\/01\/lounge-chairs-in-modern-villa-pool-2021-08-28-10-00-39-utc.jpg"},{"id":2716,"url":"https:\/\/demo21.houzez.co\/wp-content\/uploads\/2022\/01\/poolside-2021-08-28-22-29-36-utc.jpg"},{"id":2939,"url":"https:\/\/demo21.houzez.co\/wp-content\/uploads\/2022\/01\/header-4.jpg"}],"background_slideshow_transition_duration":1000,"background_slideshow_ken_burns_zoom_direction":"out","content_width_tablet":{"unit":"px","size":720,"sizes":[]}},"elements":[{"id":"327dfcf0","settings":{"_column_size":100,"_inline_size":null},"elements":[{"id":"2b2aaf05","settings":{"space":{"unit":"px","size":260,"sizes":[]},"space_mobile":{"unit":"px","size":236,"sizes":[]}},"elements":[],"isInner":false,"widgetType":"spacer","elType":"widget"},{"id":"5e9098bd","settings":{"form_fields":[{"_id":"field-cities","field_type":"location[]","field_label":"Cities","placeholder":"Where","width":"20","price_from_text":"From","price_to_text":"To","selected_count_text":"items selected"},{"_id":"56ba80f","field_type":"bedrooms","field_label":"Beds","placeholder":"Beds","price_from_text":"From","price_to_text":"To","width":"20","selected_count_text":"items selected"},{"_id":"field-types","field_type":"type[]","field_label":"Property Type","placeholder":"Type","is_multiple":"true","select_all_btns":"","selected_count_text":"types selected","width":"20","width_mobile":"100","price_from_text":"From","price_to_text":"To"},{"_id":"field-max-price","field_type":"max-price","field_label":"Max. Price","placeholder":"Budget","width":"20","width_mobile":"100","price_from_text":"From","price_to_text":"To","selected_count_text":"items selected"},{"_id":"field-search-btn","field_type":"search-button","field_label":"Search Button","placeholder":"Search","width":"20","price_from_text":"From","price_to_text":"To","selected_count_text":"items selected"}],"input_size":"md","button_size":"md","tabs_all_text":"All","field_border_color":"#FFFFFF","button_background_color":"#153965","_background_color":"#FFFFFF","_border_radius":{"unit":"px","top":"4","right":"4","bottom":"4","left":"4","isLinked":true},"_box_shadow_box_shadow_type":"yes","_box_shadow_box_shadow":{"horizontal":0,"vertical":4,"blur":4,"spread":0,"color":"rgba(0, 0, 0, 0.16)"},"field_typography_typography":"custom","field_typography_font_size":{"unit":"px","size":14,"sizes":[]},"button_typography_typography":"custom","button_typography_font_size":{"unit":"px","size":14,"sizes":[]},"button_typography_text_transform":"uppercase","button_typography_letter_spacing":{"unit":"px","size":1.9,"sizes":[]},"button_border_radius":{"unit":"px","top":"3","right":"3","bottom":"3","left":"3","isLinked":true},"button_background_hover_color":"#2F5E99","show_tabs":"yes","status_data":["for-rent","for-sale"],"form_background_color":"#FFFFFF","form_padding":{"unit":"px","top":"10","right":"5","bottom":"0","left":"5","isLinked":false},"form_radius":{"unit":"px","top":"4","right":"4","bottom":"4","left":"4","isLinked":true},"search_tabs_typography_typography":"custom","search_tabs_typography_font_size":{"unit":"px","size":13,"sizes":[]},"search_tabs_typography_font_weight":"400","search_tabs_typography_text_transform":"uppercase","search_tabs_typography_letter_spacing":{"unit":"px","size":1.9,"sizes":[]},"search_tabs_typography_word_spacing":{"unit":"px","size":"","sizes":[]},"search_tabs_typography_word_spacing_tablet":{"unit":"px","size":"","sizes":[]},"search_tabs_typography_word_spacing_mobile":{"unit":"px","size":"","sizes":[]},"search_tabs_bg_color":"#153965","tabs_padding":{"unit":"px","top":"11","right":"30","bottom":"10","left":"30","isLinked":false},"tabs_radius":{"unit":"px","top":"2","right":"2","bottom":"0","left":"0","isLinked":false},"_animation":"fadeIn","_animation_delay":300,"tabs_padding_mobile":{"unit":"px","top":"11","right":"20","bottom":"10","left":"20","isLinked":false}},"elements":[],"isInner":false,"widgetType":"houzez_elementor_search_builder","elType":"widget"}],"isInner":true,"elType":"column"}],"isInner":true,"elType":"section"}],"isInner":false,"elType":"column"}],"isInner":false,"elType":"section"},{"id":"29948fef","settings":{"animation":"fadeIn","content_width":{"unit":"px","size":1320,"sizes":[]},"gap":"no","background_background":"classic","background_color":"#FFFFFF"},"elements":[{"id":"7bd2996","settings":{"_column_size":100},"elements":[{"id":"21e26e9b","settings":{"content_width":{"unit":"px","size":725,"sizes":[]}},"elements":[{"id":"232357be","settings":{"_column_size":100,"_inline_size":null},"elements":[{"id":"4d41785f","settings":[],"elements":[],"isInner":false,"widgetType":"houzez_elementor_space","elType":"widget"},{"id":"1c14dfd1","settings":{"selected_icon":{"value":{"url":"https:\/\/demo21.houzez.co\/wp-content\/uploads\/2022\/01\/icon-vip-crown-queen-2@64x64-gold.svg","id":2772},"library":"svg"},"primary_color":"#D1C292"},"elements":[],"isInner":false,"widgetType":"icon","elType":"widget"},{"id":"4bb36c6","settings":{"title":"Discover exclusive life style with a leading provider of high-end quality real estate<br>","size":"large","align":"center","title_color":"#000000","typography_line_height":{"unit":"em","size":1.4,"sizes":[]},"typography_typography":"custom","typography_font_size_mobile":{"unit":"px","size":24,"sizes":[]}},"elements":[],"isInner":false,"widgetType":"heading","elType":"widget"},{"id":"e0c072b","settings":[],"elements":[],"isInner":false,"widgetType":"spacer","elType":"widget"}],"isInner":true,"elType":"column"}],"isInner":true,"elType":"section"}],"isInner":false,"elType":"column"}],"isInner":false,"elType":"section"},{"id":"1e98ba5f","settings":{"content_width":{"unit":"px","size":1340,"sizes":[]},"gap":"no","background_background":"gradient","background_color":"#FFFFFF","background_color_stop":{"unit":"%","size":65,"sizes":[]},"background_color_b":"#EEF4F8","background_color_b_stop":{"unit":"%","size":0,"sizes":[]},"background_gradient_angle":{"unit":"deg","size":90,"sizes":[]},"padding":{"unit":"px","top":"50","right":"0","bottom":"50","left":"0","isLinked":false},"animation":"fadeIn","background_overlay_color":"#FFFFFF","background_overlay_opacity":{"unit":"px","size":1,"sizes":[]}},"elements":[{"id":"708ca89c","settings":{"_column_size":100,"_inline_size":null},"elements":[{"id":"45ae845a","settings":{"layout":"full_width","content_position":"middle","structure":"20","padding_tablet":{"unit":"px","top":"0","right":"30","bottom":"0","left":"30","isLinked":false},"reverse_order_mobile":"reverse-mobile"},"elements":[{"id":"2b153d92","settings":{"_column_size":50,"_inline_size":null,"padding":{"unit":"px","top":"0","right":"50","bottom":"0","left":"0","isLinked":false},"padding_mobile":{"unit":"px","top":"0","right":"0","bottom":"0","left":"0","isLinked":true}},"elements":[{"id":"748f8bf7","settings":{"style":"dotted","width":{"unit":"px","size":27,"sizes":[]},"width_tablet":{"unit":"px","size":"","sizes":[]},"width_mobile":{"unit":"px","size":"","sizes":[]},"text":"Divider","color":"#D1C292","weight":{"unit":"px","size":5,"sizes":[]}},"elements":[],"isInner":false,"widgetType":"divider","elType":"widget"},{"id":"3720d369","settings":{"title":"Modern living for a unique lifestyle","size":"large","align":"left","title_color":"#000000","typography_line_height":{"unit":"em","size":1.4,"sizes":[]},"typography_typography":"custom","header_size":"h3","typography_font_size_mobile":{"unit":"px","size":24,"sizes":[]}},"elements":[],"isInner":false,"widgetType":"heading","elType":"widget"},{"id":"61b30292","settings":{"editor":"<p>We are one of the leading developers in europe providing exquisitely designed modern living villas in unique locations. We have made out quality development an hallmark by incorporating the latest in contemporary architecture to suit your tastes and budget.<\/p>","text_color":"#9298A1","typography_typography":"custom"},"elements":[],"isInner":false,"widgetType":"text-editor","elType":"widget"},{"id":"211df40e","settings":{"text":"Discover More","selected_icon":{"value":"fas fa-arrow-right","library":"fa-solid"},"icon_align":"right","icon_indent":{"unit":"px","size":14,"sizes":[]},"button_text_color":"#D1C292","background_color":"#02010100","hover_color":"#153965","border_border":"solid","border_width":{"unit":"px","top":"0","right":"0","bottom":"0","left":"0","isLinked":true},"border_radius":{"unit":"px","top":"0","right":"0","bottom":"0","left":"0","isLinked":true},"text_padding":{"unit":"px","top":"0","right":"0","bottom":"0","left":"0","isLinked":false}},"elements":[],"isInner":false,"widgetType":"button","elType":"widget"}],"isInner":true,"elType":"column"},{"id":"49d9ed81","settings":{"_column_size":50,"_inline_size":null,"padding_mobile":{"unit":"px","top":"0","right":"0","bottom":"30","left":"0","isLinked":false}},"elements":[{"id":"29f10444","settings":{"image":{"url":"https:\/\/demo21.houzez.co\/wp-content\/uploads\/2022\/01\/mediterranean-villa-interior-and-exterior-design-2021-09-04-10-53-11-utc.jpg","id":2750,"alt":"","source":"library"},"_animation":"fadeInRight"},"elements":[],"isInner":false,"widgetType":"image","elType":"widget"}],"isInner":true,"elType":"column"}],"isInner":true,"elType":"section"}],"isInner":false,"elType":"column"}],"isInner":false,"elType":"section"},{"id":"3f256223","settings":{"content_width":{"unit":"px","size":1340,"sizes":[]},"gap":"no","background_background":"gradient","background_color":"#FFFFFF","background_color_stop":{"unit":"%","size":65,"sizes":[]},"background_color_b":"#EEF4F8","background_color_b_stop":{"unit":"%","size":0,"sizes":[]},"background_gradient_angle":{"unit":"deg","size":270,"sizes":[]},"padding":{"unit":"px","top":"50","right":"0","bottom":"50","left":"0","isLinked":false},"animation":"fadeIn","background_overlay_color":"#FFFFFF","background_overlay_opacity":{"unit":"px","size":1,"sizes":[]}},"elements":[{"id":"5f3ebf73","settings":{"_column_size":100,"_inline_size":null},"elements":[{"id":"2261797b","settings":{"layout":"full_width","content_position":"middle","structure":"20","padding_tablet":{"unit":"px","top":"0","right":"30","bottom":"0","left":"30","isLinked":false}},"elements":[{"id":"422d349","settings":{"_column_size":50,"_inline_size":null,"padding_mobile":{"unit":"px","top":"0","right":"0","bottom":"30","left":"0","isLinked":false}},"elements":[{"id":"383276db","settings":{"image":{"url":"https:\/\/demo21.houzez.co\/wp-content\/uploads\/2022\/01\/mediterranean-villa-interior-and-exterior-design-2021-09-04-10-53-10-utc.jpg","id":2752,"alt":"","source":"library"},"_animation":"fadeInLeft"},"elements":[],"isInner":false,"widgetType":"image","elType":"widget"}],"isInner":true,"elType":"column"},{"id":"5d08559e","settings":{"_column_size":50,"_inline_size":null,"padding":{"unit":"px","top":"0","right":"0","bottom":"0","left":"50","isLinked":false},"padding_mobile":{"unit":"px","top":"0","right":"0","bottom":"0","left":"0","isLinked":true}},"elements":[{"id":"6471fc51","settings":{"style":"dotted","width":{"unit":"px","size":27,"sizes":[]},"width_tablet":{"unit":"px","size":"","sizes":[]},"width_mobile":{"unit":"px","size":"","sizes":[]},"text":"Divider","color":"#D1C292","weight":{"unit":"px","size":5,"sizes":[]}},"elements":[],"isInner":false,"widgetType":"divider","elType":"widget"},{"id":"b87f650","settings":{"title":"Hillside estate locations","size":"large","align":"left","title_color":"#000000","typography_line_height":{"unit":"em","size":1.4,"sizes":[]},"typography_typography":"custom","header_size":"h3"},"elements":[],"isInner":false,"widgetType":"heading","elType":"widget"},{"id":"41e0a16e","settings":{"editor":"<p>A hillside estate is usually a home on a large piece of land that has a steep slope. It usually includes access to the water and possibly water views, but not always. It's also possible for this type of property to be located in the mountains or on the top of a mountain.<\/p>","text_color":"#9298A1","typography_typography":"custom"},"elements":[],"isInner":false,"widgetType":"text-editor","elType":"widget"},{"id":"30aad7a8","settings":{"text":"Discover More","selected_icon":{"value":"fas fa-arrow-right","library":"fa-solid"},"icon_align":"right","icon_indent":{"unit":"px","size":14,"sizes":[]},"button_text_color":"#D1C292","background_color":"#02010100","hover_color":"#153965","border_border":"solid","border_width":{"unit":"px","top":"0","right":"0","bottom":"0","left":"0","isLinked":true},"border_radius":{"unit":"px","top":"0","right":"0","bottom":"0","left":"0","isLinked":true},"text_padding":{"unit":"px","top":"0","right":"0","bottom":"0","left":"0","isLinked":false}},"elements":[],"isInner":false,"widgetType":"button","elType":"widget"}],"isInner":true,"elType":"column"}],"isInner":true,"elType":"section"}],"isInner":false,"elType":"column"}],"isInner":false,"elType":"section"},{"id":"1c7d8326","settings":{"animation":"fadeIn","content_width":{"unit":"px","size":1340,"sizes":[]},"gap":"no","background_background":"classic","background_color":"#FFFFFF","layout":"full_width"},"elements":[{"id":"1627c7d1","settings":{"_column_size":100},"elements":[{"id":"3af5f536","settings":{"content_width":{"unit":"px","size":1180,"sizes":[]},"animation":"fadeIn"},"elements":[{"id":"5a93292","settings":{"_column_size":100,"_inline_size":null},"elements":[{"id":"84df64f","settings":[],"elements":[],"isInner":false,"widgetType":"houzez_elementor_space","elType":"widget"},{"id":"3999bfc0","settings":{"selected_icon":{"value":{"url":"https:\/\/demo21.houzez.co\/wp-content\/uploads\/2022\/01\/icon-vip-crown-queen-2@64x64-gold.svg","id":2772},"library":"svg"},"primary_color":"#D1C292"},"elements":[],"isInner":false,"widgetType":"icon","elType":"widget"},{"id":"47a6840e","settings":{"title":"Proud on providing the best service in the industry <br>and we want to make sure you find your dream property in no time","size":"large","align":"center","title_color":"#000000","typography_line_height":{"unit":"em","size":1.4,"sizes":[]},"typography_typography":"custom","typography_font_size_mobile":{"unit":"px","size":24,"sizes":[]}},"elements":[],"isInner":false,"widgetType":"heading","elType":"widget"}],"isInner":true,"elType":"column"}],"isInner":true,"elType":"section"},{"id":"72da3181","settings":{"content_width":{"unit":"px","size":725,"sizes":[]},"layout":"full_width","animation":"fadeIn","padding_tablet":{"unit":"px","top":"0","right":"100","bottom":"0","left":"100","isLinked":false},"padding_mobile":{"unit":"px","top":"0","right":"0","bottom":"0","left":"0","isLinked":true}},"elements":[{"id":"4c9ae567","settings":{"_column_size":100,"_inline_size":null},"elements":[{"id":"46e4973e","settings":{"slides_to_show":"5","auto_speed":"3000","featured_prop":"yes","slide_auto":"true"},"elements":[],"isInner":false,"widgetType":"houzez_elementor_properties_carousel_v1","elType":"widget"},{"id":"388e8c1a","settings":[],"elements":[],"isInner":false,"widgetType":"spacer","elType":"widget"}],"isInner":true,"elType":"column"}],"isInner":true,"elType":"section"}],"isInner":false,"elType":"column"}],"isInner":false,"elType":"section"},{"id":"702a108f","settings":{"content_width":{"unit":"px","size":1340,"sizes":[]},"background_background":"classic","background_color":"#FFFFFF","gap":"no","background_color_stop":{"unit":"%","size":33,"sizes":[]},"background_color_b":"#E2DED3","background_color_b_stop":{"unit":"%","size":0,"sizes":[]},"background_gradient_angle":{"unit":"deg","size":90,"sizes":[]},"background_image":{"url":"","id":"","alt":"","source":"library"},"background_position":"top right","background_size":"cover","background_overlay_background":"gradient","background_overlay_color":"#FFFFFF","background_overlay_color_stop":{"unit":"%","size":33,"sizes":[]},"background_overlay_color_b":"#D9E0E4D6","background_overlay_color_b_stop":{"unit":"%","size":0,"sizes":[]},"background_overlay_gradient_angle":{"unit":"deg","size":110,"sizes":[]},"background_overlay_opacity":{"unit":"px","size":0.36,"sizes":[]},"padding":{"unit":"px","top":"70","right":"0","bottom":"70","left":"0","isLinked":false},"animation":"fadeIn"},"elements":[{"id":"2ed9f51c","settings":{"_column_size":100,"_inline_size":null},"elements":[{"id":"fbfab87","settings":{"layout":"full_width","structure":"20","background_background":"classic","background_color":"#153965","background_image":{"url":"","id":"","alt":"","source":"library"},"background_position":"center center","background_size":"cover","background_overlay_opacity":{"unit":"px","size":0.06,"sizes":[]},"box_shadow_box_shadow_type":"yes","box_shadow_box_shadow":{"horizontal":0,"vertical":80,"blur":80,"spread":0,"color":"rgba(0, 0, 0, 0.2)"},"margin":{"unit":"px","top":"","right":0,"bottom":"","left":0,"isLinked":true},"border_radius":{"unit":"px","top":"6","right":"6","bottom":"6","left":"6","isLinked":true},"background_overlay_background":"classic","background_overlay_image":{"url":"","id":"","alt":"","source":"library"},"background_overlay_position":"center center","background_overlay_size":"cover","z_index":1},"elements":[{"id":"3620ddaf","settings":{"_column_size":50,"_inline_size":31.001,"padding":{"unit":"px","top":"70","right":"70","bottom":"70","left":"70","isLinked":true},"_inline_size_tablet":100,"padding_tablet":{"unit":"px","top":"70","right":"70","bottom":"50","left":"70","isLinked":false},"padding_mobile":{"unit":"px","top":"30","right":"30","bottom":"30","left":"30","isLinked":true}},"elements":[{"id":"5de8e0ff","settings":{"selected_icon":{"value":{"url":"https:\/\/demo21.houzez.co\/wp-content\/uploads\/2022\/01\/icon-vip-crown-queen-2@64x64-gold.svg","id":2772},"library":"svg"},"primary_color":"#D1C292","align":"left"},"elements":[],"isInner":false,"widgetType":"icon","elType":"widget"},{"id":"27b5544d","settings":{"title":"Your trusted <br>real estate <br>partner","size":"large","align":"left","title_color":"#FFFFFF","typography_typography":"custom","typography_line_height":{"unit":"em","size":1.4,"sizes":[]},"typography_font_size_mobile":{"unit":"px","size":24,"sizes":[]}},"elements":[],"isInner":false,"widgetType":"heading","elType":"widget"},{"id":"1c02efea","settings":{"editor":"<p>Our real estate company has a number of luxury and exclusive listings that are perfect for international clients.&nbsp;<\/p>","text_color":"#A6AEB6"},"elements":[],"isInner":false,"widgetType":"text-editor","elType":"widget"},{"id":"78cd4c20","settings":{"text":"Services","selected_icon":{"value":"fas fa-arrow-right","library":"fa-solid"},"icon_align":"right","icon_indent":{"unit":"px","size":14,"sizes":[]},"button_text_color":"#FFFFFF","background_color":"#02010100","hover_color":"#FFFFFF","border_border":"solid","border_width":{"unit":"px","top":"0","right":"0","bottom":"0","left":"0","isLinked":true},"border_radius":{"unit":"px","top":"0","right":"0","bottom":"0","left":"0","isLinked":true},"text_padding":{"unit":"px","top":"0","right":"0","bottom":"0","left":"0","isLinked":false}},"elements":[],"isInner":false,"widgetType":"button","elType":"widget"}],"isInner":true,"elType":"column"},{"id":"4a65eed6","settings":{"_column_size":50,"_inline_size":68.999,"padding":{"unit":"px","top":"70","right":"70","bottom":"0","left":"70","isLinked":false},"_inline_size_tablet":100,"padding_tablet":{"unit":"px","top":"0","right":"70","bottom":"0","left":"70","isLinked":false},"padding_mobile":{"unit":"px","top":"10","right":"30","bottom":"30","left":"30","isLinked":false}},"elements":[{"id":"18867f26","settings":{"icon_boxes":[{"icon_type":"custom_icon","icon":"fa fa-address-book","custom_icon":{"url":"https:\/\/demo21.houzez.co\/wp-content\/uploads\/2022\/01\/icon-performance-user-graph@40x40.svg","id":2830,"alt":"","source":"library"},"title":"Advisory","text":"Lorem ipsum dolor amet, consectetur elit. ","_id":"3a46fad"},{"icon_type":"custom_icon","icon":"fa fa-address-book","custom_icon":{"url":"https:\/\/demo21.houzez.co\/wp-content\/uploads\/2022\/01\/icon-seo-network-map@40x40.svg","id":2825,"alt":"","source":"library"},"title":"Management","text":"Lorem ipsum dolor amet, consectetur elit. ","_id":"35d586f"},{"icon_type":"custom_icon","icon":"fa fa-address-book","custom_icon":{"url":"https:\/\/demo21.houzez.co\/wp-content\/uploads\/2022\/01\/icon-data-file-home@40x40.svg","id":2828,"alt":"","source":"library"},"title":"Valuation","text":"Lorem ipsum dolor amet, consectetur elit. ","_id":"d366dee"},{"icon_type":"custom_icon","icon":"fa fa-address-book","custom_icon":{"url":"https:\/\/demo21.houzez.co\/wp-content\/uploads\/2022\/01\/icon-performance-presentation-graph@40x40.svg","id":2829,"alt":"","source":"library"},"title":"Leasing","text":"Lorem ipsum dolor amet, consectetur elit. ","_id":"266a517"},{"icon_type":"custom_icon","icon":"fa fa-address-book","custom_icon":{"url":"https:\/\/demo21.houzez.co\/wp-content\/uploads\/2022\/01\/icon-analytics-pie-1@40x40.svg","id":2827,"alt":"","source":"library"},"title":"Capital","text":"Lorem ipsum dolor amet, consectetur elit. ","_id":"062c9e1"},{"icon_type":"custom_icon","icon":"fa fa-address-book","custom_icon":{"url":"https:\/\/demo21.houzez.co\/wp-content\/uploads\/2022\/01\/icon-business-contract-handshake-sign@40x40.svg","id":2832,"alt":"","source":"library"},"title":"Investment","text":"Lorem ipsum dolor amet, consectetur elit. ","_id":"1a27504"},{"icon_type":"custom_icon","icon":"fa fa-address-book","custom_icon":{"url":"https:\/\/demo21.houzez.co\/wp-content\/uploads\/2022\/01\/icon-office-outdoors-1@40x40.svg","id":2833,"alt":"","source":"library"},"title":"Development","text":"Lorem ipsum dolor amet, consectetur elit. ","_id":"fcdf149"},{"icon_type":"custom_icon","icon":"fa fa-address-book","custom_icon":{"url":"https:\/\/demo21.houzez.co\/wp-content\/uploads\/2022\/01\/icon-target-center-1@40x40.svg","id":2831,"alt":"","source":"library"},"title":"Contractor","text":"Lorem ipsum dolor amet, consectetur elit. ","_id":"a0dc52e"},{"icon_type":"custom_icon","icon":"fa fa-address-book","custom_icon":{"url":"https:\/\/demo21.houzez.co\/wp-content\/uploads\/2022\/01\/icon-invitation@40x40.svg","id":2826,"alt":"","source":"library"},"title":"Certifications","text":"Lorem ipsum dolor amet, consectetur elit. ","_id":"e74d946"}],"icon_boxes_style":"style3","icon_size":{"unit":"px","size":6,"sizes":[]},"title_spacing_a":{"unit":"px","size":0,"sizes":[]},"title_color_a":"#FFFFFF","title_typography_a_typography":"custom","title_typography_a_font_size":{"unit":"px","size":16,"sizes":[]},"title_typography_a_font_weight":"600","description_color_a":"#A6AEB6","description_typography_a_typography":"custom","description_typography_a_font_size":{"unit":"px","size":15,"sizes":[]},"description_typography_a_line_height":{"unit":"em","size":1.6,"sizes":[]}},"elements":[],"isInner":false,"widgetType":"houzez_elementor_icon_box","elType":"widget"}],"isInner":true,"elType":"column"}],"isInner":true,"elType":"section"}],"isInner":false,"elType":"column"}],"isInner":false,"elType":"section"},{"id":"c8e4698","settings":{"animation":"fadeIn","content_width":{"unit":"px","size":1320,"sizes":[]},"gap":"no","background_background":"classic","background_color":"#FFFFFF"},"elements":[{"id":"c15bc7f","settings":{"_column_size":100},"elements":[{"id":"5c951e6","settings":{"content_width":{"unit":"px","size":804,"sizes":[]},"animation":"fadeIn"},"elements":[{"id":"369919fa","settings":{"_column_size":100,"_inline_size":null},"elements":[{"id":"78adc142","settings":[],"elements":[],"isInner":false,"widgetType":"houzez_elementor_space","elType":"widget"},{"id":"37b3ce4f","settings":{"selected_icon":{"value":{"url":"https:\/\/demo21.houzez.co\/wp-content\/uploads\/2022\/01\/icon-vip-crown-queen-2@64x64-gold.svg","id":2772},"library":"svg"},"primary_color":"#D1C292"},"elements":[],"isInner":false,"widgetType":"icon","elType":"widget"},{"id":"3396a961","settings":{"title":"Team of licensed, experienced agents who work together to help you find the perfect home","size":"large","align":"center","title_color":"#000000","typography_line_height":{"unit":"em","size":1.4,"sizes":[]},"typography_typography":"custom","typography_font_size_mobile":{"unit":"px","size":24,"sizes":[]}},"elements":[],"isInner":false,"widgetType":"heading","elType":"widget"},{"id":"13703c46","settings":[],"elements":[],"isInner":false,"widgetType":"spacer","elType":"widget"}],"isInner":true,"elType":"column"}],"isInner":true,"elType":"section"},{"id":"5a2bdaec","settings":{"layout":"full_width","animation":"fadeIn"},"elements":[{"id":"42fb5f91","settings":{"_column_size":100,"_inline_size":null},"elements":[{"id":"2dc82ad8","settings":{"columns":"4","posts_limit":"9","orderby":"title"},"elements":[],"isInner":false,"widgetType":"houzez_elementor_agents","elType":"widget"},{"id":"10c34e51","settings":[],"elements":[],"isInner":false,"widgetType":"spacer","elType":"widget"}],"isInner":true,"elType":"column"}],"isInner":true,"elType":"section"}],"isInner":false,"elType":"column"}],"isInner":false,"elType":"section"},{"id":"1915f5a1","settings":{"content_width":{"unit":"px","size":1330,"sizes":[]},"background_background":"classic","background_color":"#FFFFFF","gap":"no","background_color_stop":{"unit":"%","size":60,"sizes":[]},"background_color_b":"#E2DED3","background_color_b_stop":{"unit":"%","size":56,"sizes":[]},"background_gradient_angle":{"unit":"deg","size":270,"sizes":[]},"margin":{"unit":"px","top":"0","right":0,"bottom":"0","left":0,"isLinked":false},"padding":{"unit":"px","top":"0","right":"0","bottom":"100","left":"0","isLinked":false},"z_index":0},"elements":[{"id":"2b805693","settings":{"_column_size":100,"_inline_size":null},"elements":[{"id":"68b5f5e1","settings":{"layout":"full_width","content_position":"middle","structure":"20","background_background":"classic","background_color":"#EEF4F8","background_image":{"url":"","id":"","alt":"","source":"library"},"background_position":"center center","background_size":"cover","background_overlay_opacity":{"unit":"px","size":0.07,"sizes":[]},"box_shadow_box_shadow_type":"yes","box_shadow_box_shadow":{"horizontal":0,"vertical":80,"blur":80,"spread":0,"color":"rgba(0, 0, 0, 0.1)"},"margin":{"unit":"px","top":"","right":0,"bottom":"","left":0,"isLinked":true},"background_overlay_background":"classic","background_overlay_image":{"url":"","id":"","alt":"","source":"library"},"z_index":1,"animation":"fadeInUp"},"elements":[{"id":"74223cf6","settings":{"_column_size":50,"_inline_size":31.001,"padding":{"unit":"px","top":"70","right":"70","bottom":"70","left":"70","isLinked":true},"_inline_size_tablet":100,"padding_tablet":{"unit":"px","top":"70","right":"70","bottom":"40","left":"70","isLinked":false},"padding_mobile":{"unit":"px","top":"30","right":"30","bottom":"30","left":"30","isLinked":true}},"elements":[{"id":"3808470f","settings":{"title":"Request a free valuation of your property","size":"large","align":"left","title_color":"#000000","typography_typography":"custom","typography_line_height":{"unit":"em","size":1.4,"sizes":[]},"typography_font_size_mobile":{"unit":"px","size":24,"sizes":[]}},"elements":[],"isInner":false,"widgetType":"heading","elType":"widget"},{"id":"341bceb3","settings":{"editor":"<p>Our real estate company has a number of luxury and exclusive listings that are perfect for international clients.&nbsp;<\/p>","text_color":"#9298A1","typography_typography":"custom"},"elements":[],"isInner":false,"widgetType":"text-editor","elType":"widget"},{"id":"3bdcb08d","settings":{"icon_list":[{"text":"Contact us","selected_icon":{"value":{"url":"https:\/\/demo21.houzez.co\/wp-content\/uploads\/2022\/01\/icon-read-email-at-1@16x16.svg","id":2784},"library":"svg"},"_id":"63a950a"},{"text":"987 654 3210","selected_icon":{"value":{"url":"https:\/\/demo21.houzez.co\/wp-content\/uploads\/2022\/01\/icon-phone-landline@16x16.svg","id":2783},"library":"svg"},"_id":"12c5c07"}],"text_color":"#153965"},"elements":[],"isInner":false,"widgetType":"icon-list","elType":"widget"}],"isInner":true,"elType":"column"},{"id":"2462cb79","settings":{"_column_size":50,"_inline_size":68.999,"padding":{"unit":"px","top":"70","right":"70","bottom":"70","left":"70","isLinked":true},"_inline_size_tablet":100,"padding_tablet":{"unit":"px","top":"0","right":"70","bottom":"40","left":"70","isLinked":false},"padding_mobile":{"unit":"px","top":"10","right":"30","bottom":"30","left":"30","isLinked":false}},"elements":[{"id":"7efe2d5d","settings":{"form_name":"New Form","form_fields":[{"field_type":"user_type","field_label":"Personal Information","placeholder":"Select","required":"true","field_options":"Property owner\nAgent\n","width":"33","_id":"b66c734"},{"field_type":"first_name","field_label":"&nbsp;","placeholder":"First name","required":"true","width":"33","_id":"ac32e68"},{"field_type":"last_name","field_label":"&nbsp;","placeholder":"Last name","required":"true","width":"33","_id":"7304c05"},{"field_type":"email","placeholder":"Email address","required":"true","width":"66","_id":"7b74074"},{"field_type":"mobile","placeholder":"Phone number","required":"true","width":"33","_id":"e92d2c5"},{"field_type":"e_meta[property_type]","field_label":"Property Information","placeholder":"Type","required":"true","width":"33","_id":"08ee178"},{"field_type":"e_meta[zipcode]","field_label":"&nbsp;","placeholder":"Zip code","required":"true","width":"33","_id":"cfcfcd6"},{"field_type":"e_meta[city]","field_label":"&nbsp;","placeholder":"City","width":"33","_id":"5e7d721"},{"field_type":"e_meta[beds]","placeholder":"N. of bedrooms","required":"true","width":"33","_id":"c3053de"},{"field_type":"e_meta[baths]","placeholder":"N. of bathrooms","required":"true","width":"33","_id":"ca559d7"},{"field_type":"e_meta[price]","placeholder":"Your budget","required":"true","width":"33","_id":"3dbb366"}],"button_text":"Submit","email_to":"hello@favethemes.com","email_subject":"New message from &quot;Houzez - Highly Customizable Real Estate WordPress Theme&quot;","button_background_color":"#153965","button_background_hover_color":"#2F5E99","_padding":{"unit":"px","top":"30","right":"30","bottom":"0","left":"30","isLinked":false},"_background_color":"#FFFFFF","input_size":"md","button_size":"md","column_gap":{"unit":"px","size":15,"sizes":[]},"row_gap":{"unit":"px","size":15,"sizes":[]},"label_spacing":{"unit":"px","size":15,"sizes":[]},"label_typography_typography":"custom","label_typography_font_family":"Inter","label_typography_font_size":{"unit":"px","size":14,"sizes":[]},"field_typography_typography":"custom","field_typography_font_size":{"unit":"px","size":14,"sizes":[]},"field_border_color":"#FFFFFF","button_typography_typography":"custom","button_typography_font_size":{"unit":"px","size":14,"sizes":[]},"button_typography_text_transform":"uppercase","button_typography_letter_spacing":{"unit":"px","size":1.9,"sizes":[]},"button_border_radius":{"unit":"px","top":"3","right":"3","bottom":"3","left":"3","isLinked":true},"_box_shadow_box_shadow":{"horizontal":0,"vertical":4,"blur":4,"spread":0,"color":"rgba(0, 0, 0, 0.16)"},"column_gap_mobile":{"unit":"px","size":20,"sizes":[]},"row_gap_mobile":{"unit":"px","size":10,"sizes":[]},"_padding_tablet":{"unit":"px","top":"0","right":"0","bottom":"0","left":"0","isLinked":true}},"elements":[],"isInner":false,"widgetType":"houzez_elementor_inquiry_form","elType":"widget"}],"isInner":true,"elType":"column"}],"isInner":true,"elType":"section"}],"isInner":false,"elType":"column"}],"isInner":false,"elType":"section"}],"page_settings":[],"version":"0.4","title":"Demo 21 - Homepage 1","type":"page"}