{"content":[{"id":"26063907","settings":{"content_width":{"unit":"px","size":1320,"sizes":[]},"background_background":"classic","background_color":"#FFFFFF","animation":"none","background_overlay_background":"classic","background_overlay_color":"#153965","height":"min-height","background_image":{"url":"https:\/\/demo21.houzez.co\/wp-content\/uploads\/2020\/04\/property-09.jpg","id":2966,"alt":"","source":"library"},"background_position":"center center","background_size":"cover","custom_height":{"unit":"px","size":185,"sizes":[]},"content_width_mobile":{"unit":"px","size":1320,"sizes":[]},"custom_height_mobile":{"unit":"px","size":110,"sizes":[]},"padding_mobile":{"unit":"px","top":"0","right":"15","bottom":"0","left":"15","isLinked":false}},"elements":[{"id":"3deb1b0b","settings":{"_column_size":100,"_inline_size":null,"z_index":1},"elements":[{"id":"3b19f3c","settings":{"title":"Contact","size":"large","title_color":"#FFFFFF","typography_line_height":{"unit":"em","size":1.4,"sizes":[]},"typography_typography":"custom","typography_font_size_mobile":{"unit":"px","size":24,"sizes":[]}},"elements":[],"isInner":false,"widgetType":"heading","elType":"widget"}],"isInner":false,"elType":"column"}],"isInner":false,"elType":"section"},{"id":"52691147","settings":{"animation":"fadeIn","content_width":{"unit":"px","size":1320,"sizes":[]},"gap":"no","background_background":"classic","background_color":"#FFFFFF"},"elements":[{"id":"11beea0b","settings":{"_column_size":100},"elements":[{"id":"416003cd","settings":{"content_width":{"unit":"px","size":725,"sizes":[]},"layout":"full_width","structure":"30","padding_tablet":{"unit":"px","top":"0","right":"30","bottom":"0","left":"30","isLinked":false},"padding_mobile":{"unit":"px","top":"0","right":"15","bottom":"0","left":"15","isLinked":false}},"elements":[{"id":"600b22a2","settings":{"_column_size":33,"_inline_size":60,"_inline_size_tablet":100},"elements":[{"id":"1725e8c1","settings":{"height":{"unit":"px","size":30,"sizes":[]},"height_mobile":{"unit":"px","size":0,"sizes":[]}},"elements":[],"isInner":false,"widgetType":"houzez_elementor_space","elType":"widget"},{"id":"78c955d9","settings":{"editor":"<p>Our company is one of the leading developers providing exquisitely designed modern living villas in unique locations. We specialize in designing and constructing modern living villas that are not only aesthetically pleasing, but also rich with luxury and convenience.<\/p>","text_color":"#9298A1","typography_typography":"custom"},"elements":[],"isInner":false,"widgetType":"text-editor","elType":"widget"},{"id":"67d15e69","settings":{"icon_list":[{"text":"info@email.com","selected_icon":{"value":{"url":"https:\/\/demo21.houzez.co\/wp-content\/uploads\/2022\/01\/icon-read-email-at-1@16x16.svg","id":2784},"library":"svg"},"_id":"63a950a"},{"text":"987 654 3210","selected_icon":{"value":{"url":"https:\/\/demo21.houzez.co\/wp-content\/uploads\/2022\/01\/icon-phone-landline@16x16.svg","id":2783},"library":"svg"},"_id":"12c5c07"}],"text_color":"#153965","space_between":{"unit":"px","size":5,"sizes":[]}},"elements":[],"isInner":false,"widgetType":"icon-list","elType":"widget"},{"id":"6c94a61b","settings":{"title":"When you ask your question","size":"large","align":"left","title_color":"#000000","typography_line_height":{"unit":"em","size":1.4,"sizes":[]},"typography_typography":"custom","typography_font_size_mobile":{"unit":"px","size":24,"sizes":[]},"header_size":"h3","typography_font_size":{"unit":"px","size":22,"sizes":[]},"_margin":{"unit":"px","top":"30","right":"0","bottom":"0","left":"0","isLinked":false}},"elements":[],"isInner":false,"widgetType":"heading","elType":"widget"},{"id":"18b1c99e","settings":{"editor":"<p>When you ask a question, we will respond within 12 hours. We will provide a detailed answer from a our qualified agents with a plan of action.<\/p><ul><li>If you submit a question, we will respond within 12 hours<\/li><li>Qualified agents provides thorough, expert service<\/li><li>A summary of the plan of action<\/li><\/ul>","text_color":"#9298A1","typography_typography":"custom"},"elements":[],"isInner":false,"widgetType":"text-editor","elType":"widget"},{"id":"ceb8b35","settings":{"form_name":"New Form","form_fields":[{"_id":"name","field_type":"first_name","field_label":"First name","placeholder":"Enter your first name","width":"50"},{"field_type":"last_name","field_label":"Last name","placeholder":"Enter your last name","width":"50","_id":"3ec3e06"},{"_id":"email","field_type":"email","required":"true","field_label":"Email address","placeholder":"Enter your email address","width":"50"},{"_id":"4774b7d","field_type":"mobile","field_label":"Phone number","placeholder":"Enter your phone number","width":"50"},{"_id":"message","field_type":"message","field_label":"Message","placeholder":"Message","rows":7}],"input_size":"md","button_text":"Submit","button_size":"lg","email_to":"hello@favethemes.com","email_subject":"New message from &quot;Houzez&quot;","column_gap":{"unit":"px","size":35,"sizes":[]},"column_gap_mobile":{"unit":"px","size":20,"sizes":[]},"row_gap":{"unit":"px","size":20,"sizes":[]},"row_gap_mobile":{"unit":"px","size":10,"sizes":[]},"label_spacing":{"unit":"px","size":5,"sizes":[]},"label_typography_typography":"custom","label_typography_font_family":"Inter","label_typography_font_size":{"unit":"px","size":14,"sizes":[]},"field_typography_typography":"custom","field_typography_font_size":{"unit":"px","size":14,"sizes":[]},"field_border_color":"#FFFFFF","button_background_color":"#153965","button_typography_typography":"custom","button_typography_font_size":{"unit":"px","size":14,"sizes":[]},"button_typography_text_transform":"uppercase","button_typography_letter_spacing":{"unit":"px","size":1.9,"sizes":[]},"button_border_radius":{"unit":"px","top":"3","right":"3","bottom":"3","left":"3","isLinked":true},"button_background_hover_color":"#2F5E99","_padding":{"unit":"px","top":"40","right":"40","bottom":"40","left":"40","isLinked":true},"_background_background":"classic","_background_color":"#EEF4F8","_box_shadow_box_shadow":{"horizontal":0,"vertical":60,"blur":60,"spread":0,"color":"rgba(0, 0, 0, 0.1)"},"_padding_mobile":{"unit":"px","top":"25","right":"25","bottom":"25","left":"25","isLinked":true}},"elements":[],"isInner":false,"widgetType":"houzez_elementor_contact_form","elType":"widget"},{"id":"79cee0d6","settings":{"space_tablet":{"unit":"px","size":0,"sizes":[]}},"elements":[],"isInner":false,"widgetType":"spacer","elType":"widget"}],"isInner":true,"elType":"column"},{"id":"789011d7","settings":{"_column_size":33,"_inline_size":9.332,"_inline_size_tablet":100},"elements":[],"isInner":true,"elType":"column"},{"id":"2523f4f8","settings":{"_column_size":33,"_inline_size":30,"_inline_size_tablet":100},"elements":[{"id":"22eb761b","settings":{"height":{"unit":"px","size":30,"sizes":[]},"height_tablet":{"unit":"px","size":0,"sizes":[]},"height_mobile":{"unit":"px","size":1,"sizes":[]}},"elements":[],"isInner":false,"widgetType":"houzez_elementor_space","elType":"widget"},{"id":"6be0c21","settings":{"icon_list":[{"text":"Call us at <strong>987-654-3210<\/strong>","selected_icon":{"value":"","library":""},"_id":"12c5c07"}],"text_color":"#FFFFFF","space_between":{"unit":"px","size":0,"sizes":[]},"icon_align":"center","icon_size":{"unit":"px","size":0,"sizes":[]},"icon_typography_typography":"custom","icon_typography_font_size":{"unit":"px","size":24,"sizes":[]},"icon_typography_font_weight":"300","_padding":{"unit":"px","top":"40","right":"0","bottom":"40","left":"0","isLinked":false},"_background_background":"classic","_background_color":"#153965"},"elements":[],"isInner":false,"widgetType":"icon-list","elType":"widget"},{"id":"36218250","settings":{"address":"Headquarter \u200b1584 Biscayne Boulevard Miami FL, 33176","zoom":{"unit":"px","size":15,"sizes":[]},"height":{"unit":"px","size":170,"sizes":[]}},"elements":[],"isInner":false,"widgetType":"google_maps","elType":"widget"},{"id":"1b5ccf85","settings":{"editor":"<p><strong>Headquarter<br \/><\/strong>1584\u00a0Biscayne\u00a0Boulevard<br \/>Miami FL, 33176<\/p><p class=\"padding-top\"><strong>Amy Miller<\/strong><br \/>Public Relations Manager<br \/>774 NE 84th St Miami, FL 33879<br \/>amy.miller@houzez.com<\/p><p><strong>Kyle Parker<\/strong><br \/>Public Relations Associated<br \/>774 NE 84th St Miami, FL 33879<br \/>kyle.parker@houzez.com<\/p>","typography_typography":"custom","_padding":{"unit":"px","top":"40","right":"40","bottom":"25","left":"40","isLinked":false},"_background_background":"classic","_background_color":"#EEF4F8","_padding_mobile":{"unit":"px","top":"25","right":"25","bottom":"10","left":"25","isLinked":false}},"elements":[],"isInner":false,"widgetType":"text-editor","elType":"widget"}],"isInner":true,"elType":"column"}],"isInner":true,"elType":"section"}],"isInner":false,"elType":"column"}],"isInner":false,"elType":"section"}],"page_settings":[],"version":"0.4","title":"Demo 21 - Contact us","type":"page"}