{"content":[{"id":"25ffb932","settings":{"animation":"fadeIn","content_width":{"unit":"px","size":1320,"sizes":[]},"gap":"no","background_color":"#FFFFFF"},"elements":[{"id":"5e28bc9c","settings":{"_column_size":100},"elements":[{"id":"1de13caa","settings":{"content_width":{"unit":"px","size":725,"sizes":[]}},"elements":[{"id":"2400d41","settings":{"_column_size":100,"_inline_size":null},"elements":[{"id":"5b5b5ab5","settings":[],"elements":[],"isInner":false,"widgetType":"houzez_elementor_space","elType":"widget"},{"id":"71b6bfb0","settings":{"title":"Discover exclusive life style with a leading provider of high-end quality real estate<br>","size":"large","align":"center","title_color":"#000000","typography_line_height":{"unit":"em","size":1.4,"sizes":[]},"typography_typography":"custom","typography_font_size_mobile":{"unit":"px","size":24,"sizes":[]}},"elements":[],"isInner":false,"widgetType":"heading","elType":"widget"},{"id":"6c93e4ba","settings":{"space":{"unit":"px","size":10,"sizes":[]}},"elements":[],"isInner":false,"widgetType":"spacer","elType":"widget"}],"isInner":true,"elType":"column"}],"isInner":true,"elType":"section"},{"id":"70488375","settings":{"content_width":{"unit":"px","size":1007,"sizes":[]},"background_background":"classic","z_index":2},"elements":[{"id":"69f53ae2","settings":{"_column_size":100,"_inline_size":null},"elements":[{"id":"acb38d5","settings":{"form_fields":[{"_id":"field-cities","field_type":"location[]","field_label":"Cities","placeholder":"Where","width":"20","price_from_text":"From","price_to_text":"To","selected_count_text":"items selected"},{"_id":"56ba80f","field_type":"status[]","field_label":"Status","placeholder":"Status","price_from_text":"From","price_to_text":"To","width":"20","selected_count_text":"items selected"},{"_id":"field-types","field_type":"type[]","field_label":"Property Type","placeholder":"Type","is_multiple":"true","select_all_btns":"","selected_count_text":"types selected","width":"20","width_mobile":"100","price_from_text":"From","price_to_text":"To"},{"_id":"field-max-price","field_type":"max-price","field_label":"Max. Price","placeholder":"Budget","width":"20","width_mobile":"100","price_from_text":"From","price_to_text":"To","selected_count_text":"items selected"},{"_id":"field-search-btn","field_type":"search-button","field_label":"Search Button","placeholder":"Search","width":"20","price_from_text":"From","price_to_text":"To","selected_count_text":"items selected"}],"input_size":"md","button_size":"md","tabs_all_text":"All","field_border_color":"#FFFFFF","button_background_color":"#153965","_background_color":"#FFFFFF","_border_radius":{"unit":"px","top":"4","right":"4","bottom":"4","left":"4","isLinked":true},"_box_shadow_box_shadow":{"horizontal":0,"vertical":4,"blur":4,"spread":0,"color":"rgba(0, 0, 0, 0.16)"},"field_typography_typography":"custom","field_typography_font_size":{"unit":"px","size":14,"sizes":[]},"button_typography_typography":"custom","button_typography_font_size":{"unit":"px","size":14,"sizes":[]},"button_typography_text_transform":"uppercase","button_typography_letter_spacing":{"unit":"px","size":1.9,"sizes":[]},"button_border_radius":{"unit":"px","top":"3","right":"3","bottom":"3","left":"3","isLinked":true},"button_background_hover_color":"#2F5E99","show_tabs":"","status_data":["for-rent","for-sale"],"form_background_color":"#FFFFFF","form_padding":{"unit":"px","top":"10","right":"5","bottom":"0","left":"5","isLinked":false},"form_radius":{"unit":"px","top":"4","right":"4","bottom":"4","left":"4","isLinked":true},"search_tabs_typography_typography":"custom","search_tabs_typography_font_size":{"unit":"px","size":13,"sizes":[]},"search_tabs_typography_font_weight":"400","search_tabs_typography_text_transform":"uppercase","search_tabs_typography_letter_spacing":{"unit":"px","size":1.9,"sizes":[]},"search_tabs_typography_word_spacing":{"unit":"px","size":"","sizes":[]},"search_tabs_typography_word_spacing_tablet":{"unit":"px","size":"","sizes":[]},"search_tabs_typography_word_spacing_mobile":{"unit":"px","size":"","sizes":[]},"search_tabs_bg_color":"#153965","tabs_padding":{"unit":"px","top":"11","right":"30","bottom":"10","left":"30","isLinked":false},"tabs_radius":{"unit":"px","top":"2","right":"2","bottom":"0","left":"0","isLinked":false},"_animation":"none","_animation_delay":300,"tabs_padding_mobile":{"unit":"px","top":"11","right":"20","bottom":"10","left":"20","isLinked":false},"show_all":"","border_border":"solid","border_width":{"unit":"px","top":"1","right":"1","bottom":"1","left":"1","isLinked":true},"border_color":"#E9E9E9","box_shadow_box_shadow_type":"yes","box_shadow_box_shadow":{"horizontal":0,"vertical":35,"blur":35,"spread":0,"color":"rgba(0, 0, 0, 0.1)"},"_z_index":1,"_border_border":"solid","_border_width":{"unit":"px","top":"0","right":"0","bottom":"0","left":"0","isLinked":true}},"elements":[],"isInner":false,"widgetType":"houzez_elementor_search_builder","elType":"widget"},{"id":"5873f40f","settings":[],"elements":[],"isInner":false,"widgetType":"spacer","elType":"widget"}],"isInner":true,"elType":"column"}],"isInner":true,"elType":"section"}],"isInner":false,"elType":"column"}],"isInner":false,"elType":"section"},{"id":"5ac43a83","settings":{"animation":"fadeIn","content_width":{"unit":"px","size":1320,"sizes":[]},"gap":"no","background_color":"#FFFFFF"},"elements":[{"id":"5e074f42","settings":{"_column_size":100},"elements":[{"id":"363ee773","settings":{"content_width":{"unit":"px","size":836,"sizes":[]},"background_background":"classic","layout":"full_width"},"elements":[{"id":"4aad3ca0","settings":{"_column_size":100,"_inline_size":null},"elements":[{"id":"4febc233","settings":[],"elements":[],"isInner":false,"widgetType":"houzez_elementor_property-card-v5","elType":"widget"}],"isInner":true,"elType":"column"}],"isInner":true,"elType":"section"}],"isInner":false,"elType":"column"}],"isInner":false,"elType":"section"},{"id":"2b762a7a","settings":{"animation":"fadeIn","content_width":{"unit":"px","size":1320,"sizes":[]},"gap":"no","background_color":"#FFFFFF"},"elements":[{"id":"2e97c383","settings":{"_column_size":100},"elements":[{"id":"46975e83","settings":{"content_width":{"unit":"px","size":599,"sizes":[]},"animation":"fadeIn"},"elements":[{"id":"1d087f4","settings":{"_column_size":100,"_inline_size":null},"elements":[{"id":"6bd675e9","settings":[],"elements":[],"isInner":false,"widgetType":"houzez_elementor_space","elType":"widget"},{"id":"431a554d","settings":{"title":"Our team of qualified agents can answer any questions you might have","size":"large","align":"center","title_color":"#000000","typography_line_height":{"unit":"em","size":1.4,"sizes":[]},"typography_typography":"custom","typography_font_size_mobile":{"unit":"px","size":24,"sizes":[]}},"elements":[],"isInner":false,"widgetType":"heading","elType":"widget"},{"id":"1909c34","settings":[],"elements":[],"isInner":false,"widgetType":"spacer","elType":"widget"}],"isInner":true,"elType":"column"}],"isInner":true,"elType":"section"},{"id":"49ec1cf7","settings":{"layout":"full_width","animation":"fadeIn"},"elements":[{"id":"186170d","settings":{"_column_size":100,"_inline_size":null},"elements":[{"id":"183f3a41","settings":{"columns":"4","posts_limit":"9","orderby":"title"},"elements":[],"isInner":false,"widgetType":"houzez_elementor_agents","elType":"widget"},{"id":"67e7d0f4","settings":[],"elements":[],"isInner":false,"widgetType":"spacer","elType":"widget"}],"isInner":true,"elType":"column"}],"isInner":true,"elType":"section"}],"isInner":false,"elType":"column"}],"isInner":false,"elType":"section"},{"id":"3e6c0910","settings":{"content_width":{"unit":"px","size":1330,"sizes":[]},"background_color":"#FFFFFF00","gap":"no","background_color_b":"#FFFFFF","background_background":"gradient","margin":{"unit":"px","top":"0","right":0,"bottom":"0","left":0,"isLinked":false},"padding":{"unit":"px","top":"0","right":"0","bottom":"100","left":"0","isLinked":false},"z_index":0},"elements":[{"id":"6e38b4dd","settings":{"_column_size":100,"_inline_size":null},"elements":[{"id":"7cf0a71e","settings":{"layout":"full_width","content_position":"middle","structure":"20","background_background":"classic","background_color":"#EEF4F8","background_image":{"url":"","id":"","alt":"","source":"library"},"background_position":"center center","background_size":"cover","background_overlay_opacity":{"unit":"px","size":0.07,"sizes":[]},"box_shadow_box_shadow_type":"yes","box_shadow_box_shadow":{"horizontal":0,"vertical":80,"blur":80,"spread":0,"color":"rgba(0, 0, 0, 0.1)"},"margin":{"unit":"px","top":"","right":0,"bottom":"","left":0,"isLinked":true},"background_overlay_background":"classic","background_overlay_image":{"url":"","id":"","alt":"","source":"library"},"z_index":1,"animation":"fadeInUp"},"elements":[{"id":"7e179fd0","settings":{"_column_size":50,"_inline_size":31.001,"padding":{"unit":"px","top":"70","right":"70","bottom":"70","left":"70","isLinked":true},"_inline_size_tablet":100,"padding_tablet":{"unit":"px","top":"70","right":"70","bottom":"40","left":"70","isLinked":false},"padding_mobile":{"unit":"px","top":"30","right":"30","bottom":"30","left":"30","isLinked":true}},"elements":[{"id":"679b4426","settings":{"title":"Request a free valuation of your property","size":"large","align":"left","title_color":"#000000","typography_typography":"custom","typography_line_height":{"unit":"em","size":1.4,"sizes":[]},"typography_font_size_mobile":{"unit":"px","size":24,"sizes":[]}},"elements":[],"isInner":false,"widgetType":"heading","elType":"widget"},{"id":"78e17c83","settings":{"editor":"<p>Our real estate company has a number of luxury and exclusive listings that are perfect for international clients.&nbsp;<\/p>","text_color":"#9298A1"},"elements":[],"isInner":false,"widgetType":"text-editor","elType":"widget"},{"id":"59a1eb51","settings":{"icon_list":[{"text":"Contact us","selected_icon":{"value":{"url":"https:\/\/demo21.houzez.co\/wp-content\/uploads\/2022\/01\/icon-read-email-at-1@16x16.svg","id":2784},"library":"svg"},"_id":"63a950a"},{"text":"987 654 3210","selected_icon":{"value":{"url":"https:\/\/demo21.houzez.co\/wp-content\/uploads\/2022\/01\/icon-phone-landline@16x16.svg","id":2783},"library":"svg"},"_id":"12c5c07"}],"text_color":"#153965"},"elements":[],"isInner":false,"widgetType":"icon-list","elType":"widget"}],"isInner":true,"elType":"column"},{"id":"4914dc13","settings":{"_column_size":50,"_inline_size":68.999,"padding":{"unit":"px","top":"70","right":"70","bottom":"70","left":"70","isLinked":true},"_inline_size_tablet":100,"padding_tablet":{"unit":"px","top":"0","right":"70","bottom":"40","left":"70","isLinked":false},"padding_mobile":{"unit":"px","top":"10","right":"30","bottom":"30","left":"30","isLinked":false}},"elements":[{"id":"bfef766","settings":{"form_name":"New Form","form_fields":[{"field_type":"user_type","field_label":"Personal Information","placeholder":"Select","required":"true","field_options":"Property owner\nAgent\n","width":"33","_id":"b66c734"},{"field_type":"first_name","field_label":"&nbsp;","placeholder":"First name","required":"true","width":"33","_id":"ac32e68"},{"field_type":"last_name","field_label":"&nbsp;","placeholder":"Last name","required":"true","width":"33","_id":"7304c05"},{"field_type":"email","placeholder":"Email address","required":"true","width":"66","_id":"7b74074"},{"field_type":"mobile","placeholder":"Phone number","required":"true","width":"33","_id":"e92d2c5"},{"field_type":"e_meta[property_type]","field_label":"Property Information","placeholder":"Type","required":"true","width":"33","_id":"08ee178"},{"field_type":"e_meta[zipcode]","field_label":"&nbsp;","placeholder":"Zip code","required":"true","width":"33","_id":"cfcfcd6"},{"field_type":"e_meta[city]","field_label":"&nbsp;","placeholder":"City","width":"33","_id":"5e7d721"},{"field_type":"e_meta[beds]","placeholder":"N. of bedrooms","required":"true","width":"33","_id":"c3053de"},{"field_type":"e_meta[baths]","placeholder":"N. of bathrooms","required":"true","width":"33","_id":"ca559d7"},{"field_type":"e_meta[price]","placeholder":"Your budget","required":"true","width":"33","_id":"3dbb366"}],"button_text":"Submit","email_to":"hello@favethemes.com","email_subject":"New message from &quot;Houzez - Highly Customizable Real Estate WordPress Theme&quot;","button_background_color":"#153965","button_background_hover_color":"#2F5E99","_padding":{"unit":"px","top":"30","right":"30","bottom":"0","left":"30","isLinked":false},"_background_color":"#FFFFFF","input_size":"md","button_size":"md","column_gap":{"unit":"px","size":15,"sizes":[]},"row_gap":{"unit":"px","size":15,"sizes":[]},"label_spacing":{"unit":"px","size":15,"sizes":[]},"label_typography_typography":"custom","label_typography_font_family":"Inter","label_typography_font_size":{"unit":"px","size":14,"sizes":[]},"field_typography_typography":"custom","field_typography_font_size":{"unit":"px","size":14,"sizes":[]},"field_border_color":"#FFFFFF","button_typography_typography":"custom","button_typography_font_size":{"unit":"px","size":14,"sizes":[]},"button_typography_text_transform":"uppercase","button_typography_letter_spacing":{"unit":"px","size":1.9,"sizes":[]},"button_border_radius":{"unit":"px","top":"3","right":"3","bottom":"3","left":"3","isLinked":true},"_box_shadow_box_shadow":{"horizontal":0,"vertical":4,"blur":4,"spread":0,"color":"rgba(0, 0, 0, 0.16)"},"column_gap_mobile":{"unit":"px","size":20,"sizes":[]},"row_gap_mobile":{"unit":"px","size":10,"sizes":[]},"_padding_tablet":{"unit":"px","top":"0","right":"0","bottom":"0","left":"0","isLinked":true}},"elements":[],"isInner":false,"widgetType":"houzez_elementor_inquiry_form","elType":"widget"}],"isInner":true,"elType":"column"}],"isInner":true,"elType":"section"}],"isInner":false,"elType":"column"}],"isInner":false,"elType":"section"}],"page_settings":[],"version":"0.4","title":"Demo 21 - Discover","type":"page"}