{"content":[{"id":"54c1f869","settings":{"background_background":"classic","background_image":{"id":2851,"url":"https:\/\/demo22.houzez.co\/wp-content\/uploads\/2022\/03\/home-fallback-3-scaled.jpg","alt":"","source":"library"},"padding":{"unit":"px","top":"0","right":"0","bottom":"0","left":"0","isLinked":false},"background_position":"center center","background_size":"cover","background_overlay_background":"classic","background_overlay_color":"#000000","background_overlay_color_b":"#001c51","background_overlay_opacity":{"unit":"px","size":0.65,"sizes":[]},"shape_divider_bottom_color":"#ffffff","shape_divider_bottom_flip":"yes","background_repeat":"no-repeat","gap":"wider","height":"min-height","custom_height":{"unit":"px","size":600,"sizes":[]},"content_width":{"unit":"px","size":1320,"sizes":[]},"background_color":"#FFFFFF","shape_divider_bottom_height":{"unit":"px","size":59,"sizes":[]},"shape_divider_bottom_negative":"yes","custom_height_mobile":{"unit":"px","size":300,"sizes":[]}},"elements":[{"id":"29728d26","settings":{"_column_size":100},"elements":[{"id":"7cb8493d","settings":{"title":"Discover The Nook","typography_typography":"custom","title_color":"#FFFFFF","header_size":"h1","align":"center","typography_font_size":{"unit":"px","size":64,"sizes":[]},"typography_font_weight":"700","_animation":"fadeInUp","animation_duration":"slow","typography_font_size_mobile":{"unit":"px","size":40,"sizes":[]},"_margin_mobile":{"unit":"px","top":"150","right":"0","bottom":"0","left":"0","isLinked":false}},"elements":[],"isInner":false,"widgetType":"heading","elType":"widget"},{"id":"4472f4be","settings":{"icon_list":[{"text":"Asheville, North Carolina","selected_icon":{"value":{"url":"https:\/\/demo22.houzez.co\/wp-content\/uploads\/2020\/03\/pin.svg","id":2505},"library":"svg"},"_id":"7a1e0eb"}],"icon_color":"#FFFFFF","icon_size":{"unit":"px","size":24,"sizes":[]},"text_color":"#FFFFFF","icon_typography_typography":"custom","icon_typography_font_size":{"unit":"px","size":28,"sizes":[]},"_animation":"fadeInUp","animation_duration":"slow","icon_align":"center","icon_typography_font_size_mobile":{"unit":"px","size":16,"sizes":[]}},"elements":[],"isInner":false,"widgetType":"icon-list","elType":"widget"}],"isInner":false,"elType":"column"}],"isInner":false,"elType":"section"},{"id":"5a47df6f","settings":{"content_width":{"unit":"px","size":1000,"sizes":[]},"background_background":"classic","background_color":"#FFFFFF","background_color_b":"#457D7221","background_color_stop":{"unit":"%","size":50,"sizes":[]},"background_color_b_stop":{"unit":"%","size":0,"sizes":[]},"background_gradient_angle":{"unit":"deg","size":140,"sizes":[]},"background_image":{"url":"https:\/\/demo22.houzez.co\/wp-content\/uploads\/2022\/03\/image-17-scaled.jpg","id":2902,"alt":"","source":"library"},"background_position":"center center","background_repeat":"no-repeat","background_size":"cover","background_overlay_background":"classic","background_overlay_color":"#FFFFFF","background_overlay_opacity":{"unit":"px","size":0.73,"sizes":[]}},"elements":[{"id":"141fec99","settings":{"_column_size":100,"_inline_size":null},"elements":[{"id":"780bd869","settings":[],"elements":[],"isInner":false,"widgetType":"spacer","elType":"widget"},{"id":"1c62cbbd","settings":{"content_width":{"unit":"px","size":830,"sizes":[]}},"elements":[{"id":"6023186d","settings":{"_column_size":100,"_inline_size":null},"elements":[{"id":"269702d0","settings":{"title":"Video","align":"center","typography_typography":"custom","typography_font_size":{"unit":"px","size":40,"sizes":[]},"typography_line_height":{"unit":"em","size":1.5,"sizes":[]},"_animation":"fadeInUp","animation_duration":"slow","typography_font_weight":"500","typography_letter_spacing":{"unit":"px","size":-0.5,"sizes":[]},"typography_font_size_mobile":{"unit":"px","size":24,"sizes":[]}},"elements":[],"isInner":false,"widgetType":"heading","elType":"widget"},{"id":"779177c9","settings":{"title":"The Nook is a home buyers dream. It's a condo in the nature, with beautiful views, lots of trees and plants, and a few big rocks here and there.\n","header_size":"div","align":"center","title_color":"#000000","typography_typography":"custom","typography_font_size":{"unit":"px","size":20,"sizes":[]},"typography_line_height":{"unit":"em","size":1.8,"sizes":[]},"_margin":{"unit":"px","top":"0","right":"0","bottom":"10","left":"0","isLinked":false},"_animation":"fadeInUp","animation_duration":"slow","typography_font_size_mobile":{"unit":"px","size":16,"sizes":[]}},"elements":[],"isInner":false,"widgetType":"heading","elType":"widget"},{"id":"761b8bdb","settings":{"space":{"unit":"px","size":20,"sizes":[]}},"elements":[],"isInner":false,"widgetType":"spacer","elType":"widget"}],"isInner":true,"elType":"column"}],"isInner":true,"elType":"section"},{"id":"4e228d05","settings":{"layout":"full_width","content_width":{"unit":"px","size":1320,"sizes":[]}},"elements":[{"id":"6406efdb","settings":{"_column_size":100,"_inline_size":null},"elements":[{"id":"7ab9b33","settings":{"youtube_url":"https:\/\/www.youtube.com\/watch?v=A0ARD5Eqq2s","vimeo_url":"https:\/\/vimeo.com\/235215203","dailymotion_url":"https:\/\/www.dailymotion.com\/video\/x6tqhqb","show_image_overlay":"yes","image_overlay":{"url":"https:\/\/demo22.houzez.co\/wp-content\/uploads\/2022\/03\/home-fallback.jpg","id":2808,"alt":"","source":"library"},"play_icon_text_shadow_text_shadow":{"horizontal":0,"vertical":40,"blur":40,"color":"rgba(0, 0, 0, 0.12)"},"_z_index":1},"elements":[],"isInner":false,"widgetType":"video","elType":"widget"}],"isInner":true,"elType":"column"}],"isInner":true,"elType":"section"},{"id":"2c9c212f","settings":{"space":{"unit":"px","size":127,"sizes":[]},"space_mobile":{"unit":"px","size":50,"sizes":[]}},"elements":[],"isInner":false,"widgetType":"spacer","elType":"widget"},{"id":"298202cc","settings":{"style":"dotted","width":{"unit":"%","size":8,"sizes":[]},"align":"center","text":"Divider","color":"#457D72","weight":{"unit":"px","size":9,"sizes":[]},"width_mobile":{"unit":"%","size":18,"sizes":[]}},"elements":[],"isInner":false,"widgetType":"divider","elType":"widget"},{"id":"69d5bbff","settings":{"content_width":{"unit":"px","size":830,"sizes":[]}},"elements":[{"id":"4571bc6f","settings":{"_column_size":100,"_inline_size":null},"elements":[{"id":"a73ad6","settings":{"space":{"unit":"px","size":70,"sizes":[]}},"elements":[],"isInner":false,"widgetType":"spacer","elType":"widget"},{"id":"a1b2271","settings":{"title":"Gallery","align":"center","typography_typography":"custom","typography_font_size":{"unit":"px","size":40,"sizes":[]},"typography_line_height":{"unit":"em","size":1.5,"sizes":[]},"_animation":"fadeInUp","animation_duration":"slow","typography_font_weight":"500","typography_letter_spacing":{"unit":"px","size":-0.5,"sizes":[]},"typography_font_size_mobile":{"unit":"px","size":24,"sizes":[]}},"elements":[],"isInner":false,"widgetType":"heading","elType":"widget"},{"id":"204c9905","settings":{"title":"The Nook is a home buyers dream. It's a condo in the nature, with beautiful views, lots of trees and plants, and a few big rocks here and there.\n","header_size":"div","align":"center","title_color":"#000000","typography_typography":"custom","typography_font_size":{"unit":"px","size":20,"sizes":[]},"typography_line_height":{"unit":"em","size":1.8,"sizes":[]},"_margin":{"unit":"px","top":"0","right":"0","bottom":"10","left":"0","isLinked":false},"_animation":"fadeInUp","animation_duration":"slow","typography_font_size_mobile":{"unit":"px","size":16,"sizes":[]}},"elements":[],"isInner":false,"widgetType":"heading","elType":"widget"},{"id":"315af069","settings":{"space":{"unit":"px","size":20,"sizes":[]}},"elements":[],"isInner":false,"widgetType":"spacer","elType":"widget"}],"isInner":true,"elType":"column"}],"isInner":true,"elType":"section"},{"id":"51f56d29","settings":{"content_width":{"unit":"px","size":990,"sizes":[]}},"elements":[{"id":"1ed6cda0","settings":{"_column_size":100,"_inline_size":null},"elements":[{"id":"40b64063","settings":{"wp_gallery":[{"id":2963,"url":"https:\/\/demo22.houzez.co\/wp-content\/uploads\/2022\/03\/image-18.jpg"},{"id":2808,"url":"https:\/\/demo22.houzez.co\/wp-content\/uploads\/2022\/03\/home-fallback.jpg"},{"id":2851,"url":"https:\/\/demo22.houzez.co\/wp-content\/uploads\/2022\/03\/home-fallback-3-scaled.jpg"},{"id":2896,"url":"https:\/\/demo22.houzez.co\/wp-content\/uploads\/2022\/03\/image-15.jpg"},{"id":2894,"url":"https:\/\/demo22.houzez.co\/wp-content\/uploads\/2022\/03\/image-13.jpg"},{"id":2891,"url":"https:\/\/demo22.houzez.co\/wp-content\/uploads\/2022\/03\/image-11.jpg"},{"id":2578,"url":"https:\/\/demo22.houzez.co\/wp-content\/uploads\/2020\/03\/box-11.jpg"},{"id":2540,"url":"https:\/\/demo22.houzez.co\/wp-content\/uploads\/2020\/03\/box-5.jpg"},{"id":2539,"url":"https:\/\/demo22.houzez.co\/wp-content\/uploads\/2020\/03\/box-7.jpg"}],"gallery_columns":"3","image_spacing":"custom","image_spacing_custom":{"unit":"px","size":1,"sizes":[]},"image_border_width":{"unit":"px","top":"1","right":"1","bottom":"1","left":"1","isLinked":true},"image_border_color":"#FFFFFF","gallery_display_caption":"none","_box_shadow_box_shadow":{"horizontal":0,"vertical":80,"blur":80,"spread":0,"color":"rgba(0, 0, 0, 0.1)"},"thumbnail_size":"houzez-item-image-1"},"elements":[],"isInner":false,"widgetType":"image-gallery","elType":"widget"}],"isInner":true,"elType":"column"}],"isInner":true,"elType":"section"},{"id":"35e3be32","settings":{"space":{"unit":"px","size":127,"sizes":[]}},"elements":[],"isInner":false,"widgetType":"spacer","elType":"widget"}],"isInner":false,"elType":"column"}],"isInner":false,"elType":"section"},{"id":"1921f018","settings":{"content_width":{"unit":"px","size":1320,"sizes":[]},"background_background":"classic","background_color":"#FFFFFF","background_color_stop":{"unit":"%","size":50,"sizes":[]},"background_color_b":"#457D7221","background_color_b_stop":{"unit":"%","size":0,"sizes":[]},"background_gradient_angle":{"unit":"deg","size":140,"sizes":[]},"background_image":{"url":"https:\/\/demo22.houzez.co\/wp-content\/uploads\/2022\/03\/image-17-scaled.jpg","id":2902,"alt":"","source":"library"},"background_position":"center center","background_repeat":"no-repeat","background_size":"cover","background_overlay_background":"classic","background_overlay_color":"#FFFFFF","background_overlay_opacity":{"unit":"px","size":0.73,"sizes":[]},"layout":"full_width","gap":"no"},"elements":[{"id":"2cdd60e0","settings":{"_column_size":100,"_inline_size":null},"elements":[{"id":"41231e29","settings":{"style":"dotted","width":{"unit":"%","size":8,"sizes":[]},"align":"center","text":"Divider","color":"#457D72","weight":{"unit":"px","size":9,"sizes":[]}},"elements":[],"isInner":false,"widgetType":"divider","elType":"widget"}],"isInner":false,"elType":"column"}],"isInner":false,"elType":"section"},{"id":"745a1e40","settings":{"content_width":{"unit":"px","size":1320,"sizes":[]},"background_background":"classic","background_color":"#FFFFFF","background_color_b":"#F8F8F8"},"elements":[{"id":"5b54b181","settings":{"_column_size":100,"_inline_size":null},"elements":[{"id":"648eadeb","settings":{"space":{"unit":"px","size":120,"sizes":[]}},"elements":[],"isInner":false,"widgetType":"spacer","elType":"widget"},{"id":"7b94acb1","settings":{"content_width":{"unit":"px","size":830,"sizes":[]},"layout":"full_width","content_position":"middle","structure":"30"},"elements":[{"id":"25d24c30","settings":{"_column_size":33,"_inline_size":48.871},"elements":[{"id":"c8a00a5","settings":{"title":"Schedule a Tour at The Nook","align":"left","typography_typography":"custom","typography_font_size":{"unit":"px","size":40,"sizes":[]},"typography_line_height":{"unit":"em","size":1.5,"sizes":[]},"_animation":"fadeInUp","animation_duration":"slow","typography_font_weight":"500","typography_letter_spacing":{"unit":"px","size":-0.5,"sizes":[]}},"elements":[],"isInner":false,"widgetType":"heading","elType":"widget"},{"id":"52a40c89","settings":{"title":"The Nook is a home buyers dream. It's a condo in the nature, with beautiful views, lots of trees and plants, and a few big rocks here and there.\n","header_size":"div","align":"left","title_color":"#000000","typography_typography":"custom","typography_font_size":{"unit":"px","size":20,"sizes":[]},"typography_line_height":{"unit":"em","size":1.8,"sizes":[]},"_margin":{"unit":"px","top":"0","right":"0","bottom":"10","left":"0","isLinked":false},"_animation":"fadeInUp","animation_duration":"slow"},"elements":[],"isInner":false,"widgetType":"heading","elType":"widget"},{"id":"43a67c21","settings":{"icon_list":[{"text":"1889 NW 79st St, Asheville, NC 98726","selected_icon":{"value":{"url":"https:\/\/demo22.houzez.co\/wp-content\/uploads\/2020\/03\/pin.svg","id":2505},"library":"svg"},"_id":"e6be62c"},{"text":"(786) 897 5423","selected_icon":{"value":{"url":"https:\/\/demo22.houzez.co\/wp-content\/uploads\/2020\/03\/messaging-whatsapp.svg","id":2504},"library":"svg"},"_id":"eb8cbe1"}],"space_between":{"unit":"px","size":10,"sizes":[]},"icon_color":"#457D72","icon_size":{"unit":"px","size":20,"sizes":[]},"icon_typography_typography":"custom","icon_typography_font_size":{"unit":"px","size":18,"sizes":[]}},"elements":[],"isInner":false,"widgetType":"icon-list","elType":"widget"},{"id":"39b570f2","settings":{"space":{"unit":"px","size":20,"sizes":[]}},"elements":[],"isInner":false,"widgetType":"spacer","elType":"widget"}],"isInner":true,"elType":"column"},{"id":"f3e6efd","settings":{"_column_size":33,"_inline_size":8.359},"elements":[],"isInner":true,"elType":"column"},{"id":"e76ef75","settings":{"_column_size":33,"_inline_size":42.41},"elements":[{"id":"2c97deb9","settings":{"form_name":"New Form","form_fields":[{"_id":"name","field_type":"first_name","field_label":"First Name","placeholder":"First Name","width":"50"},{"field_type":"last_name","field_label":"Last name","placeholder":"Last name","width":"50","_id":"cf9d1f2"},{"_id":"email","field_type":"email","required":"true","field_label":"Email","placeholder":"Email"},{"_id":"message","field_type":"message","field_label":"Message","placeholder":"Message"}],"input_size":"lg","show_labels":"","button_text":"Schedule a Tour","button_size":"lg","email_to":"hello@favethemes.com","email_subject":"New message from &quot;Houzez&quot;","field_text_color":"#878787","field_typography_typography":"custom","field_typography_font_size":{"unit":"px","size":16,"sizes":[]},"field_border_width":{"unit":"px","top":"2","right":"2","bottom":"2","left":"2","isLinked":true},"button_background_color":"#457D72","button_background_hover_color":"#457D72BF","button_typography_typography":"custom","button_typography_font_size":{"unit":"px","size":15,"sizes":[]},"button_typography_text_transform":"uppercase","button_typography_letter_spacing":{"unit":"px","size":3,"sizes":[]}},"elements":[],"isInner":false,"widgetType":"houzez_elementor_contact_form","elType":"widget"}],"isInner":true,"elType":"column"}],"isInner":true,"elType":"section"},{"id":"328fb632","settings":{"space":{"unit":"px","size":100,"sizes":[]}},"elements":[],"isInner":false,"widgetType":"spacer","elType":"widget"}],"isInner":false,"elType":"column"}],"isInner":false,"elType":"section"}],"page_settings":[],"version":"0.4","title":"Demo 22 - Gallery","type":"page"}