{"content":[{"id":"6153b229","settings":{"height":"min-height","background_background":"video","background_color":"#224f8e","content_position":"middle","background_color_b":"#001c51","background_color_b_stop":{"unit":"%","size":80,"sizes":[]},"background_position":"bottom left","background_repeat":"no-repeat","background_size":"cover","background_overlay_background":"classic","background_overlay_color":"#000000","background_overlay_color_b":"","background_overlay_opacity":{"unit":"px","size":0.64,"sizes":[]},"background_position_mobile":"bottom center","background_repeat_mobile":"no-repeat","background_size_mobile":"cover","background_video_link":"https:\/\/www.youtube.com\/watch?v=A0ARD5Eqq2s","background_video_fallback":{"url":"https:\/\/demo22.houzez.co\/wp-content\/uploads\/2022\/03\/home-fallback.jpg","id":2808,"alt":"","source":"library"},"content_width":{"unit":"px","size":819,"sizes":[]},"border_width":{"unit":"px","top":"10","right":"10","bottom":"10","left":"10","isLinked":true},"border_color":"#FFFFFF","border_radius":{"unit":"px","top":"0","right":"0","bottom":"0","left":"0","isLinked":true},"column_position":"stretch","custom_height_mobile":{"unit":"vh","size":100,"sizes":[]},"custom_height":{"unit":"vh","size":100,"sizes":[]},"custom_height_tablet":{"unit":"vh","size":"","sizes":[]}},"elements":[{"id":"2d7aaf28","settings":{"_column_size":100,"_inline_size":null,"_inline_size_tablet":50,"padding_tablet":{"unit":"px","top":"30","right":"30","bottom":"30","left":"30","isLinked":true},"space_between_widgets":20},"elements":[{"id":"2e45aae7","settings":{"title":"The Nook","typography_typography":"custom","title_color":"#FFFFFF","header_size":"h1","align":"center","typography_font_size":{"unit":"px","size":64,"sizes":[]},"typography_font_weight":"700","_animation":"fadeInUp","animation_duration":"slow","typography_font_size_mobile":{"unit":"px","size":40,"sizes":[]},"typography_letter_spacing_mobile":{"unit":"px","size":1,"sizes":[]}},"elements":[],"isInner":false,"widgetType":"heading","elType":"widget"},{"id":"37966e41","settings":{"title":"The Nook is a home buyers dream. It's a condo in the nature, with beautiful views, lots of trees and plants, and a few big rocks here and there.\n","header_size":"div","align":"center","title_color":"#FFFFFF","typography_typography":"custom","typography_font_size":{"unit":"px","size":20,"sizes":[]},"typography_line_height":{"unit":"em","size":1.8,"sizes":[]},"_margin":{"unit":"px","top":"0","right":"0","bottom":"10","left":"0","isLinked":false},"_animation":"fadeInUp","animation_duration":"slow","typography_font_size_mobile":{"unit":"px","size":16,"sizes":[]}},"elements":[],"isInner":false,"widgetType":"heading","elType":"widget"},{"id":"325a7985","settings":{"text":"Schedule a tour","align":"center","size":"md","typography_typography":"custom","typography_font_size":{"unit":"px","size":15,"sizes":[]},"typography_font_weight":"600","typography_text_transform":"uppercase","button_text_color":"#FFFFFF","background_color":"#457D72","border_width":{"unit":"px","top":"1","right":"1","bottom":"1","left":"1","isLinked":true},"border_radius":{"unit":"px","top":"30","right":"30","bottom":"30","left":"30","isLinked":true},"_animation":"fadeInUp","animation_duration":"slow","typography_letter_spacing":{"unit":"px","size":3,"sizes":[]},"border_color":"#000000"},"elements":[],"isInner":false,"widgetType":"button","elType":"widget"},{"id":"18942c2a","settings":{"selected_icon":{"value":"fas fa-chevron-down","library":"fa-solid"},"primary_color":"#FFFFFF","size":{"unit":"px","size":21,"sizes":[]},"_animation":"fadeInUp","animation_duration":"slow","_position":"absolute","_offset_orientation_v":"end","_offset_y_end":{"unit":"px","size":30,"sizes":[]}},"elements":[],"isInner":false,"widgetType":"icon","elType":"widget"}],"isInner":false,"elType":"column"}],"isInner":false,"elType":"section"},{"id":"70e42c08","settings":{"background_color":"#FFFFFF","layout":"full_width","gap":"no"},"elements":[{"id":"5b1703ed","settings":{"_column_size":100,"_inline_size":null},"elements":[{"id":"1ed95a97","settings":{"layout":"full_width","gap":"wider","height_inner":"min-height","custom_height_inner":{"unit":"px","size":638,"sizes":[]},"content_position":"bottom","structure":"30","border_width":{"unit":"px","top":"1","right":"0","bottom":"0","left":"0","isLinked":false},"border_color":"#FFFFFF","animation":"fadeIn","animation_duration":"slow","border_border":"solid"},"elements":[{"id":"66d155e7","settings":{"_column_size":33,"_inline_size":null,"background_background":"classic","background_image":{"url":"https:\/\/demo22.houzez.co\/wp-content\/uploads\/2022\/03\/home-fallback-3-scaled.jpg","id":2851,"alt":"","source":"library"},"background_position":"center center","background_size":"cover","background_overlay_background":"classic","background_overlay_color":"#000000","background_overlay_opacity":{"unit":"px","size":0.65,"sizes":[]},"padding":{"unit":"px","top":"100","right":"100","bottom":"100","left":"100","isLinked":true},"background_hover_background":"classic","background_hover_image":{"url":"","id":"","alt":"","source":"library"},"background_overlay_hover_background":"classic","background_overlay_hover_color":"#424242","padding_mobile":{"unit":"px","top":"50","right":"50","bottom":"50","left":"50","isLinked":true}},"elements":[{"id":"2a92da18","settings":{"title":"Studio, One Bedroom","title_color":"#FFFFFF","typography_typography":"custom","typography_font_size":{"unit":"px","size":28,"sizes":[]},"typography_font_weight":"600","link":{"url":"https:\/\/demo22.houzez.co\/property\/apartment-type-1\/","is_external":"","nofollow":"","custom_attributes":""},"_animation":"fadeInUp","animation_duration":"slow"},"elements":[],"isInner":false,"widgetType":"heading","elType":"widget"},{"id":"1b9bc7cb","settings":{"title":"The Nook is a condo in the nature. The views, plants and rocks make it a dream for any homebuyer.","header_size":"div","title_color":"#FFFFFFC2","typography_typography":"custom","typography_font_size":{"unit":"px","size":18,"sizes":[]},"typography_line_height":{"unit":"em","size":1.6,"sizes":[]},"_animation":"fadeIn","animation_duration":"slow"},"elements":[],"isInner":false,"widgetType":"heading","elType":"widget"},{"id":"5d1071db","settings":{"title":"Starting at $190,000","title_color":"#FFFFFF","typography_typography":"custom","typography_font_size":{"unit":"px","size":16,"sizes":[]},"typography_font_weight":"600","typography_text_transform":"uppercase","_animation":"fadeIn","animation_duration":"slow"},"elements":[],"isInner":false,"widgetType":"heading","elType":"widget"}],"isInner":true,"elType":"column"},{"id":"767b28ef","settings":{"_column_size":33,"_inline_size":null,"background_background":"classic","background_image":{"url":"https:\/\/demo22.houzez.co\/wp-content\/uploads\/2022\/03\/home-fallback.jpg","id":2808,"alt":"","source":"library"},"background_position":"center center","background_size":"cover","background_overlay_background":"classic","background_overlay_color":"#000000","background_overlay_opacity":{"unit":"px","size":0.65,"sizes":[]},"border_border":"solid","border_width":{"unit":"px","top":"0","right":"1","bottom":"0","left":"1","isLinked":false},"border_color":"#FFFFFF","padding":{"unit":"px","top":"100","right":"100","bottom":"100","left":"100","isLinked":true},"background_overlay_hover_background":"classic","background_overlay_hover_color":"#424242","padding_mobile":{"unit":"px","top":"50","right":"50","bottom":"50","left":"50","isLinked":true}},"elements":[{"id":"26a8a96e","settings":{"title":"Two Bedrooms","title_color":"#FFFFFF","typography_typography":"custom","typography_font_size":{"unit":"px","size":28,"sizes":[]},"typography_font_weight":"600","link":{"url":"https:\/\/demo22.houzez.co\/property\/apartment-type-2\/","is_external":"","nofollow":"","custom_attributes":""},"_animation":"fadeInUp","animation_duration":"slow"},"elements":[],"isInner":false,"widgetType":"heading","elType":"widget"},{"id":"491c596d","settings":{"title":"The Nook is a great place to buy a home. It has beautiful views, lots of trees and plants, and big rocks here and there.","header_size":"div","title_color":"#FFFFFFC2","typography_typography":"custom","typography_font_size":{"unit":"px","size":18,"sizes":[]},"typography_line_height":{"unit":"em","size":1.6,"sizes":[]},"_animation":"fadeIn","animation_duration":"slow"},"elements":[],"isInner":false,"widgetType":"heading","elType":"widget"},{"id":"3da1797c","settings":{"title":"Starting at $290,000","title_color":"#FFFFFF","typography_typography":"custom","typography_font_size":{"unit":"px","size":16,"sizes":[]},"typography_font_weight":"600","typography_text_transform":"uppercase","_animation":"fadeIn","animation_duration":"slow"},"elements":[],"isInner":false,"widgetType":"heading","elType":"widget"}],"isInner":true,"elType":"column"},{"id":"3f3e9c4b","settings":{"_column_size":33,"_inline_size":null,"background_background":"classic","background_image":{"url":"https:\/\/demo22.houzez.co\/wp-content\/uploads\/2022\/03\/home-fallback-2-scaled.jpg","id":2852,"alt":"","source":"library"},"background_position":"center center","background_size":"cover","background_overlay_background":"classic","background_overlay_color":"#000000","background_overlay_opacity":{"unit":"px","size":0.65,"sizes":[]},"padding":{"unit":"px","top":"100","right":"100","bottom":"100","left":"100","isLinked":true},"background_overlay_hover_background":"classic","background_overlay_hover_color":"#424242","padding_mobile":{"unit":"px","top":"50","right":"50","bottom":"50","left":"50","isLinked":true}},"elements":[{"id":"723c9242","settings":{"title":"Three Bedrooms","title_color":"#FFFFFF","typography_typography":"custom","typography_font_size":{"unit":"px","size":28,"sizes":[]},"typography_font_weight":"600","link":{"url":"https:\/\/demo22.houzez.co\/property\/apartment-type-3\/","is_external":"","nofollow":"","custom_attributes":""},"_animation":"fadeInUp","animation_duration":"slow"},"elements":[],"isInner":false,"widgetType":"heading","elType":"widget"},{"id":"13afd81e","settings":{"title":"It's a condo in the forest, with beautiful views, lots of trees and vegetation, and a few big rocks here and there.","header_size":"div","title_color":"#FFFFFFC2","typography_typography":"custom","typography_font_size":{"unit":"px","size":18,"sizes":[]},"typography_line_height":{"unit":"em","size":1.6,"sizes":[]},"_animation":"fadeIn","animation_duration":"slow"},"elements":[],"isInner":false,"widgetType":"heading","elType":"widget"},{"id":"2f491045","settings":{"title":"Starting at $390,000","title_color":"#FFFFFF","typography_typography":"custom","typography_font_size":{"unit":"px","size":16,"sizes":[]},"typography_font_weight":"600","typography_text_transform":"uppercase","_animation":"fadeIn","animation_duration":"slow"},"elements":[],"isInner":false,"widgetType":"heading","elType":"widget"}],"isInner":true,"elType":"column"}],"isInner":true,"elType":"section"}],"isInner":false,"elType":"column"}],"isInner":false,"elType":"section"},{"id":"24e3d785","settings":{"content_width":{"unit":"px","size":1320,"sizes":[]},"background_background":"classic","background_color":"#FFFFFF"},"elements":[{"id":"76481dc3","settings":{"_column_size":100,"_inline_size":null},"elements":[{"id":"4b2dab9e","settings":{"space":{"unit":"px","size":100,"sizes":[]},"space_mobile":{"unit":"px","size":50,"sizes":[]}},"elements":[],"isInner":false,"widgetType":"spacer","elType":"widget"},{"id":"6e7a4e82","settings":{"layout":"full_width","gap":"wider","content_position":"middle","structure":"30"},"elements":[{"id":"704d147f","settings":{"_column_size":33,"_inline_size":null},"elements":[{"id":"7f7da6b","settings":{"ending_number":120,"title":"","_element_width":"initial","_element_custom_width":{"unit":"%","size":40,"sizes":[]},"_element_custom_width_tablet":{"unit":"%","size":"","sizes":[]},"_element_custom_width_mobile":{"unit":"%","size":"","sizes":[]},"typography_number_typography":"custom","typography_number_font_size_mobile":{"unit":"px","size":60,"sizes":[]}},"elements":[],"isInner":false,"widgetType":"counter","elType":"widget"},{"id":"7b8a2560","settings":{"title":"Modern units spread over three floors","header_size":"div","title_color":"#7D7D7D","typography_typography":"custom","typography_font_size":{"unit":"px","size":14,"sizes":[]},"typography_line_height":{"unit":"em","size":1.6,"sizes":[]},"align":"left","typography_font_weight":"500","typography_text_transform":"uppercase","_padding":{"unit":"px","top":"0","right":"0","bottom":"0","left":"30","isLinked":false},"_animation":"none","animation_duration":"slow","_element_width":"initial","_element_custom_width":{"unit":"%","size":60,"sizes":[]},"_element_custom_width_tablet":{"unit":"%","size":"","sizes":[]},"_element_custom_width_mobile":{"unit":"%","size":"","sizes":[]}},"elements":[],"isInner":false,"widgetType":"heading","elType":"widget"}],"isInner":true,"elType":"column"},{"id":"50198329","settings":{"_column_size":33,"_inline_size":null},"elements":[{"id":"24764d90","settings":{"ending_number":7.5,"suffix":"K","title":"","_element_width":"initial","_element_custom_width":{"unit":"%","size":40,"sizes":[]},"_element_custom_width_tablet":{"unit":"%","size":"","sizes":[]},"_element_custom_width_mobile":{"unit":"%","size":"","sizes":[]},"typography_number_typography":"custom","typography_number_font_size_mobile":{"unit":"px","size":60,"sizes":[]}},"elements":[],"isInner":false,"widgetType":"counter","elType":"widget"},{"id":"33bb8e2a","settings":{"title":"Square Feet of nature around the block","header_size":"div","title_color":"#7D7D7D","typography_typography":"custom","typography_font_size":{"unit":"px","size":14,"sizes":[]},"typography_line_height":{"unit":"em","size":1.6,"sizes":[]},"align":"left","typography_font_weight":"500","typography_text_transform":"uppercase","_padding":{"unit":"px","top":"0","right":"0","bottom":"0","left":"30","isLinked":false},"_animation":"none","animation_duration":"slow","_element_width":"initial","_element_custom_width":{"unit":"%","size":60,"sizes":[]},"_element_custom_width_tablet":{"unit":"%","size":"","sizes":[]},"_element_custom_width_mobile":{"unit":"%","size":"","sizes":[]}},"elements":[],"isInner":false,"widgetType":"heading","elType":"widget"}],"isInner":true,"elType":"column"},{"id":"a4079bf","settings":{"_column_size":33,"_inline_size":null},"elements":[{"id":"57fceaf7","settings":{"ending_number":50,"suffix":"+","title":"","_element_width":"initial","_element_custom_width":{"unit":"%","size":40,"sizes":[]},"_element_custom_width_tablet":{"unit":"%","size":"","sizes":[]},"_element_custom_width_mobile":{"unit":"%","size":"","sizes":[]},"typography_number_typography":"custom","typography_number_font_size_mobile":{"unit":"px","size":60,"sizes":[]}},"elements":[],"isInner":false,"widgetType":"counter","elType":"widget"},{"id":"7e0360da","settings":{"title":"Parking spaces for residents and guests","header_size":"div","title_color":"#7D7D7D","typography_typography":"custom","typography_font_size":{"unit":"px","size":14,"sizes":[]},"typography_line_height":{"unit":"em","size":1.6,"sizes":[]},"align":"left","typography_font_weight":"500","typography_text_transform":"uppercase","_padding":{"unit":"px","top":"0","right":"0","bottom":"0","left":"30","isLinked":false},"_animation":"none","animation_duration":"slow","_element_width":"initial","_element_custom_width":{"unit":"%","size":60,"sizes":[]},"_element_custom_width_tablet":{"unit":"%","size":"","sizes":[]},"_element_custom_width_mobile":{"unit":"%","size":"","sizes":[]}},"elements":[],"isInner":false,"widgetType":"heading","elType":"widget"}],"isInner":true,"elType":"column"}],"isInner":true,"elType":"section"},{"id":"25831f7f","settings":{"space":{"unit":"px","size":100,"sizes":[]},"space_mobile":{"unit":"px","size":50,"sizes":[]}},"elements":[],"isInner":false,"widgetType":"spacer","elType":"widget"},{"id":"1adc713d","settings":{"style":"dotted","width":{"unit":"%","size":8,"sizes":[]},"align":"center","text":"Divider","color":"#457D72","weight":{"unit":"px","size":9,"sizes":[]},"width_mobile":{"unit":"%","size":17,"sizes":[]}},"elements":[],"isInner":false,"widgetType":"divider","elType":"widget"}],"isInner":false,"elType":"column"}],"isInner":false,"elType":"section"},{"id":"13fff637","settings":{"content_width":{"unit":"px","size":1320,"sizes":[]},"background_background":"classic","background_color":"#FFFFFF","background_color_stop":{"unit":"%","size":50,"sizes":[]},"background_color_b":"#457D7221","background_color_b_stop":{"unit":"%","size":0,"sizes":[]},"background_gradient_angle":{"unit":"deg","size":140,"sizes":[]},"background_image":{"url":"https:\/\/demo22.houzez.co\/wp-content\/uploads\/2022\/03\/image-17-scaled.jpg","id":2902,"alt":"","source":"library"},"background_position":"center center","background_repeat":"no-repeat","background_size":"cover","background_overlay_background":"classic","background_overlay_color":"#FFFFFF","background_overlay_opacity":{"unit":"px","size":0.73,"sizes":[]}},"elements":[{"id":"371af3e1","settings":{"_column_size":100,"_inline_size":null},"elements":[{"id":"3c21667a","settings":{"space":{"unit":"px","size":100,"sizes":[]},"space_mobile":{"unit":"px","size":50,"sizes":[]}},"elements":[],"isInner":false,"widgetType":"spacer","elType":"widget"},{"id":"11c0f58b","settings":{"layout":"full_width","content_position":"middle","structure":"30"},"elements":[{"id":"5ef4ba18","settings":{"_column_size":33,"_inline_size":null},"elements":[{"id":"49bb542b","settings":{"title":"About","header_size":"div","title_color":"#457D72","typography_typography":"custom","typography_text_transform":"uppercase","typography_letter_spacing":{"unit":"px","size":3,"sizes":[]},"_animation":"fadeInUp","animation_duration":"slow","typography_font_size_mobile":{"unit":"px","size":12,"sizes":[]}},"elements":[],"isInner":false,"widgetType":"heading","elType":"widget"},{"id":"255c8890","settings":{"title":"A modern living space surrounded by nature.","align":"left","typography_typography":"custom","typography_font_size":{"unit":"px","size":32,"sizes":[]},"typography_line_height":{"unit":"em","size":1.5,"sizes":[]},"_animation":"fadeInUp","animation_duration":"slow","typography_font_weight":"700","typography_letter_spacing":{"unit":"px","size":-0.5,"sizes":[]},"typography_font_size_mobile":{"unit":"px","size":24,"sizes":[]}},"elements":[],"isInner":false,"widgetType":"heading","elType":"widget"},{"id":"930f2a7","settings":{"editor":"<p>The Nook is a condo in Asheville, NC. The land around it was left untouched, and the surrounding apartments are built from sustainable materials.<\/p>","align":"left","typography_typography":"custom","typography_font_size":{"unit":"px","size":18,"sizes":[]},"typography_line_height":{"unit":"em","size":1.8,"sizes":[]},"_animation":"fadeInUp","animation_duration":"slow","typography_font_size_mobile":{"unit":"px","size":16,"sizes":[]}},"elements":[],"isInner":false,"widgetType":"text-editor","elType":"widget"}],"isInner":true,"elType":"column"},{"id":"656990b2","settings":{"_column_size":33,"_inline_size":10},"elements":[],"isInner":true,"elType":"column"},{"id":"4b84f446","settings":{"_column_size":33,"_inline_size":56.332},"elements":[{"id":"7590b796","settings":{"image":{"url":"https:\/\/demo22.houzez.co\/wp-content\/uploads\/2022\/03\/image-11.jpg","id":2891,"alt":"","source":"library"},"image_box_shadow_box_shadow_type":"yes","image_box_shadow_box_shadow":{"horizontal":0,"vertical":80,"blur":80,"spread":0,"color":"rgba(0, 0, 0, 0.1)"},"_margin":{"unit":"px","top":"0","right":"0","bottom":"10","left":"0","isLinked":false},"_animation":"fadeInRight"},"elements":[],"isInner":false,"widgetType":"image","elType":"widget"},{"id":"270bc88a","settings":{"image":{"url":"https:\/\/demo22.houzez.co\/wp-content\/uploads\/2022\/01\/header-1.jpg","id":2739,"alt":"","source":"library"},"image_size":"custom","image_custom_dimension":{"width":"400","height":"400"},"width":{"unit":"px","size":300,"sizes":[]},"width_tablet":{"unit":"px","size":"","sizes":[]},"width_mobile":{"unit":"px","size":155,"sizes":[]},"image_box_shadow_box_shadow_type":"yes","image_box_shadow_box_shadow":{"horizontal":0,"vertical":80,"blur":80,"spread":0,"color":"rgba(0, 0, 0, 0.1)"},"_margin":{"unit":"px","top":"0","right":"0","bottom":"10","left":"0","isLinked":false},"_animation":"fadeInRight","_position":"absolute","_offset_x":{"size":245,"unit":"px"},"_offset_y":{"size":277,"unit":"px"},"_offset_orientation_h":"end","_offset_x_end_tablet":{"unit":"%","size":-20,"sizes":[]},"_offset_x_end_mobile":{"size":17,"unit":"%"},"_offset_y_mobile":{"size":134,"unit":"px"},"_offset_x_end":{"unit":"%","size":-17,"sizes":[]}},"elements":[],"isInner":false,"widgetType":"image","elType":"widget"}],"isInner":true,"elType":"column"}],"isInner":true,"elType":"section"},{"id":"4a92904f","settings":{"space":{"unit":"px","size":200,"sizes":[]},"space_mobile":{"unit":"px","size":100,"sizes":[]}},"elements":[],"isInner":false,"widgetType":"spacer","elType":"widget"},{"id":"1ddd62c6","settings":{"layout":"full_width","content_position":"middle","structure":"30","reverse_order_tablet":"reverse-tablet","reverse_order_mobile":"reverse-mobile"},"elements":[{"id":"62f4a5e8","settings":{"_column_size":33,"_inline_size":56.332},"elements":[{"id":"457ff138","settings":{"image":{"url":"https:\/\/demo22.houzez.co\/wp-content\/uploads\/2022\/03\/image-15.jpg","id":2896,"alt":"","source":"library"},"image_box_shadow_box_shadow_type":"yes","image_box_shadow_box_shadow":{"horizontal":0,"vertical":80,"blur":80,"spread":0,"color":"rgba(0, 0, 0, 0.1)"},"_margin":{"unit":"px","top":"0","right":"0","bottom":"10","left":"0","isLinked":false},"_animation":"fadeInLeft"},"elements":[],"isInner":false,"widgetType":"image","elType":"widget"},{"id":"47be10f6","settings":{"image":{"url":"https:\/\/demo22.houzez.co\/wp-content\/uploads\/2020\/03\/box-13.jpg","id":2536,"alt":"","source":"library"},"image_size":"custom","image_custom_dimension":{"width":"400","height":"400"},"width":{"unit":"px","size":300,"sizes":[]},"width_tablet":{"unit":"px","size":"","sizes":[]},"width_mobile":{"unit":"px","size":155,"sizes":[]},"image_box_shadow_box_shadow_type":"yes","image_box_shadow_box_shadow":{"horizontal":0,"vertical":80,"blur":80,"spread":0,"color":"rgba(0, 0, 0, 0.1)"},"_margin":{"unit":"px","top":"0","right":"0","bottom":"10","left":"0","isLinked":false},"_animation":"fadeInLeft","_position":"absolute","_offset_x":{"size":-17,"unit":"%"},"_offset_y":{"size":277,"unit":"px"},"_offset_x_end_tablet":{"unit":"%","size":-20,"sizes":[]},"_offset_x_end_mobile":{"size":17,"unit":"%"},"_offset_y_mobile":{"size":134,"unit":"px"},"_offset_x_tablet":{"unit":"%","size":"","sizes":[]},"_offset_x_mobile":{"unit":"%","size":"","sizes":[]}},"elements":[],"isInner":false,"widgetType":"image","elType":"widget"}],"isInner":true,"elType":"column"},{"id":"c279a11","settings":{"_column_size":33,"_inline_size":10},"elements":[],"isInner":true,"elType":"column"},{"id":"7aa70a1a","settings":{"_column_size":33,"_inline_size":null},"elements":[{"id":"232269b7","settings":{"title":"Neighborhood","header_size":"div","title_color":"#457D72","typography_typography":"custom","typography_text_transform":"uppercase","typography_letter_spacing":{"unit":"px","size":3,"sizes":[]},"_animation":"fadeInUp","animation_duration":"slow","typography_font_size_mobile":{"unit":"px","size":12,"sizes":[]}},"elements":[],"isInner":false,"widgetType":"heading","elType":"widget"},{"id":"eba52b7","settings":{"title":"Located in the peacefulness area of Asheville, NC","align":"left","typography_typography":"custom","typography_font_size":{"unit":"px","size":32,"sizes":[]},"typography_line_height":{"unit":"em","size":1.5,"sizes":[]},"_animation":"fadeInUp","animation_duration":"slow","typography_font_weight":"700","typography_letter_spacing":{"unit":"px","size":-0.5,"sizes":[]},"typography_font_size_mobile":{"unit":"px","size":24,"sizes":[]}},"elements":[],"isInner":false,"widgetType":"heading","elType":"widget"},{"id":"2f4fa994","settings":{"editor":"<p>The Nook is a condo in Asheville, NC. The land around it was left untouched, and the surrounding apartments are built from sustainable materials.<\/p>","align":"left","typography_typography":"custom","typography_font_size":{"unit":"px","size":18,"sizes":[]},"typography_line_height":{"unit":"em","size":1.8,"sizes":[]},"_animation":"fadeInUp","animation_duration":"slow"},"elements":[],"isInner":false,"widgetType":"text-editor","elType":"widget"}],"isInner":true,"elType":"column"}],"isInner":true,"elType":"section"},{"id":"5033eb12","settings":{"space":{"unit":"px","size":200,"sizes":[]},"space_mobile":{"unit":"px","size":100,"sizes":[]}},"elements":[],"isInner":false,"widgetType":"spacer","elType":"widget"},{"id":"5a48fa5f","settings":{"layout":"full_width","content_position":"middle","structure":"30"},"elements":[{"id":"e567e20","settings":{"_column_size":33,"_inline_size":null},"elements":[{"id":"6a54e7b3","settings":{"title":"Amenities","header_size":"div","title_color":"#457D72","typography_typography":"custom","typography_text_transform":"uppercase","typography_letter_spacing":{"unit":"px","size":3,"sizes":[]},"_animation":"fadeInUp","animation_duration":"slow","typography_font_size_mobile":{"unit":"px","size":12,"sizes":[]}},"elements":[],"isInner":false,"widgetType":"heading","elType":"widget"},{"id":"50e07de7","settings":{"title":"Contemporary living with a park-like setting","align":"left","typography_typography":"custom","typography_font_size":{"unit":"px","size":32,"sizes":[]},"typography_line_height":{"unit":"em","size":1.5,"sizes":[]},"_animation":"fadeInUp","animation_duration":"slow","typography_font_weight":"700","typography_letter_spacing":{"unit":"px","size":-0.5,"sizes":[]},"typography_font_size_mobile":{"unit":"px","size":24,"sizes":[]}},"elements":[],"isInner":false,"widgetType":"heading","elType":"widget"},{"id":"61d4068c","settings":{"editor":"<p>The Nook is a condo in Asheville, NC. The land around it was left untouched, and the surrounding apartments are built from sustainable materials.<\/p>","align":"left","typography_typography":"custom","typography_font_size":{"unit":"px","size":18,"sizes":[]},"typography_line_height":{"unit":"em","size":1.8,"sizes":[]},"_animation":"fadeInUp","animation_duration":"slow"},"elements":[],"isInner":false,"widgetType":"text-editor","elType":"widget"}],"isInner":true,"elType":"column"},{"id":"6a3b695c","settings":{"_column_size":33,"_inline_size":10},"elements":[],"isInner":true,"elType":"column"},{"id":"38b465cf","settings":{"_column_size":33,"_inline_size":56.332},"elements":[{"id":"72d405e6","settings":{"image":{"url":"https:\/\/demo22.houzez.co\/wp-content\/uploads\/2022\/03\/image-16.jpg","id":2897,"alt":"","source":"library"},"image_box_shadow_box_shadow_type":"yes","image_box_shadow_box_shadow":{"horizontal":0,"vertical":80,"blur":80,"spread":0,"color":"rgba(0, 0, 0, 0.1)"},"_margin":{"unit":"px","top":"0","right":"0","bottom":"10","left":"0","isLinked":false},"_animation":"fadeInRight","image_size":"custom","image_custom_dimension":{"width":"800","height":"550"}},"elements":[],"isInner":false,"widgetType":"image","elType":"widget"},{"id":"55139465","settings":{"image":{"url":"https:\/\/demo22.houzez.co\/wp-content\/uploads\/2020\/03\/box-5.jpg","id":2540,"alt":"","source":"library"},"image_size":"custom","image_custom_dimension":{"width":"400","height":"400"},"width":{"unit":"px","size":300,"sizes":[]},"width_tablet":{"unit":"px","size":"","sizes":[]},"width_mobile":{"unit":"px","size":155,"sizes":[]},"image_box_shadow_box_shadow_type":"yes","image_box_shadow_box_shadow":{"horizontal":0,"vertical":80,"blur":80,"spread":0,"color":"rgba(0, 0, 0, 0.1)"},"_margin":{"unit":"px","top":"0","right":"0","bottom":"10","left":"0","isLinked":false},"_animation":"fadeInRight","_position":"absolute","_offset_x":{"size":245,"unit":"px"},"_offset_y":{"size":277,"unit":"px"},"_offset_orientation_h":"end","_offset_x_end_tablet":{"unit":"%","size":-20,"sizes":[]},"_offset_x_end_mobile":{"size":17,"unit":"%"},"_offset_y_mobile":{"size":134,"unit":"px"},"_offset_x_end":{"unit":"%","size":-17,"sizes":[]}},"elements":[],"isInner":false,"widgetType":"image","elType":"widget"}],"isInner":true,"elType":"column"}],"isInner":true,"elType":"section"},{"id":"3eb235e3","settings":{"space":{"unit":"px","size":150,"sizes":[]},"space_mobile":{"unit":"px","size":100,"sizes":[]}},"elements":[],"isInner":false,"widgetType":"spacer","elType":"widget"},{"id":"25e15a7a","settings":{"style":"dotted","width":{"unit":"%","size":8,"sizes":[]},"align":"center","text":"Divider","color":"#457D72","weight":{"unit":"px","size":9,"sizes":[]},"width_mobile":{"unit":"%","size":19,"sizes":[]}},"elements":[],"isInner":false,"widgetType":"divider","elType":"widget"}],"isInner":false,"elType":"column"}],"isInner":false,"elType":"section"},{"id":"287cfd4f","settings":{"content_width":{"unit":"px","size":1320,"sizes":[]},"background_background":"classic","background_color":"#FFFFFF","background_color_b":"#F8F8F8"},"elements":[{"id":"53234b0b","settings":{"_column_size":100,"_inline_size":null},"elements":[{"id":"4acb972","settings":[],"elements":[],"isInner":false,"widgetType":"spacer","elType":"widget"},{"id":"7fddee42","settings":{"content_width":{"unit":"px","size":830,"sizes":[]}},"elements":[{"id":"363fb885","settings":{"_column_size":100,"_inline_size":null},"elements":[{"id":"542a397e","settings":{"title":"The Nook Apartments","align":"center","typography_typography":"custom","typography_font_size":{"unit":"px","size":40,"sizes":[]},"typography_line_height":{"unit":"em","size":1.5,"sizes":[]},"_animation":"fadeInUp","animation_duration":"slow","typography_font_weight":"500","typography_letter_spacing":{"unit":"px","size":-0.5,"sizes":[]},"typography_font_size_mobile":{"unit":"px","size":24,"sizes":[]}},"elements":[],"isInner":false,"widgetType":"heading","elType":"widget"},{"id":"40084a24","settings":{"title":"The Nook is a home buyers dream. It's a condo in the nature, with beautiful views, lots of trees and plants, and a few big rocks here and there.\n","header_size":"div","align":"center","title_color":"#000000","typography_typography":"custom","typography_font_size":{"unit":"px","size":20,"sizes":[]},"typography_line_height":{"unit":"em","size":1.8,"sizes":[]},"_margin":{"unit":"px","top":"0","right":"0","bottom":"10","left":"0","isLinked":false},"_animation":"fadeInUp","animation_duration":"slow","typography_font_size_mobile":{"unit":"px","size":16,"sizes":[]}},"elements":[],"isInner":false,"widgetType":"heading","elType":"widget"},{"id":"9caead5","settings":{"space":{"unit":"px","size":20,"sizes":[]}},"elements":[],"isInner":false,"widgetType":"spacer","elType":"widget"}],"isInner":true,"elType":"column"}],"isInner":true,"elType":"section"},{"id":"120642e3","settings":{"layout":"full_width","content_width":{"unit":"px","size":1320,"sizes":[]}},"elements":[{"id":"55ee72ba","settings":{"_column_size":100,"_inline_size":null},"elements":[{"id":"357c5922","settings":{"sort_by":"a_price","pagination_type":"none","_margin":{"unit":"px","top":"0","right":"0","bottom":"20","left":"0","isLinked":false},"box_shadow_box_shadow_type":"yes","box_shadow_box_shadow":{"horizontal":0,"vertical":80,"blur":80,"spread":0,"color":"rgba(0, 0, 0, 0.1)"},"hz_property_title_typography":"custom","hz_property_title_font_weight":"700","hz_property_title_letter_spacing":{"unit":"px","size":-0.5,"sizes":[]}},"elements":[],"isInner":false,"widgetType":"houzez_elementor_property-card-v5","elType":"widget"}],"isInner":true,"elType":"column"}],"isInner":true,"elType":"section"},{"id":"72ae06e7","settings":{"space":{"unit":"px","size":200,"sizes":[]},"space_mobile":{"unit":"px","size":100,"sizes":[]}},"elements":[],"isInner":false,"widgetType":"spacer","elType":"widget"}],"isInner":false,"elType":"column"}],"isInner":false,"elType":"section"},{"id":"4766794d","settings":{"layout":"full_width","gap":"extended","height":"min-height","custom_height":{"unit":"vh","size":100,"sizes":[]},"custom_height_tablet":{"unit":"vh","size":"","sizes":[]},"custom_height_mobile":{"unit":"vh","size":"","sizes":[]},"column_position":"stretch","structure":"22","background_background":"classic","background_color":"#FFFFFF"},"elements":[{"id":"247f3db3","settings":{"_column_size":66,"_inline_size":null,"_inline_size_tablet":50},"elements":[{"id":"9e629d8","settings":{"height_inner":"min-height","custom_height_inner":{"unit":"vh","size":100,"sizes":[]},"custom_height_inner_tablet":{"unit":"vh","size":"","sizes":[]},"custom_height_inner_mobile":{"unit":"vh","size":"","sizes":[]},"background_background":"classic","background_image":{"url":"https:\/\/demo22.houzez.co\/wp-content\/uploads\/2022\/01\/header-1.jpg","id":2739,"alt":"","source":"library"},"background_position":"center center","background_size":"cover"},"elements":[{"id":"5609f24f","settings":{"_column_size":100,"_inline_size":null,"_inline_size_tablet":50},"elements":[],"isInner":true,"elType":"column"}],"isInner":true,"elType":"section"}],"isInner":false,"elType":"column"},{"id":"6facbeb5","settings":{"_column_size":33,"_inline_size":null,"_inline_size_tablet":50},"elements":[{"id":"64373b98","settings":{"height_inner":"min-height","custom_height_inner":{"unit":"vh","size":50,"sizes":[]},"custom_height_inner_tablet":{"unit":"vh","size":"","sizes":[]},"custom_height_inner_mobile":{"unit":"vh","size":"","sizes":[]},"background_background":"classic","background_image":{"url":"https:\/\/demo22.houzez.co\/wp-content\/uploads\/2020\/03\/box-5.jpg","id":2540,"alt":"","source":"library"},"background_position":"center center","background_size":"cover","box_shadow_box_shadow":{"horizontal":20,"vertical":0,"blur":0,"spread":0,"color":"#FFFFFF"},"box_shadow_box_shadow_position":"inset","margin":{"unit":"px","top":"0","right":0,"bottom":"30","left":0,"isLinked":false}},"elements":[{"id":"21d07fff","settings":{"_column_size":100,"_inline_size":null,"margin":{"unit":"px","top":"0","right":"0","bottom":"30","left":"0","isLinked":false}},"elements":[],"isInner":true,"elType":"column"}],"isInner":true,"elType":"section"},{"id":"25d0beba","settings":{"height_inner":"min-height","custom_height_inner":{"unit":"px","size":497,"sizes":[]},"custom_height_inner_tablet":{"unit":"vh","size":"","sizes":[]},"custom_height_inner_mobile":{"unit":"vh","size":"","sizes":[]},"background_background":"classic","background_image":{"url":"https:\/\/demo22.houzez.co\/wp-content\/uploads\/2022\/03\/image-16.jpg","id":2897,"alt":"","source":"library"},"background_position":"center center","background_size":"cover","box_shadow_box_shadow":{"horizontal":20,"vertical":20,"blur":0,"spread":0,"color":"#FFFFFF"},"box_shadow_box_shadow_position":"inset"},"elements":[{"id":"3b76563e","settings":{"_column_size":100,"_inline_size":null},"elements":[],"isInner":true,"elType":"column"}],"isInner":true,"elType":"section"}],"isInner":false,"elType":"column"}],"isInner":false,"elType":"section"},{"id":"cc30283","settings":{"content_width":{"unit":"px","size":1320,"sizes":[]},"background_background":"classic","background_color":"#FFFFFF","background_color_b":"#F8F8F8"},"elements":[{"id":"dcd0eac","settings":{"_column_size":100,"_inline_size":null},"elements":[{"id":"28113506","settings":{"space":{"unit":"px","size":100,"sizes":[]},"space_mobile":{"unit":"px","size":50,"sizes":[]}},"elements":[],"isInner":false,"widgetType":"spacer","elType":"widget"},{"id":"5d16d6ec","settings":{"content_width":{"unit":"px","size":830,"sizes":[]},"layout":"full_width","content_position":"middle","structure":"30"},"elements":[{"id":"6caaddab","settings":{"_column_size":33,"_inline_size":48.871},"elements":[{"id":"599eb590","settings":{"title":"Schedule a Tour at The Nook","align":"left","typography_typography":"custom","typography_font_size":{"unit":"px","size":40,"sizes":[]},"typography_line_height":{"unit":"em","size":1.5,"sizes":[]},"_animation":"fadeInUp","animation_duration":"slow","typography_font_weight":"500","typography_letter_spacing":{"unit":"px","size":-0.5,"sizes":[]},"typography_font_size_mobile":{"unit":"px","size":24,"sizes":[]}},"elements":[],"isInner":false,"widgetType":"heading","elType":"widget"},{"id":"491137e1","settings":{"title":"The Nook is a home buyers dream. It's a condo in the nature, with beautiful views, lots of trees and plants, and a few big rocks here and there.\n","header_size":"div","align":"left","title_color":"#000000","typography_typography":"custom","typography_font_size":{"unit":"px","size":20,"sizes":[]},"typography_line_height":{"unit":"em","size":1.8,"sizes":[]},"_margin":{"unit":"px","top":"0","right":"0","bottom":"10","left":"0","isLinked":false},"_animation":"fadeInUp","animation_duration":"slow","typography_font_size_mobile":{"unit":"px","size":16,"sizes":[]}},"elements":[],"isInner":false,"widgetType":"heading","elType":"widget"},{"id":"3d222a93","settings":{"icon_list":[{"text":"(786) 897 5423","selected_icon":{"value":{"url":"https:\/\/demo22.houzez.co\/wp-content\/uploads\/2020\/03\/messaging-whatsapp.svg","id":2504},"library":"svg"},"_id":"eb8cbe1"},{"text":"1889 NW 79st St, Asheville, NC 98726","selected_icon":{"value":{"url":"https:\/\/demo22.houzez.co\/wp-content\/uploads\/2020\/03\/pin.svg","id":2505},"library":"svg"},"_id":"e6be62c"}],"space_between":{"unit":"px","size":10,"sizes":[]},"icon_color":"#457D72","icon_size":{"unit":"px","size":20,"sizes":[]},"icon_typography_typography":"custom","icon_typography_font_size":{"unit":"px","size":18,"sizes":[]},"icon_typography_font_size_mobile":{"unit":"px","size":16,"sizes":[]},"_animation":"fadeInUp","animation_duration":"slow"},"elements":[],"isInner":false,"widgetType":"icon-list","elType":"widget"},{"id":"46c0e263","settings":{"space":{"unit":"px","size":20,"sizes":[]}},"elements":[],"isInner":false,"widgetType":"spacer","elType":"widget"}],"isInner":true,"elType":"column"},{"id":"5aa1d2b5","settings":{"_column_size":33,"_inline_size":8.359},"elements":[],"isInner":true,"elType":"column"},{"id":"27c129a0","settings":{"_column_size":33,"_inline_size":42.41},"elements":[{"id":"7a3dc4d1","settings":{"form_name":"New Form","form_fields":[{"_id":"name","field_type":"first_name","field_label":"First Name","placeholder":"First Name","width":"50"},{"field_type":"last_name","field_label":"Last name","placeholder":"Last name","width":"50","_id":"cf9d1f2"},{"_id":"email","field_type":"email","required":"true","field_label":"Email","placeholder":"Email"},{"_id":"message","field_type":"message","field_label":"Message","placeholder":"Message"}],"input_size":"lg","show_labels":"","button_text":"Schedule a Tour","button_size":"lg","email_to":"hello@favethemes.com","email_subject":"New message from &quot;Houzez&quot;","field_text_color":"#878787","field_typography_typography":"custom","field_typography_font_size":{"unit":"px","size":16,"sizes":[]},"field_border_width":{"unit":"px","top":"2","right":"2","bottom":"2","left":"2","isLinked":true},"button_background_color":"#457D72","button_background_hover_color":"#457D72BF","button_typography_typography":"custom","button_typography_font_size":{"unit":"px","size":15,"sizes":[]},"button_typography_text_transform":"uppercase","button_typography_letter_spacing":{"unit":"px","size":3,"sizes":[]},"_animation":"fadeIn","animation_duration":"slow"},"elements":[],"isInner":false,"widgetType":"houzez_elementor_contact_form","elType":"widget"}],"isInner":true,"elType":"column"}],"isInner":true,"elType":"section"},{"id":"3fa003ee","settings":{"space":{"unit":"px","size":100,"sizes":[]},"space_mobile":{"unit":"px","size":50,"sizes":[]}},"elements":[],"isInner":false,"widgetType":"spacer","elType":"widget"}],"isInner":false,"elType":"column"}],"isInner":false,"elType":"section"}],"page_settings":[],"version":"0.4","title":"Demo 22 - Homepage","type":"page"}