{"content":[{"id":"65ed9feb","settings":{"gap":"no","background_background":"classic","background_image":{"id":2808,"url":"https:\/\/demo22.houzez.co\/wp-content\/uploads\/2022\/03\/home-fallback.jpg","alt":"","source":"library"},"background_position":"bottom center","background_repeat":"no-repeat","background_size":"cover","background_overlay_background":"classic","background_overlay_color":"#030303","background_overlay_opacity":{"unit":"px","size":0.65,"sizes":[]},"animation":"none","background_overlay_color_b":"#00183f","border_width":{"unit":"px","top":"0","right":"0","bottom":"1","left":"0","isLinked":false},"border_color":"#00123f","background_attachment":"fixed","shape_divider_top_flip":"yes","height":"min-height","custom_height":{"unit":"vh","size":100,"sizes":[]}},"elements":[{"id":"5c25a9a4","settings":{"_column_size":100},"elements":[{"id":"a228303","settings":{"space":{"unit":"px","size":100,"sizes":[]}},"elements":[],"isInner":false,"widgetType":"spacer","elType":"widget"},{"id":"3cc68a67","settings":[],"elements":[{"id":"792174db","settings":{"_column_size":100,"_inline_size":null},"elements":[{"id":"1d734c50","settings":{"title":"Request information","align":"left","typography_typography":"custom","typography_font_size":{"unit":"px","size":40,"sizes":[]},"typography_line_height":{"unit":"em","size":1.5,"sizes":[]},"_animation":"none","animation_duration":"slow","typography_font_weight":"500","typography_letter_spacing":{"unit":"px","size":-0.5,"sizes":[]},"title_color":"#FFFFFF","typography_font_size_mobile":{"unit":"px","size":24,"sizes":[]}},"elements":[],"isInner":false,"widgetType":"heading","elType":"widget"}],"isInner":true,"elType":"column"}],"isInner":true,"elType":"section"},{"id":"ca2cd6e","settings":{"structure":"30"},"elements":[{"id":"28aef473","settings":{"_column_size":33,"_inline_size":50,"align":"flex-start","space_between_widgets":0},"elements":[{"id":"382536fd","settings":{"form_name":"New Form","form_fields":[{"field_type":"name","field_label":"Name","placeholder":"Name","required":"true","width":"50","_id":"19a9b37"},{"field_type":"mobile","field_label":"Phone","placeholder":"Phone","required":"true","width":"50","_id":"9fe1a42"},{"field_type":"email","field_label":"Email","placeholder":"Email","required":"true","_id":"332f916"},{"field_type":"message","field_label":"Message","placeholder":"Message","required":"true","_id":"be41065"}],"show_labels":"","button_text":"Submit","email_to":"hello@favethemes.com","email_subject":"New message from &quot;Houzez&quot;","button_background_color":"#457D72","button_background_hover_color":"#457D72BF","input_size":"md","gdpr_agreement":"yes","gdpr_label":"GDPR Agreement","gdpr_text":"I consent to having this website store my submitted information","button_size":"md","label_color":"#FFFFFF","field_text_color":"#878787","field_gdpr_color":"#FFFFFF","gdpr_required":"true","field_border_width":{"unit":"px","top":"2","right":"2","bottom":"2","left":"2","isLinked":true},"field_typography_typography":"custom","field_typography_font_size":{"unit":"px","size":16,"sizes":[]}},"elements":[],"isInner":false,"widgetType":"houzez_elementor_inquiry_form","elType":"widget"},{"id":"70d92987","settings":{"space":{"unit":"px","size":10,"sizes":[]}},"elements":[],"isInner":false,"widgetType":"spacer","elType":"widget"}],"isInner":true,"elType":"column"},{"id":"418a4b4","settings":{"_column_size":33,"_inline_size":10},"elements":[],"isInner":true,"elType":"column"},{"id":"1908d4cf","settings":{"_column_size":33,"_inline_size":39.332},"elements":[{"id":"19043a32","settings":{"title":"The Nook","header_size":"div","title_color":"#FFFFFF","typography_typography":"custom","typography_font_weight":"400","typography_font_family":"Nunito","typography_font_size":{"unit":"px","size":18,"sizes":[]}},"elements":[],"isInner":false,"widgetType":"heading","elType":"widget"},{"id":"4ca9eea5","settings":{"icon_list":[{"text":"90 NE 41st St, Asheville, NC 98738","selected_icon":{"value":{"url":"https:\/\/demo22.houzez.co\/wp-content\/uploads\/2020\/03\/pin.svg","id":2505},"library":"svg"},"_id":"e6be62c"},{"text":"Get directions","selected_icon":{"value":{"url":"https:\/\/demo22.houzez.co\/wp-content\/uploads\/2020\/03\/pin.svg","id":2505},"library":"svg"},"_id":"095a19d","link":{"url":"https:\/\/goo.gl\/maps\/6tmzQcre4sWeajJV7","is_external":"","nofollow":"","custom_attributes":""}}],"space_between":{"unit":"px","size":5,"sizes":[]},"icon_color":"#FFFFFF","icon_size":{"unit":"px","size":16,"sizes":[]},"text_color":"#ffffff","text_indent":{"unit":"px","size":10,"sizes":[]},"icon_typography_typography":"custom","icon_typography_font_family":"Nunito","icon_typography_font_size":{"unit":"px","size":16,"sizes":[]}},"elements":[],"isInner":false,"widgetType":"icon-list","elType":"widget"},{"id":"2cb44296","settings":{"title":"Sales","header_size":"div","title_color":"#FFFFFF","typography_typography":"custom","typography_font_weight":"400","typography_font_family":"Nunito","typography_font_size":{"unit":"px","size":18,"sizes":[]}},"elements":[],"isInner":false,"widgetType":"heading","elType":"widget"},{"id":"a9794e4","settings":{"icon_list":[{"text":"(987) 654 3120","selected_icon":{"value":{"url":"https:\/\/demo22.houzez.co\/wp-content\/uploads\/2020\/03\/messaging-whatsapp.svg","id":2504},"library":"svg"},"_id":"e6be62c"},{"text":"(987) 345 6789","selected_icon":{"value":{"url":"https:\/\/demo22.houzez.co\/wp-content\/uploads\/2020\/03\/messaging-whatsapp.svg","id":2504},"library":"svg"},"_id":"a666353"}],"space_between":{"unit":"px","size":5,"sizes":[]},"icon_color":"#FFFFFF","icon_size":{"unit":"px","size":16,"sizes":[]},"text_color":"#ffffff","text_indent":{"unit":"px","size":10,"sizes":[]},"icon_typography_typography":"custom","icon_typography_font_family":"Nunito","icon_typography_font_size":{"unit":"px","size":16,"sizes":[]}},"elements":[],"isInner":false,"widgetType":"icon-list","elType":"widget"},{"id":"7fea6c66","settings":{"title":"We are here","header_size":"div","title_color":"#FFFFFF","typography_typography":"custom","typography_font_weight":"400","typography_font_family":"Nunito","typography_font_size":{"unit":"px","size":18,"sizes":[]}},"elements":[],"isInner":false,"widgetType":"heading","elType":"widget"},{"id":"6544af09","settings":{"icon_list":[{"text":"1889 NW 79st St, Asheville, NC 98726","selected_icon":{"value":{"url":"https:\/\/demo22.houzez.co\/wp-content\/uploads\/2020\/03\/pin.svg","id":2505},"library":"svg"},"_id":"e6be62c"},{"text":"(786) 897 5423","selected_icon":{"value":{"url":"https:\/\/demo22.houzez.co\/wp-content\/uploads\/2020\/03\/messaging-whatsapp.svg","id":2504},"library":"svg"},"_id":"eb8cbe1"}],"space_between":{"unit":"px","size":5,"sizes":[]},"icon_color":"#FFFFFF","icon_size":{"unit":"px","size":16,"sizes":[]},"text_color":"#ffffff","text_indent":{"unit":"px","size":10,"sizes":[]},"icon_typography_typography":"custom","icon_typography_font_family":"Nunito","icon_typography_font_size":{"unit":"px","size":16,"sizes":[]}},"elements":[],"isInner":false,"widgetType":"icon-list","elType":"widget"}],"isInner":true,"elType":"column"}],"isInner":true,"elType":"section"},{"id":"2f2b3e03","settings":{"space":{"unit":"px","size":60,"sizes":[]}},"elements":[],"isInner":false,"widgetType":"spacer","elType":"widget"}],"isInner":false,"elType":"column"}],"isInner":false,"elType":"section"}],"page_settings":[],"version":"0.4","title":"Demo 22 - Lease Now","type":"page"}