{"content":[{"id":"fee8d58","settings":{"background_background":"classic","background_image":{"id":2891,"url":"https:\/\/demo22.houzez.co\/wp-content\/uploads\/2022\/03\/image-11.jpg","alt":"","source":"library"},"padding":{"unit":"px","top":"0","right":"0","bottom":"0","left":"0","isLinked":false},"background_position":"top center","background_size":"cover","background_overlay_background":"classic","background_overlay_color":"#000000","background_overlay_color_b":"#001c51","background_overlay_opacity":{"unit":"px","size":0.65,"sizes":[]},"shape_divider_bottom_color":"#ffffff","shape_divider_bottom_flip":"yes","background_repeat":"no-repeat","gap":"wider","height":"min-height","custom_height":{"unit":"px","size":450,"sizes":[]},"content_width":{"unit":"px","size":1320,"sizes":[]},"background_color":"#FFFFFF","shape_divider_bottom_height":{"unit":"px","size":59,"sizes":[]},"shape_divider_bottom_negative":"yes","custom_height_mobile":{"unit":"px","size":300,"sizes":[]}},"elements":[{"id":"32c4f4d7","settings":{"_column_size":100},"elements":[{"id":"298f1649","settings":{"title":"The Nook","typography_typography":"custom","title_color":"#FFFFFF","header_size":"h1","align":"left","typography_font_size":{"unit":"px","size":64,"sizes":[]},"typography_font_weight":"700","_animation":"fadeInUp","animation_duration":"slow","typography_font_size_mobile":{"unit":"px","size":40,"sizes":[]},"_margin_mobile":{"unit":"px","top":"150","right":"0","bottom":"0","left":"0","isLinked":false}},"elements":[],"isInner":false,"widgetType":"heading","elType":"widget"},{"id":"4df42910","settings":{"icon_list":[{"text":"Asheville, North Carolina","selected_icon":{"value":{"url":"https:\/\/demo22.houzez.co\/wp-content\/uploads\/2020\/03\/pin.svg","id":2505},"library":"svg"},"_id":"7a1e0eb"}],"icon_color":"#FFFFFF","icon_size":{"unit":"px","size":24,"sizes":[]},"text_color":"#FFFFFF","icon_typography_typography":"custom","icon_typography_font_size":{"unit":"px","size":28,"sizes":[]},"_animation":"fadeInUp","animation_duration":"slow","icon_align":"left","icon_typography_font_size_mobile":{"unit":"px","size":16,"sizes":[]}},"elements":[],"isInner":false,"widgetType":"icon-list","elType":"widget"}],"isInner":false,"elType":"column"}],"isInner":false,"elType":"section"},{"id":"46436d96","settings":{"content_width":{"unit":"px","size":1320,"sizes":[]},"background_background":"classic","background_color":"#FFFFFF","background_color_stop":{"unit":"%","size":50,"sizes":[]},"background_color_b":"#457D7221","background_color_b_stop":{"unit":"%","size":0,"sizes":[]},"background_gradient_angle":{"unit":"deg","size":140,"sizes":[]},"background_image":{"url":"https:\/\/demo22.houzez.co\/wp-content\/uploads\/2022\/03\/image-17-scaled.jpg","id":2902,"alt":"","source":"library"},"background_position":"center center","background_repeat":"no-repeat","background_size":"cover","background_overlay_background":"classic","background_overlay_color":"#FFFFFF","background_overlay_opacity":{"unit":"px","size":0.73,"sizes":[]}},"elements":[{"id":"45b96c5f","settings":{"_column_size":100,"_inline_size":null},"elements":[{"id":"2ee5dede","settings":{"space":{"unit":"px","size":100,"sizes":[]},"space_mobile":{"unit":"px","size":50,"sizes":[]}},"elements":[],"isInner":false,"widgetType":"spacer","elType":"widget"},{"id":"770667c4","settings":{"layout":"full_width","content_position":"middle","structure":"30"},"elements":[{"id":"5c76f2a1","settings":{"_column_size":33,"_inline_size":null},"elements":[{"id":"408a945a","settings":{"title":"Apartment type 1","header_size":"div","title_color":"#457D72","typography_typography":"custom","typography_text_transform":"uppercase","typography_letter_spacing":{"unit":"px","size":3,"sizes":[]},"_animation":"fadeInUp","animation_duration":"slow","typography_font_size_mobile":{"unit":"px","size":12,"sizes":[]}},"elements":[],"isInner":false,"widgetType":"heading","elType":"widget"},{"id":"22fff222","settings":{"title":"Studio, One bedroom","align":"left","typography_typography":"custom","typography_font_size":{"unit":"px","size":32,"sizes":[]},"typography_line_height":{"unit":"em","size":1.5,"sizes":[]},"_animation":"fadeInUp","animation_duration":"slow","typography_font_weight":"700","typography_letter_spacing":{"unit":"px","size":-0.5,"sizes":[]},"typography_font_size_mobile":{"unit":"px","size":24,"sizes":[]}},"elements":[],"isInner":false,"widgetType":"heading","elType":"widget"},{"id":"6cf45b2f","settings":{"editor":"<p>Studio, one bedroom is available for both rent and purchase. It is located in a quiet and well-maintained area in the nature, with modern design.<\/p>","align":"left","typography_typography":"custom","typography_font_size":{"unit":"px","size":18,"sizes":[]},"typography_line_height":{"unit":"em","size":1.8,"sizes":[]},"_animation":"fadeInUp","animation_duration":"slow","typography_font_size_mobile":{"unit":"px","size":16,"sizes":[]}},"elements":[],"isInner":false,"widgetType":"text-editor","elType":"widget"},{"id":"379433dc","settings":{"text":"View More","align":"left","size":"md","typography_typography":"custom","typography_font_size":{"unit":"px","size":15,"sizes":[]},"typography_font_weight":"600","typography_text_transform":"uppercase","button_text_color":"#FFFFFF","background_color":"#457D72","border_width":{"unit":"px","top":"1","right":"1","bottom":"1","left":"1","isLinked":true},"border_radius":{"unit":"px","top":"30","right":"30","bottom":"30","left":"30","isLinked":true},"_animation":"fadeInUp","animation_duration":"slow","typography_letter_spacing":{"unit":"px","size":3,"sizes":[]},"border_color":"#000000","link":{"url":"https:\/\/demo22.houzez.co\/property\/apartment-type-1\/","is_external":"","nofollow":"","custom_attributes":""}},"elements":[],"isInner":false,"widgetType":"button","elType":"widget"}],"isInner":true,"elType":"column"},{"id":"4bd42db","settings":{"_column_size":33,"_inline_size":10},"elements":[],"isInner":true,"elType":"column"},{"id":"5802c148","settings":{"_column_size":33,"_inline_size":56.332},"elements":[{"id":"2501d215","settings":{"image":{"url":"https:\/\/demo22.houzez.co\/wp-content\/uploads\/2022\/03\/home-fallback-3-scaled.jpg","id":2851,"alt":"","source":"library"},"image_box_shadow_box_shadow_type":"yes","image_box_shadow_box_shadow":{"horizontal":0,"vertical":80,"blur":80,"spread":0,"color":"rgba(0, 0, 0, 0.1)"},"_margin":{"unit":"px","top":"0","right":"0","bottom":"10","left":"0","isLinked":false},"_animation":"fadeInRight"},"elements":[],"isInner":false,"widgetType":"image","elType":"widget"},{"id":"b5c805","settings":{"image":{"url":"https:\/\/demo22.houzez.co\/wp-content\/uploads\/2022\/03\/image-16.jpg","id":2897,"alt":"","source":"library"},"image_size":"custom","image_custom_dimension":{"width":"400","height":"400"},"width":{"unit":"px","size":300,"sizes":[]},"width_tablet":{"unit":"px","size":"","sizes":[]},"width_mobile":{"unit":"px","size":155,"sizes":[]},"image_box_shadow_box_shadow_type":"yes","image_box_shadow_box_shadow":{"horizontal":0,"vertical":80,"blur":80,"spread":0,"color":"rgba(0, 0, 0, 0.1)"},"_margin":{"unit":"px","top":"0","right":"0","bottom":"10","left":"0","isLinked":false},"_animation":"fadeInRight","_position":"absolute","_offset_x":{"size":245,"unit":"px"},"_offset_y":{"size":277,"unit":"px"},"_offset_orientation_h":"end","_offset_x_end":{"unit":"%","size":-17,"sizes":[]},"_offset_x_end_tablet":{"unit":"%","size":-20,"sizes":[]},"_offset_x_end_mobile":{"size":17,"unit":"%"},"_offset_y_mobile":{"size":134,"unit":"px"}},"elements":[],"isInner":false,"widgetType":"image","elType":"widget"}],"isInner":true,"elType":"column"}],"isInner":true,"elType":"section"},{"id":"a91fc2c","settings":{"space":{"unit":"px","size":200,"sizes":[]},"space_mobile":{"unit":"px","size":100,"sizes":[]}},"elements":[],"isInner":false,"widgetType":"spacer","elType":"widget"},{"id":"604c91e9","settings":{"layout":"full_width","content_position":"middle","structure":"30","reverse_order_tablet":"reverse-tablet","reverse_order_mobile":"reverse-mobile"},"elements":[{"id":"64af0daa","settings":{"_column_size":33,"_inline_size":56.332},"elements":[{"id":"cb550c7","settings":{"image":{"url":"https:\/\/demo22.houzez.co\/wp-content\/uploads\/2022\/03\/home-fallback.jpg","id":2808,"alt":"","source":"library"},"image_box_shadow_box_shadow_type":"yes","image_box_shadow_box_shadow":{"horizontal":0,"vertical":80,"blur":80,"spread":0,"color":"rgba(0, 0, 0, 0.1)"},"_margin":{"unit":"px","top":"0","right":"0","bottom":"10","left":"0","isLinked":false},"_animation":"fadeInLeft"},"elements":[],"isInner":false,"widgetType":"image","elType":"widget"},{"id":"51e496d5","settings":{"image":{"url":"https:\/\/demo22.houzez.co\/wp-content\/uploads\/2022\/03\/image-15.jpg","id":2896,"alt":"","source":"library"},"image_size":"custom","image_custom_dimension":{"width":"400","height":"400"},"width":{"unit":"px","size":300,"sizes":[]},"width_tablet":{"unit":"px","size":"","sizes":[]},"width_mobile":{"unit":"px","size":155,"sizes":[]},"image_box_shadow_box_shadow_type":"yes","image_box_shadow_box_shadow":{"horizontal":0,"vertical":80,"blur":80,"spread":0,"color":"rgba(0, 0, 0, 0.1)"},"_margin":{"unit":"px","top":"0","right":"0","bottom":"10","left":"0","isLinked":false},"_animation":"fadeInLeft","_position":"absolute","_offset_x":{"size":-17,"unit":"%"},"_offset_y":{"size":277,"unit":"px"},"_offset_x_tablet":{"unit":"%","size":"","sizes":[]},"_offset_x_mobile":{"unit":"%","size":"","sizes":[]},"_offset_x_end_tablet":{"unit":"%","size":-20,"sizes":[]},"_offset_x_end_mobile":{"size":17,"unit":"%"},"_offset_y_mobile":{"size":134,"unit":"px"}},"elements":[],"isInner":false,"widgetType":"image","elType":"widget"}],"isInner":true,"elType":"column"},{"id":"3920bd1e","settings":{"_column_size":33,"_inline_size":10},"elements":[],"isInner":true,"elType":"column"},{"id":"71aaf58b","settings":{"_column_size":33,"_inline_size":null},"elements":[{"id":"35d9cff8","settings":{"title":"Apartment type 2","header_size":"div","title_color":"#457D72","typography_typography":"custom","typography_text_transform":"uppercase","typography_letter_spacing":{"unit":"px","size":3,"sizes":[]},"_animation":"fadeInUp","animation_duration":"slow","typography_font_size_mobile":{"unit":"px","size":12,"sizes":[]}},"elements":[],"isInner":false,"widgetType":"heading","elType":"widget"},{"id":"aba241a","settings":{"title":"Two Beddrooms","align":"left","typography_typography":"custom","typography_font_size":{"unit":"px","size":32,"sizes":[]},"typography_line_height":{"unit":"em","size":1.5,"sizes":[]},"_animation":"fadeInUp","animation_duration":"slow","typography_font_weight":"700","typography_letter_spacing":{"unit":"px","size":-0.5,"sizes":[]},"typography_font_size_mobile":{"unit":"px","size":24,"sizes":[]}},"elements":[],"isInner":false,"widgetType":"heading","elType":"widget"},{"id":"19d55060","settings":{"editor":"<p>Your new home is the opportunity to give yourself and your family the space you deserve. If you are looking for a home with open floor plans and natural light, look no further.<\/p>","align":"left","typography_typography":"custom","typography_font_size":{"unit":"px","size":18,"sizes":[]},"typography_line_height":{"unit":"em","size":1.8,"sizes":[]},"_animation":"fadeInUp","animation_duration":"slow","typography_font_size_mobile":{"unit":"px","size":16,"sizes":[]}},"elements":[],"isInner":false,"widgetType":"text-editor","elType":"widget"},{"id":"64139270","settings":{"text":"View More","align":"left","size":"md","typography_typography":"custom","typography_font_size":{"unit":"px","size":15,"sizes":[]},"typography_font_weight":"600","typography_text_transform":"uppercase","button_text_color":"#FFFFFF","background_color":"#457D72","border_width":{"unit":"px","top":"1","right":"1","bottom":"1","left":"1","isLinked":true},"border_radius":{"unit":"px","top":"30","right":"30","bottom":"30","left":"30","isLinked":true},"_animation":"fadeInUp","animation_duration":"slow","typography_letter_spacing":{"unit":"px","size":3,"sizes":[]},"border_color":"#000000","link":{"url":"https:\/\/demo22.houzez.co\/property\/apartment-type-2\/","is_external":"","nofollow":"","custom_attributes":""}},"elements":[],"isInner":false,"widgetType":"button","elType":"widget"}],"isInner":true,"elType":"column"}],"isInner":true,"elType":"section"},{"id":"a053e2b","settings":{"space":{"unit":"px","size":200,"sizes":[]},"space_mobile":{"unit":"px","size":100,"sizes":[]}},"elements":[],"isInner":false,"widgetType":"spacer","elType":"widget"},{"id":"cf9d1fc","settings":{"layout":"full_width","content_position":"middle","structure":"30"},"elements":[{"id":"7763cc97","settings":{"_column_size":33,"_inline_size":null},"elements":[{"id":"c9615d5","settings":{"title":"Apartment type 3","header_size":"div","title_color":"#457D72","typography_typography":"custom","typography_text_transform":"uppercase","typography_letter_spacing":{"unit":"px","size":3,"sizes":[]},"_animation":"fadeInUp","animation_duration":"slow","typography_font_size_mobile":{"unit":"px","size":12,"sizes":[]}},"elements":[],"isInner":false,"widgetType":"heading","elType":"widget"},{"id":"77919306","settings":{"title":"Three Bedrooms","align":"left","typography_typography":"custom","typography_font_size":{"unit":"px","size":32,"sizes":[]},"typography_line_height":{"unit":"em","size":1.5,"sizes":[]},"_animation":"fadeInUp","animation_duration":"slow","typography_font_weight":"700","typography_letter_spacing":{"unit":"px","size":-0.5,"sizes":[]},"typography_font_size_mobile":{"unit":"px","size":24,"sizes":[]}},"elements":[],"isInner":false,"widgetType":"heading","elType":"widget"},{"id":"1f305927","settings":{"editor":"<p>Three bedrooms is a housing project for those who are searching for a modern designed home and have enough space for themselves.<\/p>","align":"left","typography_typography":"custom","typography_font_size":{"unit":"px","size":18,"sizes":[]},"typography_line_height":{"unit":"em","size":1.8,"sizes":[]},"_animation":"fadeInUp","animation_duration":"slow","typography_font_size_mobile":{"unit":"px","size":16,"sizes":[]}},"elements":[],"isInner":false,"widgetType":"text-editor","elType":"widget"},{"id":"7a2d0140","settings":{"text":"View More","align":"left","size":"md","typography_typography":"custom","typography_font_size":{"unit":"px","size":15,"sizes":[]},"typography_font_weight":"600","typography_text_transform":"uppercase","button_text_color":"#FFFFFF","background_color":"#457D72","border_width":{"unit":"px","top":"1","right":"1","bottom":"1","left":"1","isLinked":true},"border_radius":{"unit":"px","top":"30","right":"30","bottom":"30","left":"30","isLinked":true},"_animation":"fadeInUp","animation_duration":"slow","typography_letter_spacing":{"unit":"px","size":3,"sizes":[]},"border_color":"#000000","link":{"url":"https:\/\/demo22.houzez.co\/property\/apartment-type-3\/","is_external":"","nofollow":"","custom_attributes":""}},"elements":[],"isInner":false,"widgetType":"button","elType":"widget"}],"isInner":true,"elType":"column"},{"id":"1913511b","settings":{"_column_size":33,"_inline_size":10},"elements":[],"isInner":true,"elType":"column"},{"id":"58935740","settings":{"_column_size":33,"_inline_size":56.332},"elements":[{"id":"610cbfd9","settings":{"image":{"url":"https:\/\/demo22.houzez.co\/wp-content\/uploads\/2022\/03\/home-fallback-2-scaled.jpg","id":2852,"alt":"","source":"library"},"image_box_shadow_box_shadow_type":"yes","image_box_shadow_box_shadow":{"horizontal":0,"vertical":80,"blur":80,"spread":0,"color":"rgba(0, 0, 0, 0.1)"},"_margin":{"unit":"px","top":"0","right":"0","bottom":"10","left":"0","isLinked":false},"_animation":"fadeInRight","image_size":"custom","image_custom_dimension":{"width":"712","height":"400"}},"elements":[],"isInner":false,"widgetType":"image","elType":"widget"},{"id":"1d42e1ce","settings":{"image":{"url":"https:\/\/demo22.houzez.co\/wp-content\/uploads\/2022\/03\/image-13.jpg","id":2894,"alt":"","source":"library"},"image_size":"custom","image_custom_dimension":{"width":"400","height":"400"},"width":{"unit":"px","size":300,"sizes":[]},"width_tablet":{"unit":"px","size":"","sizes":[]},"width_mobile":{"unit":"px","size":155,"sizes":[]},"image_box_shadow_box_shadow_type":"yes","image_box_shadow_box_shadow":{"horizontal":0,"vertical":80,"blur":80,"spread":0,"color":"rgba(0, 0, 0, 0.1)"},"_margin":{"unit":"px","top":"0","right":"0","bottom":"10","left":"0","isLinked":false},"_animation":"fadeInRight","_position":"absolute","_offset_x":{"size":245,"unit":"px"},"_offset_y":{"size":277,"unit":"px"},"_offset_orientation_h":"end","_offset_x_end":{"unit":"%","size":-17,"sizes":[]},"_offset_x_end_tablet":{"unit":"%","size":-20,"sizes":[]},"_offset_x_end_mobile":{"size":17,"unit":"%"},"_offset_y_mobile":{"size":134,"unit":"px"}},"elements":[],"isInner":false,"widgetType":"image","elType":"widget"}],"isInner":true,"elType":"column"}],"isInner":true,"elType":"section"},{"id":"ddf3cba","settings":{"space":{"unit":"px","size":150,"sizes":[]}},"elements":[],"isInner":false,"widgetType":"spacer","elType":"widget"}],"isInner":false,"elType":"column"}],"isInner":false,"elType":"section"},{"id":"388ff73b","settings":{"content_width":{"unit":"px","size":1320,"sizes":[]},"background_background":"classic","background_color":"#FFFFFF","background_color_b":"#F8F8F8"},"elements":[{"id":"6e2dc01a","settings":{"_column_size":100,"_inline_size":null},"elements":[{"id":"2398e27d","settings":{"space":{"unit":"px","size":100,"sizes":[]},"space_mobile":{"unit":"px","size":50,"sizes":[]}},"elements":[],"isInner":false,"widgetType":"spacer","elType":"widget"},{"id":"79cd15c7","settings":{"style":"dotted","width":{"unit":"%","size":8,"sizes":[]},"align":"center","text":"Divider","color":"#457D72","weight":{"unit":"px","size":9,"sizes":[]},"width_mobile":{"unit":"%","size":21,"sizes":[]}},"elements":[],"isInner":false,"widgetType":"divider","elType":"widget"},{"id":"18645b7b","settings":{"content_width":{"unit":"px","size":830,"sizes":[]},"layout":"full_width","content_position":"middle","structure":"30"},"elements":[{"id":"3abb61bf","settings":{"_column_size":33,"_inline_size":48.871},"elements":[{"id":"645585ed","settings":{"title":"Schedule a Tour at The Nook","align":"left","typography_typography":"custom","typography_font_size":{"unit":"px","size":40,"sizes":[]},"typography_line_height":{"unit":"em","size":1.5,"sizes":[]},"_animation":"fadeInUp","animation_duration":"slow","typography_font_weight":"500","typography_letter_spacing":{"unit":"px","size":-0.5,"sizes":[]},"typography_font_size_mobile":{"unit":"px","size":24,"sizes":[]}},"elements":[],"isInner":false,"widgetType":"heading","elType":"widget"},{"id":"7e2f0b96","settings":{"title":"The Nook is a home buyers dream. It's a condo in the nature, with beautiful views, lots of trees and plants, and a few big rocks here and there.\n","header_size":"div","align":"left","title_color":"#000000","typography_typography":"custom","typography_font_size":{"unit":"px","size":20,"sizes":[]},"typography_line_height":{"unit":"em","size":1.8,"sizes":[]},"_margin":{"unit":"px","top":"0","right":"0","bottom":"10","left":"0","isLinked":false},"_animation":"fadeInUp","animation_duration":"slow","typography_font_size_mobile":{"unit":"px","size":16,"sizes":[]}},"elements":[],"isInner":false,"widgetType":"heading","elType":"widget"},{"id":"70d845fe","settings":{"icon_list":[{"text":"(786) 897 5423","selected_icon":{"value":{"url":"https:\/\/demo22.houzez.co\/wp-content\/uploads\/2020\/03\/messaging-whatsapp.svg","id":2504},"library":"svg"},"_id":"eb8cbe1"},{"text":"1889 NW 79st St, Asheville, NC 98726","selected_icon":{"value":{"url":"https:\/\/demo22.houzez.co\/wp-content\/uploads\/2020\/03\/pin.svg","id":2505},"library":"svg"},"_id":"e6be62c"}],"space_between":{"unit":"px","size":10,"sizes":[]},"icon_color":"#457D72","icon_size":{"unit":"px","size":20,"sizes":[]},"icon_typography_typography":"custom","icon_typography_font_size":{"unit":"px","size":18,"sizes":[]},"icon_typography_font_size_mobile":{"unit":"px","size":16,"sizes":[]},"_animation":"fadeInUp","animation_duration":"slow"},"elements":[],"isInner":false,"widgetType":"icon-list","elType":"widget"},{"id":"3eaba119","settings":{"space":{"unit":"px","size":20,"sizes":[]}},"elements":[],"isInner":false,"widgetType":"spacer","elType":"widget"}],"isInner":true,"elType":"column"},{"id":"4c138b81","settings":{"_column_size":33,"_inline_size":8.359},"elements":[],"isInner":true,"elType":"column"},{"id":"7e8dc60d","settings":{"_column_size":33,"_inline_size":42.41},"elements":[{"id":"6878b695","settings":{"form_name":"New Form","form_fields":[{"_id":"name","field_type":"first_name","field_label":"First Name","placeholder":"First Name","width":"50"},{"field_type":"last_name","field_label":"Last name","placeholder":"Last name","width":"50","_id":"cf9d1f2"},{"_id":"email","field_type":"email","required":"true","field_label":"Email","placeholder":"Email"},{"_id":"message","field_type":"message","field_label":"Message","placeholder":"Message"}],"input_size":"lg","show_labels":"","button_text":"Schedule a Tour","button_size":"lg","email_to":"hello@favethemes.com","email_subject":"New message from &quot;Houzez&quot;","field_text_color":"#878787","field_typography_typography":"custom","field_typography_font_size":{"unit":"px","size":16,"sizes":[]},"field_border_width":{"unit":"px","top":"2","right":"2","bottom":"2","left":"2","isLinked":true},"button_background_color":"#457D72","button_background_hover_color":"#457D72BF","button_typography_typography":"custom","button_typography_font_size":{"unit":"px","size":15,"sizes":[]},"button_typography_text_transform":"uppercase","button_typography_letter_spacing":{"unit":"px","size":3,"sizes":[]}},"elements":[],"isInner":false,"widgetType":"houzez_elementor_contact_form","elType":"widget"}],"isInner":true,"elType":"column"}],"isInner":true,"elType":"section"},{"id":"1a523f91","settings":{"space":{"unit":"px","size":100,"sizes":[]},"space_mobile":{"unit":"px","size":50,"sizes":[]}},"elements":[],"isInner":false,"widgetType":"spacer","elType":"widget"}],"isInner":false,"elType":"column"}],"isInner":false,"elType":"section"}],"page_settings":[],"version":"0.4","title":"Demo 22 - The Nook","type":"page"}