{"content":[{"id":"46b29bfa","settings":{"height":"min-height","custom_height":{"unit":"px","size":200,"sizes":[]},"background_background":"classic","background_image":{"url":"https:\/\/demo28.houzez.co\/wp-content\/uploads\/2016\/03\/023.jpg","id":16142},"background_attachment":"scroll","background_repeat":"no-repeat","background_size":"cover","background_overlay_background":"classic","background_overlay_color":"#004274","animation":"fadeIn","animation_duration":"slow","background_position":"center center"},"elements":[{"id":"518484c0","settings":{"_column_size":100,"_inline_size":null},"elements":[{"id":"6e29c71c","settings":{"title":"About Us","header_size":"h1","title_color":"#FFFFFF","typography_typography":"custom","typography_font_size":{"unit":"px","size":30,"sizes":[]},"typography_font_weight":"300"},"elements":[],"isInner":false,"widgetType":"heading","elType":"widget"}],"isInner":false,"elType":"column"}],"isInner":false,"elType":"section"},{"id":"53731208","settings":{"background_background":"classic","background_color":"#FFFFFF"},"elements":[{"id":"32db127c","settings":{"_column_size":100,"_inline_size":null,"background_color":"#FFFFFF","box_shadow_box_shadow":{"horizontal":0,"vertical":20,"blur":40,"spread":0,"color":"rgba(0, 0, 0, 0.1)"}},"elements":[{"id":"3432929f","settings":[],"elements":[],"isInner":false,"widgetType":"spacer","elType":"widget"},{"id":"105d3410","settings":{"hz_section_title":"Your Vision Unrestricted\n","section_title_typography_typography":"custom","section_title_typography_font_size":{"unit":"px","size":25,"sizes":[]},"section_title_typography_font_weight":"300","section_subtitle_typography_typography":"custom","houzez_section_title_margin_bottom":{"unit":"px","size":10,"sizes":[]},"_animation":"fadeIn","animation_duration":"slow","houzez_section_title_color":"#000000","houzez_section_subtitle_color":"#7A7A7A","section_title_typography_font_size_mobile":{"unit":"px","size":25,"sizes":[]},"section_subtitle_typography_font_size_mobile":{"unit":"px","size":16,"sizes":[]},"houzez_section_title_align":"left"},"elements":[],"isInner":false,"widgetType":"houzez_elementor_section_title","elType":"widget"},{"id":"34957ff","settings":{"editor":"<p><strong>Houzez is a premium WordPress theme for real estate agents and agencies<\/strong> where modern aesthetics are combined with a tasteful simplicity and where the ease of use is achieved without compromise in your ability to customize the design.<\/p><p>Whether you are a real estate agent looking to build a website for your company or a web developer seeking a perfect WordPress theme for your next project, you are certain to appreciate the numerous features and benefits that our theme provides.<\/p><p>Houzez is also a WordPress-based property management system which allows you to own and maintain a real estate marketplace, coordinate your agents, accept submissions and offer membership packages.<\/p><p>Unlike many other real estate themes which confine you to a handful of predefined layouts, <b>Houzez offers a limitless array of possibilities to structure and style your content.<\/b> All of the customization options are logically organized in your WordPress admin panel and thorough customization in the provided documentation.<\/p>","align":"left","text_color":"#54595F","typography_typography":"custom","typography_font_size":{"unit":"px","size":16,"sizes":[]},"typography_line_height":{"unit":"em","size":1.7,"sizes":[]},"text_columns":"2","column_gap":{"unit":"px","size":40,"sizes":[]}},"elements":[],"isInner":false,"widgetType":"text-editor","elType":"widget"},{"id":"450e213a","settings":[],"elements":[],"isInner":false,"widgetType":"spacer","elType":"widget"}],"isInner":false,"elType":"column"}],"isInner":false,"elType":"section"},{"id":"485caf65","settings":[],"elements":[{"id":"626f81c3","settings":{"_column_size":100,"_inline_size":null},"elements":[{"id":"2719f8d","settings":[],"elements":[],"isInner":false,"widgetType":"spacer","elType":"widget"},{"id":"4b7b09c1","settings":{"hz_section_title":"Meet our Team","section_title_typography_typography":"custom","section_title_typography_font_size":{"unit":"px","size":35,"sizes":[]},"section_title_typography_font_weight":"300","section_subtitle_typography_typography":"custom","houzez_section_title_margin_bottom":{"unit":"px","size":20,"sizes":[]},"_animation":"fadeIn","animation_duration":"slow","hz_section_subtitle":"Lorem ipsum dolor sit amet, consectetur adipisicing elit","houzez_section_title_color":"#000000","houzez_section_subtitle_color":"#7A7A7A","section_title_typography_font_size_mobile":{"unit":"px","size":25,"sizes":[]},"section_subtitle_typography_font_size_mobile":{"unit":"px","size":16,"sizes":[]},"houzez_section_title_align":"left"},"elements":[],"isInner":false,"widgetType":"houzez_elementor_section_title","elType":"widget"},{"id":"326e4802","settings":{"structure":"40"},"elements":[{"id":"2a0be421","settings":{"_column_size":25,"_inline_size":null},"elements":[{"id":"12e717d9","settings":{"team_image":{"url":"https:\/\/demo28.houzez.co\/wp-content\/uploads\/2016\/06\/Artboard-1team.jpg","id":1630},"team_name":"Kathleen Grant","team_position":"Funder","team_description":"Lorem ipsum dolor sit amet, consectetur adipiscing elit. In malesuada, odio sit amet pharetra vehicula, sapien leo egestas magna, vitae auctor diam magna cursus arcu.","team_social_facebook":"#","team_social_facebook_target":"_self","team_social_twitter":"#","team_social_linkedin":"#","team_social_pinterest":"#","team_social_googleplus":"#"},"elements":[],"isInner":false,"widgetType":"houzez_elementor_team_member","elType":"widget"}],"isInner":true,"elType":"column"},{"id":"26ccb45","settings":{"_column_size":25,"_inline_size":null},"elements":[{"id":"6cb29d4a","settings":{"team_image":{"url":"https:\/\/demo28.houzez.co\/wp-content\/uploads\/2016\/06\/Artboard-4team.jpg","id":1633},"team_name":"Keith Bailey","team_position":"CEO","team_description":"Lorem ipsum dolor sit amet, consectetur adipiscing elit. In malesuada, odio sit amet pharetra vehicula, sapien leo egestas magna, vitae auctor diam magna cursus arcu.","team_social_facebook":"#","team_social_facebook_target":"_self","team_social_twitter":"#","team_social_linkedin":"#","team_social_pinterest":"#","team_social_googleplus":"#"},"elements":[],"isInner":false,"widgetType":"houzez_elementor_team_member","elType":"widget"}],"isInner":true,"elType":"column"},{"id":"51aba01a","settings":{"_column_size":25,"_inline_size":null},"elements":[{"id":"7f51c37d","settings":{"team_image":{"url":"https:\/\/demo28.houzez.co\/wp-content\/uploads\/2016\/06\/Artboard-2team.jpg","id":1631},"team_name":"Danielle Murray","team_position":"Manager","team_description":"Lorem ipsum dolor sit amet, consectetur adipiscing elit. In malesuada, odio sit amet pharetra vehicula, sapien leo egestas magna, vitae auctor diam magna cursus arcu.","team_social_facebook":"#","team_social_facebook_target":"_self","team_social_twitter":"#","team_social_linkedin":"#","team_social_pinterest":"#","team_social_googleplus":"#"},"elements":[],"isInner":false,"widgetType":"houzez_elementor_team_member","elType":"widget"}],"isInner":true,"elType":"column"},{"id":"35bd002a","settings":{"_column_size":25,"_inline_size":null},"elements":[{"id":"533bdbfb","settings":{"team_image":{"url":"https:\/\/demo28.houzez.co\/wp-content\/uploads\/2016\/06\/Artboard-3team.jpg","id":1632},"team_name":"Thomas Stevens","team_position":"Manager","team_description":"Lorem ipsum dolor sit amet, consectetur adipiscing elit. In malesuada, odio sit amet pharetra vehicula, sapien leo egestas magna, vitae auctor diam magna cursus arcu.","team_social_facebook":"#","team_social_facebook_target":"_self","team_social_twitter":"#","team_social_linkedin":"#","team_social_pinterest":"#","team_social_googleplus":"#"},"elements":[],"isInner":false,"widgetType":"houzez_elementor_team_member","elType":"widget"}],"isInner":true,"elType":"column"}],"isInner":true,"elType":"section"},{"id":"52ec8efd","settings":[],"elements":[],"isInner":false,"widgetType":"spacer","elType":"widget"}],"isInner":false,"elType":"column"}],"isInner":false,"elType":"section"},{"id":"3e25bc73","settings":{"background_background":"classic","background_color":"#FFFFFF"},"elements":[{"id":"103048eb","settings":{"_column_size":100,"_inline_size":null},"elements":[{"id":"2973f7e3","settings":[],"elements":[],"isInner":false,"widgetType":"spacer","elType":"widget"},{"id":"56b65196","settings":{"hz_section_title":"Services","section_title_typography_typography":"custom","section_title_typography_font_size":{"unit":"px","size":35,"sizes":[]},"section_title_typography_font_weight":"300","section_subtitle_typography_typography":"custom","houzez_section_title_margin_bottom":{"unit":"px","size":20,"sizes":[]},"_animation":"fadeIn","animation_duration":"slow","hz_section_subtitle":"Lorem ipsum dolor sit amet, consectetur adipisicing elit","houzez_section_title_color":"#000000","houzez_section_subtitle_color":"#7A7A7A","section_title_typography_font_size_mobile":{"unit":"px","size":25,"sizes":[]},"section_subtitle_typography_font_size_mobile":{"unit":"px","size":16,"sizes":[]},"houzez_section_title_align":"left"},"elements":[],"isInner":false,"widgetType":"houzez_elementor_section_title","elType":"widget"},{"id":"39347c07","settings":{"structure":"40"},"elements":[{"id":"37dd5125","settings":{"_column_size":25,"_inline_size":null},"elements":[{"id":"4cdad8fc","settings":{"more_text":"More Details","grid_taxonomy":"property_city","tax_city":"miami","more_text_d":"More Details","grid_type":"grid-item-v2","image":{"url":"https:\/\/demo28.houzez.co\/wp-content\/uploads\/2016\/03\/023.jpg","id":16142},"grid_title":"Property Management","grid_subtitle":"Services","more_link":{"url":"#","is_external":true,"nofollow":true,"custom_attributes":""},"grid_title_typography_typography":"custom","grid_title_typography_font_size":{"unit":"px","size":18,"sizes":[]},"properties_text":"Properties","property_text":"Property"},"elements":[],"isInner":false,"widgetType":"Houzez_elementor_grid_builder","elType":"widget"},{"id":"373f2e18","settings":{"more_text":"More Details","grid_taxonomy":"property_city","tax_city":"miami","more_text_d":"More Details","grid_type":"grid-item-v2","image":{"url":"https:\/\/demo28.houzez.co\/wp-content\/uploads\/2016\/03\/205.jpg","id":16175},"grid_title":"Financial Reporting","grid_subtitle":"Services","more_link":{"url":"#","is_external":true,"nofollow":true,"custom_attributes":""},"grid_title_typography_typography":"custom","grid_title_typography_font_size":{"unit":"px","size":18,"sizes":[]},"properties_text":"Properties","property_text":"Property"},"elements":[],"isInner":false,"widgetType":"Houzez_elementor_grid_builder","elType":"widget"}],"isInner":true,"elType":"column"},{"id":"2431034e","settings":{"_column_size":25,"_inline_size":null},"elements":[{"id":"63ba038e","settings":{"more_text":"More Details","grid_taxonomy":"property_city","tax_city":"miami","more_text_d":"More Details","grid_type":"grid-item-v2","image":{"url":"https:\/\/demo28.houzez.co\/wp-content\/uploads\/2016\/03\/206.jpg","id":16176},"grid_title":"Capital Improvements","grid_subtitle":"Services","more_link":{"url":"#","is_external":true,"nofollow":true,"custom_attributes":""},"grid_title_typography_typography":"custom","grid_title_typography_font_size":{"unit":"px","size":18,"sizes":[]},"properties_text":"Properties","property_text":"Property"},"elements":[],"isInner":false,"widgetType":"Houzez_elementor_grid_builder","elType":"widget"},{"id":"3bdfc141","settings":{"more_text":"More Details","grid_taxonomy":"property_city","tax_city":"miami","more_text_d":"More Details","grid_type":"grid-item-v2","image":{"url":"https:\/\/demo28.houzez.co\/wp-content\/uploads\/2016\/03\/007.jpg","id":16148},"grid_title":"Business Development","grid_subtitle":"Services","more_link":{"url":"#","is_external":true,"nofollow":true,"custom_attributes":""},"grid_title_typography_typography":"custom","grid_title_typography_font_size":{"unit":"px","size":18,"sizes":[]},"properties_text":"Properties","property_text":"Property"},"elements":[],"isInner":false,"widgetType":"Houzez_elementor_grid_builder","elType":"widget"}],"isInner":true,"elType":"column"},{"id":"5b01dca0","settings":{"_column_size":25,"_inline_size":null},"elements":[{"id":"58ee7306","settings":{"more_text":"More Details","grid_taxonomy":"property_city","tax_city":"miami","more_text_d":"More Details","grid_type":"grid-item-v3","image":{"url":"https:\/\/demo28.houzez.co\/wp-content\/uploads\/2016\/03\/006.jpg","id":16147},"grid_title":"Finance Real Estate","grid_subtitle":"Services","more_link":{"url":"#","is_external":true,"nofollow":true,"custom_attributes":""},"grid_title_typography_typography":"custom","grid_title_typography_font_size":{"unit":"px","size":18,"sizes":[]},"properties_text":"Properties","property_text":"Property"},"elements":[],"isInner":false,"widgetType":"Houzez_elementor_grid_builder","elType":"widget"}],"isInner":true,"elType":"column"},{"id":"521f74","settings":{"_column_size":25,"_inline_size":null},"elements":[{"id":"35e70bce","settings":{"more_text":"More Details","grid_taxonomy":"property_city","tax_city":"miami","more_text_d":"More Details","grid_type":"grid-item-v3","image":{"url":"https:\/\/demo28.houzez.co\/wp-content\/uploads\/2016\/03\/204.jpg","id":16174},"grid_title":"Recover Asset Value","grid_subtitle":"Services","more_link":{"url":"#","is_external":true,"nofollow":true,"custom_attributes":""},"grid_title_typography_typography":"custom","grid_title_typography_font_size":{"unit":"px","size":18,"sizes":[]},"properties_text":"Properties","property_text":"Property"},"elements":[],"isInner":false,"widgetType":"Houzez_elementor_grid_builder","elType":"widget"}],"isInner":true,"elType":"column"}],"isInner":true,"elType":"section"},{"id":"6d28bba4","settings":[],"elements":[],"isInner":false,"widgetType":"spacer","elType":"widget"}],"isInner":false,"elType":"column"}],"isInner":false,"elType":"section"},{"id":"4c8ff6c6","settings":[],"elements":[{"id":"1cababf1","settings":{"_column_size":100,"_inline_size":null},"elements":[{"id":"52868316","settings":[],"elements":[],"isInner":false,"widgetType":"spacer","elType":"widget"},{"id":"183c45ca","settings":{"hz_section_title":"Read From Our Blog","section_title_typography_typography":"custom","section_title_typography_font_size":{"unit":"px","size":35,"sizes":[]},"section_title_typography_font_weight":"300","section_subtitle_typography_typography":"custom","houzez_section_title_margin_bottom":{"unit":"px","size":20,"sizes":[]},"_animation":"fadeIn","animation_duration":"slow","hz_section_subtitle":"Lorem ipsum dolor sit amet, consectetur adipisicing elit","houzez_section_title_color":"#000000","houzez_section_subtitle_color":"#7A7A7A","section_title_typography_font_size_mobile":{"unit":"px","size":25,"sizes":[]},"section_subtitle_typography_font_size_mobile":{"unit":"px","size":16,"sizes":[]},"houzez_section_title_align":"left"},"elements":[],"isInner":false,"widgetType":"houzez_elementor_section_title","elType":"widget"},{"id":"4efca8b4","settings":{"background_color":"#FFFFFF","box_shadow_box_shadow":{"horizontal":0,"vertical":20,"blur":40,"spread":0,"color":"rgba(0, 0, 0, 0.1)"}},"elements":[{"id":"6fc74701","settings":{"_column_size":100,"_inline_size":null},"elements":[{"id":"6d4b6f12","settings":{"posts_limit":"4"},"elements":[],"isInner":false,"widgetType":"houzez_elementor_blog_posts","elType":"widget"}],"isInner":true,"elType":"column"}],"isInner":true,"elType":"section"},{"id":"715e2d7a","settings":[],"elements":[],"isInner":false,"widgetType":"spacer","elType":"widget"}],"isInner":false,"elType":"column"}],"isInner":false,"elType":"section"},{"id":"32dfdda8","settings":{"custom_height":{"unit":"px","size":760,"sizes":[]},"content_position":"middle","background_color":"#FFFFFF","background_position":"center center","background_repeat":"no-repeat","background_size":"cover","background_overlay_background":"classic","background_overlay_opacity":{"unit":"px","size":0.2,"sizes":[]},"css_filters_blur":{"unit":"px","size":2,"sizes":[]},"stretch_section":"section-stretched","layout":"full_width","gap":"wide","css_filters_css_filter":"custom","background_background":"classic"},"elements":[{"id":"39ab827","settings":{"_column_size":100,"_inline_size":null},"elements":[{"id":"5668cf5","settings":[],"elements":[],"isInner":false,"widgetType":"houzez_elementor_space","elType":"widget"},{"id":"27ee65c2","settings":{"gap":"extended"},"elements":[{"id":"3ea26d8d","settings":{"_column_size":100,"_inline_size":null,"content_position":"bottom"},"elements":[{"id":"c05c030","settings":{"hz_section_title":"Testimonials","section_title_typography_typography":"custom","section_title_typography_font_size":{"unit":"px","size":35,"sizes":[]},"section_title_typography_font_weight":"300","section_subtitle_typography_typography":"custom","houzez_section_title_margin_bottom":{"unit":"px","size":20,"sizes":[]},"_animation":"fadeIn","animation_duration":"slow","hz_section_subtitle":"Lorem ipsum dolor sit amet, consectetur adipisicing elit","houzez_section_title_color":"#000000","houzez_section_subtitle_color":"#7A7A7A","section_title_typography_font_size_mobile":{"unit":"px","size":25,"sizes":[]},"section_title_typography_line_height_mobile":{"unit":"em","size":1.4,"sizes":[]},"section_subtitle_typography_font_size_mobile":{"unit":"px","size":16,"sizes":[]}},"elements":[],"isInner":false,"widgetType":"houzez_elementor_section_title","elType":"widget"},{"id":"6bf46d9e","settings":{"posts_limit":"3","houzez_testi_v2_text_color":"#000000","houzez_testi_v2_bg_color":"#EDF9FF","_animation":"fadeIn","animation_duration":"slow"},"elements":[],"isInner":false,"widgetType":"houzez_elementor_testimonials_v2","elType":"widget"}],"isInner":true,"elType":"column"}],"isInner":true,"elType":"section"},{"id":"2ba0e31e","settings":{"height":{"unit":"px","size":70,"sizes":[]}},"elements":[],"isInner":false,"widgetType":"houzez_elementor_space","elType":"widget"}],"isInner":false,"elType":"column"}],"isInner":false,"elType":"section"}],"page_settings":[],"version":"0.4","title":"About - Demo 28","type":"page"}