{"content":[{"id":"47564077","settings":{"height":"min-height","custom_height":{"unit":"px","size":870,"sizes":[]},"background_background":"classic","background_image":{"url":"","id":"","alt":"","source":"library"},"background_position":"top left","background_attachment":"fixed","background_repeat":"no-repeat","background_size":"cover","content_width":{"unit":"px","size":1400,"sizes":[]},"gap":"no","custom_height_tablet":{"unit":"vh","size":60,"sizes":[]},"custom_height_mobile":{"unit":"vh","size":"","sizes":[]},"background_overlay_background":"classic","background_overlay_color":"#FFFFFF","background_overlay_color_stop":{"unit":"%","size":72,"sizes":[]},"background_overlay_color_b":"#FFFFFF","background_overlay_color_b_stop":{"unit":"%","size":0,"sizes":[]},"background_overlay_gradient_angle":{"unit":"deg","size":270,"sizes":[]},"background_overlay_opacity":{"unit":"px","size":0.75,"sizes":[]},"border_width":{"unit":"px","top":"0","right":"0","bottom":"5","left":"0","isLinked":false},"border_color":"#4284F7","border_radius":{"unit":"px","top":"0","right":"0","bottom":"0","left":"0","isLinked":true},"box_shadow_box_shadow":{"horizontal":46,"vertical":60,"blur":42,"spread":74,"color":"rgba(0, 0, 0, 0.83)"},"shape_divider_bottom_height":{"unit":"px","size":65,"sizes":[]},"shape_divider_bottom_negative":"yes","z_index":0,"background_image_tablet":{"url":"https:\/\/demo28.houzez.co\/wp-content\/uploads\/2022\/08\/header-03.jpg","id":18081,"alt":"","source":"library"},"background_position_tablet":"top left","background_repeat_tablet":"no-repeat","background_size_tablet":"cover","background_color":"#d2e9ee"},"elements":[{"id":"63012d56","settings":{"_column_size":100,"_inline_size":null},"elements":[{"id":"2b241fac","settings":{"content_width":{"unit":"px","size":911,"sizes":[]},"layout":"full_width","structure":"20"},"elements":[{"id":"f959d8b","settings":{"_column_size":50,"_inline_size":null,"_inline_size_tablet":100,"content_position":"center","padding_tablet":{"unit":"px","top":"80","right":"80","bottom":"80","left":"80","isLinked":true}},"elements":[{"id":"7b1337c7","settings":{"title":"Search for Commercial Properties","header_size":"h1","typography_typography":"custom","typography_font_size":{"unit":"px","size":42,"sizes":[]},"align":"left","typography_font_size_tablet":{"unit":"px","size":40,"sizes":[]},"typography_font_size_mobile":{"unit":"px","size":24,"sizes":[]},"typography_line_height_mobile":{"unit":"px","size":34,"sizes":[]},"typography_letter_spacing":{"unit":"px","size":-1,"sizes":[]},"typography_letter_spacing_mobile":{"unit":"px","size":0,"sizes":[]},"align_tablet":"center"},"elements":[],"isInner":false,"widgetType":"heading","elType":"widget"},{"id":"60fc6422","settings":{"title":"You can search through our marketplace and find the perfect place to buy or sell your business.","header_size":"div","typography_typography":"custom","typography_font_size":{"unit":"px","size":18,"sizes":[]},"typography_font_weight":"400","typography_line_height":{"unit":"em","size":1.5,"sizes":[]},"typography_letter_spacing":{"unit":"px","size":0.5,"sizes":[]},"_margin":{"unit":"px","top":"0","right":"100","bottom":"20","left":"0","isLinked":false},"align":"left","typography_font_size_tablet":{"unit":"px","size":18,"sizes":[]},"typography_font_size_mobile":{"unit":"px","size":16,"sizes":[]},"align_tablet":"center"},"elements":[],"isInner":false,"widgetType":"heading","elType":"widget"},{"id":"3e2427a4","settings":{"form_fields":[{"_id":"field-types","field_type":"status[]","field_label":"Status","placeholder":"Status","is_multiple":"true","select_all_btns":"","selected_count_text":"types selected","width":"25","width_mobile":"100","price_from_text":"From","price_to_text":"To"},{"_id":"5099a1e","field_type":"keyword","field_label":"Search","placeholder":"Search for a keyword","price_from_text":"From","price_to_text":"To","width":"60","selected_count_text":"items selected","width_tablet":"50"},{"_id":"field-search-btn","field_type":"search-button","field_label":"Search Button","placeholder":"Search","width":"15","price_from_text":"From","price_to_text":"To","selected_count_text":"items selected","width_tablet":"25"}],"show_tabs":"yes","status_data":["for-lease","for-sale"],"tabs_all_text":"All ","tabs_padding":{"unit":"px","top":"3","right":"12","bottom":"3","left":"12","isLinked":false},"label_color":"#000000","label_typography_typography":"custom","label_typography_font_size":{"unit":"px","size":12,"sizes":[]},"label_typography_font_weight":"500","label_typography_text_transform":"uppercase","box_shadow_box_shadow":{"horizontal":0,"vertical":20,"blur":40,"spread":0,"color":"rgba(0, 0, 0, 0.1)"},"search_tabs_bg_color":"#00AEFF00","tabs_margin":{"unit":"px","top":"0","right":"1","bottom":"15","left":"1","isLinked":false},"form_padding_tablet":{"unit":"px","top":"0","right":"0","bottom":"0","left":"0","isLinked":true},"field_background_color":"#FFFFFF","input_size":"lg","button_size":"lg","tabs_field":"property_type","type_data":["hotels","industrial","land","mixed-use","multifamily","office","retail","special-purpose"],"row_gap":{"unit":"px","size":0,"sizes":[]},"label_spacing":{"unit":"px","size":5,"sizes":[]},"label_typography_letter_spacing":{"unit":"px","size":1,"sizes":[]},"field_text_color":"#1E1E1E","field_border_color":"#80B9C6","search_tabs_typography_typography":"custom","search_tabs_typography_font_size":{"unit":"px","size":12,"sizes":[]},"search_tabs_typography_font_weight":"500","search_tabs_typography_text_transform":"uppercase","search_tabs_typography_letter_spacing":{"unit":"px","size":1,"sizes":[]},"search_tabs_color":"#000000","search_tabs_active_color":"#FFFFFF","search_active_tabs_bg_color":"#4284F7","tabs_radius":{"unit":"px","top":"4","right":"4","bottom":"4","left":"4","isLinked":true},"button_background_color":"#4284F7","field_typography_typography":"custom","field_typography_font_size":{"unit":"px","size":16,"sizes":[]},"button_typography_typography":"custom","button_typography_font_size":{"unit":"px","size":15,"sizes":[]},"button_typography_text_transform":"uppercase","button_border_width":{"unit":"px","top":"1","right":"1","bottom":"1","left":"1","isLinked":true},"button_border_color":"#511313","button_text_padding":{"unit":"px","top":"21","right":"21","bottom":"21","left":"21","isLinked":true},"button_typography_letter_spacing":{"unit":"px","size":1.5,"sizes":[]},"button_background_hover_color":"#4284F7C2","row_gap_mobile":{"unit":"px","size":5,"sizes":[]},"tabs_margin_tablet":{"unit":"px","top":"0","right":"0","bottom":"10","left":"0","isLinked":false},"_margin_tablet":{"unit":"px","top":"0","right":"0","bottom":"0","left":"0","isLinked":false},"houzez_search_tabs_align":"","houzez_search_tabs_align_tablet":"justify-content-center","_margin":{"unit":"%","top":"0","right":"-20","bottom":"0","left":"0","isLinked":false},"_z_index":1},"elements":[],"isInner":false,"widgetType":"houzez_elementor_search_builder","elType":"widget"}],"isInner":true,"elType":"column"},{"id":"75da6afb","settings":{"_column_size":50,"_inline_size":null,"hide_tablet":"hidden-tablet","hide_mobile":"hidden-mobile"},"elements":[{"id":"65933ac5","settings":{"image":{"url":"https:\/\/demo28.houzez.co\/wp-content\/uploads\/2022\/08\/header-03.jpg","id":18081,"alt":"","source":"library"},"image_size":"custom","image_custom_dimension":{"width":"600","height":"600"},"image_border_radius":{"unit":"px","top":"12","right":"12","bottom":"12","left":"12","isLinked":true},"image_box_shadow_box_shadow_type":"yes","image_box_shadow_box_shadow":{"horizontal":30,"vertical":30,"blur":0,"spread":0,"color":"rgba(117.04239130434786, 199.88135869565238, 214.50000000000003, 0.22)"}},"elements":[],"isInner":false,"widgetType":"image","elType":"widget"}],"isInner":true,"elType":"column"}],"isInner":true,"elType":"section"}],"isInner":false,"elType":"column"}],"isInner":false,"elType":"section"},{"id":"128cac13","settings":{"background_background":"classic","background_color":"#FFFFFF","structure":"40","padding":{"unit":"px","top":"15","right":"0","bottom":"15","left":"0","isLinked":false},"border_border":"solid","border_width":{"unit":"px","top":"0","right":"0","bottom":"1","left":"0","isLinked":false},"border_color":"#ECECEC","hide_mobile":"hidden-phone","content_width":{"unit":"px","size":1400,"sizes":[]},"gap":"wide","box_shadow_box_shadow":{"horizontal":0,"vertical":15,"blur":15,"spread":0,"color":"rgba(0, 0, 0, 0.05)"},"z_index":1},"elements":[{"id":"24ecb449","settings":{"_column_size":25,"_inline_size":null,"_inline_size_tablet":50},"elements":[{"id":"75cf7f93","settings":{"selected_icon":{"value":{"url":"https:\/\/demo28.houzez.co\/wp-content\/uploads\/2022\/08\/houzez-icon-07.svg","id":18147},"library":"svg"},"title_text":"Large number of properties located near your desired location.","description_text":"","position":"left","title_size":"div","icon_space":{"unit":"px","size":25,"sizes":[]},"icon_size":{"unit":"px","size":33,"sizes":[]},"content_vertical_alignment":"middle","title_color":"#6F6F6F","title_typography_typography":"custom","title_typography_font_family":"Jost","title_typography_font_size":{"unit":"px","size":16,"sizes":[]}},"elements":[],"isInner":false,"widgetType":"icon-box","elType":"widget"}],"isInner":false,"elType":"column"},{"id":"499ad93d","settings":{"_column_size":25,"_inline_size":null,"_inline_size_tablet":50},"elements":[{"id":"52f9fe2c","settings":{"selected_icon":{"value":{"url":"https:\/\/demo28.houzez.co\/wp-content\/uploads\/2022\/08\/houzez-01.svg","id":18143},"library":"svg"},"title_text":"Real estate professionals with the tools they need to be successful.","description_text":"","position":"left","title_size":"div","icon_space":{"unit":"px","size":25,"sizes":[]},"icon_size":{"unit":"px","size":33,"sizes":[]},"content_vertical_alignment":"middle","title_color":"#6F6F6F","title_typography_typography":"custom","title_typography_font_family":"Jost","title_typography_font_size":{"unit":"px","size":16,"sizes":[]}},"elements":[],"isInner":false,"widgetType":"icon-box","elType":"widget"}],"isInner":false,"elType":"column"},{"id":"540468d7","settings":{"_column_size":25,"_inline_size":null,"_inline_size_tablet":50},"elements":[{"id":"52b8e13d","settings":{"selected_icon":{"value":{"url":"https:\/\/demo28.houzez.co\/wp-content\/uploads\/2022\/08\/houzez-icon-06.svg","id":18145},"library":"svg"},"title_text":"We partner with the best companies in the industry","description_text":"","position":"left","title_size":"div","icon_space":{"unit":"px","size":25,"sizes":[]},"icon_size":{"unit":"px","size":33,"sizes":[]},"content_vertical_alignment":"middle","title_color":"#6F6F6F","title_typography_typography":"custom","title_typography_font_family":"Jost","title_typography_font_size":{"unit":"px","size":16,"sizes":[]}},"elements":[],"isInner":false,"widgetType":"icon-box","elType":"widget"}],"isInner":false,"elType":"column"},{"id":"18755879","settings":{"_column_size":25,"_inline_size":null,"_inline_size_tablet":50},"elements":[{"id":"66efde93","settings":{"selected_icon":{"value":{"url":"https:\/\/demo28.houzez.co\/wp-content\/uploads\/2022\/08\/houzez-icon-08.svg","id":18146},"library":"svg"},"title_text":"Our customer support always strives to be more efficient","description_text":"","position":"left","title_size":"div","icon_space":{"unit":"px","size":25,"sizes":[]},"icon_size":{"unit":"px","size":33,"sizes":[]},"content_vertical_alignment":"middle","title_color":"#6F6F6F","title_typography_typography":"custom","title_typography_font_family":"Jost","title_typography_font_size":{"unit":"px","size":16,"sizes":[]}},"elements":[],"isInner":false,"widgetType":"icon-box","elType":"widget"}],"isInner":false,"elType":"column"}],"isInner":false,"elType":"section"},{"id":"7f21e750","settings":{"content_width":{"unit":"px","size":1400,"sizes":[]},"background_background":"classic","background_color":"#FFFFFF"},"elements":[{"id":"3306881e","settings":{"_column_size":100,"_inline_size":null},"elements":[{"id":"56636f29","settings":{"layout":"full_width"},"elements":[{"id":"7bada1d","settings":{"_column_size":100,"_inline_size":null},"elements":[{"id":"3d6ae4a9","settings":{"space":{"unit":"px","size":70,"sizes":[]},"space_tablet":{"unit":"px","size":30,"sizes":[]}},"elements":[],"isInner":false,"widgetType":"spacer","elType":"widget"},{"id":"4a2d90e8","settings":{"title":"We provide every type of CRE property.","typography_typography":"custom","typography_font_size":{"unit":"px","size":36,"sizes":[]},"align":"center","typography_font_size_mobile":{"unit":"px","size":30,"sizes":[]},"typography_line_height_mobile":{"unit":"px","size":40,"sizes":[]}},"elements":[],"isInner":false,"widgetType":"heading","elType":"widget"},{"id":"48872a1c","settings":{"space":{"unit":"px","size":80,"sizes":[]},"space_tablet":{"unit":"px","size":30,"sizes":[]}},"elements":[],"isInner":false,"widgetType":"spacer","elType":"widget"}],"isInner":true,"elType":"column"}],"isInner":true,"elType":"section"},{"id":"d125a5b","settings":{"layout":"full_width","gap":"wide","structure":"40"},"elements":[{"id":"54df9435","settings":{"_column_size":25,"_inline_size":null,"space_between_widgets":13,"_inline_size_tablet":50},"elements":[{"id":"7e5e8e3e","settings":{"selected_icon":{"value":{"url":"https:\/\/demo28.houzez.co\/wp-content\/uploads\/2022\/08\/houzez-icon-09.svg","id":18172},"library":"svg"},"_margin":{"unit":"px","top":"0","right":"0","bottom":"30","left":"0","isLinked":false},"_padding":{"unit":"px","top":"30","right":"31","bottom":"27","left":"33","isLinked":false},"_element_width":"auto","_background_background":"classic","_background_color":"#FFFFFFFA","_border_border":"solid","_border_width":{"unit":"px","top":"1","right":"1","bottom":"1","left":"1","isLinked":true},"_border_color":"#B3E6EF","_border_radius":{"unit":"px","top":"8","right":"8","bottom":"8","left":"8","isLinked":true},"_box_shadow_box_shadow_type":"yes","_box_shadow_box_shadow":{"horizontal":-8,"vertical":-8,"blur":0,"spread":0,"color":"rgba(179, 230.00000000000006, 238.99999999999997, 0.23921568627450981)"}},"elements":[],"isInner":false,"widgetType":"icon","elType":"widget"},{"id":"678a3dfe","settings":{"title":"Hotels","header_size":"h3","typography_typography":"custom","typography_font_size":{"unit":"px","size":20,"sizes":[]}},"elements":[],"isInner":false,"widgetType":"heading","elType":"widget"},{"id":"2de5a687","settings":{"editor":"<p>Hotels are a type of commercial real estate property that can be extremely profitable. <\/p>","text_color":"#848484","typography_typography":"custom","typography_font_family":"Jost","typography_font_size":{"unit":"px","size":18,"sizes":[]},"_margin":{"unit":"px","top":"0","right":"0","bottom":"50","left":"0","isLinked":false}},"elements":[],"isInner":false,"widgetType":"text-editor","elType":"widget"}],"isInner":true,"elType":"column"},{"id":"328f807","settings":{"_column_size":25,"_inline_size":null,"space_between_widgets":13,"_inline_size_tablet":50},"elements":[{"id":"58c9f590","settings":{"selected_icon":{"value":{"url":"https:\/\/demo28.houzez.co\/wp-content\/uploads\/2022\/08\/houzez-icon-10.svg","id":18171},"library":"svg"},"_margin":{"unit":"px","top":"0","right":"0","bottom":"30","left":"0","isLinked":false},"_padding":{"unit":"px","top":"30","right":"31","bottom":"27","left":"33","isLinked":false},"_element_width":"auto","_background_background":"classic","_background_color":"#FFFFFFFA","_border_border":"solid","_border_width":{"unit":"px","top":"1","right":"1","bottom":"1","left":"1","isLinked":true},"_border_color":"#B3E6EF","_border_radius":{"unit":"px","top":"8","right":"8","bottom":"8","left":"8","isLinked":true},"_box_shadow_box_shadow_type":"yes","_box_shadow_box_shadow":{"horizontal":-8,"vertical":-8,"blur":0,"spread":0,"color":"rgba(179, 230.00000000000006, 238.99999999999997, 0.23921568627450981)"}},"elements":[],"isInner":false,"widgetType":"icon","elType":"widget"},{"id":"1e28b105","settings":{"title":"Industrial","header_size":"h3","typography_typography":"custom","typography_font_size":{"unit":"px","size":20,"sizes":[]}},"elements":[],"isInner":false,"widgetType":"heading","elType":"widget"},{"id":"7606b6d6","settings":{"editor":"<p>Industrial properties are used for a variety of purposes, like manufacturing, storage, and distribution.<\/p>","text_color":"#848484","typography_typography":"custom","typography_font_family":"Jost","typography_font_size":{"unit":"px","size":18,"sizes":[]},"_margin":{"unit":"px","top":"0","right":"0","bottom":"50","left":"0","isLinked":false}},"elements":[],"isInner":false,"widgetType":"text-editor","elType":"widget"}],"isInner":true,"elType":"column"},{"id":"2976f820","settings":{"_column_size":25,"_inline_size":null,"space_between_widgets":13,"_inline_size_tablet":50},"elements":[{"id":"46ba4e8","settings":{"selected_icon":{"value":{"url":"https:\/\/demo28.houzez.co\/wp-content\/uploads\/2022\/08\/houzez-icon-12.svg","id":18169},"library":"svg"},"_margin":{"unit":"px","top":"0","right":"0","bottom":"30","left":"0","isLinked":false},"_padding":{"unit":"px","top":"30","right":"31","bottom":"27","left":"33","isLinked":false},"_element_width":"auto","_background_background":"classic","_background_color":"#FFFFFFFA","_border_border":"solid","_border_width":{"unit":"px","top":"1","right":"1","bottom":"1","left":"1","isLinked":true},"_border_color":"#B3E6EF","_border_radius":{"unit":"px","top":"8","right":"8","bottom":"8","left":"8","isLinked":true},"_box_shadow_box_shadow_type":"yes","_box_shadow_box_shadow":{"horizontal":-8,"vertical":-8,"blur":0,"spread":0,"color":"rgba(179, 230.00000000000006, 238.99999999999997, 0.23921568627450981)"}},"elements":[],"isInner":false,"widgetType":"icon","elType":"widget"},{"id":"4c5c336","settings":{"title":"Lands","header_size":"h3","typography_typography":"custom","typography_font_size":{"unit":"px","size":20,"sizes":[]}},"elements":[],"isInner":false,"widgetType":"heading","elType":"widget"},{"id":"5c735667","settings":{"editor":"<p>We have a variety of land for sale, ranging in size and price. We can help you find what you're looking for.<\/p>","text_color":"#848484","typography_typography":"custom","typography_font_family":"Jost","typography_font_size":{"unit":"px","size":18,"sizes":[]},"_margin":{"unit":"px","top":"0","right":"0","bottom":"50","left":"0","isLinked":false}},"elements":[],"isInner":false,"widgetType":"text-editor","elType":"widget"}],"isInner":true,"elType":"column"},{"id":"13df1c56","settings":{"_column_size":25,"_inline_size":null,"space_between_widgets":13,"_inline_size_tablet":50},"elements":[{"id":"44c65aa2","settings":{"selected_icon":{"value":{"url":"https:\/\/demo28.houzez.co\/wp-content\/uploads\/2022\/08\/houzez-icon-16.svg","id":18173},"library":"svg"},"_margin":{"unit":"px","top":"0","right":"0","bottom":"30","left":"0","isLinked":false},"_padding":{"unit":"px","top":"30","right":"31","bottom":"27","left":"33","isLinked":false},"_element_width":"auto","_background_background":"classic","_background_color":"#FFFFFFFA","_border_border":"solid","_border_width":{"unit":"px","top":"1","right":"1","bottom":"1","left":"1","isLinked":true},"_border_color":"#B3E6EF","_border_radius":{"unit":"px","top":"8","right":"8","bottom":"8","left":"8","isLinked":true},"_box_shadow_box_shadow_type":"yes","_box_shadow_box_shadow":{"horizontal":-8,"vertical":-8,"blur":0,"spread":0,"color":"rgba(179, 230.00000000000006, 238.99999999999997, 0.23921568627450981)"}},"elements":[],"isInner":false,"widgetType":"icon","elType":"widget"},{"id":"4de37ebe","settings":{"title":"Mixed Use","header_size":"h3","typography_typography":"custom","typography_font_size":{"unit":"px","size":20,"sizes":[]}},"elements":[],"isInner":false,"widgetType":"heading","elType":"widget"},{"id":"97e0a35","settings":{"editor":"<p>Mixed-use properties are becoming popular, as they offer a combination of residential and commercial space.<\/p>","text_color":"#848484","typography_typography":"custom","typography_font_family":"Jost","typography_font_size":{"unit":"px","size":18,"sizes":[]},"_margin":{"unit":"px","top":"0","right":"0","bottom":"50","left":"0","isLinked":false}},"elements":[],"isInner":false,"widgetType":"text-editor","elType":"widget"}],"isInner":true,"elType":"column"}],"isInner":true,"elType":"section"},{"id":"48a63dd2","settings":{"layout":"full_width","gap":"wide","structure":"40"},"elements":[{"id":"60f6e141","settings":{"_column_size":25,"_inline_size":null,"space_between_widgets":13,"_inline_size_tablet":50},"elements":[{"id":"3176599","settings":{"selected_icon":{"value":{"url":"https:\/\/demo28.houzez.co\/wp-content\/uploads\/2022\/08\/houzez-icon-11.svg","id":18170},"library":"svg"},"_margin":{"unit":"px","top":"0","right":"0","bottom":"30","left":"0","isLinked":false},"_padding":{"unit":"px","top":"30","right":"31","bottom":"27","left":"33","isLinked":false},"_element_width":"auto","_background_background":"classic","_background_color":"#FFFFFFFA","_border_border":"solid","_border_width":{"unit":"px","top":"1","right":"1","bottom":"1","left":"1","isLinked":true},"_border_color":"#B3E6EF","_border_radius":{"unit":"px","top":"8","right":"8","bottom":"8","left":"8","isLinked":true},"_box_shadow_box_shadow_type":"yes","_box_shadow_box_shadow":{"horizontal":-8,"vertical":-8,"blur":0,"spread":0,"color":"rgba(179, 230.00000000000006, 238.99999999999997, 0.23921568627450981)"}},"elements":[],"isInner":false,"widgetType":"icon","elType":"widget"},{"id":"72dd0458","settings":{"title":"Multifamily","header_size":"h3","typography_typography":"custom","typography_font_size":{"unit":"px","size":20,"sizes":[]}},"elements":[],"isInner":false,"widgetType":"heading","elType":"widget"},{"id":"7fc6f299","settings":{"editor":"<p>Multifamily properties are a great investment providing you with rental income and potential appreciation.<\/p>","text_color":"#848484","typography_typography":"custom","typography_font_family":"Jost","typography_font_size":{"unit":"px","size":18,"sizes":[]},"_margin":{"unit":"px","top":"0","right":"0","bottom":"50","left":"0","isLinked":false}},"elements":[],"isInner":false,"widgetType":"text-editor","elType":"widget"}],"isInner":true,"elType":"column"},{"id":"59bf481","settings":{"_column_size":25,"_inline_size":null,"space_between_widgets":13,"_inline_size_tablet":50},"elements":[{"id":"4c54e66a","settings":{"selected_icon":{"value":{"url":"https:\/\/demo28.houzez.co\/wp-content\/uploads\/2022\/08\/houzez-icon-13.svg","id":18168},"library":"svg"},"_margin":{"unit":"px","top":"0","right":"0","bottom":"30","left":"0","isLinked":false},"_padding":{"unit":"px","top":"30","right":"31","bottom":"27","left":"33","isLinked":false},"_element_width":"auto","_background_background":"classic","_background_color":"#FFFFFFFA","_border_border":"solid","_border_width":{"unit":"px","top":"1","right":"1","bottom":"1","left":"1","isLinked":true},"_border_color":"#B3E6EF","_border_radius":{"unit":"px","top":"8","right":"8","bottom":"8","left":"8","isLinked":true},"_box_shadow_box_shadow_type":"yes","_box_shadow_box_shadow":{"horizontal":-8,"vertical":-8,"blur":0,"spread":0,"color":"rgba(179, 230.00000000000006, 238.99999999999997, 0.23921568627450981)"}},"elements":[],"isInner":false,"widgetType":"icon","elType":"widget"},{"id":"6cdfda06","settings":{"title":"Office","header_size":"h3","typography_typography":"custom","typography_font_size":{"unit":"px","size":20,"sizes":[]}},"elements":[],"isInner":false,"widgetType":"heading","elType":"widget"},{"id":"4ecfe9b9","settings":{"editor":"<p>There are many different types of offices, so you'll be sure to find one that suits your business.<\/p>","text_color":"#848484","typography_typography":"custom","typography_font_family":"Jost","typography_font_size":{"unit":"px","size":18,"sizes":[]},"_margin":{"unit":"px","top":"0","right":"0","bottom":"50","left":"0","isLinked":false}},"elements":[],"isInner":false,"widgetType":"text-editor","elType":"widget"}],"isInner":true,"elType":"column"},{"id":"329b6a9b","settings":{"_column_size":25,"_inline_size":null,"space_between_widgets":13,"_inline_size_tablet":50},"elements":[{"id":"6b73f955","settings":{"selected_icon":{"value":{"url":"https:\/\/demo28.houzez.co\/wp-content\/uploads\/2022\/08\/houzez-icon-15.svg","id":18174},"library":"svg"},"_margin":{"unit":"px","top":"0","right":"0","bottom":"30","left":"0","isLinked":false},"_padding":{"unit":"px","top":"30","right":"31","bottom":"27","left":"33","isLinked":false},"_element_width":"auto","_background_background":"classic","_background_color":"#FFFFFFFA","_border_border":"solid","_border_width":{"unit":"px","top":"1","right":"1","bottom":"1","left":"1","isLinked":true},"_border_color":"#B3E6EF","_border_radius":{"unit":"px","top":"8","right":"8","bottom":"8","left":"8","isLinked":true},"_box_shadow_box_shadow_type":"yes","_box_shadow_box_shadow":{"horizontal":-8,"vertical":-8,"blur":0,"spread":0,"color":"rgba(179, 230.00000000000006, 238.99999999999997, 0.23921568627450981)"}},"elements":[],"isInner":false,"widgetType":"icon","elType":"widget"},{"id":"5e9c9d32","settings":{"title":"Retail","header_size":"h3","typography_typography":"custom","typography_font_size":{"unit":"px","size":20,"sizes":[]}},"elements":[],"isInner":false,"widgetType":"heading","elType":"widget"},{"id":"49151b23","settings":{"editor":"<p>These properties can be used for a variety of businesses, like retail stores, restaurants, and office space. <\/p>","text_color":"#848484","typography_typography":"custom","typography_font_family":"Jost","typography_font_size":{"unit":"px","size":18,"sizes":[]},"_margin":{"unit":"px","top":"0","right":"0","bottom":"50","left":"0","isLinked":false}},"elements":[],"isInner":false,"widgetType":"text-editor","elType":"widget"}],"isInner":true,"elType":"column"},{"id":"617c9c20","settings":{"_column_size":25,"_inline_size":null,"space_between_widgets":13,"_inline_size_tablet":50},"elements":[{"id":"4bc6d0d5","settings":{"selected_icon":{"value":{"url":"https:\/\/demo28.houzez.co\/wp-content\/uploads\/2022\/08\/houzez-icon-14.svg","id":18167},"library":"svg"},"_margin":{"unit":"px","top":"0","right":"0","bottom":"30","left":"0","isLinked":false},"_padding":{"unit":"px","top":"30","right":"31","bottom":"27","left":"33","isLinked":false},"_element_width":"auto","_background_background":"classic","_background_color":"#FFFFFFFA","_border_border":"solid","_border_width":{"unit":"px","top":"1","right":"1","bottom":"1","left":"1","isLinked":true},"_border_color":"#B3E6EF","_border_radius":{"unit":"px","top":"8","right":"8","bottom":"8","left":"8","isLinked":true},"_box_shadow_box_shadow_type":"yes","_box_shadow_box_shadow":{"horizontal":-8,"vertical":-8,"blur":0,"spread":0,"color":"rgba(179, 230.00000000000006, 238.99999999999997, 0.23921568627450981)"}},"elements":[],"isInner":false,"widgetType":"icon","elType":"widget"},{"id":"78541085","settings":{"title":"Special Purpose","header_size":"h3","typography_typography":"custom","typography_font_size":{"unit":"px","size":20,"sizes":[]}},"elements":[],"isInner":false,"widgetType":"heading","elType":"widget"},{"id":"23876620","settings":{"editor":"<p>Special purpose properties are perfect for businesses that need a specific type of custom-built space. <\/p>","text_color":"#848484","typography_typography":"custom","typography_font_family":"Jost","typography_font_size":{"unit":"px","size":18,"sizes":[]},"_margin":{"unit":"px","top":"0","right":"0","bottom":"50","left":"0","isLinked":false}},"elements":[],"isInner":false,"widgetType":"text-editor","elType":"widget"}],"isInner":true,"elType":"column"}],"isInner":true,"elType":"section"},{"id":"6b5a7cd5","settings":[],"elements":[],"isInner":false,"widgetType":"spacer","elType":"widget"},{"id":"73a976bc","settings":{"text":"View All Properties","size":"md","typography_typography":"custom","typography_font_size":{"unit":"px","size":14,"sizes":[]},"typography_font_weight":"500","typography_text_transform":"uppercase","typography_letter_spacing":{"unit":"px","size":1.5,"sizes":[]},"button_text_color":"#FFFFFF","background_color":"#4284F7","button_background_hover_color":"#4284F7D9","button_box_shadow_box_shadow_type":"yes","button_box_shadow_box_shadow":{"horizontal":0,"vertical":30,"blur":30,"spread":0,"color":"rgba(0, 0, 0, 0.1)"},"text_padding":{"unit":"px","top":"20","right":"40","bottom":"20","left":"40","isLinked":false},"align":"center"},"elements":[],"isInner":false,"widgetType":"button","elType":"widget"},{"id":"5cc9171f","settings":{"space":{"unit":"px","size":100,"sizes":[]}},"elements":[],"isInner":false,"widgetType":"spacer","elType":"widget"}],"isInner":false,"elType":"column"}],"isInner":false,"elType":"section"},{"id":"37a2627e","settings":{"content_width":{"unit":"px","size":1400,"sizes":[]},"background_background":"classic","layout":"full_width","background_color":"#F4FCFD","background_image":{"url":"","id":"","alt":"","source":"library"},"background_overlay_color":"#FFFFFF","background_overlay_opacity":{"unit":"px","size":0.95,"sizes":[]}},"elements":[{"id":"63ee026a","settings":{"_column_size":100,"_inline_size":null},"elements":[{"id":"7a63c1ed","settings":{"layout":"full_width"},"elements":[{"id":"7c5e4421","settings":{"_column_size":100,"_inline_size":null},"elements":[{"id":"5c838052","settings":[],"elements":[],"isInner":false,"widgetType":"spacer","elType":"widget"},{"id":"2f09a6f1","settings":{"title":"Discover our latest Properties","typography_typography":"custom","typography_font_size":{"unit":"px","size":36,"sizes":[]},"align":"center","typography_font_size_mobile":{"unit":"px","size":30,"sizes":[]},"typography_line_height_mobile":{"unit":"px","size":40,"sizes":[]}},"elements":[],"isInner":false,"widgetType":"heading","elType":"widget"}],"isInner":true,"elType":"column"}],"isInner":true,"elType":"section"},{"id":"621cc037","settings":{"layout":"full_width","gap":"wide"},"elements":[{"id":"76a3c054","settings":{"_column_size":100,"_inline_size":null},"elements":[{"id":"3427f6bb","settings":{"slides_to_show":"5","slide_auto":"true","auto_speed":"3000","property_type":["industrial","multifamily"],"hide_featured_label":"none","hz_property_title_typography":"custom","hz_property_title_font_size":{"unit":"px","size":16,"sizes":[]},"hz_item_price_typography":"custom","hz_item_price_font_size":{"unit":"px","size":17,"sizes":[]},"hz_title_margin_bottom":{"unit":"px","size":4,"sizes":[]},"hz_content_padding":{"unit":"px","top":"10","right":"0","bottom":"0","left":"0","isLinked":false},"price_color":"#1E73BE","labels_color":"#878787","sort_by":"random","posts_limit":20,"box_shadow_box_shadow":{"horizontal":0,"vertical":10,"blur":10,"spread":0,"color":"rgba(0, 0, 0, 0.11)"}},"elements":[],"isInner":false,"widgetType":"houzez_elementor_properties_carousel_v5","elType":"widget"},{"id":"914aa56","settings":[],"elements":[],"isInner":false,"widgetType":"spacer","elType":"widget"}],"isInner":true,"elType":"column"}],"isInner":true,"elType":"section"}],"isInner":false,"elType":"column"}],"isInner":false,"elType":"section"},{"id":"3636e7ff","settings":{"content_width":{"unit":"px","size":1400,"sizes":[]},"height":"min-height","custom_height":{"unit":"px","size":900,"sizes":[]},"background_background":"classic","background_color":"#FFFFFF","background_color_b":"#FFFFFF","background_overlay_color":"#9BF0FF","shape_divider_top_height":{"unit":"px","size":54,"sizes":[]}},"elements":[{"id":"377540da","settings":{"_column_size":100,"_inline_size":null},"elements":[{"id":"4d92f3ac","settings":[],"elements":[],"isInner":false,"widgetType":"spacer","elType":"widget"},{"id":"1ec28228","settings":{"content_width":{"unit":"px","size":653,"sizes":[]}},"elements":[{"id":"8192016","settings":{"_column_size":100,"_inline_size":null},"elements":[{"id":"32f79291","settings":{"title":"Offices and Residential Deals","typography_typography":"custom","typography_font_size":{"unit":"px","size":36,"sizes":[]},"typography_line_height":{"unit":"em","size":1.25,"sizes":[]},"align":"center","typography_font_size_mobile":{"unit":"px","size":30,"sizes":[]},"typography_line_height_mobile":{"unit":"px","size":40,"sizes":[]}},"elements":[],"isInner":false,"widgetType":"heading","elType":"widget"},{"id":"65f6e86d","settings":{"title":"You can search through our marketplace and find the perfect place to buy or sell your business.","header_size":"div","typography_typography":"custom","typography_font_size":{"unit":"px","size":18,"sizes":[]},"typography_font_weight":"400","typography_line_height":{"unit":"em","size":1.5,"sizes":[]},"typography_letter_spacing":{"unit":"px","size":0.5,"sizes":[]},"_margin":{"unit":"px","top":"0","right":"0","bottom":"20","left":"0","isLinked":false},"align":"center","title_color":"#7D7D7D"},"elements":[],"isInner":false,"widgetType":"heading","elType":"widget"}],"isInner":true,"elType":"column"}],"isInner":true,"elType":"section"},{"id":"70bab5e","settings":[],"elements":[{"id":"17792a69","settings":{"_column_size":100,"_inline_size":null},"elements":[{"id":"4c22eb13","settings":{"posts_limit":"9","property_type":["multifamily","office"],"_margin":{"unit":"px","top":"70","right":"0","bottom":"0","left":"0","isLinked":false},"_border_width":{"unit":"px","top":"5","right":"5","bottom":"5","left":"5","isLinked":true},"_box_shadow_box_shadow_type":"yes","_box_shadow_box_shadow":{"horizontal":0,"vertical":30,"blur":30,"spread":0,"color":"rgba(0, 0, 0, 0.1)"}},"elements":[],"isInner":false,"widgetType":"houzez_elementor_properties_slider","elType":"widget"}],"isInner":true,"elType":"column"}],"isInner":true,"elType":"section"},{"id":"6ad4ccf3","settings":{"space":{"unit":"px","size":100,"sizes":[]}},"elements":[],"isInner":false,"widgetType":"spacer","elType":"widget"}],"isInner":false,"elType":"column"}],"isInner":false,"elType":"section"},{"id":"5dc47d96","settings":{"content_width":{"unit":"px","size":1400,"sizes":[]},"background_background":"classic","background_color":"#F4FCFD","background_image":{"url":"","id":"","alt":"","source":"library"},"background_overlay_color":"#FFFFFF","background_overlay_opacity":{"unit":"px","size":0.95,"sizes":[]}},"elements":[{"id":"169355a6","settings":{"_column_size":100,"_inline_size":null},"elements":[{"id":"49f16b9c","settings":[],"elements":[],"isInner":false,"widgetType":"spacer","elType":"widget"},{"id":"708dcb75","settings":[],"elements":[{"id":"408c30a6","settings":{"_column_size":100,"_inline_size":null},"elements":[{"id":"17bc86da","settings":{"title":"Meet Our Real Estate Agents","size":"large","align":"center","typography_typography":"custom","typography_font_size_mobile":{"unit":"px","size":30,"sizes":[]},"typography_font_size":{"unit":"px","size":36,"sizes":[]},"typography_line_height_mobile":{"unit":"px","size":40,"sizes":[]},"_padding_mobile":{"unit":"px","top":"0","right":"0","bottom":"0","left":"0","isLinked":true}},"elements":[],"isInner":false,"widgetType":"heading","elType":"widget"},{"id":"4faacdbe","settings":{"space":{"unit":"px","size":20,"sizes":[]}},"elements":[],"isInner":false,"widgetType":"spacer","elType":"widget"}],"isInner":true,"elType":"column"}],"isInner":true,"elType":"section"},{"id":"4a462327","settings":{"layout":"full_width"},"elements":[{"id":"4540ffcb","settings":{"_column_size":100,"_inline_size":null},"elements":[{"id":"7f6b1ffe","settings":{"columns":"4","posts_limit":"4"},"elements":[],"isInner":false,"widgetType":"houzez_elementor_agents","elType":"widget"},{"id":"2ca8c457","settings":{"space":{"unit":"px","size":100,"sizes":[]}},"elements":[],"isInner":false,"widgetType":"spacer","elType":"widget"}],"isInner":true,"elType":"column"}],"isInner":true,"elType":"section"}],"isInner":false,"elType":"column"}],"isInner":false,"elType":"section"},{"id":"20ebe115","settings":{"content_width":{"unit":"px","size":1400,"sizes":[]},"background_background":"classic","background_color":"#FFFFFF","background_image":{"url":"","id":"","alt":"","source":"library"},"background_overlay_color":"#A6EAFF","background_overlay_opacity":{"unit":"px","size":0.95,"sizes":[]},"custom_height":{"unit":"px","size":740,"sizes":[]}},"elements":[{"id":"3bddd640","settings":{"_column_size":100,"_inline_size":null},"elements":[{"id":"773dc45f","settings":{"space_tablet":{"unit":"px","size":5,"sizes":[]}},"elements":[],"isInner":false,"widgetType":"spacer","elType":"widget"},{"id":"90a79b6","settings":{"layout":"full_width","structure":"20","reverse_order_tablet":"reverse-tablet"},"elements":[{"id":"77a84793","settings":{"_column_size":50,"_inline_size":null,"_inline_size_tablet":100,"padding_tablet":{"unit":"px","top":"60","right":"60","bottom":"60","left":"60","isLinked":true},"padding_mobile":{"unit":"px","top":"0","right":"0","bottom":"0","left":"0","isLinked":true},"content_position":"center"},"elements":[{"id":"49df0e27","settings":{"title":"Request a free valuation","size":"large","align":"left","typography_typography":"custom","typography_font_size_mobile":{"unit":"px","size":30,"sizes":[]},"align_mobile":"center","typography_font_size":{"unit":"px","size":36,"sizes":[]},"typography_line_height_mobile":{"unit":"px","size":40,"sizes":[]}},"elements":[],"isInner":false,"widgetType":"heading","elType":"widget"},{"id":"5769501b","settings":{"editor":"<p>Our real estate company has a number of luxury and exclusive listings that are perfect for international clients.&nbsp;<\/p>","text_color":"#9298A1","typography_typography":"custom","align_mobile":"center","typography_font_size":{"unit":"px","size":20,"sizes":[]},"typography_font_size_mobile":{"unit":"px","size":16,"sizes":[]},"typography_font_weight":"400","typography_line_height":{"unit":"em","size":1.5,"sizes":[]},"typography_letter_spacing":{"unit":"px","size":0.5,"sizes":[]},"_margin":{"unit":"px","top":"0","right":"0","bottom":"20","left":"0","isLinked":false}},"elements":[],"isInner":false,"widgetType":"text-editor","elType":"widget"},{"id":"eabf680","settings":{"form_name":"New Form","form_fields":[{"field_type":"user_type","field_label":"Personal Information","placeholder":"Select","required":"true","field_options":"Property owner\nAgent\n","width":"33","_id":"b66c734"},{"field_type":"first_name","field_label":"&nbsp;","placeholder":"First name","required":"true","width":"33","_id":"ac32e68"},{"field_type":"last_name","field_label":"&nbsp;","placeholder":"Last name","required":"true","width":"33","_id":"7304c05"},{"field_type":"email","placeholder":"Email address","required":"true","width":"66","_id":"7b74074"},{"field_type":"mobile","placeholder":"Phone number","required":"true","width":"33","_id":"e92d2c5"},{"field_type":"e_meta[property_type]","field_label":"Property Information","placeholder":"Type","required":"true","width":"33","_id":"08ee178"},{"field_type":"e_meta[zipcode]","field_label":"&nbsp;","placeholder":"Zip code","required":"true","width":"33","_id":"cfcfcd6"},{"field_type":"e_meta[price]","placeholder":"Your budget","required":"true","width":"33","_id":"3dbb366","field_label":"&nbsp;"},{"field_type":"e_meta[area]","placeholder":"N. of bedrooms","required":"true","width":"33","_id":"c3053de"},{"field_type":"e_meta[baths]","placeholder":"N. of bathrooms","required":"true","width":"33","_id":"ca559d7"}],"button_text":"Submit","email_to":"hello@favethemes.com","email_subject":"New message from &quot;Houzez - Highly Customizable Real Estate WordPress Theme&quot;","button_background_color":"#4284F7","button_background_hover_color":"#4284F7D9","_padding":{"unit":"px","top":"30","right":"30","bottom":"0","left":"30","isLinked":false},"_background_color":"#FFFFFF","input_size":"md","button_size":"md","column_gap":{"unit":"px","size":15,"sizes":[]},"row_gap":{"unit":"px","size":15,"sizes":[]},"label_spacing":{"unit":"px","size":15,"sizes":[]},"label_typography_typography":"custom","label_typography_font_family":"Inter","label_typography_font_size":{"unit":"px","size":14,"sizes":[]},"field_typography_typography":"custom","field_typography_font_size":{"unit":"px","size":14,"sizes":[]},"field_border_color":"#DBDBDB","button_typography_typography":"custom","button_typography_font_size":{"unit":"px","size":14,"sizes":[]},"button_typography_text_transform":"uppercase","button_typography_letter_spacing":{"unit":"px","size":1.9,"sizes":[]},"button_border_radius":{"unit":"px","top":"3","right":"3","bottom":"3","left":"3","isLinked":true},"_box_shadow_box_shadow":{"horizontal":0,"vertical":30,"blur":30,"spread":0,"color":"rgba(0, 0, 0, 0.1)"},"column_gap_mobile":{"unit":"px","size":20,"sizes":[]},"row_gap_mobile":{"unit":"px","size":10,"sizes":[]},"button_width":"33","_margin":{"unit":"%","top":"0","right":"-38","bottom":"0","left":"0","isLinked":false},"_margin_tablet":{"unit":"%","top":"0","right":"0","bottom":"0","left":"0","isLinked":true},"_margin_mobile":{"unit":"%","top":"","right":"","bottom":"","left":"","isLinked":true},"_z_index":1,"_background_background":"classic","_border_radius":{"unit":"px","top":"8","right":"8","bottom":"8","left":"8","isLinked":true},"_box_shadow_box_shadow_type":"yes"},"elements":[],"isInner":false,"widgetType":"houzez_elementor_inquiry_form","elType":"widget"}],"isInner":true,"elType":"column"},{"id":"46710d76","settings":{"_column_size":50,"_inline_size":null,"_inline_size_tablet":100,"hide_tablet":"hidden-tablet","hide_mobile":"hidden-mobile"},"elements":[{"id":"6ca95a6b","settings":[],"elements":[],"isInner":false,"widgetType":"spacer","elType":"widget"},{"id":"184ff4ca","settings":{"image":{"url":"https:\/\/demo28.houzez.co\/wp-content\/uploads\/2022\/08\/header-03.jpg","id":18081,"alt":"","source":"library"},"image_size":"custom","image_custom_dimension":{"width":"600","height":"600"},"image_border_radius":{"unit":"px","top":"12","right":"12","bottom":"12","left":"12","isLinked":true},"image_box_shadow_box_shadow_type":"yes","image_box_shadow_box_shadow":{"horizontal":30,"vertical":30,"blur":0,"spread":0,"color":"rgba(179, 230.00000000000006, 238.99999999999997, 0.24)"}},"elements":[],"isInner":false,"widgetType":"image","elType":"widget"},{"id":"5b4e07eb","settings":{"space_tablet":{"unit":"px","size":0,"sizes":[]}},"elements":[],"isInner":false,"widgetType":"spacer","elType":"widget"}],"isInner":true,"elType":"column"}],"isInner":true,"elType":"section"},{"id":"23a2c3fd","settings":[],"elements":[],"isInner":false,"widgetType":"spacer","elType":"widget"}],"isInner":false,"elType":"column"}],"isInner":false,"elType":"section"},{"id":"3a3a85d3","settings":{"background_background":"classic","background_color":"#FFFFFF","structure":"50","padding":{"unit":"px","top":"15","right":"0","bottom":"15","left":"0","isLinked":false},"border_border":"solid","border_width":{"unit":"px","top":"1","right":"0","bottom":"00","left":"0","isLinked":false},"border_color":"#ECECEC","hide_mobile":"hidden-phone","content_width":{"unit":"px","size":1400,"sizes":[]},"gap":"wide","box_shadow_box_shadow":{"horizontal":0,"vertical":15,"blur":15,"spread":0,"color":"rgba(0, 0, 0, 0.05)"},"z_index":1},"elements":[{"id":"1dc854b","settings":{"_column_size":20,"_inline_size":null},"elements":[{"id":"1cffd3fe","settings":{"image":{"url":"https:\/\/demo28.houzez.co\/wp-content\/uploads\/2016\/03\/partner-05-e1582734603812.jpg","id":1122,"alt":"","source":"library"}},"elements":[],"isInner":false,"widgetType":"image","elType":"widget"}],"isInner":false,"elType":"column"},{"id":"1d503765","settings":{"_column_size":20,"_inline_size":null},"elements":[{"id":"7339f678","settings":{"image":{"url":"https:\/\/demo28.houzez.co\/wp-content\/uploads\/2016\/03\/partner-04-e1582734649458.jpg","id":1121,"alt":"","source":"library"}},"elements":[],"isInner":false,"widgetType":"image","elType":"widget"}],"isInner":false,"elType":"column"},{"id":"20eff8ad","settings":{"_column_size":20,"_inline_size":null},"elements":[{"id":"22163e5d","settings":{"image":{"url":"https:\/\/demo28.houzez.co\/wp-content\/uploads\/2016\/03\/partner-03-e1582734671602.jpg","id":1120,"alt":"","source":"library"}},"elements":[],"isInner":false,"widgetType":"image","elType":"widget"}],"isInner":false,"elType":"column"},{"id":"54400078","settings":{"_column_size":20,"_inline_size":null},"elements":[{"id":"551100bb","settings":{"image":{"url":"https:\/\/demo28.houzez.co\/wp-content\/uploads\/2016\/03\/partner-02-e1582734691936.jpg","id":1119,"alt":"","source":"library"}},"elements":[],"isInner":false,"widgetType":"image","elType":"widget"}],"isInner":false,"elType":"column"},{"id":"2d3e43bb","settings":{"_column_size":20,"_inline_size":null},"elements":[{"id":"1ed0393d","settings":{"image":{"url":"https:\/\/demo28.houzez.co\/wp-content\/uploads\/2016\/03\/partner-01-e1582734705113.jpg","id":1118,"alt":"","source":"library"}},"elements":[],"isInner":false,"widgetType":"image","elType":"widget"}],"isInner":false,"elType":"column"}],"isInner":false,"elType":"section"}],"page_settings":[],"version":"0.4","title":"Homepage 02 - Demo 28","type":"page"}