{"content":[{"id":"777a85f7","settings":{"custom_height":{"unit":"px","size":870,"sizes":[]},"background_background":"classic","background_image":{"url":"","id":"","alt":"","source":"library"},"background_position":"top left","background_attachment":"fixed","background_repeat":"no-repeat","background_size":"cover","content_width":{"unit":"px","size":1400,"sizes":[]},"gap":"no","custom_height_tablet":{"unit":"vh","size":60,"sizes":[]},"custom_height_mobile":{"unit":"vh","size":"","sizes":[]},"background_overlay_background":"classic","background_overlay_color":"#FFFFFF","background_overlay_color_stop":{"unit":"%","size":72,"sizes":[]},"background_overlay_color_b":"#FFFFFF","background_overlay_color_b_stop":{"unit":"%","size":0,"sizes":[]},"background_overlay_gradient_angle":{"unit":"deg","size":270,"sizes":[]},"background_overlay_opacity":{"unit":"px","size":0.75,"sizes":[]},"border_width":{"unit":"px","top":"0","right":"0","bottom":"5","left":"0","isLinked":false},"border_color":"#4284F7","border_radius":{"unit":"px","top":"0","right":"0","bottom":"0","left":"0","isLinked":true},"box_shadow_box_shadow":{"horizontal":46,"vertical":60,"blur":42,"spread":74,"color":"rgba(0, 0, 0, 0.83)"},"shape_divider_bottom_height":{"unit":"px","size":65,"sizes":[]},"shape_divider_bottom_negative":"yes","z_index":0,"background_image_tablet":{"url":"","id":"","alt":"","source":"library"},"background_position_tablet":"top left","background_repeat_tablet":"no-repeat","background_size_tablet":"cover","background_color":"#FFFFFF","layout":"full_width","padding":{"unit":"px","top":"0","right":"15","bottom":"20","left":"15","isLinked":false}},"elements":[{"id":"370190ae","settings":{"_column_size":100,"_inline_size":null},"elements":[{"id":"78a2e621","settings":{"content_width":{"unit":"px","size":911,"sizes":[]},"layout":"full_width","structure":"20","height_inner":"min-height","custom_height_inner":{"unit":"px","size":520,"sizes":[]},"custom_height_inner_mobile":{"unit":"px","size":407,"sizes":[]},"background_background":"classic","background_image":{"url":"https:\/\/demo28.houzez.co\/wp-content\/uploads\/2022\/08\/header-03.jpg","id":18081,"alt":"","source":"library"},"background_repeat":"no-repeat","background_size":"cover","border_radius":{"unit":"px","top":"12","right":"12","bottom":"12","left":"12","isLinked":true}},"elements":[{"id":"15c6c8ba","settings":{"_column_size":50,"_inline_size":null,"_inline_size_tablet":100,"content_position":"center","padding_tablet":{"unit":"px","top":"80","right":"80","bottom":"80","left":"80","isLinked":true},"padding":{"unit":"px","top":"100","right":"100","bottom":"100","left":"100","isLinked":true},"padding_mobile":{"unit":"px","top":"30","right":"30","bottom":"30","left":"30","isLinked":true}},"elements":[{"id":"41cffb74","settings":{"title":"Commercial Properties For Sale","header_size":"h1","typography_typography":"custom","typography_font_size":{"unit":"px","size":42,"sizes":[]},"align":"left","typography_font_size_tablet":{"unit":"px","size":40,"sizes":[]},"typography_font_size_mobile":{"unit":"px","size":30,"sizes":[]},"typography_line_height_mobile":{"unit":"px","size":34,"sizes":[]},"typography_letter_spacing":{"unit":"px","size":-1,"sizes":[]},"typography_letter_spacing_mobile":{"unit":"px","size":0,"sizes":[]},"align_tablet":"center","_animation":"fadeIn"},"elements":[],"isInner":false,"widgetType":"heading","elType":"widget"},{"id":"591c92bf","settings":{"title":"You can search through our marketplace and find the perfect place to buy or sell your business.","header_size":"div","typography_typography":"custom","typography_font_size":{"unit":"px","size":18,"sizes":[]},"typography_font_weight":"400","typography_line_height":{"unit":"em","size":1.5,"sizes":[]},"typography_letter_spacing":{"unit":"px","size":0.5,"sizes":[]},"_margin":{"unit":"px","top":"0","right":"100","bottom":"20","left":"0","isLinked":false},"align":"left","typography_font_size_tablet":{"unit":"px","size":18,"sizes":[]},"typography_font_size_mobile":{"unit":"px","size":16,"sizes":[]},"align_tablet":"center","_margin_tablet":{"unit":"px","top":"0","right":"0","bottom":"0","left":"0","isLinked":true},"_animation":"fadeIn","_animation_delay":200},"elements":[],"isInner":false,"widgetType":"heading","elType":"widget"},{"id":"50c5a1c7","settings":{"text":"View All Properties","size":"md","typography_typography":"custom","typography_font_size":{"unit":"px","size":14,"sizes":[]},"typography_font_weight":"500","typography_text_transform":"uppercase","typography_letter_spacing":{"unit":"px","size":1.5,"sizes":[]},"button_text_color":"#FFFFFF","background_color":"#4284F7","button_background_hover_color":"#4284F7D9","button_box_shadow_box_shadow_type":"yes","button_box_shadow_box_shadow":{"horizontal":0,"vertical":30,"blur":30,"spread":0,"color":"rgba(0, 0, 0, 0.1)"},"text_padding":{"unit":"px","top":"20","right":"40","bottom":"20","left":"40","isLinked":false},"align":"left","align_tablet":"center","typography_line_height_mobile":{"unit":"em","size":1.5,"sizes":[]},"_animation":"fadeIn","_animation_delay":400},"elements":[],"isInner":false,"widgetType":"button","elType":"widget"}],"isInner":true,"elType":"column"},{"id":"424dcc1","settings":{"_column_size":50,"_inline_size":null,"hide_tablet":"hidden-tablet","hide_mobile":"hidden-mobile"},"elements":[],"isInner":true,"elType":"column"}],"isInner":true,"elType":"section"}],"isInner":false,"elType":"column"}],"isInner":false,"elType":"section"},{"id":"32c5945e","settings":{"background_background":"classic","background_color":"#FFFFFF","structure":"40","padding":{"unit":"px","top":"15","right":"0","bottom":"15","left":"0","isLinked":false},"border_border":"solid","border_width":{"unit":"px","top":"0","right":"0","bottom":"1","left":"0","isLinked":false},"border_color":"#ECECEC","hide_mobile":"hidden-phone","content_width":{"unit":"px","size":1400,"sizes":[]},"gap":"wide","box_shadow_box_shadow":{"horizontal":0,"vertical":15,"blur":15,"spread":0,"color":"rgba(0, 0, 0, 0.05)"},"z_index":1},"elements":[{"id":"767d8f03","settings":{"_column_size":25,"_inline_size":null,"_inline_size_tablet":50},"elements":[{"id":"4ba7e1e","settings":{"selected_icon":{"value":{"url":"https:\/\/demo28.houzez.co\/wp-content\/uploads\/2022\/08\/houzez-icon-07.svg","id":18147},"library":"svg"},"title_text":"Large number of properties located near your desired location.","description_text":"","position":"left","title_size":"div","icon_space":{"unit":"px","size":25,"sizes":[]},"icon_size":{"unit":"px","size":33,"sizes":[]},"content_vertical_alignment":"middle","title_color":"#6F6F6F","title_typography_typography":"custom","title_typography_font_family":"Jost","title_typography_font_size":{"unit":"px","size":16,"sizes":[]}},"elements":[],"isInner":false,"widgetType":"icon-box","elType":"widget"}],"isInner":false,"elType":"column"},{"id":"dd1f9f5","settings":{"_column_size":25,"_inline_size":null,"_inline_size_tablet":50},"elements":[{"id":"7db2f7f9","settings":{"selected_icon":{"value":{"url":"https:\/\/demo28.houzez.co\/wp-content\/uploads\/2022\/08\/houzez-01.svg","id":18143},"library":"svg"},"title_text":"Real estate professionals with the tools they need to be successful.","description_text":"","position":"left","title_size":"div","icon_space":{"unit":"px","size":25,"sizes":[]},"icon_size":{"unit":"px","size":33,"sizes":[]},"content_vertical_alignment":"middle","title_color":"#6F6F6F","title_typography_typography":"custom","title_typography_font_family":"Jost","title_typography_font_size":{"unit":"px","size":16,"sizes":[]}},"elements":[],"isInner":false,"widgetType":"icon-box","elType":"widget"}],"isInner":false,"elType":"column"},{"id":"50cfa5a3","settings":{"_column_size":25,"_inline_size":null,"_inline_size_tablet":50},"elements":[{"id":"79f73bee","settings":{"selected_icon":{"value":{"url":"https:\/\/demo28.houzez.co\/wp-content\/uploads\/2022\/08\/houzez-icon-06.svg","id":18145},"library":"svg"},"title_text":"We partner with the best companies in the industry","description_text":"","position":"left","title_size":"div","icon_space":{"unit":"px","size":25,"sizes":[]},"icon_size":{"unit":"px","size":33,"sizes":[]},"content_vertical_alignment":"middle","title_color":"#6F6F6F","title_typography_typography":"custom","title_typography_font_family":"Jost","title_typography_font_size":{"unit":"px","size":16,"sizes":[]}},"elements":[],"isInner":false,"widgetType":"icon-box","elType":"widget"}],"isInner":false,"elType":"column"},{"id":"4f031c","settings":{"_column_size":25,"_inline_size":null,"_inline_size_tablet":50},"elements":[{"id":"6cdb6bc1","settings":{"selected_icon":{"value":{"url":"https:\/\/demo28.houzez.co\/wp-content\/uploads\/2022\/08\/houzez-icon-08.svg","id":18146},"library":"svg"},"title_text":"Our customer support always strives to be more efficient","description_text":"","position":"left","title_size":"div","icon_space":{"unit":"px","size":25,"sizes":[]},"icon_size":{"unit":"px","size":33,"sizes":[]},"content_vertical_alignment":"middle","title_color":"#6F6F6F","title_typography_typography":"custom","title_typography_font_family":"Jost","title_typography_font_size":{"unit":"px","size":16,"sizes":[]}},"elements":[],"isInner":false,"widgetType":"icon-box","elType":"widget"}],"isInner":false,"elType":"column"}],"isInner":false,"elType":"section"},{"id":"230dbced","settings":{"content_width":{"unit":"px","size":1400,"sizes":[]},"background_background":"classic","background_color":"#FFFFFF"},"elements":[{"id":"dfdbae2","settings":{"_column_size":100,"_inline_size":null},"elements":[{"id":"2d44460b","settings":{"layout":"full_width"},"elements":[{"id":"5f6c89cc","settings":{"_column_size":100,"_inline_size":null},"elements":[{"id":"4128513a","settings":{"space":{"unit":"px","size":70,"sizes":[]},"space_tablet":{"unit":"px","size":30,"sizes":[]}},"elements":[],"isInner":false,"widgetType":"spacer","elType":"widget"},{"id":"342a3bf6","settings":{"title":"We provide every type of CRE property.","typography_typography":"custom","typography_font_size":{"unit":"px","size":36,"sizes":[]},"align":"center","typography_font_size_mobile":{"unit":"px","size":30,"sizes":[]},"typography_line_height_mobile":{"unit":"px","size":40,"sizes":[]}},"elements":[],"isInner":false,"widgetType":"heading","elType":"widget"},{"id":"6853f3ab","settings":{"space":{"unit":"px","size":80,"sizes":[]},"space_tablet":{"unit":"px","size":30,"sizes":[]}},"elements":[],"isInner":false,"widgetType":"spacer","elType":"widget"}],"isInner":true,"elType":"column"}],"isInner":true,"elType":"section"},{"id":"4658bbc0","settings":{"layout":"full_width","gap":"wide","structure":"40"},"elements":[{"id":"4e41dc59","settings":{"_column_size":25,"_inline_size":null,"space_between_widgets":13,"_inline_size_tablet":50},"elements":[{"id":"36d971a","settings":{"selected_icon":{"value":{"url":"https:\/\/demo28.houzez.co\/wp-content\/uploads\/2022\/08\/houzez-icon-09.svg","id":18172},"library":"svg"},"_margin":{"unit":"px","top":"0","right":"0","bottom":"30","left":"0","isLinked":false},"_padding":{"unit":"px","top":"30","right":"31","bottom":"27","left":"33","isLinked":false},"_element_width":"auto","_background_background":"classic","_background_color":"#FFFFFFFA","_border_border":"solid","_border_width":{"unit":"px","top":"1","right":"1","bottom":"1","left":"1","isLinked":true},"_border_color":"#B3E6EF","_border_radius":{"unit":"px","top":"8","right":"8","bottom":"8","left":"8","isLinked":true},"_box_shadow_box_shadow_type":"yes","_box_shadow_box_shadow":{"horizontal":-8,"vertical":-8,"blur":0,"spread":0,"color":"rgba(179, 230.00000000000006, 238.99999999999997, 0.23921568627450981)"}},"elements":[],"isInner":false,"widgetType":"icon","elType":"widget"},{"id":"6ac1d451","settings":{"title":"Hotels","header_size":"h3","typography_typography":"custom","typography_font_size":{"unit":"px","size":20,"sizes":[]}},"elements":[],"isInner":false,"widgetType":"heading","elType":"widget"},{"id":"116bc09c","settings":{"editor":"<p>Hotels are a type of commercial real estate property that can be extremely profitable. <\/p>","text_color":"#848484","typography_typography":"custom","typography_font_family":"Jost","typography_font_size":{"unit":"px","size":18,"sizes":[]},"_margin":{"unit":"px","top":"0","right":"0","bottom":"50","left":"0","isLinked":false}},"elements":[],"isInner":false,"widgetType":"text-editor","elType":"widget"}],"isInner":true,"elType":"column"},{"id":"8e5f65f","settings":{"_column_size":25,"_inline_size":null,"space_between_widgets":13,"_inline_size_tablet":50},"elements":[{"id":"62e5c79e","settings":{"selected_icon":{"value":{"url":"https:\/\/demo28.houzez.co\/wp-content\/uploads\/2022\/08\/houzez-icon-10.svg","id":18171},"library":"svg"},"_margin":{"unit":"px","top":"0","right":"0","bottom":"30","left":"0","isLinked":false},"_padding":{"unit":"px","top":"30","right":"31","bottom":"27","left":"33","isLinked":false},"_element_width":"auto","_background_background":"classic","_background_color":"#FFFFFFFA","_border_border":"solid","_border_width":{"unit":"px","top":"1","right":"1","bottom":"1","left":"1","isLinked":true},"_border_color":"#B3E6EF","_border_radius":{"unit":"px","top":"8","right":"8","bottom":"8","left":"8","isLinked":true},"_box_shadow_box_shadow_type":"yes","_box_shadow_box_shadow":{"horizontal":-8,"vertical":-8,"blur":0,"spread":0,"color":"rgba(179, 230.00000000000006, 238.99999999999997, 0.23921568627450981)"}},"elements":[],"isInner":false,"widgetType":"icon","elType":"widget"},{"id":"16b8988d","settings":{"title":"Industrial","header_size":"h3","typography_typography":"custom","typography_font_size":{"unit":"px","size":20,"sizes":[]}},"elements":[],"isInner":false,"widgetType":"heading","elType":"widget"},{"id":"668eb868","settings":{"editor":"<p>Industrial properties are used for a variety of purposes, like manufacturing, storage, and distribution.<\/p>","text_color":"#848484","typography_typography":"custom","typography_font_family":"Jost","typography_font_size":{"unit":"px","size":18,"sizes":[]},"_margin":{"unit":"px","top":"0","right":"0","bottom":"50","left":"0","isLinked":false}},"elements":[],"isInner":false,"widgetType":"text-editor","elType":"widget"}],"isInner":true,"elType":"column"},{"id":"6a18608e","settings":{"_column_size":25,"_inline_size":null,"space_between_widgets":13,"_inline_size_tablet":50},"elements":[{"id":"10dd168b","settings":{"selected_icon":{"value":{"url":"https:\/\/demo28.houzez.co\/wp-content\/uploads\/2022\/08\/houzez-icon-12.svg","id":18169},"library":"svg"},"_margin":{"unit":"px","top":"0","right":"0","bottom":"30","left":"0","isLinked":false},"_padding":{"unit":"px","top":"30","right":"31","bottom":"27","left":"33","isLinked":false},"_element_width":"auto","_background_background":"classic","_background_color":"#FFFFFFFA","_border_border":"solid","_border_width":{"unit":"px","top":"1","right":"1","bottom":"1","left":"1","isLinked":true},"_border_color":"#B3E6EF","_border_radius":{"unit":"px","top":"8","right":"8","bottom":"8","left":"8","isLinked":true},"_box_shadow_box_shadow_type":"yes","_box_shadow_box_shadow":{"horizontal":-8,"vertical":-8,"blur":0,"spread":0,"color":"rgba(179, 230.00000000000006, 238.99999999999997, 0.23921568627450981)"}},"elements":[],"isInner":false,"widgetType":"icon","elType":"widget"},{"id":"760ef444","settings":{"title":"Lands","header_size":"h3","typography_typography":"custom","typography_font_size":{"unit":"px","size":20,"sizes":[]}},"elements":[],"isInner":false,"widgetType":"heading","elType":"widget"},{"id":"32ca134d","settings":{"editor":"<p>We have a variety of land for sale, ranging in size and price. We can help you find what you're looking for.<\/p>","text_color":"#848484","typography_typography":"custom","typography_font_family":"Jost","typography_font_size":{"unit":"px","size":18,"sizes":[]},"_margin":{"unit":"px","top":"0","right":"0","bottom":"50","left":"0","isLinked":false}},"elements":[],"isInner":false,"widgetType":"text-editor","elType":"widget"}],"isInner":true,"elType":"column"},{"id":"280a7fab","settings":{"_column_size":25,"_inline_size":null,"space_between_widgets":13,"_inline_size_tablet":50},"elements":[{"id":"1f4943d1","settings":{"selected_icon":{"value":{"url":"https:\/\/demo28.houzez.co\/wp-content\/uploads\/2022\/08\/houzez-icon-16.svg","id":18173},"library":"svg"},"_margin":{"unit":"px","top":"0","right":"0","bottom":"30","left":"0","isLinked":false},"_padding":{"unit":"px","top":"30","right":"31","bottom":"27","left":"33","isLinked":false},"_element_width":"auto","_background_background":"classic","_background_color":"#FFFFFFFA","_border_border":"solid","_border_width":{"unit":"px","top":"1","right":"1","bottom":"1","left":"1","isLinked":true},"_border_color":"#B3E6EF","_border_radius":{"unit":"px","top":"8","right":"8","bottom":"8","left":"8","isLinked":true},"_box_shadow_box_shadow_type":"yes","_box_shadow_box_shadow":{"horizontal":-8,"vertical":-8,"blur":0,"spread":0,"color":"rgba(179, 230.00000000000006, 238.99999999999997, 0.23921568627450981)"}},"elements":[],"isInner":false,"widgetType":"icon","elType":"widget"},{"id":"55ac9f0d","settings":{"title":"Mixed Use","header_size":"h3","typography_typography":"custom","typography_font_size":{"unit":"px","size":20,"sizes":[]}},"elements":[],"isInner":false,"widgetType":"heading","elType":"widget"},{"id":"133d9fa0","settings":{"editor":"<p>Mixed-use properties are becoming popular, as they offer a combination of residential and commercial space.<\/p>","text_color":"#848484","typography_typography":"custom","typography_font_family":"Jost","typography_font_size":{"unit":"px","size":18,"sizes":[]},"_margin":{"unit":"px","top":"0","right":"0","bottom":"50","left":"0","isLinked":false}},"elements":[],"isInner":false,"widgetType":"text-editor","elType":"widget"}],"isInner":true,"elType":"column"}],"isInner":true,"elType":"section"},{"id":"5f45305e","settings":{"layout":"full_width","gap":"wide","structure":"40"},"elements":[{"id":"781e89c2","settings":{"_column_size":25,"_inline_size":null,"space_between_widgets":13,"_inline_size_tablet":50},"elements":[{"id":"7747ff31","settings":{"selected_icon":{"value":{"url":"https:\/\/demo28.houzez.co\/wp-content\/uploads\/2022\/08\/houzez-icon-11.svg","id":18170},"library":"svg"},"_margin":{"unit":"px","top":"0","right":"0","bottom":"30","left":"0","isLinked":false},"_padding":{"unit":"px","top":"30","right":"31","bottom":"27","left":"33","isLinked":false},"_element_width":"auto","_background_background":"classic","_background_color":"#FFFFFFFA","_border_border":"solid","_border_width":{"unit":"px","top":"1","right":"1","bottom":"1","left":"1","isLinked":true},"_border_color":"#B3E6EF","_border_radius":{"unit":"px","top":"8","right":"8","bottom":"8","left":"8","isLinked":true},"_box_shadow_box_shadow_type":"yes","_box_shadow_box_shadow":{"horizontal":-8,"vertical":-8,"blur":0,"spread":0,"color":"rgba(179, 230.00000000000006, 238.99999999999997, 0.23921568627450981)"}},"elements":[],"isInner":false,"widgetType":"icon","elType":"widget"},{"id":"5f2fa779","settings":{"title":"Multifamily","header_size":"h3","typography_typography":"custom","typography_font_size":{"unit":"px","size":20,"sizes":[]}},"elements":[],"isInner":false,"widgetType":"heading","elType":"widget"},{"id":"22c674bf","settings":{"editor":"<p>Multifamily properties are a great investment providing you with rental income and potential appreciation.<\/p>","text_color":"#848484","typography_typography":"custom","typography_font_family":"Jost","typography_font_size":{"unit":"px","size":18,"sizes":[]},"_margin":{"unit":"px","top":"0","right":"0","bottom":"50","left":"0","isLinked":false}},"elements":[],"isInner":false,"widgetType":"text-editor","elType":"widget"}],"isInner":true,"elType":"column"},{"id":"22d95b29","settings":{"_column_size":25,"_inline_size":null,"space_between_widgets":13,"_inline_size_tablet":50},"elements":[{"id":"4f551073","settings":{"selected_icon":{"value":{"url":"https:\/\/demo28.houzez.co\/wp-content\/uploads\/2022\/08\/houzez-icon-13.svg","id":18168},"library":"svg"},"_margin":{"unit":"px","top":"0","right":"0","bottom":"30","left":"0","isLinked":false},"_padding":{"unit":"px","top":"30","right":"31","bottom":"27","left":"33","isLinked":false},"_element_width":"auto","_background_background":"classic","_background_color":"#FFFFFFFA","_border_border":"solid","_border_width":{"unit":"px","top":"1","right":"1","bottom":"1","left":"1","isLinked":true},"_border_color":"#B3E6EF","_border_radius":{"unit":"px","top":"8","right":"8","bottom":"8","left":"8","isLinked":true},"_box_shadow_box_shadow_type":"yes","_box_shadow_box_shadow":{"horizontal":-8,"vertical":-8,"blur":0,"spread":0,"color":"rgba(179, 230.00000000000006, 238.99999999999997, 0.23921568627450981)"}},"elements":[],"isInner":false,"widgetType":"icon","elType":"widget"},{"id":"2e9feb72","settings":{"title":"Office","header_size":"h3","typography_typography":"custom","typography_font_size":{"unit":"px","size":20,"sizes":[]}},"elements":[],"isInner":false,"widgetType":"heading","elType":"widget"},{"id":"5f4ff11f","settings":{"editor":"<p>There are many different types of offices, so you'll be sure to find one that suits your business.<\/p>","text_color":"#848484","typography_typography":"custom","typography_font_family":"Jost","typography_font_size":{"unit":"px","size":18,"sizes":[]},"_margin":{"unit":"px","top":"0","right":"0","bottom":"50","left":"0","isLinked":false}},"elements":[],"isInner":false,"widgetType":"text-editor","elType":"widget"}],"isInner":true,"elType":"column"},{"id":"36351c3","settings":{"_column_size":25,"_inline_size":null,"space_between_widgets":13,"_inline_size_tablet":50},"elements":[{"id":"7051316b","settings":{"selected_icon":{"value":{"url":"https:\/\/demo28.houzez.co\/wp-content\/uploads\/2022\/08\/houzez-icon-15.svg","id":18174},"library":"svg"},"_margin":{"unit":"px","top":"0","right":"0","bottom":"30","left":"0","isLinked":false},"_padding":{"unit":"px","top":"30","right":"31","bottom":"27","left":"33","isLinked":false},"_element_width":"auto","_background_background":"classic","_background_color":"#FFFFFFFA","_border_border":"solid","_border_width":{"unit":"px","top":"1","right":"1","bottom":"1","left":"1","isLinked":true},"_border_color":"#B3E6EF","_border_radius":{"unit":"px","top":"8","right":"8","bottom":"8","left":"8","isLinked":true},"_box_shadow_box_shadow_type":"yes","_box_shadow_box_shadow":{"horizontal":-8,"vertical":-8,"blur":0,"spread":0,"color":"rgba(179, 230.00000000000006, 238.99999999999997, 0.23921568627450981)"}},"elements":[],"isInner":false,"widgetType":"icon","elType":"widget"},{"id":"3b41fa8c","settings":{"title":"Retail","header_size":"h3","typography_typography":"custom","typography_font_size":{"unit":"px","size":20,"sizes":[]}},"elements":[],"isInner":false,"widgetType":"heading","elType":"widget"},{"id":"1d564caa","settings":{"editor":"<p>These properties can be used for a variety of businesses, like retail stores, restaurants, and office space. <\/p>","text_color":"#848484","typography_typography":"custom","typography_font_family":"Jost","typography_font_size":{"unit":"px","size":18,"sizes":[]},"_margin":{"unit":"px","top":"0","right":"0","bottom":"50","left":"0","isLinked":false}},"elements":[],"isInner":false,"widgetType":"text-editor","elType":"widget"}],"isInner":true,"elType":"column"},{"id":"499b6fb9","settings":{"_column_size":25,"_inline_size":null,"space_between_widgets":13,"_inline_size_tablet":50},"elements":[{"id":"77968211","settings":{"selected_icon":{"value":{"url":"https:\/\/demo28.houzez.co\/wp-content\/uploads\/2022\/08\/houzez-icon-14.svg","id":18167},"library":"svg"},"_margin":{"unit":"px","top":"0","right":"0","bottom":"30","left":"0","isLinked":false},"_padding":{"unit":"px","top":"30","right":"31","bottom":"27","left":"33","isLinked":false},"_element_width":"auto","_background_background":"classic","_background_color":"#FFFFFFFA","_border_border":"solid","_border_width":{"unit":"px","top":"1","right":"1","bottom":"1","left":"1","isLinked":true},"_border_color":"#B3E6EF","_border_radius":{"unit":"px","top":"8","right":"8","bottom":"8","left":"8","isLinked":true},"_box_shadow_box_shadow_type":"yes","_box_shadow_box_shadow":{"horizontal":-8,"vertical":-8,"blur":0,"spread":0,"color":"rgba(179, 230.00000000000006, 238.99999999999997, 0.23921568627450981)"}},"elements":[],"isInner":false,"widgetType":"icon","elType":"widget"},{"id":"52bfbd0f","settings":{"title":"Special Purpose","header_size":"h3","typography_typography":"custom","typography_font_size":{"unit":"px","size":20,"sizes":[]}},"elements":[],"isInner":false,"widgetType":"heading","elType":"widget"},{"id":"6e8265a2","settings":{"editor":"<p>Special purpose properties are perfect for businesses that need a specific type of custom-built space. <\/p>","text_color":"#848484","typography_typography":"custom","typography_font_family":"Jost","typography_font_size":{"unit":"px","size":18,"sizes":[]},"_margin":{"unit":"px","top":"0","right":"0","bottom":"50","left":"0","isLinked":false}},"elements":[],"isInner":false,"widgetType":"text-editor","elType":"widget"}],"isInner":true,"elType":"column"}],"isInner":true,"elType":"section"},{"id":"244c4536","settings":[],"elements":[],"isInner":false,"widgetType":"spacer","elType":"widget"},{"id":"5013fb9","settings":{"text":"View All Properties","size":"md","typography_typography":"custom","typography_font_size":{"unit":"px","size":14,"sizes":[]},"typography_font_weight":"500","typography_text_transform":"uppercase","typography_letter_spacing":{"unit":"px","size":1.5,"sizes":[]},"button_text_color":"#FFFFFF","background_color":"#4284F7","button_background_hover_color":"#4284F7D9","button_box_shadow_box_shadow_type":"yes","button_box_shadow_box_shadow":{"horizontal":0,"vertical":30,"blur":30,"spread":0,"color":"rgba(0, 0, 0, 0.1)"},"text_padding":{"unit":"px","top":"20","right":"40","bottom":"20","left":"40","isLinked":false},"align":"center"},"elements":[],"isInner":false,"widgetType":"button","elType":"widget"},{"id":"4bcfef62","settings":{"space":{"unit":"px","size":100,"sizes":[]}},"elements":[],"isInner":false,"widgetType":"spacer","elType":"widget"}],"isInner":false,"elType":"column"}],"isInner":false,"elType":"section"},{"id":"261b2d6","settings":{"content_width":{"unit":"px","size":1400,"sizes":[]},"background_background":"classic","layout":"full_width","background_color":"#F4FCFD","background_image":{"url":"","id":"","alt":"","source":"library"},"background_overlay_color":"#FFFFFF","background_overlay_opacity":{"unit":"px","size":0.95,"sizes":[]}},"elements":[{"id":"67d564c2","settings":{"_column_size":100,"_inline_size":null},"elements":[{"id":"730c8c3","settings":{"layout":"full_width"},"elements":[{"id":"5baf9cdc","settings":{"_column_size":100,"_inline_size":null},"elements":[{"id":"65bbaff0","settings":[],"elements":[],"isInner":false,"widgetType":"spacer","elType":"widget"},{"id":"42078b6b","settings":{"title":"Discover our latest Properties","typography_typography":"custom","typography_font_size":{"unit":"px","size":36,"sizes":[]},"align":"center","typography_font_size_mobile":{"unit":"px","size":30,"sizes":[]},"typography_line_height_mobile":{"unit":"px","size":40,"sizes":[]}},"elements":[],"isInner":false,"widgetType":"heading","elType":"widget"}],"isInner":true,"elType":"column"}],"isInner":true,"elType":"section"},{"id":"70cc813","settings":{"layout":"full_width","gap":"wide"},"elements":[{"id":"7b2cc41e","settings":{"_column_size":100,"_inline_size":null},"elements":[{"id":"73b8fa7a","settings":{"slides_to_show":"5","slide_auto":"true","auto_speed":"3000","property_type":["industrial","multifamily"],"hide_featured_label":"none","hz_property_title_typography":"custom","hz_property_title_font_size":{"unit":"px","size":16,"sizes":[]},"hz_item_price_typography":"custom","hz_item_price_font_size":{"unit":"px","size":17,"sizes":[]},"hz_title_margin_bottom":{"unit":"px","size":4,"sizes":[]},"hz_content_padding":{"unit":"px","top":"10","right":"0","bottom":"0","left":"0","isLinked":false},"price_color":"#1E73BE","labels_color":"#878787","sort_by":"random","posts_limit":20,"box_shadow_box_shadow":{"horizontal":0,"vertical":10,"blur":10,"spread":0,"color":"rgba(0, 0, 0, 0.11)"}},"elements":[],"isInner":false,"widgetType":"houzez_elementor_properties_carousel_v5","elType":"widget"},{"id":"6da178a4","settings":[],"elements":[],"isInner":false,"widgetType":"spacer","elType":"widget"}],"isInner":true,"elType":"column"}],"isInner":true,"elType":"section"}],"isInner":false,"elType":"column"}],"isInner":false,"elType":"section"},{"id":"6c74d53f","settings":{"content_width":{"unit":"px","size":1400,"sizes":[]},"height":"min-height","custom_height":{"unit":"px","size":900,"sizes":[]},"background_background":"classic","background_color":"#FFFFFF","background_color_b":"#FFFFFF","background_overlay_color":"#9BF0FF","shape_divider_top_height":{"unit":"px","size":54,"sizes":[]}},"elements":[{"id":"75b0d52f","settings":{"_column_size":100,"_inline_size":null},"elements":[{"id":"58a1b7ef","settings":[],"elements":[],"isInner":false,"widgetType":"spacer","elType":"widget"},{"id":"1606ce0e","settings":{"content_width":{"unit":"px","size":653,"sizes":[]}},"elements":[{"id":"486ec9ee","settings":{"_column_size":100,"_inline_size":null},"elements":[{"id":"5a5bdebe","settings":{"title":"Offices and Residential Deals","typography_typography":"custom","typography_font_size":{"unit":"px","size":36,"sizes":[]},"typography_line_height":{"unit":"em","size":1.25,"sizes":[]},"align":"center","typography_font_size_mobile":{"unit":"px","size":30,"sizes":[]},"typography_line_height_mobile":{"unit":"px","size":40,"sizes":[]}},"elements":[],"isInner":false,"widgetType":"heading","elType":"widget"},{"id":"348f092c","settings":{"title":"You can search through our marketplace and find the perfect place to buy or sell your business.","header_size":"div","typography_typography":"custom","typography_font_size":{"unit":"px","size":18,"sizes":[]},"typography_font_weight":"400","typography_line_height":{"unit":"em","size":1.5,"sizes":[]},"typography_letter_spacing":{"unit":"px","size":0.5,"sizes":[]},"_margin":{"unit":"px","top":"0","right":"0","bottom":"20","left":"0","isLinked":false},"align":"center","title_color":"#7D7D7D"},"elements":[],"isInner":false,"widgetType":"heading","elType":"widget"}],"isInner":true,"elType":"column"}],"isInner":true,"elType":"section"},{"id":"9876d37","settings":[],"elements":[{"id":"60491e90","settings":{"_column_size":100,"_inline_size":null},"elements":[{"id":"2c4c44ee","settings":{"posts_limit":"9","property_type":["multifamily","office"],"_margin":{"unit":"px","top":"70","right":"0","bottom":"0","left":"0","isLinked":false},"_border_width":{"unit":"px","top":"5","right":"5","bottom":"5","left":"5","isLinked":true},"_box_shadow_box_shadow_type":"yes","_box_shadow_box_shadow":{"horizontal":0,"vertical":30,"blur":30,"spread":0,"color":"rgba(0, 0, 0, 0.1)"}},"elements":[],"isInner":false,"widgetType":"houzez_elementor_properties_slider","elType":"widget"}],"isInner":true,"elType":"column"}],"isInner":true,"elType":"section"},{"id":"a33ca81","settings":{"space":{"unit":"px","size":100,"sizes":[]}},"elements":[],"isInner":false,"widgetType":"spacer","elType":"widget"}],"isInner":false,"elType":"column"}],"isInner":false,"elType":"section"},{"id":"5284a39d","settings":{"content_width":{"unit":"px","size":1400,"sizes":[]},"background_background":"classic","background_color":"#F4FCFD","background_image":{"url":"","id":"","alt":"","source":"library"},"background_overlay_color":"#FFFFFF","background_overlay_opacity":{"unit":"px","size":0.95,"sizes":[]}},"elements":[{"id":"134a6c5a","settings":{"_column_size":100,"_inline_size":null},"elements":[{"id":"10517042","settings":[],"elements":[],"isInner":false,"widgetType":"spacer","elType":"widget"},{"id":"70986e05","settings":[],"elements":[{"id":"8718457","settings":{"_column_size":100,"_inline_size":null},"elements":[{"id":"9d3b85b","settings":{"title":"Meet Our Real Estate Agents","size":"large","align":"center","typography_typography":"custom","typography_font_size_mobile":{"unit":"px","size":30,"sizes":[]},"typography_font_size":{"unit":"px","size":36,"sizes":[]},"typography_line_height_mobile":{"unit":"px","size":40,"sizes":[]},"_padding_mobile":{"unit":"px","top":"0","right":"0","bottom":"0","left":"0","isLinked":true}},"elements":[],"isInner":false,"widgetType":"heading","elType":"widget"},{"id":"766886e8","settings":{"space":{"unit":"px","size":20,"sizes":[]}},"elements":[],"isInner":false,"widgetType":"spacer","elType":"widget"}],"isInner":true,"elType":"column"}],"isInner":true,"elType":"section"},{"id":"30635fdf","settings":{"layout":"full_width"},"elements":[{"id":"ecde381","settings":{"_column_size":100,"_inline_size":null},"elements":[{"id":"1199af3c","settings":{"columns":"4","posts_limit":"4"},"elements":[],"isInner":false,"widgetType":"houzez_elementor_agents","elType":"widget"},{"id":"66555b90","settings":{"space":{"unit":"px","size":100,"sizes":[]}},"elements":[],"isInner":false,"widgetType":"spacer","elType":"widget"}],"isInner":true,"elType":"column"}],"isInner":true,"elType":"section"}],"isInner":false,"elType":"column"}],"isInner":false,"elType":"section"},{"id":"34b85431","settings":{"content_width":{"unit":"px","size":1400,"sizes":[]},"background_background":"classic","background_color":"#FFFFFF","background_image":{"url":"","id":"","alt":"","source":"library"},"background_overlay_color":"#A6EAFF","background_overlay_opacity":{"unit":"px","size":0.95,"sizes":[]},"custom_height":{"unit":"px","size":740,"sizes":[]}},"elements":[{"id":"72098cfc","settings":{"_column_size":100,"_inline_size":null},"elements":[{"id":"5b8e983f","settings":{"space_tablet":{"unit":"px","size":5,"sizes":[]}},"elements":[],"isInner":false,"widgetType":"spacer","elType":"widget"},{"id":"da709f9","settings":{"layout":"full_width","structure":"20","reverse_order_tablet":"reverse-tablet"},"elements":[{"id":"78d99812","settings":{"_column_size":50,"_inline_size":null,"_inline_size_tablet":100,"padding_tablet":{"unit":"px","top":"60","right":"60","bottom":"60","left":"60","isLinked":true},"padding_mobile":{"unit":"px","top":"0","right":"0","bottom":"0","left":"0","isLinked":true},"content_position":"center"},"elements":[{"id":"6707d4dd","settings":{"title":"Request a free valuation","size":"large","align":"left","typography_typography":"custom","typography_font_size_mobile":{"unit":"px","size":30,"sizes":[]},"align_mobile":"center","typography_font_size":{"unit":"px","size":36,"sizes":[]},"typography_line_height_mobile":{"unit":"px","size":40,"sizes":[]}},"elements":[],"isInner":false,"widgetType":"heading","elType":"widget"},{"id":"745364b7","settings":{"editor":"<p>Our real estate company has a number of luxury and exclusive listings that are perfect for international clients.&nbsp;<\/p>","text_color":"#9298A1","typography_typography":"custom","align_mobile":"center","typography_font_size":{"unit":"px","size":20,"sizes":[]},"typography_font_size_mobile":{"unit":"px","size":16,"sizes":[]},"typography_font_weight":"400","typography_line_height":{"unit":"em","size":1.5,"sizes":[]},"typography_letter_spacing":{"unit":"px","size":0.5,"sizes":[]},"_margin":{"unit":"px","top":"0","right":"0","bottom":"20","left":"0","isLinked":false}},"elements":[],"isInner":false,"widgetType":"text-editor","elType":"widget"},{"id":"5eb42a84","settings":{"form_name":"New Form","form_fields":[{"field_type":"user_type","field_label":"Personal Information","placeholder":"Select","required":"true","field_options":"Property owner\nAgent\n","width":"33","_id":"b66c734"},{"field_type":"first_name","field_label":"&nbsp;","placeholder":"First name","required":"true","width":"33","_id":"ac32e68"},{"field_type":"last_name","field_label":"&nbsp;","placeholder":"Last name","required":"true","width":"33","_id":"7304c05"},{"field_type":"email","placeholder":"Email address","required":"true","width":"66","_id":"7b74074"},{"field_type":"mobile","placeholder":"Phone number","required":"true","width":"33","_id":"e92d2c5"},{"field_type":"e_meta[property_type]","field_label":"Property Information","placeholder":"Type","required":"true","width":"33","_id":"08ee178"},{"field_type":"e_meta[zipcode]","field_label":"&nbsp;","placeholder":"Zip code","required":"true","width":"33","_id":"cfcfcd6"},{"field_type":"e_meta[price]","placeholder":"Your budget","required":"true","width":"33","_id":"3dbb366","field_label":"&nbsp;"},{"field_type":"e_meta[area]","placeholder":"N. of bedrooms","required":"true","width":"33","_id":"c3053de"},{"field_type":"e_meta[baths]","placeholder":"N. of bathrooms","required":"true","width":"33","_id":"ca559d7"}],"button_text":"Submit","email_to":"hello@favethemes.com","email_subject":"New message from &quot;Houzez - Highly Customizable Real Estate WordPress Theme&quot;","button_background_color":"#4284F7","button_background_hover_color":"#4284F7D9","_padding":{"unit":"px","top":"30","right":"30","bottom":"0","left":"30","isLinked":false},"_background_color":"#FFFFFF","input_size":"md","button_size":"md","column_gap":{"unit":"px","size":15,"sizes":[]},"row_gap":{"unit":"px","size":15,"sizes":[]},"label_spacing":{"unit":"px","size":15,"sizes":[]},"label_typography_typography":"custom","label_typography_font_family":"Inter","label_typography_font_size":{"unit":"px","size":14,"sizes":[]},"field_typography_typography":"custom","field_typography_font_size":{"unit":"px","size":14,"sizes":[]},"field_border_color":"#DBDBDB","button_typography_typography":"custom","button_typography_font_size":{"unit":"px","size":14,"sizes":[]},"button_typography_text_transform":"uppercase","button_typography_letter_spacing":{"unit":"px","size":1.9,"sizes":[]},"button_border_radius":{"unit":"px","top":"3","right":"3","bottom":"3","left":"3","isLinked":true},"_box_shadow_box_shadow":{"horizontal":0,"vertical":30,"blur":30,"spread":0,"color":"rgba(0, 0, 0, 0.1)"},"column_gap_mobile":{"unit":"px","size":20,"sizes":[]},"row_gap_mobile":{"unit":"px","size":10,"sizes":[]},"button_width":"33","_margin":{"unit":"%","top":"0","right":"-38","bottom":"0","left":"0","isLinked":false},"_margin_tablet":{"unit":"%","top":"0","right":"0","bottom":"0","left":"0","isLinked":true},"_margin_mobile":{"unit":"%","top":"","right":"","bottom":"","left":"","isLinked":true},"_z_index":1,"_background_background":"classic","_border_radius":{"unit":"px","top":"8","right":"8","bottom":"8","left":"8","isLinked":true},"_box_shadow_box_shadow_type":"yes"},"elements":[],"isInner":false,"widgetType":"houzez_elementor_inquiry_form","elType":"widget"}],"isInner":true,"elType":"column"},{"id":"f52eae1","settings":{"_column_size":50,"_inline_size":null,"_inline_size_tablet":100,"hide_tablet":"hidden-tablet","hide_mobile":"hidden-mobile"},"elements":[{"id":"30963935","settings":[],"elements":[],"isInner":false,"widgetType":"spacer","elType":"widget"},{"id":"106c2946","settings":{"image":{"url":"https:\/\/demo28.houzez.co\/wp-content\/uploads\/2022\/08\/header-03.jpg","id":18081,"alt":"","source":"library"},"image_size":"custom","image_custom_dimension":{"width":"600","height":"600"},"image_border_radius":{"unit":"px","top":"12","right":"12","bottom":"12","left":"12","isLinked":true},"image_box_shadow_box_shadow_type":"yes","image_box_shadow_box_shadow":{"horizontal":30,"vertical":30,"blur":0,"spread":0,"color":"rgba(179, 230.00000000000006, 238.99999999999997, 0.24)"}},"elements":[],"isInner":false,"widgetType":"image","elType":"widget"},{"id":"346c8a5","settings":{"space_tablet":{"unit":"px","size":0,"sizes":[]}},"elements":[],"isInner":false,"widgetType":"spacer","elType":"widget"}],"isInner":true,"elType":"column"}],"isInner":true,"elType":"section"},{"id":"3af511d0","settings":[],"elements":[],"isInner":false,"widgetType":"spacer","elType":"widget"}],"isInner":false,"elType":"column"}],"isInner":false,"elType":"section"},{"id":"1663eb36","settings":{"background_background":"classic","background_color":"#FFFFFF","structure":"50","padding":{"unit":"px","top":"15","right":"0","bottom":"15","left":"0","isLinked":false},"border_border":"solid","border_width":{"unit":"px","top":"1","right":"0","bottom":"0","left":"0","isLinked":false},"border_color":"#ECECEC","hide_mobile":"hidden-phone","content_width":{"unit":"px","size":1400,"sizes":[]},"gap":"wide","box_shadow_box_shadow":{"horizontal":0,"vertical":15,"blur":15,"spread":0,"color":"rgba(0, 0, 0, 0.05)"},"z_index":1},"elements":[{"id":"ab4f631","settings":{"_column_size":20,"_inline_size":null},"elements":[{"id":"1b5f5630","settings":{"image":{"url":"https:\/\/demo28.houzez.co\/wp-content\/uploads\/2016\/03\/partner-05-e1582734603812.jpg","id":1122,"alt":"","source":"library"}},"elements":[],"isInner":false,"widgetType":"image","elType":"widget"}],"isInner":false,"elType":"column"},{"id":"545e4a21","settings":{"_column_size":20,"_inline_size":null},"elements":[{"id":"74a85550","settings":{"image":{"url":"https:\/\/demo28.houzez.co\/wp-content\/uploads\/2016\/03\/partner-04-e1582734649458.jpg","id":1121,"alt":"","source":"library"}},"elements":[],"isInner":false,"widgetType":"image","elType":"widget"}],"isInner":false,"elType":"column"},{"id":"212c041f","settings":{"_column_size":20,"_inline_size":null},"elements":[{"id":"61a40e7c","settings":{"image":{"url":"https:\/\/demo28.houzez.co\/wp-content\/uploads\/2016\/03\/partner-03-e1582734671602.jpg","id":1120,"alt":"","source":"library"}},"elements":[],"isInner":false,"widgetType":"image","elType":"widget"}],"isInner":false,"elType":"column"},{"id":"6525dc13","settings":{"_column_size":20,"_inline_size":null},"elements":[{"id":"3fff6eec","settings":{"image":{"url":"https:\/\/demo28.houzez.co\/wp-content\/uploads\/2016\/03\/partner-02-e1582734691936.jpg","id":1119,"alt":"","source":"library"}},"elements":[],"isInner":false,"widgetType":"image","elType":"widget"}],"isInner":false,"elType":"column"},{"id":"4cdae7d5","settings":{"_column_size":20,"_inline_size":null},"elements":[{"id":"22aacdb","settings":{"image":{"url":"https:\/\/demo28.houzez.co\/wp-content\/uploads\/2016\/03\/partner-01-e1582734705113.jpg","id":1118,"alt":"","source":"library"}},"elements":[],"isInner":false,"widgetType":"image","elType":"widget"}],"isInner":false,"elType":"column"}],"isInner":false,"elType":"section"}],"page_settings":[],"version":"0.4","title":"Homepage 03 - Demo 28","type":"page"}