{"version":"0.4","title":"Demo 06 &#8211; Homepage","type":"page","content":[{"id":"108185a7","settings":{"height":"min-height","custom_height":{"unit":"px","size":750,"sizes":[]},"background_background":"classic","background_image":{"url":"https:\/\/demo06.houzez.co\/wp-content\/uploads\/2020\/03\/demo06-05.jpg","id":1859},"background_repeat":"no-repeat","background_size":"cover","background_overlay_background":"gradient","background_overlay_color":"rgba(0, 0, 0, 0)","background_overlay_color_b":"#000000","background_overlay_opacity":{"unit":"px","size":0.65,"sizes":[]},"custom_height_mobile":{"unit":"px","size":0,"sizes":[]},"column_position":"bottom","background_position_mobile":"center center","stretch_section":"section-stretched","background_color":"#FFFFFF","layout":"full_width","animation":"none"},"elements":[{"id":"59b77fb","settings":{"_column_size":100,"_inline_size":null},"elements":[{"id":"1865d6db","settings":{"content_width":{"unit":"px","size":500,"sizes":[]},"margin":{"unit":"px","top":"","right":0,"bottom":"","left":0,"isLinked":true},"margin_mobile":{"unit":"px","top":"193","right":0,"bottom":"0","left":0,"isLinked":false},"animation":"fadeIn"},"elements":[{"id":"3ce37660","settings":{"_column_size":100,"_inline_size":null},"elements":[{"id":"2fc1c743","settings":{"hz_section_title":"Marting Moore","hz_section_subtitle":"Houzez Real Estate Agent","section_title_typography_typography":"custom","section_title_typography_font_family":"Prata","section_title_typography_font_size":{"unit":"px","size":53,"sizes":[]},"section_subtitle_typography_typography":"custom","section_subtitle_typography_font_size":{"unit":"px","size":13,"sizes":[]},"section_subtitle_typography_text_transform":"uppercase","section_subtitle_typography_letter_spacing":{"unit":"px","size":10,"sizes":[]},"section_title_typography_font_weight":"400","houzez_section_title_color":"#FFFFFF","houzez_section_subtitle_color":"#FFFFFF","homey_subtitle_spacing":{"unit":"px","size":0,"sizes":[]},"houzez_section_title_margin_bottom":{"unit":"px","size":0,"sizes":[]},"section_title_typography_font_size_mobile":{"unit":"px","size":35,"sizes":[]},"section_subtitle_typography_letter_spacing_mobile":{"unit":"px","size":3.1,"sizes":[]}},"elements":[],"isInner":false,"widgetType":"houzez_elementor_section_title","elType":"widget"},{"id":"4ef15818","settings":{"social_icon_list":[{"social_icon":{"value":"fab fa-instagram","library":"fa-brands"},"link":{"url":"","is_external":"true","nofollow":"","custom_attributes":""},"item_icon_color":"default","item_icon_primary_color":"","item_icon_secondary_color":"","_id":"53e2c87"},{"social_icon":{"value":"fab fa-linkedin","library":"fa-brands"},"link":{"url":"","is_external":"true","nofollow":"","custom_attributes":""},"item_icon_color":"default","item_icon_primary_color":"","item_icon_secondary_color":"","_id":"ab52394"},{"social_icon":{"value":"fab fa-facebook","library":"fa-brands"},"_id":"bbcf0ff","link":{"url":"","is_external":"true","nofollow":"","custom_attributes":""},"item_icon_color":"default","item_icon_primary_color":"","item_icon_secondary_color":""},{"social_icon":{"value":"fab fa-twitter","library":"fa-brands"},"_id":"f66b167","link":{"url":"","is_external":"true","nofollow":"","custom_attributes":""},"item_icon_color":"default","item_icon_primary_color":"","item_icon_secondary_color":""},{"social_icon":{"value":"fab fa-youtube","library":"fa-brands"},"link":{"url":"","is_external":"true","nofollow":"","custom_attributes":""},"item_icon_color":"default","item_icon_primary_color":"","item_icon_secondary_color":"","_id":"66cbd3c"}],"shape":"circle","icon_color":"custom","icon_primary_color":"rgba(255, 255, 255, 0.01)","icon_secondary_color":"#FFFFFF","icon_size":{"unit":"px","size":24,"sizes":[]},"icon_padding":{"unit":"em","size":0.5,"sizes":[]},"icon_spacing":{"unit":"px","size":0,"sizes":[]},"image_border_width":{"unit":"px","top":"1","right":"1","bottom":"1","left":"1","isLinked":true},"hover_secondary_color":"#C5B358"},"elements":[],"isInner":false,"widgetType":"social-icons","elType":"widget"}],"isInner":true,"elType":"column"}],"isInner":true,"elType":"section"},{"id":"4b9d408d","settings":{"structure":"20","content_width":{"unit":"px","size":840,"sizes":[]},"animation":"fadeIn"},"elements":[{"id":"576df0a9","settings":{"_column_size":50,"_inline_size":null},"elements":[{"id":"4f4e8c52","settings":{"text":"Buyers","align":"justify","size":"lg","typography_typography":"custom","typography_font_family":"Roboto","typography_font_size":{"unit":"px","size":14,"sizes":[]},"typography_font_weight":"300","typography_text_transform":"uppercase","typography_letter_spacing":{"unit":"px","size":10,"sizes":[]},"background_color":"rgba(2, 1, 1, 0)","border_border":"solid","border_width":{"unit":"px","top":"2","right":"2","bottom":"2","left":"2","isLinked":true},"border_color":"#FFFFFF","border_radius":{"unit":"px","top":"0","right":"0","bottom":"0","left":"0","isLinked":true},"hover_color":"#FFFFFF","button_background_hover_color":"#C5B358","button_hover_border_color":"#C5B358","link":{"url":"https:\/\/demo06.houzez.co\/buyers\/","is_external":"","nofollow":"","custom_attributes":""}},"elements":[],"isInner":false,"widgetType":"button","elType":"widget"}],"isInner":true,"elType":"column"},{"id":"7a7cac65","settings":{"_column_size":50,"_inline_size":null},"elements":[{"id":"3eb85de6","settings":{"text":"Sellers","align":"justify","size":"lg","typography_typography":"custom","typography_font_family":"Roboto","typography_font_size":{"unit":"px","size":14,"sizes":[]},"typography_font_weight":"300","typography_text_transform":"uppercase","typography_letter_spacing":{"unit":"px","size":10,"sizes":[]},"background_color":"rgba(2, 1, 1, 0)","border_border":"solid","border_width":{"unit":"px","top":"2","right":"2","bottom":"2","left":"2","isLinked":true},"border_color":"#FFFFFF","border_radius":{"unit":"px","top":"0","right":"0","bottom":"0","left":"0","isLinked":true},"hover_color":"#FFFFFF","button_background_hover_color":"#C5B358","button_hover_border_color":"#C5B358","link":{"url":"https:\/\/demo06.houzez.co\/inquiry-form\/","is_external":"","nofollow":"","custom_attributes":""}},"elements":[],"isInner":false,"widgetType":"button","elType":"widget"}],"isInner":true,"elType":"column"}],"isInner":true,"elType":"section"},{"id":"2d5a2d65","settings":{"content_width":{"unit":"px","size":840,"sizes":[]}},"elements":[{"id":"69ab447c","settings":{"_column_size":100,"_inline_size":null},"elements":[{"id":"618baf74","settings":[],"elements":[],"isInner":false,"widgetType":"spacer","elType":"widget"}],"isInner":true,"elType":"column"}],"isInner":true,"elType":"section"}],"isInner":false,"elType":"column"}],"isInner":false,"elType":"section"},{"id":"766fc9ff","settings":{"stretch_section":"section-stretched","background_background":"classic","background_color":"#ffffff","animation":"fadeIn","_element_id":"about"},"elements":[{"id":"5d13b162","settings":{"_column_size":100},"elements":[{"id":"4f85f504","settings":[],"elements":[],"isInner":false,"widgetType":"houzez_elementor_space","elType":"widget"},{"id":"44acbbfb","settings":{"content_position":"middle","structure":"21","gap":"wider"},"elements":[{"id":"3c018e51","settings":{"_column_size":33,"_inline_size":null},"elements":[{"id":"7ab5ce1c","settings":{"image":{"url":"https:\/\/demo06.houzez.co\/wp-content\/uploads\/2020\/03\/about.jpg","id":1971},"image_size":"custom","image_custom_dimension":{"width":"400","height":"600"}},"elements":[],"isInner":false,"widgetType":"image","elType":"widget"}],"isInner":true,"elType":"column"},{"id":"40372077","settings":{"_column_size":66,"_inline_size":null},"elements":[{"id":"2dd4bf55","settings":{"hz_section_title":"About","hz_section_subtitle":"Martin Moore Real Estate","section_title_typography_typography":"custom","section_title_typography_font_family":"Prata","section_title_typography_font_size":{"unit":"px","size":40,"sizes":[]},"section_subtitle_typography_typography":"custom","section_subtitle_typography_font_size":{"unit":"px","size":13,"sizes":[]},"section_subtitle_typography_text_transform":"uppercase","section_subtitle_typography_letter_spacing":{"unit":"px","size":10,"sizes":[]},"section_title_typography_font_weight":"400","houzez_section_title_color":"#000000","houzez_section_subtitle_color":"#C5B358","homey_subtitle_spacing":{"unit":"px","size":0,"sizes":[]},"houzez_section_title_margin_bottom":{"unit":"px","size":10,"sizes":[]},"section_title_typography_font_size_mobile":{"unit":"px","size":31,"sizes":[]},"section_subtitle_typography_letter_spacing_mobile":{"unit":"px","size":3,"sizes":[]},"houzez_section_title_align_mobile":"left","houzez_section_title_align":"left"},"elements":[],"isInner":false,"widgetType":"houzez_elementor_section_title","elType":"widget"},{"id":"30abe754","settings":{"editor":"<p style=\"color: #333333; font-family: Lato;\">Lorem ipsum dolor sit amet, consectetur adipiscing elit. Sed suscipit varius suscipit. Nullam ullamcorper nunc in diam tempor, non malesuada leo sollicitudin. Sed lorem nulla, tincidunt tempor libero vitae, dignissim porttitor justo. Curabitur ornare neque quis nibh commodo porta. Pellentesque eleifend a dui vel lobortis. Donec sit amet nibh ut nulla.<\/p><p style=\"color: #333333; font-family: Lato;\">Proin mattis leo et nunc euismod fringilla. Etiam dignissim a sapien ac sagittis.Curabitur ornare neque quis nibh commodo porta. Pellentesque eleifend a dui vel lobortis. Donec sit amet nibh ut nulla ullamcorper rutrum.\u00a0<\/p>","typography_typography":"custom","typography_font_family":"Roboto","typography_font_weight":"300","typography_line_height":{"unit":"em","size":1.7,"sizes":[]}},"elements":[],"isInner":false,"widgetType":"text-editor","elType":"widget"},{"id":"fb28ed7","settings":{"editor":"<p><strong>Downtown\u00a0|\u00a0Miami<\/strong><br \/>785 West Side Road \u2013 Miami, FL 33879<\/p>","text_color":"#000000","typography_typography":"custom","typography_font_family":"Roboto","typography_font_weight":"300"},"elements":[],"isInner":false,"widgetType":"text-editor","elType":"widget"},{"id":"700dc4b8","settings":{"icon_list":[{"text":"+1 (786) 465 9382","selected_icon":{"value":"fab fa-whatsapp","library":"fa-brands"},"_id":"0feaaf3","link":{"url":"tel:+17866356365","is_external":"","nofollow":"","custom_attributes":""}},{"text":"martin.moore","selected_icon":{"value":"fab fa-skype","library":"fa-brands"},"link":{"url":"","is_external":"","nofollow":"","custom_attributes":""},"_id":"b5148ab"}],"space_between":{"unit":"px","size":20,"sizes":[]},"icon_color":"#C5B358","icon_size":{"unit":"px","size":20,"sizes":[]},"icon_typography_typography":"custom","icon_typography_font_weight":"400","view":"inline","icon_align":"left","text_color":"#000000","text_color_hover":"#C5B358"},"elements":[],"isInner":false,"widgetType":"icon-list","elType":"widget"}],"isInner":true,"elType":"column"}],"isInner":true,"elType":"section"},{"id":"66c1c98c","settings":[],"elements":[],"isInner":false,"widgetType":"houzez_elementor_space","elType":"widget"}],"isInner":false,"elType":"column"}],"isInner":false,"elType":"section"},{"id":"7c827183","settings":{"stretch_section":"section-stretched","background_color":"#ffffff","animation":"fadeIn","_element_id":"exclusive"},"elements":[{"id":"52ff0c5e","settings":{"_column_size":100},"elements":[{"id":"ef52f56","settings":[],"elements":[],"isInner":false,"widgetType":"houzez_elementor_space","elType":"widget"},{"id":"3f9efb23","settings":{"content_position":"middle","gap":"wider"},"elements":[{"id":"40db446","settings":{"_column_size":100,"_inline_size":null},"elements":[{"id":"7e30ed59","settings":{"hz_section_title":"Exclusive Listings","hz_section_subtitle":"Lorem ipsum dolor sit amet","section_title_typography_typography":"custom","section_title_typography_font_family":"Prata","section_title_typography_font_size":{"unit":"px","size":40,"sizes":[]},"section_subtitle_typography_typography":"custom","section_subtitle_typography_font_size":{"unit":"px","size":13,"sizes":[]},"section_subtitle_typography_text_transform":"uppercase","section_subtitle_typography_letter_spacing":{"unit":"px","size":10,"sizes":[]},"section_title_typography_font_weight":"400","houzez_section_title_color":"#000000","houzez_section_subtitle_color":"#C5B358","homey_subtitle_spacing":{"unit":"px","size":0,"sizes":[]},"houzez_section_title_margin_bottom":{"unit":"px","size":10,"sizes":[]},"section_title_typography_font_size_mobile":{"unit":"px","size":31,"sizes":[]},"section_subtitle_typography_letter_spacing_mobile":{"unit":"px","size":3,"sizes":[]}},"elements":[],"isInner":false,"widgetType":"houzez_elementor_section_title","elType":"widget"},{"id":"32b881f5","settings":{"hz_property_title_typography":"custom","posts_limit":6,"featured_prop":"yes","hide_compare":"none","hide_favorite":"none","hide_preview":"none","hz_property_title_font_size":{"unit":"px","size":17,"sizes":[]},"hz_meta_figure_font_size":{"unit":"px","size":1,"sizes":[]},"hz_item_price_typography":"custom","hz_item_price_font_family":"Roboto","hz_item_price_font_size":{"unit":"px","size":16,"sizes":[]},"hz_item_price_font_weight":"500","hz_item_types_typography":"custom","hz_item_area-postfix_typography":"custom","hz_title_margin_bottom":{"unit":"px","size":10,"sizes":[]},"hz_price_margin_bottom":{"unit":"px","size":0,"sizes":[]},"hz_content_padding":{"unit":"px","top":"25","right":"15","bottom":"25","left":"15","isLinked":false},"box_shadow_box_shadow_type":"yes","box_shadow_box_shadow":{"horizontal":0,"vertical":0,"blur":10,"spread":0,"color":"rgba(0, 0, 0, 0.1)"},"buttons_bg_color":"rgba(255, 255, 255, 0.18)","buttons_color":"#FFFFFF","icons_color":"#7A7A7A","figure_color":"#000000"},"elements":[],"isInner":false,"widgetType":"houzez_elementor_property-card-v5","elType":"widget"}],"isInner":true,"elType":"column"}],"isInner":true,"elType":"section"},{"id":"627a4938","settings":[],"elements":[],"isInner":false,"widgetType":"houzez_elementor_space","elType":"widget"}],"isInner":false,"elType":"column"}],"isInner":false,"elType":"section"},{"id":"4ce7d01f","settings":{"stretch_section":"section-stretched","background_color":"#ffffff","animation":"fadeIn","background_background":"classic","_element_id":"communities"},"elements":[{"id":"6758992","settings":{"_column_size":100},"elements":[{"id":"7ae02014","settings":[],"elements":[],"isInner":false,"widgetType":"houzez_elementor_space","elType":"widget"},{"id":"1f8da2ba","settings":{"content_position":"middle","gap":"wider"},"elements":[{"id":"1cca4516","settings":{"_column_size":100,"_inline_size":null},"elements":[{"id":"224d98b0","settings":{"hz_section_title":"Communities","hz_section_subtitle":"Lorem ipsum dolor sit amet","section_title_typography_typography":"custom","section_title_typography_font_family":"Prata","section_title_typography_font_size":{"unit":"px","size":40,"sizes":[]},"section_subtitle_typography_typography":"custom","section_subtitle_typography_font_size":{"unit":"px","size":13,"sizes":[]},"section_subtitle_typography_text_transform":"uppercase","section_subtitle_typography_letter_spacing":{"unit":"px","size":10,"sizes":[]},"section_title_typography_font_weight":"400","houzez_section_title_color":"#000000","houzez_section_subtitle_color":"#C5B358","homey_subtitle_spacing":{"unit":"px","size":0,"sizes":[]},"houzez_section_title_margin_bottom":{"unit":"px","size":10,"sizes":[]},"section_title_typography_font_size_mobile":{"unit":"px","size":31,"sizes":[]},"section_subtitle_typography_letter_spacing_mobile":{"unit":"px","size":3,"sizes":[]}},"elements":[],"isInner":false,"widgetType":"houzez_elementor_section_title","elType":"widget"},{"id":"53f0622c","settings":{"houzez_grid_type":"grid_v3","houzez_grid_from":"property_city","grid_title_typography_typography":"custom","grid_title_typography_font_family":"Prata","grid_title_typography_font_size":{"unit":"px","size":21,"sizes":[]},"grid_subtitle_typography_typography":"custom"},"elements":[],"isInner":false,"widgetType":"houzez_elementor_grids","elType":"widget"},{"id":"39987dfa","settings":{"space":{"unit":"px","size":20,"sizes":[]}},"elements":[],"isInner":false,"widgetType":"spacer","elType":"widget"}],"isInner":true,"elType":"column"}],"isInner":true,"elType":"section"},{"id":"1b242d6f","settings":[],"elements":[],"isInner":false,"widgetType":"houzez_elementor_space","elType":"widget"}],"isInner":false,"elType":"column"}],"isInner":false,"elType":"section"},{"id":"1dc7b25d","settings":{"stretch_section":"section-stretched","background_background":"classic","animation":"fadeIn","_element_id":"team"},"elements":[{"id":"696c2cb4","settings":{"_column_size":100},"elements":[{"id":"20bfa56a","settings":[],"elements":[],"isInner":false,"widgetType":"houzez_elementor_space","elType":"widget"},{"id":"16f70f3a","settings":{"hz_section_title":"Our Real Estate Team","hz_section_subtitle":"Lorem ipsum dolor sit amet","section_title_typography_typography":"custom","section_title_typography_font_family":"Prata","section_title_typography_font_size":{"unit":"px","size":40,"sizes":[]},"section_subtitle_typography_typography":"custom","section_subtitle_typography_font_size":{"unit":"px","size":13,"sizes":[]},"section_subtitle_typography_text_transform":"uppercase","section_subtitle_typography_letter_spacing":{"unit":"px","size":10,"sizes":[]},"section_title_typography_font_weight":"400","houzez_section_title_color":"#000000","houzez_section_subtitle_color":"#C5B358","homey_subtitle_spacing":{"unit":"px","size":0,"sizes":[]},"houzez_section_title_margin_bottom":{"unit":"px","size":10,"sizes":[]},"section_title_typography_font_size_mobile":{"unit":"px","size":31,"sizes":[]},"section_subtitle_typography_letter_spacing_mobile":{"unit":"px","size":3,"sizes":[]}},"elements":[],"isInner":false,"widgetType":"houzez_elementor_section_title","elType":"widget"},{"id":"2757e85d","settings":{"content_position":"middle","structure":"40"},"elements":[{"id":"1b757387","settings":{"_column_size":25,"_inline_size":null},"elements":[{"id":"1c6dc523","settings":{"team_image":{"url":"http:\/\/wordpress-248995-779532.cloudwaysapps.com\/wp-content\/uploads\/2016\/02\/Artboard-1team.jpg","id":1763},"team_name":"Kathryn Wallace","team_position":"Real Estate Agent","team_description":"Intelligent, ambitious, energetic and proactive perfectionist. Working with Kathryn Wallace is a signature of success.","team_link":"#","team_social_facebook":"#","team_social_twitter":"#","team_social_linkedin":"#","team_social_pinterest":"#","team_social_googleplus":"#"},"elements":[],"isInner":false,"widgetType":"houzez_elementor_team_member","elType":"widget"}],"isInner":true,"elType":"column"},{"id":"4a428478","settings":{"_column_size":25,"_inline_size":null},"elements":[{"id":"52f89d8b","settings":{"team_image":{"url":"http:\/\/wordpress-248995-779532.cloudwaysapps.com\/wp-content\/uploads\/2016\/02\/Artboard-3team.jpg","id":1765},"team_name":"Jerry Edwards","team_position":"Real Estate Agent","team_description":"Intelligent, ambitious, energetic and proactive perfectionist. Working with Kathryn Wallace is a signature of success.","team_link":"#","team_social_facebook":"#","team_social_twitter":"#","team_social_linkedin":"#","team_social_pinterest":"#","team_social_googleplus":"#"},"elements":[],"isInner":false,"widgetType":"houzez_elementor_team_member","elType":"widget"}],"isInner":true,"elType":"column"},{"id":"62ab2c62","settings":{"_column_size":25,"_inline_size":null},"elements":[{"id":"4c215adb","settings":{"team_image":{"url":"http:\/\/wordpress-248995-779532.cloudwaysapps.com\/wp-content\/uploads\/2016\/02\/Artboard-2team.jpg","id":1764},"team_name":"Virginia Holland","team_position":"Real Estate Agent","team_description":"Intelligent, ambitious, energetic and proactive perfectionist. Working with Kathryn Wallace is a signature of success.","team_link":"#","team_social_facebook":"#","team_social_twitter":"#","team_social_linkedin":"#","team_social_pinterest":"#","team_social_googleplus":"#"},"elements":[],"isInner":false,"widgetType":"houzez_elementor_team_member","elType":"widget"}],"isInner":true,"elType":"column"},{"id":"c587b52","settings":{"_column_size":25,"_inline_size":null},"elements":[{"id":"3a504930","settings":{"team_image":{"url":"http:\/\/wordpress-248995-779532.cloudwaysapps.com\/wp-content\/uploads\/2016\/02\/Artboard-4team.jpg","id":1766},"team_name":"Donald Douglas","team_position":"Real Estate Agent","team_description":"Intelligent, ambitious, energetic and proactive perfectionist. Working with Kathryn Wallace is a signature of success.","team_link":"#","team_social_facebook":"#","team_social_twitter":"#","team_social_linkedin":"#","team_social_pinterest":"#","team_social_googleplus":"#"},"elements":[],"isInner":false,"widgetType":"houzez_elementor_team_member","elType":"widget"}],"isInner":true,"elType":"column"}],"isInner":true,"elType":"section"},{"id":"211212bc","settings":[],"elements":[],"isInner":false,"widgetType":"houzez_elementor_space","elType":"widget"}],"isInner":false,"elType":"column"}],"isInner":false,"elType":"section"},{"id":"32fa7d8a","settings":{"stretch_section":"section-stretched","background_background":"classic","background_color":"#ffffff","animation":"fadeIn","_element_id":"testimonials"},"elements":[{"id":"273c1530","settings":{"_column_size":100},"elements":[{"id":"30074213","settings":[],"elements":[],"isInner":false,"widgetType":"houzez_elementor_space","elType":"widget"},{"id":"679d1a0d","settings":{"hz_section_title":"Testimonials","hz_section_subtitle":"Lorem ipsum dolor sit amet","section_title_typography_typography":"custom","section_title_typography_font_family":"Prata","section_title_typography_font_size":{"unit":"px","size":40,"sizes":[]},"section_subtitle_typography_typography":"custom","section_subtitle_typography_font_size":{"unit":"px","size":13,"sizes":[]},"section_subtitle_typography_text_transform":"uppercase","section_subtitle_typography_letter_spacing":{"unit":"px","size":10,"sizes":[]},"section_title_typography_font_weight":"400","houzez_section_title_color":"#000000","houzez_section_subtitle_color":"#C5B358","homey_subtitle_spacing":{"unit":"px","size":0,"sizes":[]},"houzez_section_title_margin_bottom":{"unit":"px","size":10,"sizes":[]},"section_title_typography_font_size_mobile":{"unit":"px","size":31,"sizes":[]},"section_subtitle_typography_letter_spacing_mobile":{"unit":"px","size":3,"sizes":[]}},"elements":[],"isInner":false,"widgetType":"houzez_elementor_section_title","elType":"widget"},{"id":"50803452","settings":{"testimonials_type":"slides"},"elements":[],"isInner":false,"widgetType":"houzez_elementor_testimonials","elType":"widget"},{"id":"3414f659","settings":[],"elements":[],"isInner":false,"widgetType":"houzez_elementor_space","elType":"widget"}],"isInner":false,"elType":"column"}],"isInner":false,"elType":"section"},{"id":"6398794b","settings":{"stretch_section":"section-stretched","background_color":"#ffffff","animation":"fadeIn","_element_id":"contact"},"elements":[{"id":"2356ee72","settings":{"_column_size":100},"elements":[{"id":"71402b8","settings":[],"elements":[],"isInner":false,"widgetType":"houzez_elementor_space","elType":"widget"},{"id":"4ca16a11","settings":{"structure":"21","gap":"wide"},"elements":[{"id":"67731b99","settings":{"_column_size":33,"_inline_size":null},"elements":[{"id":"23be86b3","settings":{"image":{"url":"https:\/\/demo06.houzez.co\/wp-content\/uploads\/2020\/03\/demo06-07.jpg","id":1870},"image_size":"medium","align":"left"},"elements":[],"isInner":false,"widgetType":"image","elType":"widget"},{"id":"2dda9d9e","settings":{"hz_section_title":"Martin Moore","hz_section_subtitle":"Real Estate Agent","section_title_typography_typography":"custom","section_title_typography_font_family":"Prata","section_title_typography_font_size":{"unit":"px","size":35,"sizes":[]},"section_subtitle_typography_typography":"custom","section_subtitle_typography_font_size":{"unit":"px","size":11,"sizes":[]},"section_subtitle_typography_text_transform":"uppercase","section_subtitle_typography_letter_spacing":{"unit":"px","size":10,"sizes":[]},"section_title_typography_font_weight":"400","houzez_section_title_color":"#000000","houzez_section_subtitle_color":"#C5B358","homey_subtitle_spacing":{"unit":"px","size":0,"sizes":[]},"houzez_section_title_margin_bottom":{"unit":"px","size":0,"sizes":[]},"houzez_section_title_align":"left","homey_main_title_spacing":{"unit":"px","size":0,"sizes":[]}},"elements":[],"isInner":false,"widgetType":"houzez_elementor_section_title","elType":"widget"},{"id":"29619b68","settings":{"editor":"<p><strong>Downtown\u00a0|\u00a0Miami<\/strong><br \/>785 West Side Road \u2013 Miami, FL 33879<\/p>","text_color":"#000000","typography_typography":"custom","typography_font_family":"Roboto","typography_font_weight":"300"},"elements":[],"isInner":false,"widgetType":"text-editor","elType":"widget"},{"id":"77aee8df","settings":{"icon_list":[{"text":"+1 (786) 465 9382","selected_icon":{"value":"fab fa-whatsapp","library":"fa-brands"},"_id":"0feaaf3","link":{"url":"tel:+17866356365","is_external":"","nofollow":"","custom_attributes":""}},{"text":"martin.moore","selected_icon":{"value":"fab fa-skype","library":"fa-brands"},"link":{"url":"","is_external":"","nofollow":"","custom_attributes":""},"_id":"b5148ab"}],"space_between":{"unit":"px","size":6,"sizes":[]},"icon_color":"#C5B358","icon_size":{"unit":"px","size":20,"sizes":[]},"icon_typography_typography":"custom","icon_typography_font_weight":"400","icon_align":"left","text_color":"#000000","text_color_hover":"#C5B358"},"elements":[],"isInner":false,"widgetType":"icon-list","elType":"widget"}],"isInner":true,"elType":"column"},{"id":"2974908","settings":{"_column_size":66,"_inline_size":null},"elements":[{"id":"462be07e","settings":{"hz_section_title":"Contact Us","hz_section_subtitle":"Lorem ipsum dolor sit amet","section_title_typography_typography":"custom","section_title_typography_font_family":"Prata","section_title_typography_font_size":{"unit":"px","size":40,"sizes":[]},"section_subtitle_typography_typography":"custom","section_subtitle_typography_font_size":{"unit":"px","size":13,"sizes":[]},"section_subtitle_typography_text_transform":"uppercase","section_subtitle_typography_letter_spacing":{"unit":"px","size":10,"sizes":[]},"section_title_typography_font_weight":"400","houzez_section_title_color":"#000000","houzez_section_subtitle_color":"#C5B358","homey_subtitle_spacing":{"unit":"px","size":0,"sizes":[]},"houzez_section_title_margin_bottom":{"unit":"px","size":10,"sizes":[]},"section_title_typography_font_size_mobile":{"unit":"px","size":31,"sizes":[]},"section_subtitle_typography_letter_spacing_mobile":{"unit":"px","size":3,"sizes":[]},"houzez_section_title_align_mobile":"left","houzez_section_title_align":"left"},"elements":[],"isInner":false,"widgetType":"houzez_elementor_section_title","elType":"widget"},{"id":"173c8b99","settings":{"form_name":"New Form","form_fields":[{"_id":"name","field_type":"first_name","field_label":"First Name","placeholder":"Enter your name","width":"50","required":"true","field_options":"","width_tablet":"","width_mobile":"","rows":4},{"field_type":"last_name","field_label":"Last Name","placeholder":"Enter your last name","width":"50","required":"true","field_options":"","width_tablet":"","width_mobile":"","rows":4,"_id":"47d1b09"},{"_id":"email","field_type":"email","required":"true","field_label":"Email","placeholder":"Enter your email","width":"50","field_options":"","width_tablet":"","width_mobile":"","rows":4},{"field_type":"mobile","field_label":"Phone","placeholder":"Enter your phone","required":"","field_options":"","width":"50","width_tablet":"","width_mobile":"","rows":4,"_id":"5003f78"},{"_id":"message","field_type":"message","field_label":"Message","placeholder":"Message","width":"100","required":"","field_options":"","width_tablet":"","width_mobile":"","rows":4}],"button_text":"Submit","email_to":"hello@favethemes.com","email_subject":"New message from &quot;Houzez&quot;","button_background_color":"#C5B358","_padding":{"unit":"px","top":"50","right":"50","bottom":"30","left":"50","isLinked":false},"_background_background":"classic","_background_color":"#FFFFFF","_padding_mobile":{"unit":"px","top":"20","right":"20","bottom":"20","left":"20","isLinked":true}},"elements":[],"isInner":false,"widgetType":"houzez_elementor_contact_form","elType":"widget"}],"isInner":true,"elType":"column"}],"isInner":true,"elType":"section"},{"id":"64245bb8","settings":[],"elements":[],"isInner":false,"widgetType":"houzez_elementor_space","elType":"widget"}],"isInner":false,"elType":"column"}],"isInner":false,"elType":"section"}]}