{"version":"0.4","title":"Demo 16 &#8211; Homepage","type":"page","content":[{"id":"2a7ce4d5","settings":{"stretch_section":"section-stretched","height":"full","background_background":"classic","background_image":{"url":"http:\/\/wordpress-248995-785463.cloudwaysapps.com\/wp-content\/uploads\/2018\/07\/18016840_04.jpg","id":309},"background_position":"center center","background_repeat":"repeat","background_size":"cover"},"elements":[{"id":"53a12159","settings":{"_column_size":100,"content_position":"center"},"elements":[{"id":"10c0413e","settings":{"structure":"30","content_position":"middle"},"elements":[{"id":"301b3c26","settings":{"_column_size":33,"_inline_size":50.089},"elements":[{"id":"7a45f5d5","settings":{"title":"Find MLS\/IDX Properties","title_color":"#ffffff","typography_typography":"custom","typography_font_family":"Halant","typography_font_size":{"unit":"px","size":48,"sizes":[]},"typography_font_weight":"500","typography_line_height":{"unit":"em","size":1.2,"sizes":[]},"align_mobile":"center","_margin_mobile":{"unit":"px","top":"30","right":"0","bottom":"0","left":"0","isLinked":false}},"elements":[],"isInner":false,"widgetType":"heading","elType":"widget"},{"id":"4fc470c4","settings":{"editor":"<p><span style=\"font-size: 20px;\">Houzez can be used with Optima Express\u00a0IDX Plugin from\u00a0iHomefinder to add IDX real estate search and MLS property listings to your WordPress site.<\/span><\/p>","text_color":"#ffffff","typography_typography":"custom","typography_font_size":{"unit":"px","size":20,"sizes":[]},"typography_font_weight":"300","align_mobile":"center","_margin_mobile":{"unit":"px","top":"0","right":"0","bottom":"30","left":"0","isLinked":false}},"elements":[],"isInner":false,"widgetType":"text-editor","elType":"widget"}],"isInner":true,"elType":"column"},{"id":"4b579fa1","settings":{"_column_size":33,"_inline_size":14.107},"elements":[],"isInner":true,"elType":"column"},{"id":"250dc270","settings":{"_column_size":33,"_inline_size":35.803,"background_background":"classic","background_color":"rgba(255,255,255,0.85)","padding":{"unit":"px","top":"30","right":"30","bottom":"30","left":"30","isLinked":true}},"elements":[{"id":"865c416","settings":{"shortcode":"[optima_express_quick_search style=\"vertical\" showPropertyType=\"true\"]"},"elements":[],"isInner":false,"widgetType":"shortcode","elType":"widget"}],"isInner":true,"elType":"column"}],"isInner":true,"elType":"section"}],"isInner":false,"elType":"column"}],"isInner":false,"elType":"section"},{"id":"6c20b616","settings":{"stretch_section":"section-stretched","layout":"full_width","custom_height":{"unit":"px","size":"","sizes":[]},"content_position":"middle","structure":"20","animation":"fadeIn"},"elements":[{"id":"28634a40","settings":{"_column_size":50,"_inline_size":null,"padding":{"unit":"px","top":"100","right":"100","bottom":"100","left":"100","isLinked":true},"background_background":"classic","background_color":"#ffffff"},"elements":[{"id":"478b6ec1","settings":{"title":"About<br>\nOur Company","title_color":"#000000","typography_typography":"custom","typography_font_family":"Halant","typography_font_size":{"unit":"px","size":48,"sizes":[]},"typography_font_weight":"500","typography_line_height":{"unit":"em","size":1.2,"sizes":[]}},"elements":[],"isInner":false,"widgetType":"heading","elType":"widget"},{"id":"4a9c6662","settings":{"editor":"<p>Suspendisse molestie nunc ut finibus tincidunt. Suspendisse a tincidunt sem. Quisque iaculis felis lacus, vitae consequat turpis feugiat quis. Praesent vitae orci et leo ullamcorper gravida.\u00a0Fusce elementum condimentum turpis sit amet sollicitudin.<\/p>","text_color":"#000000","typography_typography":"custom","typography_font_size":{"unit":"px","size":16,"sizes":[]},"typography_font_weight":"300","typography_line_height":{"unit":"em","size":1.5,"sizes":[]}},"elements":[],"isInner":false,"widgetType":"text-editor","elType":"widget"},{"id":"757e2368","settings":{"text":"Read More","link":{"url":"about-this-demo","is_external":"","nofollow":""},"button_text_color":"#ffffff","background_color":"#5b8b8b","hover_color":"#ffffff","button_background_hover_color":"rgba(91,139,139,0.77)"},"elements":[],"isInner":false,"widgetType":"button","elType":"widget"}],"isInner":false,"elType":"column"},{"id":"62cce2bb","settings":{"_column_size":50,"_inline_size":null,"background_background":"classic","background_image":{"url":"http:\/\/wordpress-248995-785463.cloudwaysapps.com\/wp-content\/uploads\/2018\/07\/about.jpg","id":317},"background_position":"center center","background_size":"cover","padding":{"unit":"%","top":"","right":"","bottom":"","left":"","isLinked":true}},"elements":[{"id":"491119be","settings":[],"elements":[],"isInner":false,"widgetType":"houzez_elementor_space","elType":"widget"}],"isInner":false,"elType":"column"}],"isInner":false,"elType":"section"},{"id":"694afcad","settings":{"custom_height":{"unit":"px","size":"","sizes":[]},"content_position":"middle","animation":"fadeIn"},"elements":[{"id":"4faaf49f","settings":{"_column_size":100,"_inline_size":null},"elements":[{"id":"f655c02","settings":[],"elements":[],"isInner":false,"widgetType":"houzez_elementor_space","elType":"widget"},{"id":"31b72dd0","settings":{"title":"Featured Homes And Condos","align":"center","title_color":"#000000","typography_typography":"custom","typography_font_family":"Halant","typography_font_size":{"unit":"px","size":48,"sizes":[]},"typography_font_weight":"500","typography_line_height":{"unit":"em","size":1.2,"sizes":[]}},"elements":[],"isInner":false,"widgetType":"heading","elType":"widget"},{"id":"11f39c0b","settings":{"editor":"<p>Your active listings are automatically added to your Featured Listings page through <br>The Optima Express IDX Plugin from iHomefinder<\/p>","align":"center","text_color":"#000000","typography_typography":"custom","typography_font_size":{"unit":"px","size":20,"sizes":[]},"typography_font_weight":"300","typography_line_height":{"unit":"em","size":1.5,"sizes":[]}},"elements":[],"isInner":false,"widgetType":"text-editor","elType":"widget"},{"id":"5292c995","settings":{"shortcode":"[optima_express_gallery_slider rows=\"1\" nav=\"bottom\" style=\"grid\" columns=\"3\" effect=\"slide\" auto=\"true\" status=\"active\" maxResults=\"12\"]"},"elements":[],"isInner":false,"widgetType":"shortcode","elType":"widget"},{"id":"4a34cabf","settings":{"text":"Find More Properties","link":{"url":"index.php\/featured-listings\/","is_external":"","nofollow":""},"align":"center","button_text_color":"#ffffff","background_color":"#5b8b8b","hover_color":"#ffffff","button_background_hover_color":"rgba(91,139,139,0.77)"},"elements":[],"isInner":false,"widgetType":"button","elType":"widget"},{"id":"126b5c95","settings":[],"elements":[],"isInner":false,"widgetType":"houzez_elementor_space","elType":"widget"}],"isInner":false,"elType":"column"}],"isInner":false,"elType":"section"},{"id":"ce45146","settings":{"stretch_section":"section-stretched","height":"full","column_position":"stretch","content_position":"bottom","background_background":"classic","background_image":{"url":"http:\/\/wordpress-248995-785463.cloudwaysapps.com\/wp-content\/uploads\/2018\/07\/18016840_28.jpg","id":336},"background_attachment":"fixed","background_repeat":"no-repeat","background_size":"cover","animation":"fadeIn"},"elements":[{"id":"746c0777","settings":{"_column_size":100,"content_position":"center"},"elements":[{"id":"2c0e4f6e","settings":{"content_width":{"unit":"px","size":736,"sizes":[]},"content_position":"bottom"},"elements":[{"id":"154a076","settings":{"_column_size":100,"_inline_size":null,"background_background":"classic","background_color":"#ffffff","padding":{"unit":"px","top":"50","right":"50","bottom":"50","left":"50","isLinked":true}},"elements":[{"id":"403f989c","settings":{"title":"5065 Eagles Nest, Auburn, CA 95603","align":"center","title_color":"#000000","typography_typography":"custom","typography_font_family":"Halant","typography_font_size":{"unit":"px","size":30,"sizes":[]},"typography_font_weight":"500","typography_line_height":{"unit":"em","size":1.2,"sizes":[]}},"elements":[],"isInner":false,"widgetType":"heading","elType":"widget"},{"id":"30de4cf2","settings":{"editor":"<p>Beds: 5\u00a0 \u2022\u00a0 Baths: 3\u00a0 \u2022\u00a0 Sq. Ft.: 5,857\u00a0 \u2022\u00a0 Type: Single Family Home<\/p><p>Gorgeous French Normandy home overlooking the American River Canyon, in the beautiful Canyon Rim Estates. Impeccable quality and tastefully detailed.<\/p><p><strong><a href=\"http:\/\/houzez16.favethemes.com\/#\">View Property<\/a><\/strong><\/p>","align":"center","text_color":"#000000","typography_typography":"custom","typography_font_size":{"unit":"px","size":15,"sizes":[]},"typography_font_weight":"300"},"elements":[],"isInner":false,"widgetType":"text-editor","elType":"widget"}],"isInner":true,"elType":"column"}],"isInner":true,"elType":"section"}],"isInner":false,"elType":"column"}],"isInner":false,"elType":"section"},{"id":"3ab8972e","settings":{"background_background":"classic","animation":"fadeIn"},"elements":[{"id":"48deb2cf","settings":{"_column_size":100,"_inline_size":null},"elements":[{"id":"53baabfb","settings":[],"elements":[],"isInner":false,"widgetType":"houzez_elementor_space","elType":"widget"},{"id":"6eb1fd4d","settings":{"title":"Explore Communities","align":"center","title_color":"#000000","typography_typography":"custom","typography_font_family":"Halant","typography_font_size":{"unit":"px","size":48,"sizes":[]},"typography_font_weight":"500","typography_line_height":{"unit":"em","size":1.2,"sizes":[]},"_margin":{"unit":"px","top":"0","right":"0","bottom":"20","left":"0","isLinked":false}},"elements":[],"isInner":false,"widgetType":"heading","elType":"widget"},{"id":"12554cee","settings":{"structure":"40"},"elements":[{"id":"3d5e822","settings":{"_column_size":25,"_inline_size":null},"elements":[{"id":"5ca8c20a","settings":{"image":{"url":"http:\/\/wordpress-248995-785463.cloudwaysapps.com\/wp-content\/uploads\/2018\/07\/18034418_04.jpg","id":236},"title_text":"Auburn","description_text":"","link":{"url":"http:\/\/houzez16.favethemes.com\/homes-for-sale-results\/?city=Auburn&propertyType=SFR%2CCND","is_external":"","nofollow":""},"image_space":{"unit":"px","size":25,"sizes":[]},"image_size":{"unit":"%","size":100,"sizes":[]},"css_filters_css_filter":"custom","title_bottom_space":{"unit":"px","size":0,"sizes":[]},"title_color":"#000000","title_typography_typography":"custom","title_typography_font_family":"Georgia","title_typography_font_weight":"300"},"elements":[],"isInner":false,"widgetType":"image-box","elType":"widget"}],"isInner":true,"elType":"column"},{"id":"650e8620","settings":{"_column_size":25,"_inline_size":null},"elements":[{"id":"3a099cee","settings":{"image":{"url":"http:\/\/wordpress-248995-785463.cloudwaysapps.com\/wp-content\/uploads\/2018\/07\/18003293_01.jpg","id":244},"title_text":"Auburn","description_text":"","link":{"url":"http:\/\/houzez16.favethemes.com\/homes-for-sale-results\/?city=Auburn&propertyType=SFR%2CCND","is_external":"","nofollow":""},"image_space":{"unit":"px","size":25,"sizes":[]},"image_size":{"unit":"%","size":100,"sizes":[]},"css_filters_css_filter":"custom","title_bottom_space":{"unit":"px","size":0,"sizes":[]},"title_color":"#000000","title_typography_typography":"custom","title_typography_font_family":"Georgia","title_typography_font_weight":"300"},"elements":[],"isInner":false,"widgetType":"image-box","elType":"widget"}],"isInner":true,"elType":"column"},{"id":"4ac9de2d","settings":{"_column_size":25,"_inline_size":null},"elements":[{"id":"28e3aa92","settings":{"image":{"url":"http:\/\/wordpress-248995-785463.cloudwaysapps.com\/wp-content\/uploads\/2018\/06\/18018204_05.jpg","id":211},"title_text":"Auburn","description_text":"","link":{"url":"http:\/\/houzez16.favethemes.com\/homes-for-sale-results\/?city=Auburn&propertyType=SFR%2CCND","is_external":"","nofollow":""},"image_space":{"unit":"px","size":25,"sizes":[]},"image_size":{"unit":"%","size":100,"sizes":[]},"css_filters_css_filter":"custom","title_bottom_space":{"unit":"px","size":0,"sizes":[]},"title_color":"#000000","title_typography_typography":"custom","title_typography_font_family":"Georgia","title_typography_font_weight":"300"},"elements":[],"isInner":false,"widgetType":"image-box","elType":"widget"}],"isInner":true,"elType":"column"},{"id":"53608f67","settings":{"_column_size":25,"_inline_size":null},"elements":[{"id":"38afa77a","settings":{"image":{"url":"http:\/\/wordpress-248995-785463.cloudwaysapps.com\/wp-content\/uploads\/2016\/03\/18040115_01.jpg","id":1253},"title_text":"Auburn","description_text":"","link":{"url":"http:\/\/houzez16.favethemes.com\/homes-for-sale-results\/?city=Auburn&propertyType=SFR%2CCND","is_external":"","nofollow":""},"image_space":{"unit":"px","size":25,"sizes":[]},"image_size":{"unit":"%","size":100,"sizes":[]},"css_filters_css_filter":"custom","title_bottom_space":{"unit":"px","size":0,"sizes":[]},"title_color":"#000000","title_typography_typography":"custom","title_typography_font_family":"Georgia","title_typography_font_weight":"300"},"elements":[],"isInner":false,"widgetType":"image-box","elType":"widget"}],"isInner":true,"elType":"column"}],"isInner":true,"elType":"section"},{"id":"34c0ddc","settings":[],"elements":[],"isInner":false,"widgetType":"houzez_elementor_space","elType":"widget"}],"isInner":false,"elType":"column"}],"isInner":false,"elType":"section"},{"id":"2e554d31","settings":{"stretch_section":"section-stretched","height":"full","column_position":"stretch","content_position":"bottom","background_background":"classic","background_image":{"url":"http:\/\/wordpress-248995-785463.cloudwaysapps.com\/wp-content\/uploads\/2018\/07\/18016840_29-1.jpg","id":360},"background_attachment":"fixed","background_repeat":"no-repeat","background_size":"cover","animation":"fadeIn"},"elements":[{"id":"38cce94f","settings":{"_column_size":100,"content_position":"center"},"elements":[{"id":"5d62c35a","settings":{"content_position":"bottom"},"elements":[{"id":"5bc2839c","settings":{"_column_size":100,"_inline_size":null,"background_background":"classic","background_color":"#ffffff","padding":{"unit":"px","top":"50","right":"50","bottom":"50","left":"50","isLinked":true}},"elements":[{"id":"4c5d279a","settings":{"title":"Get Your Home Estimation","align":"center","title_color":"#000000","typography_typography":"custom","typography_font_family":"Halant","typography_font_size":{"unit":"px","size":36,"sizes":[]},"typography_font_weight":"500","typography_line_height":{"unit":"em","size":1.2,"sizes":[]}},"elements":[],"isInner":false,"widgetType":"heading","elType":"widget"},{"id":"2bab958a","settings":{"editor":"<p>A variety of lead capture forms allow site visitors to schedule<br \/>showings, request information and more<\/p>","align":"center","text_color":"#000000","typography_typography":"custom","typography_font_size":{"unit":"px","size":20,"sizes":[]},"typography_font_weight":"300","typography_line_height":{"unit":"em","size":1.5,"sizes":[]}},"elements":[],"isInner":false,"widgetType":"text-editor","elType":"widget"},{"id":"26d94d44","settings":{"shortcode":"[optima_express_valuation_widget style=\"twoline\"]"},"elements":[],"isInner":false,"widgetType":"shortcode","elType":"widget"}],"isInner":true,"elType":"column"}],"isInner":true,"elType":"section"}],"isInner":false,"elType":"column"}],"isInner":false,"elType":"section"},{"id":"12372b3c","settings":{"custom_height":{"unit":"px","size":"","sizes":[]},"content_position":"middle","animation":"fadeIn"},"elements":[{"id":"2ede8ec2","settings":{"_column_size":100,"_inline_size":null},"elements":[{"id":"27978e19","settings":[],"elements":[],"isInner":false,"widgetType":"houzez_elementor_space","elType":"widget"},{"id":"4b3845e4","settings":{"title":"Read News From Our Blog","align":"center","title_color":"#000000","typography_typography":"custom","typography_font_family":"Halant","typography_font_size":{"unit":"px","size":48,"sizes":[]},"typography_font_weight":"500","typography_line_height":{"unit":"em","size":1.2,"sizes":[]}},"elements":[],"isInner":false,"widgetType":"heading","elType":"widget"},{"id":"7e0041d0","settings":{"editor":"<p>Your active listings are automatically added to your Featured Listings page through <br>The Optima Express IDX Plugin from iHomefinder<\/p>","align":"center","text_color":"#000000","typography_typography":"custom","typography_font_size":{"unit":"px","size":20,"sizes":[]},"typography_font_weight":"300","typography_line_height":{"unit":"em","size":1.5,"sizes":[]}},"elements":[],"isInner":false,"widgetType":"text-editor","elType":"widget"},{"id":"10e28ac6","settings":{"posts_limit":"4"},"elements":[],"isInner":false,"widgetType":"houzez_elementor_blog_posts","elType":"widget"},{"id":"b77de80","settings":[],"elements":[],"isInner":false,"widgetType":"houzez_elementor_space","elType":"widget"}],"isInner":false,"elType":"column"}],"isInner":false,"elType":"section"}]}