{"content":[{"id":"e5f9401","settings":{"background_color":"#FFFFFF","custom_height":{"unit":"vh","size":85,"sizes":[]},"custom_height_tablet":{"unit":"vh","size":78,"sizes":[]},"custom_height_mobile":{"unit":"vh","size":100,"sizes":[]},"background_image":{"url":"","id":"","alt":"","source":"library"},"background_position":"center center","background_repeat":"no-repeat","background_size":"cover","background_slideshow_ken_burns":"yes","background_overlay_color":"#FFFFFFF5","background_overlay_opacity":{"unit":"px","size":1,"sizes":[]},"content_width":{"unit":"px","size":1440,"sizes":[]},"gap":"no","column_position":"stretch","background_color_b":"#E5F2F6","background_gradient_angle":{"unit":"deg","size":0,"sizes":[]},"shape_divider_bottom_height":{"unit":"px","size":25,"sizes":[]},"shape_divider_bottom_negative":"yes","shape_divider_bottom_above_content":"yes","background_color_stop":{"unit":"%","size":30,"sizes":[]},"background_overlay_color_stop":{"unit":"%","size":71,"sizes":[]},"background_overlay_color_b":"#E9AFA3E0","background_overlay_color_b_stop":{"unit":"%","size":0,"sizes":[]},"background_overlay_gradient_angle":{"unit":"deg","size":120,"sizes":[]},"shape_divider_bottom_color":"#FFFFFF","shape_divider_bottom_flip":"yes","background_background":"gradient","reverse_order_mobile":"reverse-mobile","animation":"fadeIn","layout":"full_width","margin":{"unit":"px","top":"","right":0,"bottom":"","left":0,"isLinked":true},"padding":{"unit":"px","top":"200","right":"0","bottom":"0","left":"0","isLinked":false},"background_color_b_stop":{"unit":"%","size":0,"sizes":[]},"padding_tablet":{"unit":"px","top":"100","right":"50","bottom":"0","left":"50","isLinked":false},"padding_mobile":{"unit":"px","top":"100","right":"0","bottom":"0","left":"0","isLinked":false},"z_index":1},"elements":[{"id":"17ef257b","settings":{"_column_size":100,"_inline_size":null,"_inline_size_tablet":100,"content_position":"center","content_position_tablet":"bottom","content_position_mobile":"bottom","padding_tablet":{"unit":"%","top":"0","right":"2","bottom":"12","left":"2","isLinked":false},"padding_mobile":{"unit":"px","top":"0","right":"10","bottom":"10","left":"10","isLinked":false},"background_color":"#00000045","space_between_widgets":0},"elements":[{"id":"73eddc45","settings":{"title":"We are a company with a mission","typography_typography":"custom","header_size":"h1","typography_font_size":{"unit":"px","size":40,"sizes":[]},"_animation":"fadeIn","animation_duration":"slow","typography_font_weight":"500","align_mobile":"center","typography_font_size_tablet":{"unit":"px","size":30,"sizes":[]},"typography_font_size_mobile":{"unit":"px","size":30,"sizes":[]},"_margin_tablet":{"unit":"px","top":"0","right":"0","bottom":"0","left":"0","isLinked":false},"typography_line_height":{"unit":"em","size":1.5,"sizes":[]},"typography_letter_spacing":{"unit":"px","size":-0.5,"sizes":[]},"align_tablet":"center","_margin_mobile":{"unit":"px","top":"0","right":"0","bottom":"0","left":"0","isLinked":false},"align":"center"},"elements":[],"isInner":false,"widgetType":"heading","elType":"widget"},{"id":"426b7fce","settings":{"title":"You are here because you want to find the best deal on homes in your area. Let us help you.","typography_typography":"custom","typography_font_size":{"unit":"px","size":25,"sizes":[]},"typography_font_weight":"300","_animation":"fadeIn","animation_duration":"slow","align_mobile":"center","typography_font_size_mobile":{"unit":"px","size":19,"sizes":[]},"typography_font_size_tablet":{"unit":"px","size":24,"sizes":[]},"_margin_tablet":{"unit":"px","top":"0","right":"0","bottom":"30","left":"0","isLinked":false},"typography_line_height":{"unit":"em","size":1.5,"sizes":[]},"typography_letter_spacing":{"unit":"px","size":-0.5,"sizes":[]},"header_size":"div","align":"center","typography_letter_spacing_mobile":{"unit":"px","size":0.5,"sizes":[]}},"elements":[],"isInner":false,"widgetType":"heading","elType":"widget"},{"id":"63a06ce1","settings":{"structure":"40","gap":"wide","background_color":"#E5F2F6","custom_height_inner":{"unit":"px","size":680,"sizes":[]},"content_position":"middle","overflow":"hidden","border_radius":{"unit":"px","top":"16","right":"16","bottom":"16","left":"16","isLinked":true},"content_width":{"unit":"px","size":1400,"sizes":[]},"custom_height_inner_tablet":{"unit":"px","size":457,"sizes":[]},"border_radius_mobile":{"unit":"px","top":"8","right":"8","bottom":"8","left":"8","isLinked":true},"reverse_order_mobile":"reverse-mobile","margin":{"unit":"px","top":"0","right":0,"bottom":"0","left":0,"isLinked":false},"padding":{"unit":"px","top":"50","right":"0","bottom":"50","left":"0","isLinked":false},"padding_tablet":{"unit":"px","top":"0","right":"0","bottom":"0","left":"0","isLinked":false},"z_index":1},"elements":[{"id":"6d1ee73b","settings":{"_column_size":25,"_inline_size":null,"_inline_size_tablet":50},"elements":[{"id":"7518c2b","settings":{"more_text":"More Details","more_text_d":"More Details","properties_text":"Properties","property_text":"Property","grid_type":"grid-item-v2","image":{"url":"https:\/\/demo26.houzez.co\/wp-content\/uploads\/2022\/06\/mediterranean-villa-interior-and-exterior-design-2021-09-04-10-53-10-utc.jpg","id":45088,"alt":"","source":"library"},"grid_title":"Broker","grid_subtitle":"Real Estate","grid_v2_height_tablet":{"unit":"%","size":50,"sizes":[]},"grid_v2_height_mobile":{"unit":"%","size":60,"sizes":[]},"grid_item_margin_tablet":{"unit":"px","size":0,"sizes":[]},"grid_item_margin_mobile":{"unit":"px","size":0,"sizes":[]},"grid_title_typography_typography":"custom","grid_title_typography_font_family":"","grid_title_typography_font_size":{"unit":"px","size":24,"sizes":[]},"grid_title_typography_font_weight":"400","grid_subtitle_typography_typography":"custom","grid_subtitle_typography_font_family":"","grid_subtitle_typography_font_size":{"unit":"px","size":18,"sizes":[]},"_z_index":1,"_box_shadow_box_shadow_type":"yes","_box_shadow_box_shadow":{"horizontal":0,"vertical":40,"blur":40,"spread":0,"color":"rgba(0, 0, 0, 0.15)"}},"elements":[],"isInner":false,"widgetType":"Houzez_elementor_grid_builder","elType":"widget"}],"isInner":true,"elType":"column"},{"id":"55f75d10","settings":{"_column_size":25,"_inline_size":null,"_inline_size_tablet":50},"elements":[{"id":"16fcac2c","settings":{"more_text":"More Details","more_text_d":"More Details","properties_text":"Properties","property_text":"Property","grid_type":"grid-item-v2","image":{"url":"https:\/\/demo26.houzez.co\/wp-content\/uploads\/2022\/06\/mediterranean-villa-interior-and-exterior-design-2021-09-04-10-53-11-utc.jpg","id":45087,"alt":"","source":"library"},"grid_title":"Management","grid_subtitle":"Property ","grid_v2_height_tablet":{"unit":"%","size":50,"sizes":[]},"grid_v2_height_mobile":{"unit":"%","size":60,"sizes":[]},"grid_item_margin_tablet":{"unit":"px","size":0,"sizes":[]},"grid_item_margin_mobile":{"unit":"px","size":0,"sizes":[]},"grid_title_typography_typography":"custom","grid_title_typography_font_family":"","grid_title_typography_font_size":{"unit":"px","size":24,"sizes":[]},"grid_title_typography_font_weight":"400","grid_subtitle_typography_typography":"custom","grid_subtitle_typography_font_family":"","grid_subtitle_typography_font_size":{"unit":"px","size":18,"sizes":[]},"_z_index":1,"_box_shadow_box_shadow_type":"yes","_box_shadow_box_shadow":{"horizontal":0,"vertical":40,"blur":40,"spread":0,"color":"rgba(0, 0, 0, 0.15)"}},"elements":[],"isInner":false,"widgetType":"Houzez_elementor_grid_builder","elType":"widget"}],"isInner":true,"elType":"column"},{"id":"2b38c6e2","settings":{"_column_size":25,"_inline_size":null,"_inline_size_tablet":50},"elements":[{"id":"794f8b1e","settings":{"more_text":"More Details","more_text_d":"More Details","properties_text":"Properties","property_text":"Property","grid_type":"grid-item-v2","image":{"url":"https:\/\/demo26.houzez.co\/wp-content\/uploads\/2022\/06\/mediterranean-villa-interior-and-exterior-design-2021-09-04-10-53-11-utc.jpg","id":45087,"alt":"","source":"library"},"grid_title":"Advisory","grid_subtitle":"Leasing ","grid_v2_height_tablet":{"unit":"%","size":50,"sizes":[]},"grid_v2_height_mobile":{"unit":"%","size":60,"sizes":[]},"grid_item_margin_tablet":{"unit":"px","size":0,"sizes":[]},"grid_item_margin_mobile":{"unit":"px","size":0,"sizes":[]},"grid_title_typography_typography":"custom","grid_title_typography_font_family":"","grid_title_typography_font_size":{"unit":"px","size":24,"sizes":[]},"grid_title_typography_font_weight":"400","grid_subtitle_typography_typography":"custom","grid_subtitle_typography_font_family":"","grid_subtitle_typography_font_size":{"unit":"px","size":18,"sizes":[]},"_z_index":1,"_box_shadow_box_shadow_type":"yes","_box_shadow_box_shadow":{"horizontal":0,"vertical":40,"blur":40,"spread":0,"color":"rgba(0, 0, 0, 0.15)"}},"elements":[],"isInner":false,"widgetType":"Houzez_elementor_grid_builder","elType":"widget"}],"isInner":true,"elType":"column"},{"id":"b908eb","settings":{"_column_size":25,"_inline_size":null,"_inline_size_tablet":50},"elements":[{"id":"575bdf24","settings":{"more_text":"More Details","more_text_d":"More Details","properties_text":"Properties","property_text":"Property","grid_type":"grid-item-v2","image":{"url":"https:\/\/demo26.houzez.co\/wp-content\/uploads\/2022\/06\/property-24.jpg","id":45086,"alt":"","source":"library"},"grid_title":"Customer Care","grid_subtitle":"Hi-end","grid_v2_height_tablet":{"unit":"%","size":50,"sizes":[]},"grid_v2_height_mobile":{"unit":"%","size":60,"sizes":[]},"grid_item_margin_tablet":{"unit":"px","size":0,"sizes":[]},"grid_item_margin_mobile":{"unit":"px","size":0,"sizes":[]},"grid_title_typography_typography":"custom","grid_title_typography_font_family":"","grid_title_typography_font_size":{"unit":"px","size":24,"sizes":[]},"grid_title_typography_font_weight":"400","grid_subtitle_typography_typography":"custom","grid_subtitle_typography_font_family":"","grid_subtitle_typography_font_size":{"unit":"px","size":18,"sizes":[]},"_z_index":1,"_box_shadow_box_shadow_type":"yes","_box_shadow_box_shadow":{"horizontal":0,"vertical":40,"blur":40,"spread":0,"color":"rgba(0, 0, 0, 0.15)"}},"elements":[],"isInner":false,"widgetType":"Houzez_elementor_grid_builder","elType":"widget"}],"isInner":true,"elType":"column"}],"isInner":true,"elType":"section"}],"isInner":false,"elType":"column"}],"isInner":false,"elType":"section"},{"id":"36d8bf79","settings":{"background_background":"classic","background_color":"#FFFFFF"},"elements":[{"id":"226ee0e3","settings":{"_column_size":100,"_inline_size":null},"elements":[{"id":"4101837a","settings":{"structure":"40","padding_tablet":{"unit":"px","top":"0","right":"0","bottom":"0","left":"50","isLinked":false},"padding_mobile":{"unit":"px","top":"0","right":"0","bottom":"0","left":"0","isLinked":false},"animation":"fadeIn","animation_duration":"slow","margin":{"unit":"px","top":"0","right":0,"bottom":"0","left":0,"isLinked":false}},"elements":[{"id":"3094eca9","settings":{"_column_size":25,"_inline_size":null,"space_between_widgets":0,"align_mobile":"center"},"elements":[{"id":"49f760e","settings":{"ending_number":2500,"suffix":"+","title":"","typography_number_typography":"custom","typography_number_font_size":{"unit":"px","size":30,"sizes":[]},"typography_number_text_transform":"uppercase","title_color":"#0201018C","typography_title_typography":"custom","typography_title_font_size":{"unit":"px","size":15,"sizes":[]},"typography_title_text_transform":"uppercase","typography_title_letter_spacing":{"unit":"px","size":1,"sizes":[]},"_margin":{"unit":"px","top":"0","right":"0","bottom":"0","left":"0","isLinked":true}},"elements":[],"isInner":false,"widgetType":"counter","elType":"widget"},{"id":"23f9c1b8","settings":{"title":"Listing for sale","header_size":"div","title_color":"#02010191","typography_typography":"custom","typography_font_size":{"unit":"px","size":16,"sizes":[]},"typography_letter_spacing":{"unit":"px","size":1,"sizes":[]},"_margin":{"unit":"px","top":"15","right":"0","bottom":"15","left":"0","isLinked":false},"align_mobile":"center","typography_font_weight":"300","align":"center"},"elements":[],"isInner":false,"widgetType":"heading","elType":"widget"}],"isInner":true,"elType":"column"},{"id":"51069199","settings":{"_column_size":25,"_inline_size":null,"align_mobile":"center","space_between_widgets":0},"elements":[{"id":"5dbb6605","settings":{"suffix":"+","title":"","typography_number_typography":"custom","typography_number_font_size":{"unit":"px","size":30,"sizes":[]},"typography_number_text_transform":"uppercase","title_color":"#0201018C","typography_title_typography":"custom","typography_title_font_size":{"unit":"px","size":15,"sizes":[]},"typography_title_text_transform":"uppercase","typography_title_letter_spacing":{"unit":"px","size":1,"sizes":[]},"_margin":{"unit":"px","top":"0","right":"0","bottom":"0","left":"0","isLinked":true},"ending_number":1350},"elements":[],"isInner":false,"widgetType":"counter","elType":"widget"},{"id":"2f273511","settings":{"title":"Listing for rent","header_size":"div","title_color":"#02010191","typography_typography":"custom","typography_font_size":{"unit":"px","size":16,"sizes":[]},"typography_letter_spacing":{"unit":"px","size":1,"sizes":[]},"_margin":{"unit":"px","top":"15","right":"0","bottom":"15","left":"0","isLinked":false},"align_mobile":"center","typography_font_weight":"300","align":"center"},"elements":[],"isInner":false,"widgetType":"heading","elType":"widget"}],"isInner":true,"elType":"column"},{"id":"320e2faa","settings":{"_column_size":25,"_inline_size":null,"align_mobile":"center","space_between_widgets":0},"elements":[{"id":"7ddd4159","settings":{"ending_number":900,"suffix":"+","title":"","typography_number_typography":"custom","typography_number_font_size":{"unit":"px","size":30,"sizes":[]},"typography_number_text_transform":"uppercase","title_color":"#0201018C","typography_title_typography":"custom","typography_title_font_size":{"unit":"px","size":15,"sizes":[]},"typography_title_text_transform":"uppercase","typography_title_letter_spacing":{"unit":"px","size":1,"sizes":[]},"_margin":{"unit":"px","top":"0","right":"0","bottom":"0","left":"0","isLinked":true}},"elements":[],"isInner":false,"widgetType":"counter","elType":"widget"},{"id":"57a503db","settings":{"title":"Property sold","header_size":"div","title_color":"#02010191","typography_typography":"custom","typography_font_size":{"unit":"px","size":16,"sizes":[]},"typography_letter_spacing":{"unit":"px","size":1,"sizes":[]},"_margin":{"unit":"px","top":"15","right":"0","bottom":"15","left":"0","isLinked":false},"align_mobile":"center","typography_font_weight":"300","align":"center"},"elements":[],"isInner":false,"widgetType":"heading","elType":"widget"}],"isInner":true,"elType":"column"},{"id":"2c3bf528","settings":{"_column_size":25,"_inline_size":null,"align_mobile":"center","space_between_widgets":0},"elements":[{"id":"4d3689f","settings":{"ending_number":15,"suffix":"+","title":"","typography_number_typography":"custom","typography_number_font_size":{"unit":"px","size":30,"sizes":[]},"typography_number_text_transform":"uppercase","title_color":"#0201018C","typography_title_typography":"custom","typography_title_font_size":{"unit":"px","size":15,"sizes":[]},"typography_title_text_transform":"uppercase","typography_title_letter_spacing":{"unit":"px","size":1,"sizes":[]},"_margin":{"unit":"px","top":"0","right":"0","bottom":"0","left":"0","isLinked":true}},"elements":[],"isInner":false,"widgetType":"counter","elType":"widget"},{"id":"35900092","settings":{"title":"Affiliate partners","header_size":"div","title_color":"#02010191","typography_typography":"custom","typography_font_size":{"unit":"px","size":16,"sizes":[]},"typography_letter_spacing":{"unit":"px","size":1,"sizes":[]},"_margin":{"unit":"px","top":"15","right":"0","bottom":"15","left":"0","isLinked":false},"align_mobile":"center","typography_font_weight":"300","align":"center"},"elements":[],"isInner":false,"widgetType":"heading","elType":"widget"}],"isInner":true,"elType":"column"}],"isInner":true,"elType":"section"}],"isInner":false,"elType":"column"}],"isInner":false,"elType":"section"},{"id":"636b6c4b","settings":{"content_width":{"unit":"px","size":1340,"sizes":[]},"gap":"no","background_background":"classic","background_color":"#FFFFFF","background_color_stop":{"unit":"%","size":65,"sizes":[]},"background_color_b":"#EEF4F8","background_color_b_stop":{"unit":"%","size":0,"sizes":[]},"background_gradient_angle":{"unit":"deg","size":90,"sizes":[]},"padding":{"unit":"px","top":"0","right":"0","bottom":"0","left":"0","isLinked":false},"animation":"fadeIn","background_overlay_background":"classic","background_overlay_color":"#FFFFFF00","background_overlay_opacity":{"unit":"px","size":1,"sizes":[]}},"elements":[{"id":"6347d83a","settings":{"_column_size":100,"_inline_size":null},"elements":[{"id":"7bd42492","settings":{"layout":"full_width","content_position":"middle","padding_tablet":{"unit":"px","top":"0","right":"30","bottom":"0","left":"30","isLinked":false},"reverse_order_mobile":"reverse-mobile"},"elements":[{"id":"4c975554","settings":{"_column_size":100},"elements":[{"id":"476d266e","settings":[],"elements":[],"isInner":false,"widgetType":"spacer","elType":"widget"},{"id":"7566c029","settings":{"editor":"<p>Home is where the heart is and we hope to transform your search for your perfect home into one of joy. Our company offers exquisitely designed, modern living villas in unique locations to suit your tastes and budget. We aim at offering a fresh new take on living spaces that are unparalleled by any other developer. Our apartments are completed with the latest in contemporary architecture, luxurious fittings and fixtures, contemporary interiors that will make your home feel like a luxury hotel suite, at a price that you can afford. We have an extensive portfolio of modern living villas found in unique locations and offer a quality, contemporary design to suit your tastes and budget. This makes us the perfect choice for those who are looking for high-end quality in an easy yet affordable way. Our company will work with you throughout the process, from initial discussions to finalizing your purchase and even after your move as we are always available to answer any questions that may arise.<\/p>","typography_typography":"custom","text_columns":"3","text_columns_tablet":"2","text_columns_mobile":"1","column_gap":{"unit":"%","size":3.5,"sizes":[]},"column_gap_tablet":{"unit":"%","size":"","sizes":[]},"column_gap_mobile":{"unit":"%","size":"","sizes":[]},"align_mobile":"center","typography_font_size":{"unit":"px","size":18,"sizes":[]},"typography_font_weight":"300","typography_line_height":{"unit":"em","size":1.5,"sizes":[]},"typography_letter_spacing":{"unit":"px","size":0.5,"sizes":[]}},"elements":[],"isInner":false,"widgetType":"text-editor","elType":"widget"}],"isInner":true,"elType":"column"}],"isInner":true,"elType":"section"}],"isInner":false,"elType":"column"}],"isInner":false,"elType":"section"},{"id":"16b3fd61","settings":{"animation":"fadeIn","content_width":{"unit":"px","size":1320,"sizes":[]},"gap":"no","background_background":"classic","background_color":"#FFFFFF"},"elements":[{"id":"7b4789a3","settings":{"_column_size":100},"elements":[{"id":"72f369b9","settings":{"content_width":{"unit":"px","size":1060,"sizes":[]},"animation":"fadeIn"},"elements":[{"id":"1f369d1b","settings":{"_column_size":100,"_inline_size":null},"elements":[{"id":"2bf1689c","settings":{"height":{"unit":"px","size":70,"sizes":[]}},"elements":[],"isInner":false,"widgetType":"houzez_elementor_space","elType":"widget"},{"id":"58457446","settings":{"title":"We are a team of licensed, experienced agents who work together to help you find the perfect home","size":"large","align":"center","typography_line_height":{"unit":"em","size":1.5,"sizes":[]},"typography_typography":"custom","typography_font_size_mobile":{"unit":"px","size":30,"sizes":[]},"align_mobile":"center","typography_font_size":{"unit":"px","size":36,"sizes":[]},"typography_font_size_tablet":{"unit":"px","size":30,"sizes":[]},"typography_font_weight":"500","typography_line_height_mobile":{"unit":"em","size":1.5,"sizes":[]},"typography_letter_spacing":{"unit":"px","size":-0.5,"sizes":[]},"_margin":{"unit":"px","top":"0","right":"0","bottom":"0","left":"0","isLinked":false},"_margin_tablet":{"unit":"px","top":"0","right":"0","bottom":"0","left":"0","isLinked":false},"_margin_mobile":{"unit":"px","top":"0","right":"0","bottom":"0","left":"0","isLinked":true},"_animation":"fadeIn","animation_duration":"slow"},"elements":[],"isInner":false,"widgetType":"heading","elType":"widget"},{"id":"6f7c2987","settings":[],"elements":[],"isInner":false,"widgetType":"spacer","elType":"widget"}],"isInner":true,"elType":"column"}],"isInner":true,"elType":"section"},{"id":"30c6aa99","settings":{"layout":"full_width","animation":"fadeIn"},"elements":[{"id":"6d180d1c","settings":{"_column_size":100,"_inline_size":null},"elements":[{"id":"f64d9b7","settings":{"columns":"4","posts_limit":"4","orderby":"title","offset":"1"},"elements":[],"isInner":false,"widgetType":"houzez_elementor_agents","elType":"widget"},{"id":"1c3ede74","settings":[],"elements":[],"isInner":false,"widgetType":"spacer","elType":"widget"}],"isInner":true,"elType":"column"}],"isInner":true,"elType":"section"}],"isInner":false,"elType":"column"}],"isInner":false,"elType":"section"},{"id":"6fb5e6a0","settings":{"content_width":{"unit":"px","size":1460,"sizes":[]},"background_background":"classic","background_color":"#FFFFFF","gap":"no","background_color_stop":{"unit":"%","size":60,"sizes":[]},"background_color_b":"#E2DED3","background_color_b_stop":{"unit":"%","size":56,"sizes":[]},"background_gradient_angle":{"unit":"deg","size":270,"sizes":[]},"margin":{"unit":"px","top":"0","right":0,"bottom":"0","left":0,"isLinked":false},"padding":{"unit":"px","top":"0","right":"0","bottom":"150","left":"0","isLinked":false},"z_index":0},"elements":[{"id":"3647783d","settings":{"_column_size":100,"_inline_size":null},"elements":[{"id":"75bef531","settings":{"layout":"full_width","content_position":"middle","structure":"20","background_background":"classic","background_color":"#E5F2F6","background_image":{"url":"","id":"","alt":"","source":"library"},"background_position":"center center","background_size":"cover","background_overlay_opacity":{"unit":"px","size":0.07,"sizes":[]},"box_shadow_box_shadow_type":"yes","box_shadow_box_shadow":{"horizontal":0,"vertical":60,"blur":60,"spread":0,"color":"rgba(0, 0, 0, 0.15)"},"margin":{"unit":"px","top":"","right":0,"bottom":"","left":0,"isLinked":true},"background_overlay_background":"classic","background_overlay_image":{"url":"","id":"","alt":"","source":"library"},"animation":"fadeIn"},"elements":[{"id":"5b20ad41","settings":{"_column_size":50,"_inline_size":31.001,"padding":{"unit":"px","top":"70","right":"70","bottom":"70","left":"70","isLinked":true},"_inline_size_tablet":100,"padding_tablet":{"unit":"px","top":"70","right":"70","bottom":"40","left":"70","isLinked":false},"padding_mobile":{"unit":"px","top":"30","right":"30","bottom":"30","left":"30","isLinked":true}},"elements":[{"id":"452d0697","settings":{"title":"Request a free valuation of your property","size":"large","align":"left","title_color":"#000000","typography_typography":"custom","typography_line_height":{"unit":"em","size":1.4,"sizes":[]},"typography_font_size_mobile":{"unit":"px","size":24,"sizes":[]},"typography_font_weight":"400"},"elements":[],"isInner":false,"widgetType":"heading","elType":"widget"},{"id":"1df16874","settings":{"editor":"<p>Our real estate company has a number of luxury and exclusive listings that are perfect for international clients.&nbsp;<\/p>","typography_typography":"custom","typography_font_weight":"300"},"elements":[],"isInner":false,"widgetType":"text-editor","elType":"widget"},{"id":"28fcfc24","settings":{"icon_list":[{"text":"Contact us","selected_icon":{"value":{"id":45098,"url":"https:\/\/demo26.houzez.co\/wp-content\/uploads\/2022\/06\/icon-read-email-at-1@16x16.svg"},"library":"svg"},"_id":"63a950a"},{"text":"987 654 3210","selected_icon":{"value":{"id":45099,"url":"https:\/\/demo26.houzez.co\/wp-content\/uploads\/2022\/06\/icon-phone-landline@16x16.svg"},"library":"svg"},"_id":"12c5c07"}],"text_color":"#153965"},"elements":[],"isInner":false,"widgetType":"icon-list","elType":"widget"}],"isInner":true,"elType":"column"},{"id":"65031d47","settings":{"_column_size":50,"_inline_size":68.999,"padding":{"unit":"px","top":"70","right":"70","bottom":"70","left":"70","isLinked":true},"_inline_size_tablet":100,"padding_tablet":{"unit":"px","top":"0","right":"70","bottom":"40","left":"70","isLinked":false},"padding_mobile":{"unit":"px","top":"10","right":"30","bottom":"30","left":"30","isLinked":false}},"elements":[{"id":"315098e2","settings":{"form_name":"New Form","form_fields":[{"field_type":"user_type","field_label":"Personal Information","placeholder":"Select","required":"true","field_options":"Property owner\nAgent\n","width":"33","_id":"b66c734"},{"field_type":"first_name","field_label":"&nbsp;","placeholder":"First name","required":"true","width":"33","_id":"ac32e68"},{"field_type":"last_name","field_label":"&nbsp;","placeholder":"Last name","required":"true","width":"33","_id":"7304c05"},{"field_type":"email","placeholder":"Email address","required":"true","width":"66","_id":"7b74074"},{"field_type":"mobile","placeholder":"Phone number","required":"true","width":"33","_id":"e92d2c5"},{"field_type":"e_meta[property_type]","field_label":"Property Information","placeholder":"Type","required":"true","width":"33","_id":"08ee178"},{"field_type":"e_meta[zipcode]","field_label":"&nbsp;","placeholder":"Zip code","required":"true","width":"33","_id":"cfcfcd6"},{"field_type":"e_meta[city]","field_label":"&nbsp;","placeholder":"City","width":"33","_id":"5e7d721"},{"field_type":"e_meta[beds]","placeholder":"N. of bedrooms","required":"true","width":"33","_id":"c3053de"},{"field_type":"e_meta[baths]","placeholder":"N. of bathrooms","required":"true","width":"33","_id":"ca559d7"},{"field_type":"e_meta[price]","placeholder":"Your budget","required":"true","width":"33","_id":"3dbb366"}],"button_text":"Submit","email_to":"hello@favethemes.com","email_subject":"New message from &quot;Houzez - Highly Customizable Real Estate WordPress Theme&quot;","button_background_color":"#153965","button_background_hover_color":"#2F5E99","_padding":{"unit":"px","top":"30","right":"30","bottom":"0","left":"30","isLinked":false},"_background_color":"#FFFFFF","input_size":"md","button_size":"md","column_gap":{"unit":"px","size":15,"sizes":[]},"row_gap":{"unit":"px","size":15,"sizes":[]},"label_spacing":{"unit":"px","size":15,"sizes":[]},"label_typography_typography":"custom","label_typography_font_family":"Inter","label_typography_font_size":{"unit":"px","size":14,"sizes":[]},"field_typography_typography":"custom","field_typography_font_size":{"unit":"px","size":14,"sizes":[]},"field_border_color":"#FFFFFF","button_typography_typography":"custom","button_typography_font_size":{"unit":"px","size":14,"sizes":[]},"button_typography_text_transform":"uppercase","button_typography_letter_spacing":{"unit":"px","size":1.9,"sizes":[]},"button_border_radius":{"unit":"px","top":"3","right":"3","bottom":"3","left":"3","isLinked":true},"_box_shadow_box_shadow":{"horizontal":0,"vertical":4,"blur":4,"spread":0,"color":"rgba(0, 0, 0, 0.16)"},"column_gap_mobile":{"unit":"px","size":20,"sizes":[]},"row_gap_mobile":{"unit":"px","size":10,"sizes":[]},"_padding_tablet":{"unit":"px","top":"0","right":"0","bottom":"0","left":"0","isLinked":true}},"elements":[],"isInner":false,"widgetType":"houzez_elementor_inquiry_form","elType":"widget"}],"isInner":true,"elType":"column"}],"isInner":true,"elType":"section"}],"isInner":false,"elType":"column"}],"isInner":false,"elType":"section"},{"id":"3982206e","settings":{"background_color":"#FFFFFF","background_color_b":"#E9AFA3E0","content_width":{"unit":"px","size":1440,"sizes":[]},"gap":"no","custom_height":{"unit":"vh","size":70,"sizes":[]},"custom_height_tablet":{"unit":"vh","size":75,"sizes":[]},"custom_height_mobile":{"unit":"vh","size":100,"sizes":[]},"column_position":"stretch","background_background":"classic","background_color_stop":{"unit":"%","size":83,"sizes":[]},"background_color_b_stop":{"unit":"%","size":0,"sizes":[]},"background_gradient_angle":{"unit":"deg","size":90,"sizes":[]},"background_image":{"url":"","id":"","alt":"","source":"library"},"background_position":"center center","background_repeat":"no-repeat","background_size":"cover","background_slideshow_ken_burns":"yes","background_overlay_color":"#E9AFA3E0","background_overlay_color_stop":{"unit":"%","size":37,"sizes":[]},"background_overlay_color_b":"#222638F5","background_overlay_color_b_stop":{"unit":"%","size":0,"sizes":[]},"background_overlay_gradient_angle":{"unit":"deg","size":240,"sizes":[]},"background_overlay_opacity":{"unit":"px","size":1,"sizes":[]},"shape_divider_top":"waves","shape_divider_top_width":{"unit":"%","size":194,"sizes":[]},"shape_divider_top_height":{"unit":"px","size":49,"sizes":[]},"shape_divider_bottom_color":"#FFFFFF","shape_divider_bottom_width":{"unit":"%","size":126,"sizes":[]},"shape_divider_bottom_height":{"unit":"px","size":51,"sizes":[]},"shape_divider_bottom_flip":"yes","reverse_order_mobile":"reverse-mobile"},"elements":[{"id":"6fd0463c","settings":{"_column_size":100,"_inline_size":null},"elements":[{"id":"7713c2e8","settings":{"layout":"full_width"},"elements":[{"id":"241fb3fa","settings":{"_column_size":100},"elements":[{"id":"673e77ba","settings":{"title":"From our  Blog","typography_typography":"custom","typography_font_size":{"unit":"px","size":36,"sizes":[]},"typography_font_weight":"500","_animation":"fadeIn","animation_duration":"slow","align_mobile":"center","typography_font_size_mobile":{"unit":"px","size":30,"sizes":[]},"typography_font_size_tablet":{"unit":"px","size":30,"sizes":[]},"_margin_tablet":{"unit":"px","top":"0","right":"0","bottom":"0","left":"0","isLinked":false},"align":"center","typography_line_height":{"unit":"em","size":1.5,"sizes":[]},"typography_line_height_mobile":{"unit":"em","size":1.5,"sizes":[]},"typography_letter_spacing":{"unit":"px","size":-0.5,"sizes":[]},"_margin_mobile":{"unit":"px","top":"0","right":"0","bottom":"0","left":"0","isLinked":true}},"elements":[],"isInner":false,"widgetType":"heading","elType":"widget"}],"isInner":true,"elType":"column"}],"isInner":true,"elType":"section"},{"id":"14b64db4","settings":{"content_width":{"unit":"px","size":1600,"sizes":[]},"animation":"fadeIn","animation_duration":"slow","gap":"no","padding_tablet":{"unit":"px","top":"0","right":"30","bottom":"0","left":"30","isLinked":false},"padding_mobile":{"unit":"px","top":"0","right":"10","bottom":"0","left":"10","isLinked":false},"content_width_tablet":{"unit":"px","size":500,"sizes":[]}},"elements":[{"id":"6c6e4dca","settings":{"_column_size":100,"_inline_size":null,"space_between_widgets":0},"elements":[{"id":"2e91dc05","settings":{"grid_style":"style_2","posts_limit":"9","show_author":""},"elements":[],"isInner":false,"widgetType":"houzez_elementor_blog_posts_carousel","elType":"widget"},{"id":"58636da0","settings":{"space":{"unit":"px","size":20,"sizes":[]}},"elements":[],"isInner":false,"widgetType":"spacer","elType":"widget"}],"isInner":true,"elType":"column"}],"isInner":true,"elType":"section"},{"id":"6ffa7f4c","settings":{"space":{"unit":"px","size":100,"sizes":[]},"space_tablet":{"unit":"px","size":50,"sizes":[]}},"elements":[],"isInner":false,"widgetType":"spacer","elType":"widget"}],"isInner":false,"elType":"column"}],"isInner":false,"elType":"section"},{"id":"271128f","settings":{"content_width":{"unit":"px","size":1470,"sizes":[]},"gap":"no","background_background":"classic","background_color":"#E5F2F6","background_color_stop":{"unit":"%","size":58,"sizes":[]},"background_color_b":"#1B1F2D","background_image":{"url":"","id":"","alt":"","source":"library"},"background_position":"center center","background_repeat":"no-repeat","background_size":"cover","background_overlay_color":"#FFEFEC","background_overlay_opacity":{"unit":"px","size":0.91,"sizes":[]},"border_border":"solid","border_width":{"unit":"px","top":"1","right":"0","bottom":"1","left":"0","isLinked":false},"border_color":"#CBE1ED","shape_divider_top_color":"#1B1F2D","shape_divider_top_height":{"unit":"px","size":59,"sizes":[]},"shape_divider_top_flip":"yes","shape_divider_bottom_color":"#1B1F2D","shape_divider_bottom_height":{"unit":"px","size":44,"sizes":[]},"padding":{"unit":"px","top":"0","right":"30","bottom":"0","left":"30","isLinked":false},"padding_mobile":{"unit":"px","top":"0","right":"0","bottom":"0","left":"0","isLinked":true}},"elements":[{"id":"336bd8a0","settings":{"_column_size":100,"_inline_size":null},"elements":[{"id":"3ec47a10","settings":{"layout":"full_width","content_position":"middle","structure":"20","margin":{"unit":"px","top":"30","right":0,"bottom":"30","left":0,"isLinked":true}},"elements":[{"id":"34a8669","settings":{"_column_size":50,"_inline_size":null,"space_between_widgets":0,"_inline_size_tablet":100},"elements":[{"id":"6c49bc8e","settings":{"title":"Sign up to our newsletter","typography_typography":"custom","typography_font_size":{"unit":"px","size":24,"sizes":[]},"typography_font_weight":"500","_margin":{"unit":"px","top":"0","right":"0","bottom":"0","left":"0","isLinked":false},"_animation":"fadeIn","animation_duration":"slow","align_mobile":"center","typography_font_size_mobile":{"unit":"px","size":30,"sizes":[]},"typography_font_size_tablet":{"unit":"px","size":30,"sizes":[]},"_margin_tablet":{"unit":"px","top":"0","right":"0","bottom":"10","left":"0","isLinked":false},"align":"left","typography_letter_spacing":{"unit":"px","size":-0.5,"sizes":[]},"typography_line_height_mobile":{"unit":"em","size":1.5,"sizes":[]},"_margin_mobile":{"unit":"px","top":"0","right":"0","bottom":"0","left":"0","isLinked":true}},"elements":[],"isInner":false,"widgetType":"heading","elType":"widget"},{"id":"4955a4c8","settings":{"title":"Keep in touch with the latest updates","typography_typography":"custom","typography_font_size":{"unit":"px","size":20,"sizes":[]},"typography_font_weight":"300","_animation":"fadeIn","animation_duration":"slow","align_mobile":"center","typography_font_size_mobile":{"unit":"px","size":19,"sizes":[]},"typography_font_size_tablet":{"unit":"px","size":24,"sizes":[]},"_margin_tablet":{"unit":"px","top":"0","right":"0","bottom":"0","left":"0","isLinked":false},"typography_line_height":{"unit":"em","size":1.5,"sizes":[]},"typography_letter_spacing":{"unit":"px","size":-0.5,"sizes":[]},"header_size":"div","align":"left","typography_letter_spacing_mobile":{"unit":"px","size":0.5,"sizes":[]}},"elements":[],"isInner":false,"widgetType":"heading","elType":"widget"}],"isInner":true,"elType":"column"},{"id":"3eb2d16d","settings":{"_column_size":50,"_inline_size":null,"_inline_size_tablet":100},"elements":[{"id":"5120bf75","settings":{"form_name":"New Form","form_fields":[{"_id":"email","field_type":"email","required":"true","field_label":"Email","placeholder":"Email","width":"80"}],"show_labels":"","gdpr_agreement":"","gdpr_label":"GDPR Agreement","gdpr_required":"true","gdpr_text":"I consent to having this website store my submitted information","button_text":"Submit","email_to":"hello@favethemes.com","email_subject":"New message from &quot;Houzez - Highly Customizable Real Estate WordPress Theme&quot;","field_typography_typography":"custom","field_gdpr_color":"#121D31","gdpr_typography_typography":"custom","gdpr_typography_font_size":{"unit":"px","size":14,"sizes":[]},"con_google_recaptcha":"yes","input_size":"lg","button_size":"lg","button_background_color":"#02547D","button_typography_typography":"custom","button_typography_font_weight":"600","button_background_hover_color":"#0074AE","_margin_mobile":{"unit":"px","top":"30","right":"0","bottom":"0","left":"0","isLinked":false},"button_typography_text_transform":"uppercase","_padding":{"unit":"px","top":"0","right":"0","bottom":"0","left":"0","isLinked":true},"_background_background":"classic","_border_radius":{"unit":"px","top":"4","right":"4","bottom":"4","left":"4","isLinked":true},"label_typography_typography":"custom","label_typography_font_size":{"unit":"px","size":15,"sizes":[]},"label_typography_font_weight":"500","field_typography_font_weight":"400","field_border_color":"#DEECF0","gdpr_typography_line_height":{"unit":"em","size":1.5,"sizes":[]},"button_typography_font_family":"Jost","button_typography_font_size":{"unit":"px","size":13,"sizes":[]},"button_typography_letter_spacing":{"unit":"px","size":3,"sizes":[]},"_animation":"none","animation_duration":"slow","button_width":"20","webhook":"","column_gap":{"unit":"px","size":15,"sizes":[]},"row_gap":{"unit":"px","size":0,"sizes":[]},"_margin":{"unit":"px","top":"10","right":"10","bottom":"10","left":"10","isLinked":true},"row_gap_mobile":{"unit":"px","size":10,"sizes":[]}},"elements":[],"isInner":false,"widgetType":"houzez_elementor_contact_form","elType":"widget"}],"isInner":true,"elType":"column"}],"isInner":true,"elType":"section"}],"isInner":false,"elType":"column"}],"isInner":false,"elType":"section"}],"page_settings":{"background_color":"#FFFFFF"},"version":"0.4","title":"Demo 26 - About us","type":"page"}