{"content":[{"id":"32f3cdbd","settings":{"background_color":"#FFFFFF","custom_height":{"unit":"vh","size":85,"sizes":[]},"custom_height_tablet":{"unit":"vh","size":78,"sizes":[]},"custom_height_mobile":{"unit":"vh","size":100,"sizes":[]},"background_image":{"url":"","id":"","alt":"","source":"library"},"background_position":"center center","background_repeat":"no-repeat","background_size":"cover","background_slideshow_ken_burns":"yes","background_overlay_color":"#FFFFFFF5","background_overlay_opacity":{"unit":"px","size":1,"sizes":[]},"content_width":{"unit":"px","size":1440,"sizes":[]},"gap":"no","column_position":"stretch","background_color_b":"#D5806E","background_gradient_angle":{"unit":"deg","size":10,"sizes":[]},"shape_divider_bottom_height":{"unit":"px","size":25,"sizes":[]},"shape_divider_bottom_negative":"yes","shape_divider_bottom_above_content":"yes","background_color_stop":{"unit":"%","size":59,"sizes":[]},"background_overlay_color_stop":{"unit":"%","size":71,"sizes":[]},"background_overlay_color_b":"#E9AFA3E0","background_overlay_color_b_stop":{"unit":"%","size":0,"sizes":[]},"background_overlay_gradient_angle":{"unit":"deg","size":120,"sizes":[]},"shape_divider_bottom_color":"#FFFFFF","shape_divider_bottom_flip":"yes","background_background":"classic","reverse_order_mobile":"reverse-mobile","animation":"fadeIn","layout":"full_width"},"elements":[{"id":"285253cf","settings":{"_column_size":100,"_inline_size":null,"_inline_size_tablet":100,"content_position":"center","content_position_tablet":"bottom","content_position_mobile":"bottom","padding_tablet":{"unit":"%","top":"0","right":"2","bottom":"12","left":"2","isLinked":false},"padding_mobile":{"unit":"px","top":"0","right":"10","bottom":"10","left":"10","isLinked":false},"background_color":"#00000045"},"elements":[{"id":"65bb8a40","settings":{"structure":"20","layout":"full_width","gap":"no","height_inner":"min-height","background_background":"classic","background_color":"#E5F2F6","custom_height_inner":{"unit":"px","size":680,"sizes":[]},"content_position":"middle","overflow":"hidden","border_radius":{"unit":"px","top":"16","right":"16","bottom":"16","left":"16","isLinked":true},"content_width":{"unit":"px","size":1440,"sizes":[]},"custom_height_inner_tablet":{"unit":"px","size":457,"sizes":[]},"border_radius_mobile":{"unit":"px","top":"8","right":"8","bottom":"8","left":"8","isLinked":true},"reverse_order_mobile":"reverse-mobile"},"elements":[{"id":"152b4a1b","settings":{"_column_size":50,"_inline_size":null,"padding":{"unit":"%","top":"0","right":"0","bottom":"0","left":"25","isLinked":false},"padding_tablet":{"unit":"%","top":"7","right":"7","bottom":"7","left":"7","isLinked":true},"padding_mobile":{"unit":"%","top":"10","right":"5","bottom":"6","left":"5","isLinked":false},"_inline_size_tablet":100},"elements":[{"id":"1d4cfebf","settings":{"title":"Get your dream home","typography_typography":"custom","header_size":"h1","typography_font_size":{"unit":"px","size":40,"sizes":[]},"_animation":"fadeIn","animation_duration":"slow","typography_font_weight":"500","align_mobile":"center","typography_font_size_tablet":{"unit":"px","size":30,"sizes":[]},"typography_font_size_mobile":{"unit":"px","size":30,"sizes":[]},"_margin_tablet":{"unit":"px","top":"0","right":"0","bottom":"0","left":"0","isLinked":false},"typography_line_height":{"unit":"em","size":1.5,"sizes":[]},"typography_letter_spacing":{"unit":"px","size":-0.5,"sizes":[]},"align_tablet":"center","_margin_mobile":{"unit":"px","top":"0","right":"0","bottom":"0","left":"0","isLinked":false}},"elements":[],"isInner":false,"widgetType":"heading","elType":"widget"},{"id":"52baa388","settings":{"title":"Providing excellent guidance and honest advice on real estate","header_size":"div","align_mobile":"center","title_color":"#000000","typography_typography":"custom","typography_font_size":{"unit":"px","size":20,"sizes":[]},"typography_font_size_tablet":{"unit":"px","size":20,"sizes":[]},"typography_font_size_mobile":{"unit":"px","size":19,"sizes":[]},"typography_font_weight":"300","typography_text_transform":"capitalize","typography_letter_spacing":{"unit":"px","size":1,"sizes":[]},"_margin_tablet":{"unit":"px","top":"0","right":"0","bottom":"0","left":"0","isLinked":true},"_animation":"fadeIn","animation_duration":"slow","align_tablet":"center","typography_line_height":{"unit":"em","size":1.5,"sizes":[]},"_margin_mobile":{"unit":"px","top":"0","right":"0","bottom":"5","left":"0","isLinked":false}},"elements":[],"isInner":false,"widgetType":"heading","elType":"widget"},{"id":"5932d5d4","settings":{"form_fields":[{"_id":"field-cities","field_type":"location[]","field_label":"Cities","placeholder":"Where","width":"20","price_from_text":"From","price_to_text":"To","selected_count_text":"items selected","width_tablet":"100"},{"_id":"field-types","field_type":"type[]","field_label":"Property Type","placeholder":"Type","is_multiple":"true","select_all_btns":"true","selected_count_text":"types selected","width":"20","width_mobile":"100","price_from_text":"From","price_to_text":"To","width_tablet":"100"},{"_id":"field-status","field_type":"status[]","field_label":"Property Status","placeholder":"Status","is_multiple":"true","select_all_btns":"true","selected_count_text":"status selected","width":"20","width_mobile":"100","price_from_text":"From","price_to_text":"To","width_tablet":"50"},{"_id":"field-beds","field_type":"bedrooms","field_label":"Bedrooms","placeholder":"Size","width":"20","width_mobile":"100","price_from_text":"From","price_to_text":"To","selected_count_text":"items selected","width_tablet":"50"},{"_id":"field-search-btn","field_type":"search-button","field_label":"Search Button","placeholder":"Search","width":"20","price_from_text":"From","price_to_text":"To","selected_count_text":"items selected","width_tablet":"100","width_mobile":"100"}],"input_size":"md","button_size":"md","tabs_all_text":"All","column_gap":{"unit":"px","size":0,"sizes":[]},"row_gap":{"unit":"px","size":0,"sizes":[]},"form_background_color":"#FFFFFF","form_padding":{"unit":"px","top":"8","right":"8","bottom":"8","left":"8","isLinked":true},"form_radius":{"unit":"px","top":"00","right":"8","bottom":"8","left":"8","isLinked":false},"field_border_color":"#FFFFFF","button_background_color":"#02547D","button_background_hover_color":"#0074AE","_margin":{"unit":"px","top":"15","right":"-80","bottom":"15","left":"0","isLinked":false},"_animation":"fadeIn","animation_duration":"slow","_margin_tablet":{"unit":"px","top":"0","right":"0","bottom":"0","left":"0","isLinked":false},"_margin_mobile":{"unit":"px","top":"0","right":"0","bottom":"0","left":"0","isLinked":false},"box_shadow_box_shadow_type":"yes","box_shadow_box_shadow":{"horizontal":0,"vertical":40,"blur":40,"spread":0,"color":"rgba(0, 0, 0, 0.15)"},"show_tabs":"yes","status_data":["for-rent","for-sale"],"show_all":"","search_tabs_color":"#000000","search_tabs_bg_color":"#0000000D","tabs_padding":{"unit":"px","top":"5","right":"25","bottom":"5","left":"25","isLinked":false},"houzez_search_tabs_align":"","_z_index":1,"search_tabs_typography_typography":"custom","search_tabs_typography_font_size":{"unit":"px","size":14,"sizes":[]},"search_tabs_typography_text_transform":"uppercase","search_tabs_typography_letter_spacing":{"unit":"px","size":0.5,"sizes":[]},"houzez_search_tabs_align_mobile":"justify-content-center"},"elements":[],"isInner":false,"widgetType":"houzez_elementor_search_builder","elType":"widget"},{"id":"217fa295","settings":{"icon_list":[{"_id":"d41f7db","text":"135 Bradley Pl, Palm Beach, FL 33480","selected_icon":{"value":{"url":"https:\/\/demo26.houzez.co\/wp-content\/uploads\/2022\/06\/pin.svg","id":44945},"library":"svg"}},{"text":"(987) 654 3210","selected_icon":{"value":{"url":"https:\/\/demo26.houzez.co\/wp-content\/uploads\/2022\/06\/icon-phone-circle@60x60.svg","id":44946},"library":"svg"},"_id":"519e0a7","link":{"url":"tel:9876543210","is_external":"","nofollow":"","custom_attributes":""}}],"space_between":{"unit":"px","size":5,"sizes":[]},"icon_size":{"unit":"px","size":20,"sizes":[]},"_animation":"fadeIn","animation_duration":"slow","_margin_mobile":{"unit":"px","top":"0","right":"0","bottom":"0","left":"0","isLinked":false},"icon_align_mobile":"center","_margin":{"unit":"px","top":"0","right":"0","bottom":"15","left":"0","isLinked":false},"_padding_mobile":{"unit":"px","top":"0","right":"10","bottom":"0","left":"10","isLinked":false},"icon_typography_typography":"custom","icon_typography_letter_spacing":{"unit":"px","size":1,"sizes":[]},"icon_typography_font_size_tablet":{"unit":"px","size":14,"sizes":[]},"_margin_tablet":{"unit":"px","top":"0","right":"0","bottom":"5","left":"0","isLinked":false},"text_color":"#000000","space_between_mobile":{"unit":"px","size":0,"sizes":[]},"icon_align_tablet":"center","icon_size_mobile":{"unit":"px","size":14,"sizes":[]},"icon_typography_font_size_mobile":{"unit":"px","size":12,"sizes":[]},"icon_typography_font_weight":"300"},"elements":[],"isInner":false,"widgetType":"icon-list","elType":"widget"}],"isInner":true,"elType":"column"},{"id":"6c595ba3","settings":{"_column_size":50,"_inline_size":null,"background_background":"slideshow","background_image":{"url":"","id":"","alt":"","source":"library"},"background_position":"center center","background_repeat":"no-repeat","background_size":"cover","_inline_size_tablet":100,"background_slideshow_gallery":[{"id":16140,"url":"https:\/\/demo26.houzez.co\/wp-content\/uploads\/2016\/03\/015-1.jpg"},{"id":16168,"url":"https:\/\/demo26.houzez.co\/wp-content\/uploads\/2016\/02\/038.jpg"},{"id":16153,"url":"https:\/\/demo26.houzez.co\/wp-content\/uploads\/2016\/03\/018.jpg"}],"background_slideshow_transition_duration":1000},"elements":[{"id":"1322e11d","settings":{"space_mobile":{"unit":"px","size":200,"sizes":[]}},"elements":[],"isInner":false,"widgetType":"spacer","elType":"widget"}],"isInner":true,"elType":"column"}],"isInner":true,"elType":"section"}],"isInner":false,"elType":"column"}],"isInner":false,"elType":"section"},{"id":"7d07ed1c","settings":{"content_width":{"unit":"px","size":1440,"sizes":[]},"background_color":"#FFFFFF","background_background":"classic","background_color_stop":{"unit":"%","size":58,"sizes":[]},"background_color_b":"#1B1F2D","background_image":{"url":"","id":"","alt":"","source":"library"},"background_position":"center center","background_repeat":"no-repeat","background_size":"cover","background_overlay_color":"#FFEFEC","background_overlay_opacity":{"unit":"px","size":0.91,"sizes":[]},"shape_divider_top_color":"#1B1F2D","shape_divider_top_height":{"unit":"px","size":59,"sizes":[]},"shape_divider_top_flip":"yes","shape_divider_bottom_color":"#1B1F2D","shape_divider_bottom_height":{"unit":"px","size":44,"sizes":[]},"padding":{"unit":"px","top":"0","right":"30","bottom":"0","left":"30","isLinked":false},"padding_mobile":{"unit":"px","top":"0","right":"0","bottom":"0","left":"0","isLinked":true},"gap":"no"},"elements":[{"id":"5ad3ed51","settings":{"_column_size":100,"_inline_size":null},"elements":[{"id":"52dedc3b","settings":{"space":{"unit":"px","size":120,"sizes":[]},"space_tablet":{"unit":"px","size":0,"sizes":[]}},"elements":[],"isInner":false,"widgetType":"spacer","elType":"widget"},{"id":"2fbd9e53","settings":{"layout":"full_width","animation":"fadeIn","animation_duration":"slow","structure":"20","margin":{"unit":"px","top":"0","right":0,"bottom":"0","left":0,"isLinked":false},"padding_mobile":{"unit":"px","top":"0","right":"20","bottom":"0","left":"20","isLinked":false}},"elements":[{"id":"53d77e46","settings":{"_column_size":50,"_inline_size":null,"space_between_widgets":0,"_inline_size_tablet":100,"_inline_size_mobile":100,"padding_mobile":{"unit":"px","top":"0","right":"0","bottom":"0","left":"0","isLinked":true},"align":"center"},"elements":[{"id":"2fd1976e","settings":{"image":{"url":"https:\/\/demo26.houzez.co\/wp-content\/uploads\/2022\/06\/demo-35.png","id":44985,"alt":"","source":"library"},"image_size":"full","image_custom_dimension":{"width":"400","height":""},"align":"center","_margin":{"unit":"px","top":"0","right":"0","bottom":"20","left":"0","isLinked":false},"_element_width":"initial","_element_custom_width":{"unit":"px","size":200,"sizes":[]},"_animation":"fadeIn","animation_duration":"slow"},"elements":[],"isInner":false,"widgetType":"image","elType":"widget"},{"id":"75ce2d81","settings":{"title":"We help people find the best places to live so that they can have everything they want.","typography_typography":"custom","typography_font_size":{"unit":"px","size":34,"sizes":[]},"typography_font_weight":"400","_margin":{"unit":"%","top":"0","right":"16","bottom":"5","left":"16","isLinked":false},"_animation":"fadeIn","animation_duration":"slow","align_mobile":"center","typography_font_size_mobile":{"unit":"px","size":27,"sizes":[]},"typography_font_size_tablet":{"unit":"px","size":30,"sizes":[]},"_margin_tablet":{"unit":"px","top":"0","right":"0","bottom":"30","left":"0","isLinked":false},"typography_line_height":{"unit":"em","size":1.5,"sizes":[]},"typography_letter_spacing":{"unit":"px","size":-0.5,"sizes":[]},"align":"center","typography_font_family":"Times New Roman","typography_font_style":"italic"},"elements":[],"isInner":false,"widgetType":"heading","elType":"widget"},{"id":"3bbee507","settings":{"text":"View More","align":"center","size":"md","typography_typography":"custom","typography_font_size":{"unit":"px","size":13,"sizes":[]},"typography_text_transform":"uppercase","typography_line_height":{"unit":"em","size":1.5,"sizes":[]},"typography_letter_spacing":{"unit":"px","size":5,"sizes":[]},"background_color":"#1B1F2D00","hover_color":"#91D9FD","border_width":{"unit":"px","top":"1","right":"1","bottom":"1","left":"1","isLinked":true},"border_radius":{"unit":"px","top":"0","right":"0","bottom":"0","left":"0","isLinked":true},"typography_font_family":"Jost","typography_font_weight":"500","button_text_color":"#6FABCA","border_color":"#1B1F2D","link":{"url":"https:\/\/demo26.houzez.co\/mls-search\/","is_external":"","nofollow":"","custom_attributes":""},"selected_icon":{"value":"fas fa-long-arrow-alt-right","library":"fa-solid"},"icon_align":"right","text_padding":{"unit":"px","top":"0","right":"0","bottom":"0","left":"0","isLinked":false},"align_tablet":"center","_animation":"fadeIn","animation_duration":"slow"},"elements":[],"isInner":false,"widgetType":"button","elType":"widget"}],"isInner":true,"elType":"column"},{"id":"5aa5d711","settings":{"_column_size":50,"_inline_size":null,"space_between_widgets":0,"_inline_size_tablet":100,"space_between_widgets_tablet":0,"padding":{"unit":"px","top":"0","right":"100","bottom":"0","left":"0","isLinked":false},"padding_tablet":{"unit":"px","top":"0","right":"0","bottom":"0","left":"0","isLinked":true},"padding_mobile":{"unit":"px","top":"0","right":"0","bottom":"0","left":"0","isLinked":true}},"elements":[{"id":"5dda49a7","settings":{"selected_icon":{"value":{"url":"https:\/\/demo26.houzez.co\/wp-content\/uploads\/2022\/06\/streamline-icon-check-badge@40x40-2.svg","id":44953},"library":"svg"},"title_text":"We have the expertise to help you find your perfect home","description_text":" We know the ins and outs of the real estate market, and we can help you find a home that fits your needs and budget. We'll work with you to find the perfect home for you and your family.","position":"left","icon_space":{"unit":"px","size":30,"sizes":[]},"icon_size":{"unit":"px","size":30,"sizes":[]},"title_typography_typography":"custom","title_typography_font_size":{"unit":"px","size":22,"sizes":[]},"title_typography_font_weight":"500","title_typography_line_height":{"unit":"em","size":1.5,"sizes":[]},"title_typography_letter_spacing":{"unit":"px","size":-0.5,"sizes":[]},"description_typography_typography":"custom","description_typography_font_size":{"unit":"px","size":18,"sizes":[]},"description_typography_font_weight":"300","description_typography_line_height":{"unit":"em","size":1.5,"sizes":[]},"description_typography_letter_spacing":{"unit":"px","size":0.5,"sizes":[]},"_animation":"fadeIn","animation_duration":"slow"},"elements":[],"isInner":false,"widgetType":"icon-box","elType":"widget"},{"id":"6af11bcb","settings":{"space":{"unit":"px","size":80,"sizes":[]},"space_tablet":{"unit":"px","size":40,"sizes":[]},"space_mobile":{"unit":"px","size":40,"sizes":[]}},"elements":[],"isInner":false,"widgetType":"spacer","elType":"widget"},{"id":"3f113953","settings":{"selected_icon":{"value":{"url":"https:\/\/demo26.houzez.co\/wp-content\/uploads\/2022\/06\/streamline-icon-check-badge@40x40-2.svg","id":44953},"library":"svg"},"title_text":"We offer expert advice and information on the market.","description_text":"We have a wide range of knowledge and experience, and we're always happy to share it with you. We're dedicated to providing you with honest and expert advice about the market.","position":"left","icon_space":{"unit":"px","size":30,"sizes":[]},"icon_size":{"unit":"px","size":30,"sizes":[]},"title_typography_typography":"custom","title_typography_font_size":{"unit":"px","size":22,"sizes":[]},"title_typography_font_weight":"500","title_typography_line_height":{"unit":"em","size":1.5,"sizes":[]},"title_typography_letter_spacing":{"unit":"px","size":-0.5,"sizes":[]},"description_typography_typography":"custom","description_typography_font_size":{"unit":"px","size":18,"sizes":[]},"description_typography_font_weight":"300","description_typography_line_height":{"unit":"em","size":1.5,"sizes":[]},"description_typography_letter_spacing":{"unit":"px","size":0.5,"sizes":[]},"_animation":"fadeIn","animation_duration":"slow"},"elements":[],"isInner":false,"widgetType":"icon-box","elType":"widget"},{"id":"4a6c9416","settings":{"space":{"unit":"px","size":80,"sizes":[]},"space_tablet":{"unit":"px","size":40,"sizes":[]},"space_mobile":{"unit":"px","size":40,"sizes":[]}},"elements":[],"isInner":false,"widgetType":"spacer","elType":"widget"},{"id":"239176c3","settings":{"selected_icon":{"value":{"url":"https:\/\/demo26.houzez.co\/wp-content\/uploads\/2022\/06\/streamline-icon-check-badge@40x40-2.svg","id":44953},"library":"svg"},"title_text":"We'll find a property to suit your needs.","description_text":"If you're looking for a property, we'll do our best to find one that suits your needs. We'll show you any property that interests you, even if it's not on our website or in your price range. ","position":"left","icon_space":{"unit":"px","size":30,"sizes":[]},"icon_size":{"unit":"px","size":30,"sizes":[]},"title_typography_typography":"custom","title_typography_font_size":{"unit":"px","size":22,"sizes":[]},"title_typography_font_weight":"500","title_typography_line_height":{"unit":"em","size":1.5,"sizes":[]},"title_typography_letter_spacing":{"unit":"px","size":-0.5,"sizes":[]},"description_typography_typography":"custom","description_typography_font_size":{"unit":"px","size":18,"sizes":[]},"description_typography_font_weight":"300","description_typography_line_height":{"unit":"em","size":1.5,"sizes":[]},"description_typography_letter_spacing":{"unit":"px","size":0.5,"sizes":[]},"_animation":"fadeIn","animation_duration":"slow"},"elements":[],"isInner":false,"widgetType":"icon-box","elType":"widget"},{"id":"5630700a","settings":{"space":{"unit":"px","size":140,"sizes":[]},"space_tablet":{"unit":"px","size":80,"sizes":[]}},"elements":[],"isInner":false,"widgetType":"spacer","elType":"widget"}],"isInner":true,"elType":"column"}],"isInner":true,"elType":"section"}],"isInner":false,"elType":"column"}],"isInner":false,"elType":"section"},{"id":"6a91e832","settings":{"background_color":"#E5F2F6","content_width":{"unit":"px","size":1440,"sizes":[]},"background_color_b":"#E5F2F6","background_color_stop":{"unit":"%","size":59,"sizes":[]},"background_background":"classic","layout":"full_width","background_color_b_stop":{"unit":"%","size":0,"sizes":[]}},"elements":[{"id":"1c7d9918","settings":{"_column_size":100,"_inline_size":null,"_inline_size_tablet":100,"content_position":"center","content_position_tablet":"bottom","content_position_mobile":"bottom","padding_tablet":{"unit":"%","top":"0","right":"0","bottom":"12","left":"0","isLinked":false},"padding_mobile":{"unit":"px","top":"30","right":"10","bottom":"10","left":"10","isLinked":false},"background_color":"#00000045"},"elements":[{"id":"594c7b4e","settings":{"space":{"unit":"px","size":80,"sizes":[]}},"elements":[],"isInner":false,"widgetType":"spacer","elType":"widget"},{"id":"79d80773","settings":{"margin":{"unit":"px","top":"0","right":0,"bottom":"-20","left":0,"isLinked":false},"z_index":1},"elements":[{"id":"5c0ed063","settings":{"_column_size":100,"_inline_size":null},"elements":[{"id":"1ea9b2a3","settings":{"title":"We've recently added some new properties.","typography_typography":"custom","typography_font_size":{"unit":"px","size":36,"sizes":[]},"typography_font_weight":"500","_margin":{"unit":"px","top":"0","right":"0","bottom":"0","left":"0","isLinked":false},"_animation":"fadeIn","animation_duration":"slow","align_mobile":"center","typography_font_size_mobile":{"unit":"px","size":30,"sizes":[]},"typography_font_size_tablet":{"unit":"px","size":30,"sizes":[]},"_margin_tablet":{"unit":"px","top":"0","right":"0","bottom":"0","left":"0","isLinked":false},"align":"center","typography_letter_spacing":{"unit":"px","size":-0.5,"sizes":[]},"typography_line_height_mobile":{"unit":"em","size":1.5,"sizes":[]},"_margin_mobile":{"unit":"px","top":"0","right":"0","bottom":"0","left":"0","isLinked":true}},"elements":[],"isInner":false,"widgetType":"heading","elType":"widget"},{"id":"5f55acfc","settings":{"title":"Find the perfect home for you. Search all available properties and find the one that suits your needs.","typography_typography":"custom","typography_font_size":{"unit":"px","size":25,"sizes":[]},"typography_font_weight":"300","_animation":"fadeIn","animation_duration":"slow","align_mobile":"center","typography_font_size_mobile":{"unit":"px","size":19,"sizes":[]},"typography_font_size_tablet":{"unit":"px","size":24,"sizes":[]},"_margin_tablet":{"unit":"px","top":"0","right":"0","bottom":"30","left":"0","isLinked":false},"typography_line_height":{"unit":"em","size":1.5,"sizes":[]},"typography_letter_spacing":{"unit":"px","size":-0.5,"sizes":[]},"header_size":"div","align":"center","typography_letter_spacing_mobile":{"unit":"px","size":0.5,"sizes":[]}},"elements":[],"isInner":false,"widgetType":"heading","elType":"widget"}],"isInner":true,"elType":"column"}],"isInner":true,"elType":"section"},{"id":"1a85c5d1","settings":{"layout":"full_width","margin":{"unit":"px","top":"0","right":0,"bottom":"0","left":0,"isLinked":false},"padding":{"unit":"px","top":"0","right":"30","bottom":"0","left":"30","isLinked":false},"padding_mobile":{"unit":"px","top":"0","right":"0","bottom":"0","left":"0","isLinked":true}},"elements":[{"id":"35039fa5","settings":{"_column_size":100},"elements":[{"id":"76475049","settings":{"auto_speed":"3000","slides_to_show":"5","slide_auto":"true","slide_dots":"false","hide_compare":"none","hide_favorite":"none","hide_preview":"none","hide_button":"none","hide_author_date":"none","np_color":"#02547D","np_border_color":"#76BBDE","np_bg_color_hover":"#0074AE","np_color_hover":"#FFFFFF","np_border_color_hover":"#0074AE","_margin":{"unit":"px","top":"0","right":"0","bottom":"50","left":"0","isLinked":false}},"elements":[],"isInner":false,"widgetType":"houzez_elementor_properties_carousel_v2","elType":"widget"},{"id":"1472abae","settings":{"width":{"unit":"%","size":20,"sizes":[]},"align":"center","look":"line_icon","text":"Divider","icon":{"value":{"url":"https:\/\/demo26.houzez.co\/wp-content\/uploads\/2022\/06\/pin.svg","id":44945},"library":"svg"},"color":"#02547D","_margin":{"unit":"px","top":"0","right":"0","bottom":"030","left":"0","isLinked":false}},"elements":[],"isInner":false,"widgetType":"divider","elType":"widget"}],"isInner":true,"elType":"column"}],"isInner":true,"elType":"section"}],"isInner":false,"elType":"column"}],"isInner":false,"elType":"section"},{"id":"36a7d293","settings":{"content_width":{"unit":"px","size":1440,"sizes":[]},"background_background":"gradient","background_color":"#FFFFFF","layout":"full_width","background_color_stop":{"unit":"%","size":39,"sizes":[]},"background_color_b":"#E5F2F6","background_color_b_stop":{"unit":"%","size":0,"sizes":[]},"background_gradient_angle":{"unit":"deg","size":0,"sizes":[]}},"elements":[{"id":"52087e9e","settings":{"_column_size":100,"_inline_size":null},"elements":[{"id":"7f9cb588","settings":{"margin":{"unit":"px","top":"0","right":0,"bottom":"20","left":0,"isLinked":false},"z_index":1},"elements":[{"id":"6e60debf","settings":{"_column_size":100,"_inline_size":null},"elements":[{"id":"676dfeb6","settings":{"title":"Featured homes","typography_typography":"custom","typography_font_size":{"unit":"px","size":36,"sizes":[]},"typography_font_weight":"500","_margin":{"unit":"px","top":"0","right":"0","bottom":"0","left":"0","isLinked":false},"_animation":"fadeIn","animation_duration":"slow","align_mobile":"center","typography_font_size_mobile":{"unit":"px","size":30,"sizes":[]},"typography_font_size_tablet":{"unit":"px","size":30,"sizes":[]},"_margin_tablet":{"unit":"px","top":"0","right":"0","bottom":"0","left":"0","isLinked":false},"align":"center","typography_letter_spacing":{"unit":"px","size":-0.5,"sizes":[]},"typography_line_height_mobile":{"unit":"em","size":1.5,"sizes":[]},"_margin_mobile":{"unit":"px","top":"0","right":"0","bottom":"0","left":"0","isLinked":true}},"elements":[],"isInner":false,"widgetType":"heading","elType":"widget"},{"id":"3fb2044a","settings":{"title":"We have a variety of properties for sale in your area","typography_typography":"custom","typography_font_size":{"unit":"px","size":25,"sizes":[]},"typography_font_weight":"300","_animation":"fadeIn","animation_duration":"slow","align_mobile":"center","typography_font_size_mobile":{"unit":"px","size":19,"sizes":[]},"typography_font_size_tablet":{"unit":"px","size":24,"sizes":[]},"_margin_tablet":{"unit":"px","top":"0","right":"0","bottom":"30","left":"0","isLinked":false},"typography_line_height":{"unit":"em","size":1.5,"sizes":[]},"typography_letter_spacing":{"unit":"px","size":-0.5,"sizes":[]},"header_size":"div","align":"center","typography_letter_spacing_mobile":{"unit":"px","size":0.5,"sizes":[]}},"elements":[],"isInner":false,"widgetType":"heading","elType":"widget"}],"isInner":true,"elType":"column"}],"isInner":true,"elType":"section"},{"id":"32409f7c","settings":{"gap":"wide","structure":"30","content_width":{"unit":"px","size":1047,"sizes":[]},"margin":{"unit":"px","top":"0","right":0,"bottom":"0","left":0,"isLinked":false}},"elements":[{"id":"327448d4","settings":{"_column_size":33,"_inline_size":null,"_inline_size_tablet":33},"elements":[{"id":"40d6b61","settings":{"image":{"url":"https:\/\/demo26.houzez.co\/wp-content\/uploads\/2016\/02\/038.jpg","id":16168,"alt":"","source":"library"},"thumbnail_size":"custom","thumbnail_custom_dimension":{"width":"400","height":"600"},"title_text":"Apartments for sale","description_text":"","link":{"url":"https:\/\/demo26.houzez.co\/property-search\/","is_external":"","nofollow":"","custom_attributes":""},"image_space":{"unit":"px","size":25,"sizes":[]},"image_size":{"unit":"%","size":100,"sizes":[]},"image_opacity_hover":{"unit":"px","size":0.65,"sizes":[]},"text_align":"center","title_bottom_space":{"unit":"px","size":14,"sizes":[]},"title_typography_typography":"custom","title_typography_font_size":{"unit":"px","size":20,"sizes":[]},"description_typography_typography":"custom","description_typography_font_size":{"unit":"px","size":18,"sizes":[]},"description_typography_font_weight":"300","description_typography_letter_spacing":{"unit":"px","size":0.5,"sizes":[]},"_background_color":"#E5F2F6","_animation":"none"},"elements":[],"isInner":false,"widgetType":"image-box","elType":"widget"}],"isInner":true,"elType":"column"},{"id":"d700d48","settings":{"_column_size":33,"_inline_size":null,"_inline_size_tablet":33},"elements":[{"id":"3e831bc0","settings":{"image":{"url":"https:\/\/demo26.houzez.co\/wp-content\/uploads\/2016\/03\/016.jpg","id":16151,"alt":"","source":"library"},"thumbnail_size":"custom","thumbnail_custom_dimension":{"width":"400","height":"600"},"title_text":"Single family homes for sale","description_text":"","link":{"url":"https:\/\/demo26.houzez.co\/property-search\/","is_external":"","nofollow":"","custom_attributes":""},"image_space":{"unit":"px","size":25,"sizes":[]},"image_size":{"unit":"%","size":100,"sizes":[]},"image_opacity_hover":{"unit":"px","size":0.65,"sizes":[]},"text_align":"center","title_bottom_space":{"unit":"px","size":14,"sizes":[]},"title_typography_typography":"custom","title_typography_font_size":{"unit":"px","size":20,"sizes":[]},"description_typography_typography":"custom","description_typography_font_size":{"unit":"px","size":18,"sizes":[]},"description_typography_font_weight":"300","description_typography_letter_spacing":{"unit":"px","size":0.5,"sizes":[]},"_background_color":"#E5F2F6"},"elements":[],"isInner":false,"widgetType":"image-box","elType":"widget"}],"isInner":true,"elType":"column"},{"id":"5d50d2bb","settings":{"_column_size":33,"_inline_size":null,"_inline_size_tablet":33},"elements":[{"id":"59c52f9","settings":{"image":{"url":"https:\/\/demo26.houzez.co\/wp-content\/uploads\/2016\/03\/052.jpg","id":16117,"alt":"","source":"library"},"thumbnail_size":"custom","thumbnail_custom_dimension":{"width":"400","height":"600"},"title_text":"Villas for sale","description_text":"","link":{"url":"https:\/\/demo26.houzez.co\/property-search\/","is_external":"","nofollow":"","custom_attributes":""},"image_space":{"unit":"px","size":25,"sizes":[]},"image_size":{"unit":"%","size":100,"sizes":[]},"image_opacity_hover":{"unit":"px","size":0.65,"sizes":[]},"text_align":"center","title_bottom_space":{"unit":"px","size":14,"sizes":[]},"title_typography_typography":"custom","title_typography_font_size":{"unit":"px","size":20,"sizes":[]},"description_typography_typography":"custom","description_typography_font_size":{"unit":"px","size":18,"sizes":[]},"description_typography_font_weight":"300","description_typography_letter_spacing":{"unit":"px","size":0.5,"sizes":[]},"_background_color":"#E5F2F6"},"elements":[],"isInner":false,"widgetType":"image-box","elType":"widget"}],"isInner":true,"elType":"column"}],"isInner":true,"elType":"section"},{"id":"78e63f9a","settings":{"space":{"unit":"px","size":70,"sizes":[]}},"elements":[],"isInner":false,"widgetType":"spacer","elType":"widget"}],"isInner":false,"elType":"column"}],"isInner":false,"elType":"section"},{"id":"51866fe3","settings":{"content_width":{"unit":"px","size":1440,"sizes":[]},"background_background":"classic","background_color":"#FFFFFF","layout":"full_width","background_color_stop":{"unit":"%","size":75,"sizes":[]},"background_color_b":"#E5F2F6","background_color_b_stop":{"unit":"%","size":0,"sizes":[]},"background_gradient_angle":{"unit":"deg","size":0,"sizes":[]}},"elements":[{"id":"4987910b","settings":{"_column_size":100,"_inline_size":null},"elements":[{"id":"1d0101d5","settings":{"width":{"unit":"%","size":20,"sizes":[]},"align":"center","look":"line_icon","text":"Divider","icon":{"value":{"url":"https:\/\/demo26.houzez.co\/wp-content\/uploads\/2022\/06\/pin.svg","id":44945},"library":"svg"},"color":"#02547D"},"elements":[],"isInner":false,"widgetType":"divider","elType":"widget"},{"id":"7f5ee859","settings":{"space":{"unit":"px","size":70,"sizes":[]}},"elements":[],"isInner":false,"widgetType":"spacer","elType":"widget"},{"id":"3f6fe4ed","settings":{"margin":{"unit":"px","top":"0","right":0,"bottom":"20","left":0,"isLinked":false},"z_index":1},"elements":[{"id":"5fd5df0e","settings":{"_column_size":100,"_inline_size":null},"elements":[{"id":"71507bd9","settings":{"title":"We recommend the best places to live in these cities.","typography_typography":"custom","typography_font_size":{"unit":"px","size":36,"sizes":[]},"typography_font_weight":"500","_margin":{"unit":"px","top":"0","right":"0","bottom":"0","left":"0","isLinked":false},"_animation":"fadeIn","animation_duration":"slow","align_mobile":"center","typography_font_size_mobile":{"unit":"px","size":30,"sizes":[]},"typography_font_size_tablet":{"unit":"px","size":30,"sizes":[]},"_margin_tablet":{"unit":"px","top":"0","right":"0","bottom":"0","left":"0","isLinked":false},"align":"center","typography_letter_spacing":{"unit":"px","size":-0.5,"sizes":[]},"typography_line_height_mobile":{"unit":"em","size":1.5,"sizes":[]},"_margin_mobile":{"unit":"px","top":"0","right":"0","bottom":"0","left":"0","isLinked":true}},"elements":[],"isInner":false,"widgetType":"heading","elType":"widget"},{"id":"5b577819","settings":{"title":"Find the perfect home for you. Search all available properties and find the one that suits your needs.","typography_typography":"custom","typography_font_size":{"unit":"px","size":25,"sizes":[]},"typography_font_weight":"300","_animation":"fadeIn","animation_duration":"slow","align_mobile":"center","typography_font_size_mobile":{"unit":"px","size":19,"sizes":[]},"typography_font_size_tablet":{"unit":"px","size":24,"sizes":[]},"_margin_tablet":{"unit":"px","top":"0","right":"0","bottom":"30","left":"0","isLinked":false},"typography_line_height":{"unit":"em","size":1.5,"sizes":[]},"typography_letter_spacing":{"unit":"px","size":-0.5,"sizes":[]},"header_size":"div","align":"center","typography_letter_spacing_mobile":{"unit":"px","size":0.5,"sizes":[]}},"elements":[],"isInner":false,"widgetType":"heading","elType":"widget"}],"isInner":true,"elType":"column"}],"isInner":true,"elType":"section"},{"id":"2e5d3175","settings":{"structure":"50","content_width":{"unit":"px","size":1460,"sizes":[]},"margin":{"unit":"px","top":"0","right":0,"bottom":"0","left":0,"isLinked":false}},"elements":[{"id":"3a4b2a12","settings":{"_column_size":20,"_inline_size":null,"_inline_size_tablet":33,"space_between_widgets_mobile":0},"elements":[{"id":"a07a5a6","settings":{"more_text":"Explore","grid_taxonomy":"property_city","tax_city":"englewood","more_text_d":"More Details","properties_text":"Properties","property_text":"Property","grid_type":"grid-item-v3","grid_v3_height":{"unit":"%","size":196,"sizes":[]},"grid_item_margin":{"unit":"px","size":20,"sizes":[]},"grid_title_typography_typography":"custom","grid_title_typography_font_family":"","grid_title_typography_font_weight":"600","grid_subtitle_typography_typography":"custom","grid_subtitle_typography_font_family":"Quicksand","grid_subtitle_typography_font_weight":"700","grid_v3_height_tablet":{"unit":"%","size":191,"sizes":[]},"grid_item_margin_tablet":{"unit":"px","size":0,"sizes":[]},"grid_item_margin_mobile":{"unit":"px","size":0,"sizes":[]},"image":{"id":44481,"url":"https:\/\/demo26.houzez.co\/wp-content\/uploads\/2022\/05\/AdobeStock_444121315_Preview.jpeg","alt":"","source":"library"},"tax_custom_image":{"id":44557,"url":"https:\/\/demo26.houzez.co\/wp-content\/uploads\/2022\/05\/placeholder-1.png"},"grid_title_typography_font_size":{"unit":"px","size":14,"sizes":[]},"grid_title":"Miami","more_link":{"url":"https:\/\/demo26.houzez.co\/property-search\/","is_external":true,"nofollow":true,"custom_attributes":""},"grid_v3_height_mobile":{"unit":"%","size":40,"sizes":[]}},"elements":[],"isInner":false,"widgetType":"Houzez_elementor_grid_builder","elType":"widget"}],"isInner":true,"elType":"column"},{"id":"7234f6e7","settings":{"_column_size":20,"_inline_size":null,"_inline_size_tablet":33,"space_between_widgets_mobile":0},"elements":[{"id":"59b54284","settings":{"more_text":"Explore","grid_taxonomy":"property_city","tax_city":"longboat-key","more_text_d":"More Details","properties_text":"Properties","property_text":"Property","grid_item_margin":{"unit":"px","size":20,"sizes":[]},"grid_title_typography_typography":"custom","grid_title_typography_font_family":"","grid_title_typography_font_weight":"600","grid_subtitle_typography_typography":"custom","grid_subtitle_typography_font_family":"Quicksand","grid_subtitle_typography_font_weight":"700","grid_item_margin_tablet":{"unit":"px","size":10,"sizes":[]},"grid_item_margin_mobile":{"unit":"px","size":10,"sizes":[]},"image":{"id":43758,"url":"https:\/\/demo26.houzez.co\/wp-content\/uploads\/2022\/03\/city-07.jpg","alt":"","source":"library"},"tax_custom_image":{"id":44559,"url":"https:\/\/demo26.houzez.co\/wp-content\/uploads\/2022\/05\/placeholder-3.png"},"grid_title_typography_font_size":{"unit":"px","size":13,"sizes":[]},"grid_title":"Kendal","more_link":{"url":"https:\/\/demo26.houzez.co\/property-search\/","is_external":true,"nofollow":true,"custom_attributes":""},"grid_type":"grid-item-v2","grid_v2_height_mobile":{"unit":"%","size":50,"sizes":[]}},"elements":[],"isInner":false,"widgetType":"Houzez_elementor_grid_builder","elType":"widget"},{"id":"4c695697","settings":{"more_text":"Explore","grid_taxonomy":"property_city","tax_city":"longboat-key","more_text_d":"More Details","properties_text":"Properties","property_text":"Property","grid_item_margin":{"unit":"px","size":20,"sizes":[]},"grid_title_typography_typography":"custom","grid_title_typography_font_family":"","grid_title_typography_font_weight":"600","grid_subtitle_typography_typography":"custom","grid_subtitle_typography_font_family":"Quicksand","grid_subtitle_typography_font_weight":"700","grid_item_margin_tablet":{"unit":"px","size":10,"sizes":[]},"grid_item_margin_mobile":{"unit":"px","size":10,"sizes":[]},"image":{"id":43760,"url":"https:\/\/demo26.houzez.co\/wp-content\/uploads\/2022\/03\/city-09.jpg","alt":"","source":"library"},"tax_custom_image":{"id":44559,"url":"https:\/\/demo26.houzez.co\/wp-content\/uploads\/2022\/05\/placeholder-3.png"},"grid_title_typography_font_size":{"unit":"px","size":13,"sizes":[]},"grid_title":"Ocala","more_link":{"url":"https:\/\/demo26.houzez.co\/property-search\/","is_external":true,"nofollow":true,"custom_attributes":""},"grid_type":"grid-item-v2","grid_v2_height_mobile":{"unit":"%","size":50,"sizes":[]}},"elements":[],"isInner":false,"widgetType":"Houzez_elementor_grid_builder","elType":"widget"}],"isInner":true,"elType":"column"},{"id":"2223cc9b","settings":{"_column_size":20,"_inline_size":null,"_inline_size_tablet":33},"elements":[{"id":"67c330de","settings":{"more_text":"Explore","grid_taxonomy":"property_city","tax_city":"englewood","more_text_d":"More Details","properties_text":"Properties","property_text":"Property","grid_type":"grid-item-v3","grid_v3_height":{"unit":"%","size":196,"sizes":[]},"grid_item_margin":{"unit":"px","size":20,"sizes":[]},"grid_title_typography_typography":"custom","grid_title_typography_font_family":"","grid_title_typography_font_weight":"600","grid_subtitle_typography_typography":"custom","grid_subtitle_typography_font_family":"Quicksand","grid_subtitle_typography_font_weight":"700","grid_v3_height_tablet":{"unit":"%","size":191,"sizes":[]},"grid_item_margin_tablet":{"unit":"px","size":0,"sizes":[]},"grid_item_margin_mobile":{"unit":"px","size":0,"sizes":[]},"image":{"id":43756,"url":"https:\/\/demo26.houzez.co\/wp-content\/uploads\/2022\/03\/city-05.jpg","alt":"","source":"library"},"tax_custom_image":{"id":44557,"url":"https:\/\/demo26.houzez.co\/wp-content\/uploads\/2022\/05\/placeholder-1.png"},"grid_title_typography_font_size":{"unit":"px","size":14,"sizes":[]},"grid_title":"Fort Lauderdale","more_link":{"url":"https:\/\/demo26.houzez.co\/property-search\/","is_external":true,"nofollow":true,"custom_attributes":""},"grid_v3_height_mobile":{"unit":"%","size":40,"sizes":[]}},"elements":[],"isInner":false,"widgetType":"Houzez_elementor_grid_builder","elType":"widget"}],"isInner":true,"elType":"column"},{"id":"3a4641e8","settings":{"_column_size":20,"_inline_size":null,"_inline_size_tablet":33},"elements":[{"id":"4a7a5c31","settings":{"more_text":"Explore","grid_taxonomy":"property_city","tax_city":"longboat-key","more_text_d":"More Details","properties_text":"Properties","property_text":"Property","grid_item_margin":{"unit":"px","size":20,"sizes":[]},"grid_title_typography_typography":"custom","grid_title_typography_font_family":"","grid_title_typography_font_weight":"600","grid_subtitle_typography_typography":"custom","grid_subtitle_typography_font_family":"Quicksand","grid_subtitle_typography_font_weight":"700","grid_item_margin_tablet":{"unit":"px","size":10,"sizes":[]},"grid_item_margin_mobile":{"unit":"px","size":10,"sizes":[]},"image":{"id":43763,"url":"https:\/\/demo26.houzez.co\/wp-content\/uploads\/2022\/03\/city-12.jpg","alt":"","source":"library"},"tax_custom_image":{"id":44559,"url":"https:\/\/demo26.houzez.co\/wp-content\/uploads\/2022\/05\/placeholder-3.png"},"grid_title_typography_font_size":{"unit":"px","size":13,"sizes":[]},"grid_title":"Orlando","more_link":{"url":"https:\/\/demo26.houzez.co\/property-search\/","is_external":true,"nofollow":true,"custom_attributes":""},"grid_type":"grid-item-v2","grid_v2_height_mobile":{"unit":"%","size":50,"sizes":[]}},"elements":[],"isInner":false,"widgetType":"Houzez_elementor_grid_builder","elType":"widget"},{"id":"76ff4aca","settings":{"more_text":"Explore","grid_taxonomy":"property_city","tax_city":"longboat-key","more_text_d":"More Details","properties_text":"Properties","property_text":"Property","grid_item_margin":{"unit":"px","size":20,"sizes":[]},"grid_title_typography_typography":"custom","grid_title_typography_font_family":"","grid_title_typography_font_weight":"600","grid_subtitle_typography_typography":"custom","grid_subtitle_typography_font_family":"Quicksand","grid_subtitle_typography_font_weight":"700","grid_item_margin_tablet":{"unit":"px","size":10,"sizes":[]},"grid_item_margin_mobile":{"unit":"px","size":10,"sizes":[]},"image":{"id":43754,"url":"https:\/\/demo26.houzez.co\/wp-content\/uploads\/2022\/03\/city-03.jpg","alt":"","source":"library"},"tax_custom_image":{"id":44559,"url":"https:\/\/demo26.houzez.co\/wp-content\/uploads\/2022\/05\/placeholder-3.png"},"grid_title_typography_font_size":{"unit":"px","size":13,"sizes":[]},"grid_title":"Saint Petersburg","more_link":{"url":"https:\/\/demo26.houzez.co\/property-search\/","is_external":true,"nofollow":true,"custom_attributes":""},"grid_type":"grid-item-v2","grid_v2_height_mobile":{"unit":"%","size":50,"sizes":[]}},"elements":[],"isInner":false,"widgetType":"Houzez_elementor_grid_builder","elType":"widget"}],"isInner":true,"elType":"column"},{"id":"6b5899ca","settings":{"_column_size":20,"_inline_size":null,"_inline_size_tablet":66},"elements":[{"id":"55217fde","settings":{"more_text":"Explore","grid_taxonomy":"property_city","tax_city":"englewood","more_text_d":"More Details","properties_text":"Properties","property_text":"Property","grid_type":"grid-item-v3","grid_v3_height":{"unit":"%","size":196,"sizes":[]},"grid_item_margin":{"unit":"px","size":20,"sizes":[]},"grid_title_typography_typography":"custom","grid_title_typography_font_family":"","grid_title_typography_font_weight":"600","grid_subtitle_typography_typography":"custom","grid_subtitle_typography_font_family":"Quicksand","grid_subtitle_typography_font_weight":"700","grid_v3_height_tablet":{"unit":"%","size":91,"sizes":[]},"grid_item_margin_tablet":{"unit":"px","size":0,"sizes":[]},"grid_item_margin_mobile":{"unit":"px","size":0,"sizes":[]},"image":{"id":43756,"url":"https:\/\/demo26.houzez.co\/wp-content\/uploads\/2022\/03\/city-05.jpg","alt":"","source":"library"},"tax_custom_image":{"id":44557,"url":"https:\/\/demo26.houzez.co\/wp-content\/uploads\/2022\/05\/placeholder-1.png"},"grid_title_typography_font_size":{"unit":"px","size":14,"sizes":[]},"grid_title":"Fort Lauderdale","more_link":{"url":"https:\/\/demo26.houzez.co\/property-search\/","is_external":true,"nofollow":true,"custom_attributes":""},"grid_v3_height_mobile":{"unit":"%","size":40,"sizes":[]}},"elements":[],"isInner":false,"widgetType":"Houzez_elementor_grid_builder","elType":"widget"}],"isInner":true,"elType":"column"}],"isInner":true,"elType":"section"},{"id":"9607b45","settings":{"structure":"40","padding_tablet":{"unit":"px","top":"0","right":"0","bottom":"0","left":"50","isLinked":false},"padding_mobile":{"unit":"px","top":"0","right":"0","bottom":"0","left":"0","isLinked":false},"animation":"fadeIn","animation_duration":"slow","margin":{"unit":"px","top":"80","right":0,"bottom":"0","left":0,"isLinked":false}},"elements":[{"id":"4a14a5b7","settings":{"_column_size":25,"_inline_size":null,"space_between_widgets":0,"align_mobile":"center"},"elements":[{"id":"530bf66c","settings":{"ending_number":2500,"suffix":"+","title":"","typography_number_typography":"custom","typography_number_font_size":{"unit":"px","size":30,"sizes":[]},"typography_number_text_transform":"uppercase","title_color":"#0201018C","typography_title_typography":"custom","typography_title_font_size":{"unit":"px","size":15,"sizes":[]},"typography_title_text_transform":"uppercase","typography_title_letter_spacing":{"unit":"px","size":1,"sizes":[]},"_margin":{"unit":"px","top":"0","right":"0","bottom":"0","left":"0","isLinked":true}},"elements":[],"isInner":false,"widgetType":"counter","elType":"widget"},{"id":"3d952cf4","settings":{"title":"Listing for sale","header_size":"div","title_color":"#02010191","typography_typography":"custom","typography_font_size":{"unit":"px","size":16,"sizes":[]},"typography_letter_spacing":{"unit":"px","size":1,"sizes":[]},"_margin":{"unit":"px","top":"15","right":"0","bottom":"15","left":"0","isLinked":false},"align_mobile":"center","typography_font_weight":"300","align":"center"},"elements":[],"isInner":false,"widgetType":"heading","elType":"widget"}],"isInner":true,"elType":"column"},{"id":"70dcf45f","settings":{"_column_size":25,"_inline_size":null,"align_mobile":"center","space_between_widgets":0},"elements":[{"id":"1b16403d","settings":{"suffix":"+","title":"","typography_number_typography":"custom","typography_number_font_size":{"unit":"px","size":30,"sizes":[]},"typography_number_text_transform":"uppercase","title_color":"#0201018C","typography_title_typography":"custom","typography_title_font_size":{"unit":"px","size":15,"sizes":[]},"typography_title_text_transform":"uppercase","typography_title_letter_spacing":{"unit":"px","size":1,"sizes":[]},"_margin":{"unit":"px","top":"0","right":"0","bottom":"0","left":"0","isLinked":true},"ending_number":1350},"elements":[],"isInner":false,"widgetType":"counter","elType":"widget"},{"id":"3a201d42","settings":{"title":"Listing for rent","header_size":"div","title_color":"#02010191","typography_typography":"custom","typography_font_size":{"unit":"px","size":16,"sizes":[]},"typography_letter_spacing":{"unit":"px","size":1,"sizes":[]},"_margin":{"unit":"px","top":"15","right":"0","bottom":"15","left":"0","isLinked":false},"align_mobile":"center","typography_font_weight":"300","align":"center"},"elements":[],"isInner":false,"widgetType":"heading","elType":"widget"}],"isInner":true,"elType":"column"},{"id":"d58da5e","settings":{"_column_size":25,"_inline_size":null,"align_mobile":"center","space_between_widgets":0},"elements":[{"id":"d0de4ec","settings":{"ending_number":900,"suffix":"+","title":"","typography_number_typography":"custom","typography_number_font_size":{"unit":"px","size":30,"sizes":[]},"typography_number_text_transform":"uppercase","title_color":"#0201018C","typography_title_typography":"custom","typography_title_font_size":{"unit":"px","size":15,"sizes":[]},"typography_title_text_transform":"uppercase","typography_title_letter_spacing":{"unit":"px","size":1,"sizes":[]},"_margin":{"unit":"px","top":"0","right":"0","bottom":"0","left":"0","isLinked":true}},"elements":[],"isInner":false,"widgetType":"counter","elType":"widget"},{"id":"7be0b4e3","settings":{"title":"Property sold","header_size":"div","title_color":"#02010191","typography_typography":"custom","typography_font_size":{"unit":"px","size":16,"sizes":[]},"typography_letter_spacing":{"unit":"px","size":1,"sizes":[]},"_margin":{"unit":"px","top":"15","right":"0","bottom":"15","left":"0","isLinked":false},"align_mobile":"center","typography_font_weight":"300","align":"center"},"elements":[],"isInner":false,"widgetType":"heading","elType":"widget"}],"isInner":true,"elType":"column"},{"id":"5a07e924","settings":{"_column_size":25,"_inline_size":null,"align_mobile":"center","space_between_widgets":0},"elements":[{"id":"1b2fcebf","settings":{"ending_number":15,"suffix":"+","title":"","typography_number_typography":"custom","typography_number_font_size":{"unit":"px","size":30,"sizes":[]},"typography_number_text_transform":"uppercase","title_color":"#0201018C","typography_title_typography":"custom","typography_title_font_size":{"unit":"px","size":15,"sizes":[]},"typography_title_text_transform":"uppercase","typography_title_letter_spacing":{"unit":"px","size":1,"sizes":[]},"_margin":{"unit":"px","top":"0","right":"0","bottom":"0","left":"0","isLinked":true}},"elements":[],"isInner":false,"widgetType":"counter","elType":"widget"},{"id":"296c333c","settings":{"title":"Affiliate partners","header_size":"div","title_color":"#02010191","typography_typography":"custom","typography_font_size":{"unit":"px","size":16,"sizes":[]},"typography_letter_spacing":{"unit":"px","size":1,"sizes":[]},"_margin":{"unit":"px","top":"15","right":"0","bottom":"15","left":"0","isLinked":false},"align_mobile":"center","typography_font_weight":"300","align":"center"},"elements":[],"isInner":false,"widgetType":"heading","elType":"widget"}],"isInner":true,"elType":"column"}],"isInner":true,"elType":"section"},{"id":"77115fe3","settings":{"space":{"unit":"px","size":100,"sizes":[]}},"elements":[],"isInner":false,"widgetType":"spacer","elType":"widget"}],"isInner":false,"elType":"column"}],"isInner":false,"elType":"section"},{"id":"288dfac0","settings":{"content_width":{"unit":"px","size":1470,"sizes":[]},"gap":"no","background_background":"classic","background_color":"#E5F2F6","background_color_stop":{"unit":"%","size":58,"sizes":[]},"background_color_b":"#1B1F2D","background_image":{"url":"","id":"","alt":"","source":"library"},"background_position":"center center","background_repeat":"no-repeat","background_size":"cover","background_overlay_color":"#FFEFEC","background_overlay_opacity":{"unit":"px","size":0.91,"sizes":[]},"border_border":"solid","border_width":{"unit":"px","top":"1","right":"0","bottom":"1","left":"0","isLinked":false},"border_color":"#CBE1ED","shape_divider_top_color":"#1B1F2D","shape_divider_top_height":{"unit":"px","size":59,"sizes":[]},"shape_divider_top_flip":"yes","shape_divider_bottom_color":"#1B1F2D","shape_divider_bottom_height":{"unit":"px","size":44,"sizes":[]},"padding":{"unit":"px","top":"0","right":"30","bottom":"0","left":"30","isLinked":false},"padding_mobile":{"unit":"px","top":"0","right":"0","bottom":"0","left":"0","isLinked":true}},"elements":[{"id":"212265e1","settings":{"_column_size":100,"_inline_size":null},"elements":[{"id":"7012f8f4","settings":{"layout":"full_width","content_position":"middle","structure":"20","margin":{"unit":"px","top":"30","right":0,"bottom":"30","left":0,"isLinked":true}},"elements":[{"id":"1357a50b","settings":{"_column_size":50,"_inline_size":null,"space_between_widgets":0,"_inline_size_tablet":100},"elements":[{"id":"4ee5d7ed","settings":{"title":"Sign up to our newsletter","typography_typography":"custom","typography_font_size":{"unit":"px","size":24,"sizes":[]},"typography_font_weight":"500","_margin":{"unit":"px","top":"0","right":"0","bottom":"0","left":"0","isLinked":false},"_animation":"fadeIn","animation_duration":"slow","align_mobile":"center","typography_font_size_mobile":{"unit":"px","size":30,"sizes":[]},"typography_font_size_tablet":{"unit":"px","size":30,"sizes":[]},"_margin_tablet":{"unit":"px","top":"0","right":"0","bottom":"10","left":"0","isLinked":false},"align":"left","typography_letter_spacing":{"unit":"px","size":-0.5,"sizes":[]},"typography_line_height_mobile":{"unit":"em","size":1.5,"sizes":[]},"_margin_mobile":{"unit":"px","top":"0","right":"0","bottom":"0","left":"0","isLinked":true}},"elements":[],"isInner":false,"widgetType":"heading","elType":"widget"},{"id":"3bb44cc0","settings":{"title":"Keep in touch with the latest updates","typography_typography":"custom","typography_font_size":{"unit":"px","size":20,"sizes":[]},"typography_font_weight":"300","_animation":"fadeIn","animation_duration":"slow","align_mobile":"center","typography_font_size_mobile":{"unit":"px","size":19,"sizes":[]},"typography_font_size_tablet":{"unit":"px","size":24,"sizes":[]},"_margin_tablet":{"unit":"px","top":"0","right":"0","bottom":"0","left":"0","isLinked":false},"typography_line_height":{"unit":"em","size":1.5,"sizes":[]},"typography_letter_spacing":{"unit":"px","size":-0.5,"sizes":[]},"header_size":"div","align":"left","typography_letter_spacing_mobile":{"unit":"px","size":0.5,"sizes":[]}},"elements":[],"isInner":false,"widgetType":"heading","elType":"widget"}],"isInner":true,"elType":"column"},{"id":"5c89d767","settings":{"_column_size":50,"_inline_size":null,"_inline_size_tablet":100},"elements":[{"id":"6393b191","settings":{"form_name":"New Form","form_fields":[{"_id":"email","field_type":"email","required":"true","field_label":"Email","placeholder":"Email","width":"80"}],"show_labels":"","gdpr_agreement":"","gdpr_label":"GDPR Agreement","gdpr_required":"true","gdpr_text":"I consent to having this website store my submitted information","button_text":"Submit","email_to":"hello@favethemes.com","email_subject":"New message from &quot;Houzez - Highly Customizable Real Estate WordPress Theme&quot;","field_typography_typography":"custom","field_gdpr_color":"#121D31","gdpr_typography_typography":"custom","gdpr_typography_font_size":{"unit":"px","size":14,"sizes":[]},"con_google_recaptcha":"yes","input_size":"lg","button_size":"lg","button_background_color":"#02547D","button_typography_typography":"custom","button_typography_font_weight":"600","button_background_hover_color":"#0074AE","_margin_mobile":{"unit":"px","top":"30","right":"0","bottom":"0","left":"0","isLinked":false},"button_typography_text_transform":"uppercase","_padding":{"unit":"px","top":"0","right":"0","bottom":"0","left":"0","isLinked":true},"_background_background":"classic","_border_radius":{"unit":"px","top":"4","right":"4","bottom":"4","left":"4","isLinked":true},"label_typography_typography":"custom","label_typography_font_size":{"unit":"px","size":15,"sizes":[]},"label_typography_font_weight":"500","field_typography_font_weight":"400","field_border_color":"#DEECF0","gdpr_typography_line_height":{"unit":"em","size":1.5,"sizes":[]},"button_typography_font_family":"Jost","button_typography_font_size":{"unit":"px","size":13,"sizes":[]},"button_typography_letter_spacing":{"unit":"px","size":3,"sizes":[]},"_animation":"none","animation_duration":"slow","button_width":"20","webhook":"","column_gap":{"unit":"px","size":15,"sizes":[]},"row_gap":{"unit":"px","size":0,"sizes":[]},"_margin":{"unit":"px","top":"10","right":"10","bottom":"10","left":"10","isLinked":true},"row_gap_mobile":{"unit":"px","size":10,"sizes":[]}},"elements":[],"isInner":false,"widgetType":"houzez_elementor_contact_form","elType":"widget"}],"isInner":true,"elType":"column"}],"isInner":true,"elType":"section"}],"isInner":false,"elType":"column"}],"isInner":false,"elType":"section"}],"page_settings":{"background_color":"#FFFFFF"},"version":"0.4","title":"Demo 26 - Homepage","type":"page"}