{"content":[{"id":"55b1068e","settings":{"background_color":"#FFFFFF","custom_height":{"unit":"vh","size":85,"sizes":[]},"custom_height_tablet":{"unit":"vh","size":78,"sizes":[]},"custom_height_mobile":{"unit":"vh","size":100,"sizes":[]},"background_image":{"url":"","id":"","alt":"","source":"library"},"background_position":"center center","background_repeat":"no-repeat","background_size":"cover","background_slideshow_ken_burns":"yes","background_overlay_color":"#FFFFFFF5","background_overlay_opacity":{"unit":"px","size":1,"sizes":[]},"content_width":{"unit":"px","size":1440,"sizes":[]},"gap":"no","column_position":"stretch","background_color_b":"#D5806E","background_gradient_angle":{"unit":"deg","size":10,"sizes":[]},"shape_divider_bottom_height":{"unit":"px","size":25,"sizes":[]},"shape_divider_bottom_negative":"yes","shape_divider_bottom_above_content":"yes","background_color_stop":{"unit":"%","size":59,"sizes":[]},"background_overlay_color_stop":{"unit":"%","size":71,"sizes":[]},"background_overlay_color_b":"#E9AFA3E0","background_overlay_color_b_stop":{"unit":"%","size":0,"sizes":[]},"background_overlay_gradient_angle":{"unit":"deg","size":120,"sizes":[]},"shape_divider_bottom_color":"#FFFFFF","shape_divider_bottom_flip":"yes","background_background":"classic","reverse_order_mobile":"reverse-mobile","animation":"fadeIn"},"elements":[{"id":"75d7b7f9","settings":{"_column_size":100,"_inline_size":null,"_inline_size_tablet":100,"content_position":"center","content_position_tablet":"bottom","content_position_mobile":"bottom","padding_tablet":{"unit":"%","top":"0","right":"2","bottom":"12","left":"2","isLinked":false},"padding_mobile":{"unit":"px","top":"0","right":"10","bottom":"10","left":"10","isLinked":false},"background_color":"#00000045"},"elements":[{"id":"6dc22a6a","settings":{"height_inner":"min-height","background_background":"classic","background_color":"#E5F2F6","content_position":"middle","overflow":"hidden","border_radius":{"unit":"px","top":"12","right":"12","bottom":"12","left":"12","isLinked":true},"background_slideshow_background_size":"cover","background_slideshow_background_position":"center center","background_overlay_color":"#0074AE","background_overlay_opacity":{"unit":"px","size":0.07,"sizes":[]},"custom_height_inner":{"unit":"px","size":601,"sizes":[]},"custom_height_inner_mobile":{"unit":"px","size":238,"sizes":[]},"background_image":{"url":"https:\/\/demo26.houzez.co\/wp-content\/uploads\/2016\/03\/029-1.jpg","id":16144,"alt":"","source":"library"},"background_position":"center center","background_overlay_background":"classic"},"elements":[{"id":"27a034aa","settings":{"_column_size":100,"_inline_size":null,"padding":{"unit":"%","top":"0","right":"0","bottom":"0","left":"0","isLinked":false},"padding_tablet":{"unit":"%","top":"7","right":"7","bottom":"7","left":"7","isLinked":true},"padding_mobile":{"unit":"%","top":"12","right":"5","bottom":"0","left":"5","isLinked":false},"_inline_size_tablet":100,"space_between_widgets":0},"elements":[{"id":"6712f994","settings":{"title":"Get your dream home","typography_typography":"custom","header_size":"h1","typography_font_size":{"unit":"px","size":40,"sizes":[]},"_animation":"fadeIn","animation_duration":"slow","typography_font_weight":"500","align_mobile":"center","typography_font_size_tablet":{"unit":"px","size":30,"sizes":[]},"typography_font_size_mobile":{"unit":"px","size":27,"sizes":[]},"_margin_tablet":{"unit":"px","top":"0","right":"0","bottom":"0","left":"0","isLinked":false},"typography_line_height":{"unit":"em","size":1.5,"sizes":[]},"typography_letter_spacing":{"unit":"px","size":-0.5,"sizes":[]},"align_tablet":"center","_margin_mobile":{"unit":"px","top":"0","right":"0","bottom":"10","left":"0","isLinked":false},"align":"center"},"elements":[],"isInner":false,"widgetType":"heading","elType":"widget"},{"id":"4cf0bb70","settings":{"title":"Providing excellent guidance and honest advice on real estate","header_size":"div","align_mobile":"center","typography_typography":"custom","typography_font_size":{"unit":"px","size":20,"sizes":[]},"typography_font_size_tablet":{"unit":"px","size":20,"sizes":[]},"typography_font_size_mobile":{"unit":"px","size":16,"sizes":[]},"typography_font_weight":"400","typography_text_transform":"capitalize","typography_letter_spacing":{"unit":"px","size":1,"sizes":[]},"_margin_tablet":{"unit":"px","top":"0","right":"0","bottom":"0","left":"0","isLinked":true},"_animation":"fadeIn","animation_duration":"slow","align_tablet":"center","typography_line_height":{"unit":"em","size":1.5,"sizes":[]},"align":"center"},"elements":[],"isInner":false,"widgetType":"heading","elType":"widget"},{"id":"cfc803c","settings":{"space":{"unit":"px","size":30,"sizes":[]}},"elements":[],"isInner":false,"widgetType":"spacer","elType":"widget"},{"id":"701a21e3","settings":{"text":"Get Home Estimation","link":{"url":"https:\/\/demo26.houzez.co\/how-much-is-my-home-worth\/","is_external":"","nofollow":"","custom_attributes":""},"align":"center","size":"md","typography_typography":"custom","typography_font_size":{"unit":"px","size":13,"sizes":[]},"typography_font_weight":"600","typography_text_transform":"uppercase","typography_letter_spacing":{"unit":"px","size":3,"sizes":[]},"background_color":"#02547D","button_background_hover_color":"#0074AE","_margin_mobile":{"unit":"px","top":"0","right":"0","bottom":"30","left":"0","isLinked":false}},"elements":[],"isInner":false,"widgetType":"button","elType":"widget"}],"isInner":true,"elType":"column"}],"isInner":true,"elType":"section"}],"isInner":false,"elType":"column"}],"isInner":false,"elType":"section"},{"id":"17ba9e6b","settings":{"content_width":{"unit":"px","size":864,"sizes":[]},"background_background":"classic","background_color":"#FFFFFF","margin_mobile":{"unit":"px","top":"0","right":0,"bottom":"0","left":0,"isLinked":false},"padding_mobile":{"unit":"px","top":"0","right":"0","bottom":"40","left":"0","isLinked":false},"z_index_mobile":1},"elements":[{"id":"5b01e017","settings":{"_column_size":100,"_inline_size":null},"elements":[{"id":"270a53a","settings":{"layout":"full_width","margin":{"unit":"px","top":"-107","right":0,"bottom":"0","left":0,"isLinked":false},"z_index":1,"margin_tablet":{"unit":"px","top":"-228","right":0,"bottom":"0","left":0,"isLinked":false},"margin_mobile":{"unit":"px","top":"10","right":0,"bottom":"0","left":0,"isLinked":false},"z_index_mobile":1},"elements":[{"id":"4c76a406","settings":{"_column_size":100,"_inline_size":null},"elements":[{"id":"1e3c6475","settings":{"form_fields":[{"_id":"field-cities","field_type":"location[]","field_label":"Cities","placeholder":"Where","width":"20","price_from_text":"From","price_to_text":"To","selected_count_text":"items selected","width_tablet":"100"},{"_id":"field-types","field_type":"type[]","field_label":"Property Type","placeholder":"Type","is_multiple":"true","select_all_btns":"true","selected_count_text":"types selected","width":"20","width_mobile":"100","price_from_text":"From","price_to_text":"To","width_tablet":"100"},{"_id":"field-status","field_type":"status[]","field_label":"Property Status","placeholder":"Status","is_multiple":"true","select_all_btns":"true","selected_count_text":"status selected","width":"20","width_mobile":"100","price_from_text":"From","price_to_text":"To","width_tablet":"50"},{"_id":"field-beds","field_type":"bedrooms","field_label":"Bedrooms","placeholder":"Size","width":"20","width_mobile":"100","price_from_text":"From","price_to_text":"To","selected_count_text":"items selected","width_tablet":"50"},{"_id":"field-search-btn","field_type":"search-button","field_label":"Search Button","placeholder":"Search","width":"20","price_from_text":"From","price_to_text":"To","selected_count_text":"items selected","width_tablet":"100","width_mobile":"100"}],"input_size":"md","button_size":"md","tabs_all_text":"All","column_gap":{"unit":"px","size":0,"sizes":[]},"row_gap":{"unit":"px","size":0,"sizes":[]},"form_background_color":"#FFFFFF","form_padding":{"unit":"px","top":"8","right":"8","bottom":"8","left":"8","isLinked":true},"form_radius":{"unit":"px","top":"8","right":"8","bottom":"8","left":"8","isLinked":false},"field_border_color":"#FFFFFF","button_background_color":"#02547D","button_background_hover_color":"#0074AE","_animation":"fadeIn","animation_duration":"slow","_margin_tablet":{"unit":"px","top":"0","right":"0","bottom":"0","left":"0","isLinked":false},"_margin_mobile":{"unit":"px","top":"0","right":"0","bottom":"0","left":"0","isLinked":false},"box_shadow_box_shadow_type":"yes","box_shadow_box_shadow":{"horizontal":0,"vertical":40,"blur":40,"spread":0,"color":"rgba(0, 0, 0, 0.15)"},"show_tabs":"yes","status_data":["for-rent","for-sale"],"search_tabs_color":"#FFFFFF","search_tabs_bg_color":"#02547D","tabs_padding":{"unit":"px","top":"10","right":"30","bottom":"10","left":"30","isLinked":false},"_z_index":1,"search_tabs_typography_typography":"custom","search_tabs_typography_font_size":{"unit":"px","size":14,"sizes":[]},"search_tabs_typography_text_transform":"uppercase","search_tabs_typography_letter_spacing":{"unit":"px","size":0.5,"sizes":[]},"houzez_search_tabs_align_mobile":"justify-content-center","form_radius_tablet":{"unit":"px","top":"8","right":"8","bottom":"8","left":"8","isLinked":true},"tabs_padding_mobile":{"unit":"px","top":"5","right":"20","bottom":"5","left":"20","isLinked":false},"button_typography_typography":"custom","button_typography_font_size":{"unit":"px","size":13,"sizes":[]},"button_typography_font_weight":"600","button_typography_text_transform":"uppercase","button_typography_letter_spacing":{"unit":"px","size":3,"sizes":[]},"_z_index_mobile":1},"elements":[],"isInner":false,"widgetType":"houzez_elementor_search_builder","elType":"widget"}],"isInner":true,"elType":"column"}],"isInner":true,"elType":"section"}],"isInner":false,"elType":"column"}],"isInner":false,"elType":"section"},{"id":"78e63d5c","settings":{"content_width":{"unit":"px","size":1440,"sizes":[]},"background_color":"#FFFFFF","background_background":"classic","background_color_stop":{"unit":"%","size":58,"sizes":[]},"background_color_b":"#1B1F2D","background_image":{"url":"","id":"","alt":"","source":"library"},"background_position":"center center","background_repeat":"no-repeat","background_size":"cover","background_overlay_color":"#FFEFEC","background_overlay_opacity":{"unit":"px","size":0.91,"sizes":[]},"shape_divider_top_color":"#1B1F2D","shape_divider_top_height":{"unit":"px","size":59,"sizes":[]},"shape_divider_top_flip":"yes","shape_divider_bottom_color":"#1B1F2D","shape_divider_bottom_height":{"unit":"px","size":44,"sizes":[]},"padding":{"unit":"px","top":"0","right":"30","bottom":"0","left":"30","isLinked":false},"padding_mobile":{"unit":"px","top":"0","right":"0","bottom":"0","left":"0","isLinked":true},"gap":"no"},"elements":[{"id":"4fd6f8e4","settings":{"_column_size":100,"_inline_size":null,"space_between_widgets":0},"elements":[{"id":"7193d0c","settings":{"space":{"unit":"px","size":40,"sizes":[]},"space_tablet":{"unit":"px","size":0,"sizes":[]}},"elements":[],"isInner":false,"widgetType":"spacer","elType":"widget"},{"id":"77d6b506","settings":{"space":{"unit":"px","size":80,"sizes":[]},"space_tablet":{"unit":"px","size":0,"sizes":[]}},"elements":[],"isInner":false,"widgetType":"spacer","elType":"widget"},{"id":"5d8cc393","settings":{"layout":"full_width","animation":"fadeIn","animation_duration":"slow","structure":"20","margin":{"unit":"px","top":"0","right":0,"bottom":"0","left":0,"isLinked":false},"padding_mobile":{"unit":"px","top":"0","right":"20","bottom":"0","left":"20","isLinked":false}},"elements":[{"id":"2b65dbeb","settings":{"_column_size":50,"_inline_size":null,"space_between_widgets":0,"_inline_size_tablet":100,"_inline_size_mobile":100,"padding_mobile":{"unit":"px","top":"0","right":"0","bottom":"0","left":"0","isLinked":true},"align":"center"},"elements":[{"id":"59731559","settings":{"image":{"url":"https:\/\/demo26.houzez.co\/wp-content\/uploads\/2022\/06\/demo-35.png","id":44985,"alt":"","source":"library"},"image_size":"full","image_custom_dimension":{"width":"400","height":""},"align":"center","_margin":{"unit":"px","top":"0","right":"0","bottom":"20","left":"0","isLinked":false},"_element_width":"initial","_element_custom_width":{"unit":"px","size":200,"sizes":[]},"_animation":"fadeIn","animation_duration":"slow"},"elements":[],"isInner":false,"widgetType":"image","elType":"widget"},{"id":"4867bd19","settings":{"title":"We help people find the best places to live so that they can have everything they want.","typography_typography":"custom","typography_font_size":{"unit":"px","size":34,"sizes":[]},"typography_font_weight":"400","_margin":{"unit":"%","top":"0","right":"16","bottom":"5","left":"16","isLinked":false},"_animation":"fadeIn","animation_duration":"slow","align_mobile":"center","typography_font_size_mobile":{"unit":"px","size":27,"sizes":[]},"typography_font_size_tablet":{"unit":"px","size":30,"sizes":[]},"_margin_tablet":{"unit":"px","top":"0","right":"0","bottom":"30","left":"0","isLinked":false},"typography_line_height":{"unit":"em","size":1.5,"sizes":[]},"typography_letter_spacing":{"unit":"px","size":-0.5,"sizes":[]},"align":"center","typography_font_family":"Times New Roman","typography_font_style":"italic"},"elements":[],"isInner":false,"widgetType":"heading","elType":"widget"},{"id":"70b35328","settings":{"text":"View More","align":"center","size":"md","typography_typography":"custom","typography_font_size":{"unit":"px","size":13,"sizes":[]},"typography_text_transform":"uppercase","typography_line_height":{"unit":"em","size":1.5,"sizes":[]},"typography_letter_spacing":{"unit":"px","size":5,"sizes":[]},"background_color":"#1B1F2D00","hover_color":"#91D9FD","border_width":{"unit":"px","top":"1","right":"1","bottom":"1","left":"1","isLinked":true},"border_radius":{"unit":"px","top":"0","right":"0","bottom":"0","left":"0","isLinked":true},"typography_font_family":"Jost","typography_font_weight":"500","button_text_color":"#6FABCA","border_color":"#1B1F2D","link":{"url":"https:\/\/demo26.houzez.co\/mls-search\/","is_external":"","nofollow":"","custom_attributes":""},"selected_icon":{"value":"fas fa-long-arrow-alt-right","library":"fa-solid"},"icon_align":"right","text_padding":{"unit":"px","top":"0","right":"0","bottom":"0","left":"0","isLinked":false},"align_tablet":"center","_animation":"fadeIn","animation_duration":"slow"},"elements":[],"isInner":false,"widgetType":"button","elType":"widget"}],"isInner":true,"elType":"column"},{"id":"162e6a62","settings":{"_column_size":50,"_inline_size":null,"space_between_widgets":0,"_inline_size_tablet":100,"space_between_widgets_tablet":0,"padding":{"unit":"px","top":"0","right":"100","bottom":"0","left":"0","isLinked":false},"padding_tablet":{"unit":"px","top":"0","right":"0","bottom":"0","left":"0","isLinked":true},"padding_mobile":{"unit":"px","top":"0","right":"0","bottom":"0","left":"0","isLinked":true}},"elements":[{"id":"6b22a545","settings":{"selected_icon":{"value":{"url":"https:\/\/demo26.houzez.co\/wp-content\/uploads\/2022\/06\/streamline-icon-check-badge@40x40-2.svg","id":44953},"library":"svg"},"title_text":"We have the expertise to help you find your perfect home","description_text":" We know the ins and outs of the real estate market, and we can help you find a home that fits your needs and budget. We'll work with you to find the perfect home for you and your family.","position":"left","icon_space":{"unit":"px","size":30,"sizes":[]},"icon_size":{"unit":"px","size":30,"sizes":[]},"title_typography_typography":"custom","title_typography_font_size":{"unit":"px","size":22,"sizes":[]},"title_typography_font_weight":"500","title_typography_line_height":{"unit":"em","size":1.5,"sizes":[]},"title_typography_letter_spacing":{"unit":"px","size":-0.5,"sizes":[]},"description_typography_typography":"custom","description_typography_font_size":{"unit":"px","size":18,"sizes":[]},"description_typography_font_weight":"300","description_typography_line_height":{"unit":"em","size":1.5,"sizes":[]},"description_typography_letter_spacing":{"unit":"px","size":0.5,"sizes":[]},"_animation":"fadeIn","animation_duration":"slow"},"elements":[],"isInner":false,"widgetType":"icon-box","elType":"widget"},{"id":"7c2aa252","settings":{"space":{"unit":"px","size":80,"sizes":[]},"space_tablet":{"unit":"px","size":40,"sizes":[]},"space_mobile":{"unit":"px","size":40,"sizes":[]}},"elements":[],"isInner":false,"widgetType":"spacer","elType":"widget"},{"id":"5d8182d1","settings":{"selected_icon":{"value":{"url":"https:\/\/demo26.houzez.co\/wp-content\/uploads\/2022\/06\/streamline-icon-check-badge@40x40-2.svg","id":44953},"library":"svg"},"title_text":"We offer expert advice and information on the market.","description_text":"We have a wide range of knowledge and experience, and we're always happy to share it with you. We're dedicated to providing you with honest and expert advice about the market.","position":"left","icon_space":{"unit":"px","size":30,"sizes":[]},"icon_size":{"unit":"px","size":30,"sizes":[]},"title_typography_typography":"custom","title_typography_font_size":{"unit":"px","size":22,"sizes":[]},"title_typography_font_weight":"500","title_typography_line_height":{"unit":"em","size":1.5,"sizes":[]},"title_typography_letter_spacing":{"unit":"px","size":-0.5,"sizes":[]},"description_typography_typography":"custom","description_typography_font_size":{"unit":"px","size":18,"sizes":[]},"description_typography_font_weight":"300","description_typography_line_height":{"unit":"em","size":1.5,"sizes":[]},"description_typography_letter_spacing":{"unit":"px","size":0.5,"sizes":[]},"_animation":"fadeIn","animation_duration":"slow"},"elements":[],"isInner":false,"widgetType":"icon-box","elType":"widget"},{"id":"49c6defa","settings":{"space":{"unit":"px","size":80,"sizes":[]},"space_tablet":{"unit":"px","size":40,"sizes":[]},"space_mobile":{"unit":"px","size":40,"sizes":[]}},"elements":[],"isInner":false,"widgetType":"spacer","elType":"widget"},{"id":"32cd5bfc","settings":{"selected_icon":{"value":{"url":"https:\/\/demo26.houzez.co\/wp-content\/uploads\/2022\/06\/streamline-icon-check-badge@40x40-2.svg","id":44953},"library":"svg"},"title_text":"We'll find a property to suit your needs.","description_text":"If you're looking for a property, we'll do our best to find one that suits your needs. We'll show you any property that interests you, even if it's not on our website or in your price range. ","position":"left","icon_space":{"unit":"px","size":30,"sizes":[]},"icon_size":{"unit":"px","size":30,"sizes":[]},"title_typography_typography":"custom","title_typography_font_size":{"unit":"px","size":22,"sizes":[]},"title_typography_font_weight":"500","title_typography_line_height":{"unit":"em","size":1.5,"sizes":[]},"title_typography_letter_spacing":{"unit":"px","size":-0.5,"sizes":[]},"description_typography_typography":"custom","description_typography_font_size":{"unit":"px","size":18,"sizes":[]},"description_typography_font_weight":"300","description_typography_line_height":{"unit":"em","size":1.5,"sizes":[]},"description_typography_letter_spacing":{"unit":"px","size":0.5,"sizes":[]},"_animation":"fadeIn","animation_duration":"slow"},"elements":[],"isInner":false,"widgetType":"icon-box","elType":"widget"},{"id":"3e7ebc92","settings":{"space":{"unit":"px","size":140,"sizes":[]},"space_tablet":{"unit":"px","size":80,"sizes":[]}},"elements":[],"isInner":false,"widgetType":"spacer","elType":"widget"}],"isInner":true,"elType":"column"}],"isInner":true,"elType":"section"}],"isInner":false,"elType":"column"}],"isInner":false,"elType":"section"},{"id":"49ba804","settings":{"background_color":"#E5F2F6","content_width":{"unit":"px","size":1440,"sizes":[]},"background_color_b":"#E5F2F6","background_color_stop":{"unit":"%","size":59,"sizes":[]},"background_background":"classic","layout":"full_width","background_color_b_stop":{"unit":"%","size":0,"sizes":[]}},"elements":[{"id":"d42ea87","settings":{"_column_size":100,"_inline_size":null,"_inline_size_tablet":100,"content_position":"center","content_position_tablet":"bottom","content_position_mobile":"bottom","padding_tablet":{"unit":"%","top":"0","right":"0","bottom":"12","left":"0","isLinked":false},"padding_mobile":{"unit":"px","top":"30","right":"10","bottom":"10","left":"10","isLinked":false},"background_color":"#00000045"},"elements":[{"id":"7535e87f","settings":{"space":{"unit":"px","size":80,"sizes":[]}},"elements":[],"isInner":false,"widgetType":"spacer","elType":"widget"},{"id":"7f7b1d57","settings":{"margin":{"unit":"px","top":"0","right":0,"bottom":"-20","left":0,"isLinked":false},"z_index":1},"elements":[{"id":"1d641216","settings":{"_column_size":100,"_inline_size":null},"elements":[{"id":"4d4d44ce","settings":{"title":"We've recently added some new properties.","typography_typography":"custom","typography_font_size":{"unit":"px","size":36,"sizes":[]},"typography_font_weight":"500","_margin":{"unit":"px","top":"0","right":"0","bottom":"0","left":"0","isLinked":false},"_animation":"fadeIn","animation_duration":"slow","align_mobile":"center","typography_font_size_mobile":{"unit":"px","size":30,"sizes":[]},"typography_font_size_tablet":{"unit":"px","size":30,"sizes":[]},"_margin_tablet":{"unit":"px","top":"0","right":"0","bottom":"0","left":"0","isLinked":false},"align":"center","typography_letter_spacing":{"unit":"px","size":-0.5,"sizes":[]},"typography_line_height_mobile":{"unit":"em","size":1.5,"sizes":[]},"_margin_mobile":{"unit":"px","top":"0","right":"0","bottom":"0","left":"0","isLinked":true}},"elements":[],"isInner":false,"widgetType":"heading","elType":"widget"},{"id":"7a3cb2b3","settings":{"title":"Find the perfect home for you. Search all available properties and find the one that suits your needs.","typography_typography":"custom","typography_font_size":{"unit":"px","size":25,"sizes":[]},"typography_font_weight":"300","_animation":"fadeIn","animation_duration":"slow","align_mobile":"center","typography_font_size_mobile":{"unit":"px","size":19,"sizes":[]},"typography_font_size_tablet":{"unit":"px","size":24,"sizes":[]},"_margin_tablet":{"unit":"px","top":"0","right":"0","bottom":"30","left":"0","isLinked":false},"typography_line_height":{"unit":"em","size":1.5,"sizes":[]},"typography_letter_spacing":{"unit":"px","size":-0.5,"sizes":[]},"header_size":"div","align":"center","typography_letter_spacing_mobile":{"unit":"px","size":0.5,"sizes":[]}},"elements":[],"isInner":false,"widgetType":"heading","elType":"widget"}],"isInner":true,"elType":"column"}],"isInner":true,"elType":"section"},{"id":"14131b51","settings":{"layout":"full_width","margin":{"unit":"px","top":"0","right":0,"bottom":"0","left":0,"isLinked":false},"padding":{"unit":"px","top":"0","right":"30","bottom":"0","left":"30","isLinked":false},"padding_mobile":{"unit":"px","top":"0","right":"0","bottom":"0","left":"0","isLinked":true}},"elements":[{"id":"6adee9a2","settings":{"_column_size":100},"elements":[{"id":"1af23b7d","settings":{"auto_speed":"3000","slides_to_show":"5","slide_auto":"true","slide_dots":"false","hide_compare":"none","hide_favorite":"none","hide_preview":"none","hide_button":"none","hide_author_date":"none","np_color":"#02547D","np_border_color":"#76BBDE","np_bg_color_hover":"#0074AE","np_color_hover":"#FFFFFF","np_border_color_hover":"#0074AE","_margin":{"unit":"px","top":"0","right":"0","bottom":"50","left":"0","isLinked":false}},"elements":[],"isInner":false,"widgetType":"houzez_elementor_properties_carousel_v2","elType":"widget"},{"id":"43693c52","settings":{"width":{"unit":"%","size":20,"sizes":[]},"align":"center","look":"line_icon","text":"Divider","icon":{"value":{"url":"https:\/\/demo26.houzez.co\/wp-content\/uploads\/2022\/06\/pin.svg","id":44945},"library":"svg"},"color":"#02547D","_margin":{"unit":"px","top":"0","right":"0","bottom":"030","left":"0","isLinked":false}},"elements":[],"isInner":false,"widgetType":"divider","elType":"widget"}],"isInner":true,"elType":"column"}],"isInner":true,"elType":"section"}],"isInner":false,"elType":"column"}],"isInner":false,"elType":"section"},{"id":"39ea5274","settings":{"content_width":{"unit":"px","size":1440,"sizes":[]},"background_background":"gradient","background_color":"#FFFFFF","layout":"full_width","background_color_stop":{"unit":"%","size":39,"sizes":[]},"background_color_b":"#E5F2F6","background_color_b_stop":{"unit":"%","size":0,"sizes":[]},"background_gradient_angle":{"unit":"deg","size":0,"sizes":[]}},"elements":[{"id":"6d4c8526","settings":{"_column_size":100,"_inline_size":null},"elements":[{"id":"3e3aca5c","settings":{"margin":{"unit":"px","top":"0","right":0,"bottom":"20","left":0,"isLinked":false},"z_index":1},"elements":[{"id":"e1f8e49","settings":{"_column_size":100,"_inline_size":null},"elements":[{"id":"789ab34b","settings":{"title":"Featured homes","typography_typography":"custom","typography_font_size":{"unit":"px","size":36,"sizes":[]},"typography_font_weight":"500","_margin":{"unit":"px","top":"0","right":"0","bottom":"0","left":"0","isLinked":false},"_animation":"fadeIn","animation_duration":"slow","align_mobile":"center","typography_font_size_mobile":{"unit":"px","size":30,"sizes":[]},"typography_font_size_tablet":{"unit":"px","size":30,"sizes":[]},"_margin_tablet":{"unit":"px","top":"0","right":"0","bottom":"0","left":"0","isLinked":false},"align":"center","typography_letter_spacing":{"unit":"px","size":-0.5,"sizes":[]},"typography_line_height_mobile":{"unit":"em","size":1.5,"sizes":[]},"_margin_mobile":{"unit":"px","top":"0","right":"0","bottom":"0","left":"0","isLinked":true}},"elements":[],"isInner":false,"widgetType":"heading","elType":"widget"},{"id":"122c3c39","settings":{"title":"We have a variety of properties for sale in your area","typography_typography":"custom","typography_font_size":{"unit":"px","size":25,"sizes":[]},"typography_font_weight":"300","_animation":"fadeIn","animation_duration":"slow","align_mobile":"center","typography_font_size_mobile":{"unit":"px","size":19,"sizes":[]},"typography_font_size_tablet":{"unit":"px","size":24,"sizes":[]},"_margin_tablet":{"unit":"px","top":"0","right":"0","bottom":"30","left":"0","isLinked":false},"typography_line_height":{"unit":"em","size":1.5,"sizes":[]},"typography_letter_spacing":{"unit":"px","size":-0.5,"sizes":[]},"header_size":"div","align":"center","typography_letter_spacing_mobile":{"unit":"px","size":0.5,"sizes":[]}},"elements":[],"isInner":false,"widgetType":"heading","elType":"widget"}],"isInner":true,"elType":"column"}],"isInner":true,"elType":"section"},{"id":"27ac0c74","settings":{"gap":"wide","structure":"30","content_width":{"unit":"px","size":1047,"sizes":[]},"margin":{"unit":"px","top":"0","right":0,"bottom":"0","left":0,"isLinked":false}},"elements":[{"id":"2ea29242","settings":{"_column_size":33,"_inline_size":null,"_inline_size_tablet":33},"elements":[{"id":"7989511d","settings":{"image":{"url":"https:\/\/demo26.houzez.co\/wp-content\/uploads\/2016\/02\/038.jpg","id":16168,"alt":"","source":"library"},"thumbnail_size":"custom","thumbnail_custom_dimension":{"width":"400","height":"600"},"title_text":"Apartments for sale","description_text":"","link":{"url":"https:\/\/demo26.houzez.co\/property-search\/","is_external":"","nofollow":"","custom_attributes":""},"image_space":{"unit":"px","size":25,"sizes":[]},"image_size":{"unit":"%","size":100,"sizes":[]},"image_opacity_hover":{"unit":"px","size":0.65,"sizes":[]},"text_align":"center","title_bottom_space":{"unit":"px","size":14,"sizes":[]},"title_typography_typography":"custom","title_typography_font_size":{"unit":"px","size":20,"sizes":[]},"description_typography_typography":"custom","description_typography_font_size":{"unit":"px","size":18,"sizes":[]},"description_typography_font_weight":"300","description_typography_letter_spacing":{"unit":"px","size":0.5,"sizes":[]},"_background_color":"#E5F2F6"},"elements":[],"isInner":false,"widgetType":"image-box","elType":"widget"}],"isInner":true,"elType":"column"},{"id":"659c28bf","settings":{"_column_size":33,"_inline_size":null,"_inline_size_tablet":33},"elements":[{"id":"3bcbeae4","settings":{"image":{"url":"https:\/\/demo26.houzez.co\/wp-content\/uploads\/2016\/03\/016.jpg","id":16151,"alt":"","source":"library"},"thumbnail_size":"custom","thumbnail_custom_dimension":{"width":"400","height":"600"},"title_text":"Single family homes for sale","description_text":"","link":{"url":"https:\/\/demo26.houzez.co\/property-search\/","is_external":"","nofollow":"","custom_attributes":""},"image_space":{"unit":"px","size":25,"sizes":[]},"image_size":{"unit":"%","size":100,"sizes":[]},"image_opacity_hover":{"unit":"px","size":0.65,"sizes":[]},"text_align":"center","title_bottom_space":{"unit":"px","size":14,"sizes":[]},"title_typography_typography":"custom","title_typography_font_size":{"unit":"px","size":20,"sizes":[]},"description_typography_typography":"custom","description_typography_font_size":{"unit":"px","size":18,"sizes":[]},"description_typography_font_weight":"300","description_typography_letter_spacing":{"unit":"px","size":0.5,"sizes":[]},"_background_color":"#E5F2F6"},"elements":[],"isInner":false,"widgetType":"image-box","elType":"widget"}],"isInner":true,"elType":"column"},{"id":"19cb2f7e","settings":{"_column_size":33,"_inline_size":null,"_inline_size_tablet":33},"elements":[{"id":"73d58502","settings":{"image":{"url":"https:\/\/demo26.houzez.co\/wp-content\/uploads\/2016\/03\/052.jpg","id":16117,"alt":"","source":"library"},"thumbnail_size":"custom","thumbnail_custom_dimension":{"width":"400","height":"600"},"title_text":"Villas for sale","description_text":"","link":{"url":"https:\/\/demo26.houzez.co\/property-search\/","is_external":"","nofollow":"","custom_attributes":""},"image_space":{"unit":"px","size":25,"sizes":[]},"image_size":{"unit":"%","size":100,"sizes":[]},"image_opacity_hover":{"unit":"px","size":0.65,"sizes":[]},"text_align":"center","title_bottom_space":{"unit":"px","size":14,"sizes":[]},"title_typography_typography":"custom","title_typography_font_size":{"unit":"px","size":20,"sizes":[]},"description_typography_typography":"custom","description_typography_font_size":{"unit":"px","size":18,"sizes":[]},"description_typography_font_weight":"300","description_typography_letter_spacing":{"unit":"px","size":0.5,"sizes":[]},"_background_color":"#E5F2F6"},"elements":[],"isInner":false,"widgetType":"image-box","elType":"widget"}],"isInner":true,"elType":"column"}],"isInner":true,"elType":"section"},{"id":"86ddce9","settings":{"space":{"unit":"px","size":70,"sizes":[]}},"elements":[],"isInner":false,"widgetType":"spacer","elType":"widget"}],"isInner":false,"elType":"column"}],"isInner":false,"elType":"section"},{"id":"63f6a5d8","settings":{"content_width":{"unit":"px","size":1440,"sizes":[]},"background_background":"classic","background_color":"#FFFFFF","layout":"full_width","background_color_stop":{"unit":"%","size":75,"sizes":[]},"background_color_b":"#E5F2F6","background_color_b_stop":{"unit":"%","size":0,"sizes":[]},"background_gradient_angle":{"unit":"deg","size":0,"sizes":[]}},"elements":[{"id":"8f23fbf","settings":{"_column_size":100,"_inline_size":null},"elements":[{"id":"6e69521c","settings":{"width":{"unit":"%","size":20,"sizes":[]},"align":"center","look":"line_icon","text":"Divider","icon":{"value":{"url":"https:\/\/demo26.houzez.co\/wp-content\/uploads\/2022\/06\/pin.svg","id":44945},"library":"svg"},"color":"#02547D"},"elements":[],"isInner":false,"widgetType":"divider","elType":"widget"},{"id":"4e648706","settings":{"space":{"unit":"px","size":70,"sizes":[]}},"elements":[],"isInner":false,"widgetType":"spacer","elType":"widget"},{"id":"8d509d9","settings":{"margin":{"unit":"px","top":"0","right":0,"bottom":"20","left":0,"isLinked":false},"z_index":1},"elements":[{"id":"3d850070","settings":{"_column_size":100,"_inline_size":null},"elements":[{"id":"7f66de54","settings":{"title":"We recommend the best places to live in these cities.","typography_typography":"custom","typography_font_size":{"unit":"px","size":36,"sizes":[]},"typography_font_weight":"500","_margin":{"unit":"px","top":"0","right":"0","bottom":"0","left":"0","isLinked":false},"_animation":"fadeIn","animation_duration":"slow","align_mobile":"center","typography_font_size_mobile":{"unit":"px","size":30,"sizes":[]},"typography_font_size_tablet":{"unit":"px","size":30,"sizes":[]},"_margin_tablet":{"unit":"px","top":"0","right":"0","bottom":"0","left":"0","isLinked":false},"align":"center","typography_letter_spacing":{"unit":"px","size":-0.5,"sizes":[]},"typography_line_height_mobile":{"unit":"em","size":1.5,"sizes":[]},"_margin_mobile":{"unit":"px","top":"0","right":"0","bottom":"0","left":"0","isLinked":true}},"elements":[],"isInner":false,"widgetType":"heading","elType":"widget"},{"id":"53986644","settings":{"title":"Find the perfect home for you. Search all available properties and find the one that suits your needs.","typography_typography":"custom","typography_font_size":{"unit":"px","size":25,"sizes":[]},"typography_font_weight":"300","_animation":"fadeIn","animation_duration":"slow","align_mobile":"center","typography_font_size_mobile":{"unit":"px","size":19,"sizes":[]},"typography_font_size_tablet":{"unit":"px","size":24,"sizes":[]},"_margin_tablet":{"unit":"px","top":"0","right":"0","bottom":"30","left":"0","isLinked":false},"typography_line_height":{"unit":"em","size":1.5,"sizes":[]},"typography_letter_spacing":{"unit":"px","size":-0.5,"sizes":[]},"header_size":"div","align":"center","typography_letter_spacing_mobile":{"unit":"px","size":0.5,"sizes":[]}},"elements":[],"isInner":false,"widgetType":"heading","elType":"widget"}],"isInner":true,"elType":"column"}],"isInner":true,"elType":"section"},{"id":"7d50b4dd","settings":{"structure":"50","content_width":{"unit":"px","size":1460,"sizes":[]},"margin":{"unit":"px","top":"0","right":0,"bottom":"0","left":0,"isLinked":false}},"elements":[{"id":"388178cf","settings":{"_column_size":20,"_inline_size":null,"_inline_size_tablet":33,"space_between_widgets_mobile":0},"elements":[{"id":"3e42073e","settings":{"more_text":"Explore","grid_taxonomy":"property_city","tax_city":"englewood","more_text_d":"More Details","properties_text":"Properties","property_text":"Property","grid_type":"grid-item-v3","grid_v3_height":{"unit":"%","size":196,"sizes":[]},"grid_item_margin":{"unit":"px","size":20,"sizes":[]},"grid_title_typography_typography":"custom","grid_title_typography_font_family":"","grid_title_typography_font_weight":"600","grid_subtitle_typography_typography":"custom","grid_subtitle_typography_font_family":"Quicksand","grid_subtitle_typography_font_weight":"700","grid_v3_height_tablet":{"unit":"%","size":191,"sizes":[]},"grid_item_margin_tablet":{"unit":"px","size":0,"sizes":[]},"grid_item_margin_mobile":{"unit":"px","size":0,"sizes":[]},"image":{"id":44481,"url":"https:\/\/demo26.houzez.co\/wp-content\/uploads\/2022\/05\/AdobeStock_444121315_Preview.jpeg","alt":"","source":"library"},"tax_custom_image":{"id":44557,"url":"https:\/\/demo26.houzez.co\/wp-content\/uploads\/2022\/05\/placeholder-1.png"},"grid_title_typography_font_size":{"unit":"px","size":14,"sizes":[]},"grid_title":"Miami","more_link":{"url":"https:\/\/demo26.houzez.co\/property-search\/","is_external":true,"nofollow":true,"custom_attributes":""},"grid_v3_height_mobile":{"unit":"%","size":40,"sizes":[]}},"elements":[],"isInner":false,"widgetType":"Houzez_elementor_grid_builder","elType":"widget"}],"isInner":true,"elType":"column"},{"id":"34aae9fe","settings":{"_column_size":20,"_inline_size":null,"_inline_size_tablet":33,"space_between_widgets_mobile":0},"elements":[{"id":"473cdd82","settings":{"more_text":"Explore","grid_taxonomy":"property_city","tax_city":"longboat-key","more_text_d":"More Details","properties_text":"Properties","property_text":"Property","grid_item_margin":{"unit":"px","size":20,"sizes":[]},"grid_title_typography_typography":"custom","grid_title_typography_font_family":"","grid_title_typography_font_weight":"600","grid_subtitle_typography_typography":"custom","grid_subtitle_typography_font_family":"Quicksand","grid_subtitle_typography_font_weight":"700","grid_item_margin_tablet":{"unit":"px","size":10,"sizes":[]},"grid_item_margin_mobile":{"unit":"px","size":10,"sizes":[]},"image":{"id":43758,"url":"https:\/\/demo26.houzez.co\/wp-content\/uploads\/2022\/03\/city-07.jpg","alt":"","source":"library"},"tax_custom_image":{"id":44559,"url":"https:\/\/demo26.houzez.co\/wp-content\/uploads\/2022\/05\/placeholder-3.png"},"grid_title_typography_font_size":{"unit":"px","size":13,"sizes":[]},"grid_title":"Kendal","more_link":{"url":"https:\/\/demo26.houzez.co\/property-search\/","is_external":true,"nofollow":true,"custom_attributes":""},"grid_type":"grid-item-v2","grid_v2_height_mobile":{"unit":"%","size":50,"sizes":[]}},"elements":[],"isInner":false,"widgetType":"Houzez_elementor_grid_builder","elType":"widget"},{"id":"d8555fb","settings":{"more_text":"Explore","grid_taxonomy":"property_city","tax_city":"longboat-key","more_text_d":"More Details","properties_text":"Properties","property_text":"Property","grid_item_margin":{"unit":"px","size":20,"sizes":[]},"grid_title_typography_typography":"custom","grid_title_typography_font_family":"","grid_title_typography_font_weight":"600","grid_subtitle_typography_typography":"custom","grid_subtitle_typography_font_family":"Quicksand","grid_subtitle_typography_font_weight":"700","grid_item_margin_tablet":{"unit":"px","size":10,"sizes":[]},"grid_item_margin_mobile":{"unit":"px","size":10,"sizes":[]},"image":{"id":43760,"url":"https:\/\/demo26.houzez.co\/wp-content\/uploads\/2022\/03\/city-09.jpg","alt":"","source":"library"},"tax_custom_image":{"id":44559,"url":"https:\/\/demo26.houzez.co\/wp-content\/uploads\/2022\/05\/placeholder-3.png"},"grid_title_typography_font_size":{"unit":"px","size":13,"sizes":[]},"grid_title":"Ocala","more_link":{"url":"https:\/\/demo26.houzez.co\/property-search\/","is_external":true,"nofollow":true,"custom_attributes":""},"grid_type":"grid-item-v2","grid_v2_height_mobile":{"unit":"%","size":50,"sizes":[]}},"elements":[],"isInner":false,"widgetType":"Houzez_elementor_grid_builder","elType":"widget"}],"isInner":true,"elType":"column"},{"id":"24ba5d70","settings":{"_column_size":20,"_inline_size":null,"_inline_size_tablet":33},"elements":[{"id":"76750df5","settings":{"more_text":"Explore","grid_taxonomy":"property_city","tax_city":"englewood","more_text_d":"More Details","properties_text":"Properties","property_text":"Property","grid_type":"grid-item-v3","grid_v3_height":{"unit":"%","size":196,"sizes":[]},"grid_item_margin":{"unit":"px","size":20,"sizes":[]},"grid_title_typography_typography":"custom","grid_title_typography_font_family":"","grid_title_typography_font_weight":"600","grid_subtitle_typography_typography":"custom","grid_subtitle_typography_font_family":"Quicksand","grid_subtitle_typography_font_weight":"700","grid_v3_height_tablet":{"unit":"%","size":191,"sizes":[]},"grid_item_margin_tablet":{"unit":"px","size":0,"sizes":[]},"grid_item_margin_mobile":{"unit":"px","size":0,"sizes":[]},"image":{"id":43756,"url":"https:\/\/demo26.houzez.co\/wp-content\/uploads\/2022\/03\/city-05.jpg","alt":"","source":"library"},"tax_custom_image":{"id":44557,"url":"https:\/\/demo26.houzez.co\/wp-content\/uploads\/2022\/05\/placeholder-1.png"},"grid_title_typography_font_size":{"unit":"px","size":14,"sizes":[]},"grid_title":"Fort Lauderdale","more_link":{"url":"https:\/\/demo26.houzez.co\/property-search\/","is_external":true,"nofollow":true,"custom_attributes":""},"grid_v3_height_mobile":{"unit":"%","size":40,"sizes":[]}},"elements":[],"isInner":false,"widgetType":"Houzez_elementor_grid_builder","elType":"widget"}],"isInner":true,"elType":"column"},{"id":"59fdf966","settings":{"_column_size":20,"_inline_size":null,"_inline_size_tablet":33},"elements":[{"id":"35d82e0d","settings":{"more_text":"Explore","grid_taxonomy":"property_city","tax_city":"longboat-key","more_text_d":"More Details","properties_text":"Properties","property_text":"Property","grid_item_margin":{"unit":"px","size":20,"sizes":[]},"grid_title_typography_typography":"custom","grid_title_typography_font_family":"","grid_title_typography_font_weight":"600","grid_subtitle_typography_typography":"custom","grid_subtitle_typography_font_family":"Quicksand","grid_subtitle_typography_font_weight":"700","grid_item_margin_tablet":{"unit":"px","size":10,"sizes":[]},"grid_item_margin_mobile":{"unit":"px","size":10,"sizes":[]},"image":{"id":43763,"url":"https:\/\/demo26.houzez.co\/wp-content\/uploads\/2022\/03\/city-12.jpg","alt":"","source":"library"},"tax_custom_image":{"id":44559,"url":"https:\/\/demo26.houzez.co\/wp-content\/uploads\/2022\/05\/placeholder-3.png"},"grid_title_typography_font_size":{"unit":"px","size":13,"sizes":[]},"grid_title":"Orlando","more_link":{"url":"https:\/\/demo26.houzez.co\/property-search\/","is_external":true,"nofollow":true,"custom_attributes":""},"grid_type":"grid-item-v2","grid_v2_height_mobile":{"unit":"%","size":50,"sizes":[]}},"elements":[],"isInner":false,"widgetType":"Houzez_elementor_grid_builder","elType":"widget"},{"id":"417ea5e8","settings":{"more_text":"Explore","grid_taxonomy":"property_city","tax_city":"longboat-key","more_text_d":"More Details","properties_text":"Properties","property_text":"Property","grid_item_margin":{"unit":"px","size":20,"sizes":[]},"grid_title_typography_typography":"custom","grid_title_typography_font_family":"","grid_title_typography_font_weight":"600","grid_subtitle_typography_typography":"custom","grid_subtitle_typography_font_family":"Quicksand","grid_subtitle_typography_font_weight":"700","grid_item_margin_tablet":{"unit":"px","size":10,"sizes":[]},"grid_item_margin_mobile":{"unit":"px","size":10,"sizes":[]},"image":{"id":43754,"url":"https:\/\/demo26.houzez.co\/wp-content\/uploads\/2022\/03\/city-03.jpg","alt":"","source":"library"},"tax_custom_image":{"id":44559,"url":"https:\/\/demo26.houzez.co\/wp-content\/uploads\/2022\/05\/placeholder-3.png"},"grid_title_typography_font_size":{"unit":"px","size":13,"sizes":[]},"grid_title":"Saint Petersburg","more_link":{"url":"https:\/\/demo26.houzez.co\/property-search\/","is_external":true,"nofollow":true,"custom_attributes":""},"grid_type":"grid-item-v2","grid_v2_height_mobile":{"unit":"%","size":50,"sizes":[]}},"elements":[],"isInner":false,"widgetType":"Houzez_elementor_grid_builder","elType":"widget"}],"isInner":true,"elType":"column"},{"id":"1d8e3199","settings":{"_column_size":20,"_inline_size":null,"_inline_size_tablet":66},"elements":[{"id":"40fc0245","settings":{"more_text":"Explore","grid_taxonomy":"property_city","tax_city":"englewood","more_text_d":"More Details","properties_text":"Properties","property_text":"Property","grid_type":"grid-item-v3","grid_v3_height":{"unit":"%","size":196,"sizes":[]},"grid_item_margin":{"unit":"px","size":20,"sizes":[]},"grid_title_typography_typography":"custom","grid_title_typography_font_family":"","grid_title_typography_font_weight":"600","grid_subtitle_typography_typography":"custom","grid_subtitle_typography_font_family":"Quicksand","grid_subtitle_typography_font_weight":"700","grid_v3_height_tablet":{"unit":"%","size":91,"sizes":[]},"grid_item_margin_tablet":{"unit":"px","size":0,"sizes":[]},"grid_item_margin_mobile":{"unit":"px","size":0,"sizes":[]},"image":{"id":43756,"url":"https:\/\/demo26.houzez.co\/wp-content\/uploads\/2022\/03\/city-05.jpg","alt":"","source":"library"},"tax_custom_image":{"id":44557,"url":"https:\/\/demo26.houzez.co\/wp-content\/uploads\/2022\/05\/placeholder-1.png"},"grid_title_typography_font_size":{"unit":"px","size":14,"sizes":[]},"grid_title":"Fort Lauderdale","more_link":{"url":"https:\/\/demo26.houzez.co\/property-search\/","is_external":true,"nofollow":true,"custom_attributes":""},"grid_v3_height_mobile":{"unit":"%","size":40,"sizes":[]}},"elements":[],"isInner":false,"widgetType":"Houzez_elementor_grid_builder","elType":"widget"}],"isInner":true,"elType":"column"}],"isInner":true,"elType":"section"},{"id":"5fa45db1","settings":{"structure":"40","padding_tablet":{"unit":"px","top":"0","right":"0","bottom":"0","left":"50","isLinked":false},"padding_mobile":{"unit":"px","top":"0","right":"0","bottom":"0","left":"0","isLinked":false},"animation":"fadeIn","animation_duration":"slow","margin":{"unit":"px","top":"80","right":0,"bottom":"0","left":0,"isLinked":false}},"elements":[{"id":"7beec0b4","settings":{"_column_size":25,"_inline_size":null,"space_between_widgets":0,"align_mobile":"center"},"elements":[{"id":"318d6903","settings":{"ending_number":2500,"suffix":"+","title":"","typography_number_typography":"custom","typography_number_font_size":{"unit":"px","size":30,"sizes":[]},"typography_number_text_transform":"uppercase","title_color":"#0201018C","typography_title_typography":"custom","typography_title_font_size":{"unit":"px","size":15,"sizes":[]},"typography_title_text_transform":"uppercase","typography_title_letter_spacing":{"unit":"px","size":1,"sizes":[]},"_margin":{"unit":"px","top":"0","right":"0","bottom":"0","left":"0","isLinked":true}},"elements":[],"isInner":false,"widgetType":"counter","elType":"widget"},{"id":"66ef78ba","settings":{"title":"Listing for sale","header_size":"div","title_color":"#02010191","typography_typography":"custom","typography_font_size":{"unit":"px","size":16,"sizes":[]},"typography_letter_spacing":{"unit":"px","size":1,"sizes":[]},"_margin":{"unit":"px","top":"15","right":"0","bottom":"15","left":"0","isLinked":false},"align_mobile":"center","typography_font_weight":"300","align":"center"},"elements":[],"isInner":false,"widgetType":"heading","elType":"widget"}],"isInner":true,"elType":"column"},{"id":"3df8a478","settings":{"_column_size":25,"_inline_size":null,"align_mobile":"center","space_between_widgets":0},"elements":[{"id":"4d3d702c","settings":{"suffix":"+","title":"","typography_number_typography":"custom","typography_number_font_size":{"unit":"px","size":30,"sizes":[]},"typography_number_text_transform":"uppercase","title_color":"#0201018C","typography_title_typography":"custom","typography_title_font_size":{"unit":"px","size":15,"sizes":[]},"typography_title_text_transform":"uppercase","typography_title_letter_spacing":{"unit":"px","size":1,"sizes":[]},"_margin":{"unit":"px","top":"0","right":"0","bottom":"0","left":"0","isLinked":true},"ending_number":1350},"elements":[],"isInner":false,"widgetType":"counter","elType":"widget"},{"id":"44bcd4e5","settings":{"title":"Listing for rent","header_size":"div","title_color":"#02010191","typography_typography":"custom","typography_font_size":{"unit":"px","size":16,"sizes":[]},"typography_letter_spacing":{"unit":"px","size":1,"sizes":[]},"_margin":{"unit":"px","top":"15","right":"0","bottom":"15","left":"0","isLinked":false},"align_mobile":"center","typography_font_weight":"300","align":"center"},"elements":[],"isInner":false,"widgetType":"heading","elType":"widget"}],"isInner":true,"elType":"column"},{"id":"dbfab74","settings":{"_column_size":25,"_inline_size":null,"align_mobile":"center","space_between_widgets":0},"elements":[{"id":"f21fe36","settings":{"ending_number":900,"suffix":"+","title":"","typography_number_typography":"custom","typography_number_font_size":{"unit":"px","size":30,"sizes":[]},"typography_number_text_transform":"uppercase","title_color":"#0201018C","typography_title_typography":"custom","typography_title_font_size":{"unit":"px","size":15,"sizes":[]},"typography_title_text_transform":"uppercase","typography_title_letter_spacing":{"unit":"px","size":1,"sizes":[]},"_margin":{"unit":"px","top":"0","right":"0","bottom":"0","left":"0","isLinked":true}},"elements":[],"isInner":false,"widgetType":"counter","elType":"widget"},{"id":"2d640278","settings":{"title":"Property sold","header_size":"div","title_color":"#02010191","typography_typography":"custom","typography_font_size":{"unit":"px","size":16,"sizes":[]},"typography_letter_spacing":{"unit":"px","size":1,"sizes":[]},"_margin":{"unit":"px","top":"15","right":"0","bottom":"15","left":"0","isLinked":false},"align_mobile":"center","typography_font_weight":"300","align":"center"},"elements":[],"isInner":false,"widgetType":"heading","elType":"widget"}],"isInner":true,"elType":"column"},{"id":"5029861","settings":{"_column_size":25,"_inline_size":null,"align_mobile":"center","space_between_widgets":0},"elements":[{"id":"1e66b0b","settings":{"ending_number":15,"suffix":"+","title":"","typography_number_typography":"custom","typography_number_font_size":{"unit":"px","size":30,"sizes":[]},"typography_number_text_transform":"uppercase","title_color":"#0201018C","typography_title_typography":"custom","typography_title_font_size":{"unit":"px","size":15,"sizes":[]},"typography_title_text_transform":"uppercase","typography_title_letter_spacing":{"unit":"px","size":1,"sizes":[]},"_margin":{"unit":"px","top":"0","right":"0","bottom":"0","left":"0","isLinked":true}},"elements":[],"isInner":false,"widgetType":"counter","elType":"widget"},{"id":"20402b17","settings":{"title":"Affiliate partners","header_size":"div","title_color":"#02010191","typography_typography":"custom","typography_font_size":{"unit":"px","size":16,"sizes":[]},"typography_letter_spacing":{"unit":"px","size":1,"sizes":[]},"_margin":{"unit":"px","top":"15","right":"0","bottom":"15","left":"0","isLinked":false},"align_mobile":"center","typography_font_weight":"300","align":"center"},"elements":[],"isInner":false,"widgetType":"heading","elType":"widget"}],"isInner":true,"elType":"column"}],"isInner":true,"elType":"section"},{"id":"244a6a7a","settings":{"space":{"unit":"px","size":100,"sizes":[]}},"elements":[],"isInner":false,"widgetType":"spacer","elType":"widget"}],"isInner":false,"elType":"column"}],"isInner":false,"elType":"section"},{"id":"28f49b56","settings":{"content_width":{"unit":"px","size":1470,"sizes":[]},"gap":"no","background_background":"classic","background_color":"#E5F2F6","background_color_stop":{"unit":"%","size":58,"sizes":[]},"background_color_b":"#1B1F2D","background_image":{"url":"","id":"","alt":"","source":"library"},"background_position":"center center","background_repeat":"no-repeat","background_size":"cover","background_overlay_color":"#FFEFEC","background_overlay_opacity":{"unit":"px","size":0.91,"sizes":[]},"border_border":"solid","border_width":{"unit":"px","top":"1","right":"0","bottom":"1","left":"0","isLinked":false},"border_color":"#CBE1ED","shape_divider_top_color":"#1B1F2D","shape_divider_top_height":{"unit":"px","size":59,"sizes":[]},"shape_divider_top_flip":"yes","shape_divider_bottom_color":"#1B1F2D","shape_divider_bottom_height":{"unit":"px","size":44,"sizes":[]},"padding":{"unit":"px","top":"0","right":"30","bottom":"0","left":"30","isLinked":false},"padding_mobile":{"unit":"px","top":"0","right":"0","bottom":"0","left":"0","isLinked":true}},"elements":[{"id":"94c9fb0","settings":{"_column_size":100,"_inline_size":null},"elements":[{"id":"1591a71e","settings":{"layout":"full_width","content_position":"middle","structure":"20","margin":{"unit":"px","top":"30","right":0,"bottom":"30","left":0,"isLinked":true}},"elements":[{"id":"5e2bc741","settings":{"_column_size":50,"_inline_size":null,"space_between_widgets":0,"_inline_size_tablet":100},"elements":[{"id":"78b7973d","settings":{"title":"Sign up to our newsletter","typography_typography":"custom","typography_font_size":{"unit":"px","size":36,"sizes":[]},"typography_font_weight":"500","_margin":{"unit":"px","top":"0","right":"0","bottom":"0","left":"0","isLinked":false},"_animation":"fadeIn","animation_duration":"slow","align_mobile":"center","typography_font_size_mobile":{"unit":"px","size":30,"sizes":[]},"typography_font_size_tablet":{"unit":"px","size":30,"sizes":[]},"_margin_tablet":{"unit":"px","top":"0","right":"0","bottom":"10","left":"0","isLinked":false},"align":"center","typography_letter_spacing":{"unit":"px","size":-0.5,"sizes":[]},"typography_line_height_mobile":{"unit":"em","size":1.5,"sizes":[]},"_margin_mobile":{"unit":"px","top":"0","right":"0","bottom":"0","left":"0","isLinked":true}},"elements":[],"isInner":false,"widgetType":"heading","elType":"widget"},{"id":"ccfbeec","settings":{"title":"Keep in touch with the latest updates","typography_typography":"custom","typography_font_size":{"unit":"px","size":25,"sizes":[]},"typography_font_weight":"300","_animation":"fadeIn","animation_duration":"slow","align_mobile":"center","typography_font_size_mobile":{"unit":"px","size":19,"sizes":[]},"typography_font_size_tablet":{"unit":"px","size":24,"sizes":[]},"_margin_tablet":{"unit":"px","top":"0","right":"0","bottom":"0","left":"0","isLinked":false},"typography_line_height":{"unit":"em","size":1.5,"sizes":[]},"typography_letter_spacing":{"unit":"px","size":-0.5,"sizes":[]},"header_size":"div","align":"center","typography_letter_spacing_mobile":{"unit":"px","size":0.5,"sizes":[]}},"elements":[],"isInner":false,"widgetType":"heading","elType":"widget"}],"isInner":true,"elType":"column"},{"id":"75050d02","settings":{"_column_size":50,"_inline_size":null,"_inline_size_tablet":100},"elements":[{"id":"3c16fb77","settings":{"form_name":"New Form","form_fields":[{"_id":"email","field_type":"email","required":"true","field_label":"Email","placeholder":"Email","width":"80"}],"show_labels":"","gdpr_agreement":"","gdpr_label":"GDPR Agreement","gdpr_required":"true","gdpr_text":"I consent to having this website store my submitted information","button_text":"Submit","email_to":"hello@favethemes.com","email_subject":"New message from &quot;Houzez - Highly Customizable Real Estate WordPress Theme&quot;","field_typography_typography":"custom","field_gdpr_color":"#121D31","gdpr_typography_typography":"custom","gdpr_typography_font_size":{"unit":"px","size":14,"sizes":[]},"con_google_recaptcha":"yes","input_size":"lg","button_size":"lg","button_background_color":"#02547D","button_typography_typography":"custom","button_typography_font_weight":"600","button_background_hover_color":"#0074AE","_margin_mobile":{"unit":"px","top":"30","right":"0","bottom":"0","left":"0","isLinked":false},"button_typography_text_transform":"uppercase","_padding":{"unit":"px","top":"0","right":"0","bottom":"0","left":"0","isLinked":true},"_background_background":"classic","_border_radius":{"unit":"px","top":"4","right":"4","bottom":"4","left":"4","isLinked":true},"label_typography_typography":"custom","label_typography_font_size":{"unit":"px","size":15,"sizes":[]},"label_typography_font_weight":"500","field_typography_font_weight":"400","field_border_color":"#DEECF0","gdpr_typography_line_height":{"unit":"em","size":1.5,"sizes":[]},"button_typography_font_family":"Jost","button_typography_font_size":{"unit":"px","size":13,"sizes":[]},"button_typography_letter_spacing":{"unit":"px","size":3,"sizes":[]},"_animation":"none","animation_duration":"slow","button_width":"20","webhook":"","column_gap":{"unit":"px","size":15,"sizes":[]},"row_gap":{"unit":"px","size":0,"sizes":[]},"_margin":{"unit":"px","top":"10","right":"10","bottom":"10","left":"10","isLinked":true},"row_gap_mobile":{"unit":"px","size":10,"sizes":[]}},"elements":[],"isInner":false,"widgetType":"houzez_elementor_contact_form","elType":"widget"}],"isInner":true,"elType":"column"}],"isInner":true,"elType":"section"}],"isInner":false,"elType":"column"}],"isInner":false,"elType":"section"}],"page_settings":{"background_color":"#FFFFFF"},"version":"0.4","title":"Demo 26 - Homepage 2","type":"page"}