{"content":[{"id":"11732046","settings":{"content_width":{"unit":"px","size":1280,"sizes":[]},"background_background":"classic","background_overlay_background":"classic","background_overlay_color":"#002E51","height":"min-height","background_image":{"url":"https:\/\/wordpress-432351-3211823.cloudwaysapps.com\/wp-content\/uploads\/2023\/01\/heaader-03.jpg","id":18330,"alt":"","source":"library"},"background_position":"center center","background_size":"cover","custom_height":{"unit":"px","size":370,"sizes":[]},"stretch_section":"section-stretched","background_repeat":"no-repeat","background_overlay_opacity":{"unit":"px","size":0.29,"sizes":[]},"overlay_blend_mode":"multiply"},"elements":[{"id":"4fed31ec","settings":{"_column_size":100,"_inline_size":null,"z_index":1},"elements":[{"id":"47cb73fb","settings":{"title":"About us","title_color":"#FFFFFF","typography_typography":"custom","typography_font_size":{"unit":"px","size":36,"sizes":[]},"header_size":"h1","typography_letter_spacing":{"unit":"px","size":0,"sizes":[]},"align":"center","typography_font_size_tablet":{"unit":"px","size":30,"sizes":[]},"typography_font_size_mobile":{"unit":"px","size":25,"sizes":[]},"typography_line_height_mobile":{"unit":"em","size":1.4,"sizes":[]},"typography_line_height_tablet":{"unit":"px","size":"","sizes":[]},"_animation":"fadeIn"},"elements":[],"isInner":false,"widgetType":"heading","elType":"widget"},{"id":"4408f9de","settings":{"title":"Dubai \u2022 Abu Dhabi \u2022 Sharjah \u2022 Ajman","header_size":"div","align":"center","title_color":"#FFFFFF","typography_typography":"custom","typography_font_size":{"unit":"px","size":14,"sizes":[]},"typography_text_transform":"uppercase","typography_letter_spacing":{"unit":"px","size":6,"sizes":[]},"_margin":{"unit":"px","top":"0","right":"0","bottom":"20","left":"0","isLinked":false},"typography_font_weight":"500","_animation":"fadeIn","_animation_delay":250,"typography_line_height_mobile":{"unit":"em","size":1.7,"sizes":[]}},"elements":[],"isInner":false,"widgetType":"heading","elType":"widget"}],"isInner":false,"elType":"column"}],"isInner":false,"elType":"section"},{"id":"113f0fb8","settings":{"content_width":{"unit":"px","size":1320,"sizes":[]},"padding_tablet":{"unit":"%","top":"0","right":"6","bottom":"0","left":"5","isLinked":false},"padding_mobile":{"unit":"%","top":"","right":"","bottom":"","left":"","isLinked":true}},"elements":[{"id":"950cfc4","settings":{"_column_size":100,"_inline_size":null},"elements":[{"id":"19287cea","settings":{"space_mobile":{"unit":"px","size":10,"sizes":[]}},"elements":[],"isInner":false,"widgetType":"spacer","elType":"widget"},{"id":"67c01659","settings":{"layout":"full_width"},"elements":[{"id":"916d133","settings":{"_column_size":100,"_inline_size":null},"elements":[{"id":"4b81fa91","settings":{"title":"Our mission","title_color":"#000000","typography_typography":"custom","typography_font_size":{"unit":"px","size":34,"sizes":[]},"typography_line_height":{"unit":"em","size":1.5,"sizes":[]},"align":"left","typography_font_size_tablet":{"unit":"px","size":28,"sizes":[]},"typography_font_size_mobile":{"unit":"px","size":24,"sizes":[]},"align_mobile":"center"},"elements":[],"isInner":false,"widgetType":"heading","elType":"widget"},{"id":"50153538","settings":{"space_mobile":{"unit":"px","size":10,"sizes":[]}},"elements":[],"isInner":false,"widgetType":"spacer","elType":"widget"}],"isInner":true,"elType":"column"}],"isInner":true,"elType":"section"},{"id":"61c9ac0f","settings":{"editor":"<p>Our company is one of the leading providers in high-end real estate. Our services includes wide variety of luxurious properties and we will make sure you get the best experience when dealing with us.We started this company to help people find the home they deserve and we will make it our mission to make sure that your lifestyle is exclusive.\u00a0<\/p><p>Our services includes wide variety of luxurious properties and we will make sure you get the best experience when dealing with us.We started this company to help people find the home they deserve and we will make it our mission to make sure that your lifestyle is exclusive. Our real estate company has a number of luxury and exclusive listings that are perfect for international clients.<\/p>","text_columns":"2","column_gap":{"unit":"px","size":100,"sizes":[]},"align":"left","text_color":"#2F2F2F","typography_typography":"custom","typography_font_size":{"unit":"px","size":16,"sizes":[]},"typography_font_size_tablet":{"unit":"px","size":16,"sizes":[]},"typography_font_size_mobile":{"unit":"px","size":16,"sizes":[]},"typography_line_height":{"unit":"em","size":1.7,"sizes":[]},"text_columns_mobile":"1","align_mobile":"center"},"elements":[],"isInner":false,"widgetType":"text-editor","elType":"widget"}],"isInner":false,"elType":"column"}],"isInner":false,"elType":"section"},{"id":"1e6ebd53","settings":{"content_width":{"unit":"px","size":1320,"sizes":[]},"background_background":"classic","background_color":"#FFFFFF","gap":"no","background_color_stop":{"unit":"%","size":60,"sizes":[]},"background_color_b":"#E2DED3","background_color_b_stop":{"unit":"%","size":56,"sizes":[]},"background_gradient_angle":{"unit":"deg","size":270,"sizes":[]},"margin":{"unit":"px","top":"0","right":0,"bottom":"0","left":0,"isLinked":false},"padding":{"unit":"px","top":"0","right":"0","bottom":"100","left":"0","isLinked":false},"z_index":0,"padding_tablet":{"unit":"%","top":"0","right":"05","bottom":"0","left":"05","isLinked":false},"padding_mobile":{"unit":"%","top":"","right":"","bottom":"","left":"","isLinked":true}},"elements":[{"id":"7262dadd","settings":{"_column_size":100,"_inline_size":null},"elements":[{"id":"1b314f4e","settings":[],"elements":[],"isInner":false,"widgetType":"spacer","elType":"widget"},{"id":"41333db8","settings":{"layout":"full_width","content_position":"middle","structure":"20","background_background":"classic","background_color":"#FFFFFF","background_image":{"url":"","id":"","alt":"","source":"library"},"background_position":"center center","background_size":"cover","background_overlay_opacity":{"unit":"px","size":0.07,"sizes":[]},"box_shadow_box_shadow_type":"yes","box_shadow_box_shadow":{"horizontal":0,"vertical":80,"blur":80,"spread":0,"color":"rgba(0, 0, 0, 0.1)"},"margin":{"unit":"px","top":"","right":0,"bottom":"","left":0,"isLinked":true},"background_overlay_background":"classic","background_overlay_image":{"url":"","id":"","alt":"","source":"library"},"z_index":1,"animation":"fadeIn","border_border":"solid","border_width":{"unit":"px","top":"0","right":"0","bottom":"3","left":"0","isLinked":false},"border_color":"#36AA71","border_radius":{"unit":"px","top":"8","right":"8","bottom":"8","left":"8","isLinked":true}},"elements":[{"id":"21105c27","settings":{"_column_size":50,"_inline_size":31.001,"padding":{"unit":"px","top":"70","right":"70","bottom":"70","left":"70","isLinked":true},"_inline_size_tablet":100,"padding_tablet":{"unit":"px","top":"70","right":"70","bottom":"40","left":"70","isLinked":false},"padding_mobile":{"unit":"px","top":"30","right":"30","bottom":"30","left":"30","isLinked":true}},"elements":[{"id":"765fbd87","settings":{"title":"Request a free valuation of your property","size":"large","align":"left","title_color":"#000000","typography_typography":"custom","typography_line_height":{"unit":"em","size":1.4,"sizes":[]},"typography_font_size_mobile":{"unit":"px","size":24,"sizes":[]},"align_mobile":"center"},"elements":[],"isInner":false,"widgetType":"heading","elType":"widget"},{"id":"430556db","settings":{"editor":"<p>Our real estate company has a number of luxury and exclusive listings that are perfect for international clients.&nbsp;<\/p>","text_color":"#9298A1","align_mobile":"center"},"elements":[],"isInner":false,"widgetType":"text-editor","elType":"widget"},{"id":"12ca90af","settings":{"icon_list":[{"text":"Contact us","selected_icon":{"value":{"url":"https:\/\/wordpress-432351-3211823.cloudwaysapps.com\/wp-content\/uploads\/2023\/01\/ico-4.svg","id":18395},"library":"svg"},"_id":"63a950a"},{"text":"987 654 3210","selected_icon":{"value":{"url":"https:\/\/wordpress-432351-3211823.cloudwaysapps.com\/wp-content\/uploads\/2023\/01\/ico-3.svg","id":18394},"library":"svg"},"_id":"12c5c07"}],"text_color":"#153965","icon_align_mobile":"center"},"elements":[],"isInner":false,"widgetType":"icon-list","elType":"widget"}],"isInner":true,"elType":"column"},{"id":"296bb408","settings":{"_column_size":50,"_inline_size":68.999,"padding":{"unit":"px","top":"70","right":"70","bottom":"70","left":"70","isLinked":true},"_inline_size_tablet":100,"padding_tablet":{"unit":"px","top":"0","right":"70","bottom":"40","left":"70","isLinked":false},"padding_mobile":{"unit":"px","top":"10","right":"30","bottom":"30","left":"30","isLinked":false}},"elements":[{"id":"295d8d21","settings":{"form_name":"New Form","form_fields":[{"field_type":"user_type","field_label":"Personal Information","placeholder":"Select","required":"true","field_options":"Property owner\nAgent\n","width":"33","_id":"b66c734"},{"field_type":"first_name","field_label":"&nbsp;","placeholder":"First name","required":"true","width":"33","_id":"ac32e68"},{"field_type":"last_name","field_label":"&nbsp;","placeholder":"Last name","required":"true","width":"33","_id":"7304c05"},{"field_type":"email","placeholder":"Email address","required":"true","width":"66","_id":"7b74074"},{"field_type":"mobile","placeholder":"Phone number","required":"true","width":"33","_id":"e92d2c5"},{"field_type":"e_meta[property_type]","field_label":"Property Information","placeholder":"Type","required":"true","width":"33","_id":"08ee178"},{"field_type":"e_meta[zipcode]","field_label":"&nbsp;","placeholder":"Zip code","required":"true","width":"33","_id":"cfcfcd6"},{"field_type":"e_meta[city]","field_label":"&nbsp;","placeholder":"City","width":"33","_id":"5e7d721"},{"field_type":"e_meta[beds]","placeholder":"N. of bedrooms","required":"true","width":"33","_id":"c3053de"},{"field_type":"e_meta[baths]","placeholder":"N. of bathrooms","required":"true","width":"33","_id":"ca559d7"},{"field_type":"e_meta[price]","placeholder":"Your budget","required":"true","width":"33","_id":"3dbb366"}],"button_text":"Submit","email_to":"hello@favethemes.com","email_subject":"New message from &quot;Houzez - Highly Customizable Real Estate WordPress Theme&quot;","button_background_color":"#36AA71","button_background_hover_color":"#2F5E99","_padding":{"unit":"px","top":"30","right":"30","bottom":"0","left":"30","isLinked":false},"_background_color":"#FFFFFF","input_size":"md","button_size":"md","column_gap":{"unit":"px","size":15,"sizes":[]},"row_gap":{"unit":"px","size":15,"sizes":[]},"label_spacing":{"unit":"px","size":15,"sizes":[]},"label_typography_typography":"custom","label_typography_font_family":"Inter","label_typography_font_size":{"unit":"px","size":14,"sizes":[]},"field_typography_typography":"custom","field_typography_font_size":{"unit":"px","size":14,"sizes":[]},"field_border_color":"#E0E0E0","button_typography_typography":"custom","button_typography_font_size":{"unit":"px","size":14,"sizes":[]},"button_typography_text_transform":"uppercase","button_typography_letter_spacing":{"unit":"px","size":1.9,"sizes":[]},"button_border_radius":{"unit":"px","top":"3","right":"3","bottom":"3","left":"3","isLinked":true},"_box_shadow_box_shadow":{"horizontal":0,"vertical":4,"blur":4,"spread":0,"color":"rgba(0, 0, 0, 0.16)"},"column_gap_mobile":{"unit":"px","size":20,"sizes":[]},"row_gap_mobile":{"unit":"px","size":10,"sizes":[]},"_padding_tablet":{"unit":"px","top":"0","right":"0","bottom":"0","left":"0","isLinked":true}},"elements":[],"isInner":false,"widgetType":"houzez_elementor_inquiry_form","elType":"widget"}],"isInner":true,"elType":"column"}],"isInner":true,"elType":"section"}],"isInner":false,"elType":"column"}],"isInner":false,"elType":"section"},{"id":"1075d557","settings":{"layout":"full_width","background_color":"#FFFFFF","background_color_b":"#E6EBF080","background_gradient_angle":{"unit":"deg","size":0,"sizes":[]},"padding":{"unit":"px","top":"0","right":"0","bottom":"0","left":"0","isLinked":false},"padding_tablet":{"unit":"%","top":"0","right":"05","bottom":"0","left":"05","isLinked":false},"padding_mobile":{"unit":"%","top":"","right":"","bottom":"","left":"","isLinked":true}},"elements":[{"id":"4e90bb90","settings":{"_column_size":100,"_inline_size":null},"elements":[{"id":"18292cf1","settings":{"content_width":{"unit":"px","size":733,"sizes":[]},"animation":"fadeIn"},"elements":[{"id":"2fd98cf1","settings":{"_column_size":100,"_inline_size":null},"elements":[{"id":"789f5936","settings":{"icon_list":[{"text":"Testimonials","selected_icon":{"value":"","library":""},"_id":"6ad3048","link":{"url":"#","is_external":"","nofollow":"","custom_attributes":""}}],"space_between":{"unit":"px","size":5,"sizes":[]},"icon_color":"#088C98","text_color":"#36AA71","icon_typography_typography":"custom","icon_typography_font_weight":"600","icon_align":"center","icon_size":{"unit":"px","size":6,"sizes":[]},"icon_self_align":"center","icon_typography_font_size":{"unit":"px","size":13,"sizes":[]},"icon_typography_text_transform":"uppercase","icon_typography_letter_spacing":{"unit":"px","size":3,"sizes":[]}},"elements":[],"isInner":false,"widgetType":"icon-list","elType":"widget"},{"id":"64e5520e","settings":{"title":"What our customers saying","title_color":"#000000","typography_typography":"custom","typography_font_size":{"unit":"px","size":34,"sizes":[]},"typography_line_height":{"unit":"em","size":1.5,"sizes":[]},"align":"center","typography_font_size_tablet":{"unit":"px","size":28,"sizes":[]},"typography_font_size_mobile":{"unit":"px","size":24,"sizes":[]}},"elements":[],"isInner":false,"widgetType":"heading","elType":"widget"},{"id":"11bb1cc5","settings":{"editor":"<p>Buy or sell your home with Our agents. Our agents are knowledgeable, professional and dedicated to everyone\u2019s satisfaction!<\/p>","align":"center","typography_typography":"custom","typography_font_size":{"unit":"px","size":18,"sizes":[]},"typography_line_height":{"unit":"em","size":1.7,"sizes":[]},"text_color":"#2F2F2F","typography_font_size_tablet":{"unit":"px","size":18,"sizes":[]},"typography_font_size_mobile":{"unit":"px","size":16,"sizes":[]}},"elements":[],"isInner":false,"widgetType":"text-editor","elType":"widget"}],"isInner":true,"elType":"column"}],"isInner":true,"elType":"section"},{"id":"4d42b445","settings":{"gap":"wide","content_width":{"unit":"px","size":1320,"sizes":[]},"background_overlay_color":"#FFFFFF","background_overlay_color_stop":{"unit":"%","size":69,"sizes":[]},"background_overlay_color_b":"#36AA71","background_overlay_color_b_stop":{"unit":"%","size":26,"sizes":[]},"background_overlay_gradient_angle":{"unit":"deg","size":135,"sizes":[]},"background_overlay_opacity":{"unit":"px","size":1,"sizes":[]},"structure":"30","z_index":1},"elements":[{"id":"292bc254","settings":{"_column_size":33,"_inline_size":null,"_inline_size_tablet":100},"elements":[{"id":"bc2de11","settings":{"testimonial_content":"Lorem ipsum dolor sit amet, consectetur adipiscing elit. Ut elit tellus, luctus nec ullamcorper mattis, pulvinar dapibus leo.","testimonial_image":{"url":"https:\/\/wordpress-432351-3211823.cloudwaysapps.com\/wp-content\/uploads\/2023\/01\/ts-03.jpg","id":18436,"alt":"","source":"library"},"testimonial_name":"Ali Bin Saleh","testimonial_job":"Customer","testimonial_alignment":"left","content_typography_typography":"custom","content_typography_font_size":{"unit":"px","size":15,"sizes":[]},"name_typography_typography":"custom","name_typography_font_weight":"600","job_typography_typography":"custom","job_typography_font_weight":"300","_padding":{"unit":"px","top":"30","right":"30","bottom":"30","left":"30","isLinked":true},"_background_background":"classic","_background_color":"#FFFFFF","_border_border":"solid","_border_width":{"unit":"px","top":"0","right":"0","bottom":"3","left":"0","isLinked":false},"_border_color":"#36AA71","_border_radius":{"unit":"px","top":"8","right":"8","bottom":"8","left":"8","isLinked":true},"_box_shadow_box_shadow_type":"yes","_box_shadow_box_shadow":{"horizontal":0,"vertical":15,"blur":60,"spread":0,"color":"rgba(0, 0, 0, 0.15)"}},"elements":[],"isInner":false,"widgetType":"testimonial","elType":"widget"}],"isInner":true,"elType":"column"},{"id":"35b7cdd0","settings":{"_column_size":33,"_inline_size":null,"_inline_size_tablet":100},"elements":[{"id":"57927070","settings":{"testimonial_content":"Lorem ipsum dolor sit amet, consectetur adipiscing elit. Ut elit tellus, luctus nec ullamcorper mattis, pulvinar dapibus leo.","testimonial_image":{"url":"https:\/\/wordpress-432351-3211823.cloudwaysapps.com\/wp-content\/uploads\/2023\/01\/ts-01.jpg","id":18438,"alt":"","source":"library"},"testimonial_name":"Nour Mohamed","testimonial_job":"Customer","testimonial_alignment":"left","content_typography_typography":"custom","content_typography_font_size":{"unit":"px","size":15,"sizes":[]},"name_typography_typography":"custom","name_typography_font_weight":"600","job_typography_typography":"custom","job_typography_font_weight":"300","_padding":{"unit":"px","top":"30","right":"30","bottom":"30","left":"30","isLinked":true},"_background_background":"classic","_background_color":"#FFFFFF","_border_border":"solid","_border_width":{"unit":"px","top":"0","right":"0","bottom":"3","left":"0","isLinked":false},"_border_color":"#36AA71","_border_radius":{"unit":"px","top":"8","right":"8","bottom":"8","left":"8","isLinked":true},"_box_shadow_box_shadow_type":"yes","_box_shadow_box_shadow":{"horizontal":0,"vertical":15,"blur":60,"spread":0,"color":"rgba(0, 0, 0, 0.15)"}},"elements":[],"isInner":false,"widgetType":"testimonial","elType":"widget"}],"isInner":true,"elType":"column"},{"id":"5917f7b4","settings":{"_column_size":33,"_inline_size":null,"_inline_size_tablet":100},"elements":[{"id":"7babf910","settings":{"testimonial_content":"Lorem ipsum dolor sit amet, consectetur adipiscing elit. Ut elit tellus, luctus nec ullamcorper mattis, pulvinar dapibus leo.","testimonial_image":{"url":"https:\/\/wordpress-432351-3211823.cloudwaysapps.com\/wp-content\/uploads\/2023\/01\/ts-02.jpg","id":18437,"alt":"","source":"library"},"testimonial_name":"Lina Kamal-Eddin","testimonial_job":"Customer","testimonial_alignment":"left","content_typography_typography":"custom","content_typography_font_size":{"unit":"px","size":15,"sizes":[]},"name_typography_typography":"custom","name_typography_font_weight":"600","job_typography_typography":"custom","job_typography_font_weight":"300","_padding":{"unit":"px","top":"30","right":"30","bottom":"30","left":"30","isLinked":true},"_background_background":"classic","_background_color":"#FFFFFF","_border_border":"solid","_border_width":{"unit":"px","top":"0","right":"0","bottom":"3","left":"0","isLinked":false},"_border_color":"#36AA71","_border_radius":{"unit":"px","top":"8","right":"8","bottom":"8","left":"8","isLinked":true},"_box_shadow_box_shadow_type":"yes","_box_shadow_box_shadow":{"horizontal":0,"vertical":15,"blur":60,"spread":0,"color":"rgba(0, 0, 0, 0.15)"}},"elements":[],"isInner":false,"widgetType":"testimonial","elType":"widget"}],"isInner":true,"elType":"column"}],"isInner":true,"elType":"section"},{"id":"723e2450","settings":{"space":{"unit":"px","size":100,"sizes":[]},"space_mobile":{"unit":"px","size":50,"sizes":[]}},"elements":[],"isInner":false,"widgetType":"spacer","elType":"widget"}],"isInner":false,"elType":"column"}],"isInner":false,"elType":"section"}],"page_settings":[],"version":"0.4","title":"About us - Demo 29","type":"page"}