{"content":[{"id":"24c91900","settings":{"gap":"no","background_background":"classic","background_color":"#FFFFFF","padding":{"unit":"%","top":"0","right":"4","bottom":"0","left":"4","isLinked":false},"custom_height":{"unit":"px","size":350,"sizes":[]},"background_image":{"url":"","id":"","alt":"","source":"library"},"background_position":"top center","background_size":"cover","background_overlay_color":"#000000","background_overlay_color_b":"#000000","background_overlay_gradient_angle":{"unit":"deg","size":330,"sizes":[]},"background_overlay_opacity":{"unit":"px","size":0.25,"sizes":[]},"content_width":{"unit":"px","size":1120,"sizes":[]},"layout":"full_width","padding_tablet":{"unit":"%","top":"","right":"","bottom":"","left":"","isLinked":true},"padding_mobile":{"unit":"%","top":"","right":"","bottom":"","left":"","isLinked":true}},"elements":[{"id":"725b0567","settings":{"_column_size":100},"elements":[{"id":"2ff478f8","settings":{"content_width":{"unit":"px","size":770,"sizes":[]},"height_inner":"min-height","content_position":"middle","background_background":"classic","background_position":"center center","background_repeat":"no-repeat","background_size":"cover","background_overlay_background":"gradient","background_overlay_color":"#07425D","background_overlay_opacity":{"unit":"px","size":0.65,"sizes":[]},"border_radius":{"unit":"px","top":"8","right":"8","bottom":"8","left":"8","isLinked":true},"margin_mobile":{"unit":"px","top":"","right":0,"bottom":"","left":0,"isLinked":true},"custom_height_inner":{"unit":"px","size":600,"sizes":[]},"background_image":{"url":"https:\/\/wordpress-432351-3211823.cloudwaysapps.com\/wp-content\/uploads\/2023\/01\/heaader-03.jpg","id":18330,"alt":"","source":"library"},"background_slideshow_slide_duration":3000,"background_slideshow_transition_duration":1000,"background_slideshow_ken_burns":"yes","box_shadow_box_shadow":{"horizontal":0,"vertical":30,"blur":60,"spread":0,"color":"rgba(0, 0, 0, 0.16)"},"z_index":1,"background_overlay_color_b":"#FFFFFF00","padding_tablet":{"unit":"%","top":"5","right":"5","bottom":"5","left":"5","isLinked":true},"padding_mobile":{"unit":"%","top":"5","right":"5","bottom":"5","left":"5","isLinked":true},"overlay_blend_mode":"multiply"},"elements":[{"id":"222fee44","settings":{"_column_size":100,"_inline_size":null,"space_between_widgets":10},"elements":[{"id":"64863a0b","settings":{"title":"Find Your Dream Home in the UAE","title_color":"#FFFFFF","typography_typography":"custom","typography_font_size":{"unit":"px","size":36,"sizes":[]},"header_size":"h1","typography_letter_spacing":{"unit":"px","size":0,"sizes":[]},"align":"center","typography_font_size_tablet":{"unit":"px","size":30,"sizes":[]},"typography_font_size_mobile":{"unit":"px","size":25,"sizes":[]},"typography_line_height_mobile":{"unit":"em","size":1.4,"sizes":[]},"typography_line_height_tablet":{"unit":"px","size":"","sizes":[]},"_animation":"fadeIn"},"elements":[],"isInner":false,"widgetType":"heading","elType":"widget"},{"id":"2ec03935","settings":{"title":"Dubai \u2022 Abu Dhabi \u2022 Sharjah \u2022 Ajman","header_size":"div","align":"center","title_color":"#FFFFFF","typography_typography":"custom","typography_font_size":{"unit":"px","size":14,"sizes":[]},"typography_text_transform":"uppercase","typography_letter_spacing":{"unit":"px","size":6,"sizes":[]},"_margin":{"unit":"px","top":"0","right":"0","bottom":"20","left":"0","isLinked":false},"typography_font_weight":"500","_animation":"fadeIn","_animation_delay":250,"typography_line_height_mobile":{"unit":"em","size":1.7,"sizes":[]}},"elements":[],"isInner":false,"widgetType":"heading","elType":"widget"},{"id":"7b353410","settings":{"form_fields":[{"_id":"710a680","field_type":"keyword","field_label":"Search","placeholder":"Enter a keyword","price_from_text":"From","price_to_text":"To","width":"50","selected_count_text":"items selected"},{"_id":"95424d9","field_type":"type[]","field_label":"Type","placeholder":"Type","price_from_text":"From","price_to_text":"To","width":"25","selected_count_text":"items selected"},{"field_type":"location[]","field_label":"Location","placeholder":"Where","price_from_text":"From","price_to_text":"To","width":"25","selected_count_text":"items selected","_id":"6b0017d"},{"_id":"2b2fccd","field_type":"bedrooms","field_label":"Bedrooms","placeholder":"Beds","price_from_text":"From","price_to_text":"To","width":"25","selected_count_text":"items selected"},{"_id":"f286ac7","field_type":"bathrooms","field_label":"Bathrooms","placeholder":"Baths","price_from_text":"From","price_to_text":"To","width":"25","selected_count_text":"items selected"},{"_id":"1bb28f6","field_type":"max-price","field_label":"Max Price","placeholder":"Max Price","price_from_text":"From","price_to_text":"To","width":"25","selected_count_text":"items selected"},{"_id":"field-search-btn","field_type":"search-button","field_label":"Search Button","placeholder":"Search","width":"25","price_from_text":"From","price_to_text":"To","selected_count_text":"items selected"}],"show_tabs":"yes","status_data":["for-rent","for-sale"],"tabs_all_text":"All","form_background_color":"#0000008F","form_padding":{"unit":"px","top":"16","right":"8","bottom":"4","left":"8","isLinked":false},"form_radius":{"unit":"px","top":"30","right":"30","bottom":"30","left":"30","isLinked":true},"search_tabs_bg_color":"#36AA71","tabs_margin":{"unit":"px","top":"0","right":"3","bottom":"12","left":"3","isLinked":false},"button_background_color":"#36AA71","button_background_hover_color":"#4FD178","city_data":["belleair","deland"],"tabs_radius":{"unit":"px","top":"20","right":"20","bottom":"20","left":"20","isLinked":true},"search_tabs_active_color":"#FFFFFF","search_active_tabs_bg_color":"#0000007D","field_border_radius":{"unit":"px","top":"29","right":"29","bottom":"29","left":"29","isLinked":true},"search_tabs_typography_typography":"custom","search_tabs_typography_font_size":{"unit":"px","size":13,"sizes":[]},"search_tabs_typography_font_weight":"600","search_tabs_typography_text_transform":"uppercase","search_tabs_typography_letter_spacing":{"unit":"px","size":2,"sizes":[]},"tabs_padding":{"unit":"px","top":"8","right":"24","bottom":"9","left":"24","isLinked":false},"button_border_radius":{"unit":"px","top":"30","right":"30","bottom":"30","left":"30","isLinked":true},"_animation":"fadeIn","_animation_delay":500,"form_padding_mobile":{"unit":"px","top":"-1","right":"-1","bottom":"-1","left":"-1","isLinked":true},"search_tabs_typography_font_size_mobile":{"unit":"px","size":12,"sizes":[]},"tabs_padding_mobile":{"unit":"px","top":"3","right":"14","bottom":"4","left":"14","isLinked":false}},"elements":[],"isInner":false,"widgetType":"houzez_elementor_search_builder","elType":"widget"}],"isInner":true,"elType":"column"}],"isInner":true,"elType":"section"}],"isInner":false,"elType":"column"}],"isInner":false,"elType":"section"},{"id":"4a79e66b","settings":{"layout":"full_width","background_background":"classic","background_color":"#FFFFFF","background_color_b":"#E6EBF080"},"elements":[{"id":"117d7adb","settings":{"_column_size":100,"_inline_size":null},"elements":[{"id":"54211f31","settings":{"height":{"unit":"px","size":10,"sizes":[]},"height_mobile":{"unit":"px","size":10,"sizes":[]}},"elements":[],"isInner":false,"widgetType":"houzez_elementor_space","elType":"widget"},{"id":"3a2df3d1","settings":{"content_width":{"unit":"px","size":760,"sizes":[]},"animation":"fadeIn"},"elements":[{"id":"6025994e","settings":{"_column_size":100,"_inline_size":null},"elements":[{"id":"486b828d","settings":{"icon_list":[{"text":"Featured Homes","selected_icon":{"value":"","library":""},"_id":"6ad3048","link":{"url":"#","is_external":"","nofollow":"","custom_attributes":""}}],"space_between":{"unit":"px","size":5,"sizes":[]},"icon_color":"#088C98","text_color":"#36AA71","icon_typography_typography":"custom","icon_typography_font_weight":"600","icon_align":"center","icon_size":{"unit":"px","size":6,"sizes":[]},"icon_self_align":"center","icon_typography_font_size":{"unit":"px","size":13,"sizes":[]},"icon_typography_text_transform":"uppercase","icon_typography_letter_spacing":{"unit":"px","size":3,"sizes":[]}},"elements":[],"isInner":false,"widgetType":"icon-list","elType":"widget"},{"id":"6f77eaed","settings":{"title":"Our new homes for sale and rent","title_color":"#000000","typography_typography":"custom","typography_font_size":{"unit":"px","size":34,"sizes":[]},"typography_line_height":{"unit":"em","size":1.5,"sizes":[]},"align":"center","typography_font_size_tablet":{"unit":"px","size":28,"sizes":[]},"typography_font_size_mobile":{"unit":"px","size":24,"sizes":[]}},"elements":[],"isInner":false,"widgetType":"heading","elType":"widget"},{"id":"344d5ec8","settings":{"editor":"<p>Search homes for sale in your local area by price, amenities, or other features. We'll show you the sales history and provide helpful advice.<\/p>","align":"center","typography_typography":"custom","typography_font_size":{"unit":"px","size":18,"sizes":[]},"typography_line_height":{"unit":"em","size":1.7,"sizes":[]},"text_color":"#2F2F2F","typography_font_size_tablet":{"unit":"px","size":18,"sizes":[]},"typography_font_size_mobile":{"unit":"px","size":16,"sizes":[]}},"elements":[],"isInner":false,"widgetType":"text-editor","elType":"widget"}],"isInner":true,"elType":"column"}],"isInner":true,"elType":"section"},{"id":"174df796","settings":{"content_width":{"unit":"px","size":1400,"sizes":[]},"animation":"fadeIn"},"elements":[{"id":"22eabe11","settings":{"_column_size":100,"_inline_size":null},"elements":[{"id":"78f5c131","settings":{"houzez_tabs_style":"property-nav-tabs-v5","tabs_items":[{"tab_title":"Abu Dhabi","_id":"4f71609","tabs_icon_icon":{"value":"","library":""},"property_city":["abu-dhabi"],"featured_prop":"yes","tabs_icon_type":"none"},{"tab_title":"Dubai","_id":"0b1aaf6","tabs_icon_icon":{"value":"","library":""},"property_city":["dubai"],"tabs_icon_type":"none"},{"tab_title":"Sharjah","_id":"678f804","tabs_icon_icon":{"value":"","library":""},"property_city":["sharjah"],"tabs_icon_type":"none"},{"_id":"2cf4dfc","tab_title":"Ajman","tabs_icon_icon":{"value":"","library":""},"property_city":["ajman"],"tabs_icon_type":"none"}],"grid_style":"cards-v7","posts_limit":4,"tab_title_border":"#36AA71","tabs_typography_typography":"custom","tabs_typography_font_size":{"unit":"px","size":14,"sizes":[]},"tabs_typography_font_weight":"600","tabs_typography_text_transform":"uppercase","tabs_typography_letter_spacing":{"unit":"px","size":1,"sizes":[]},"module_type":"grid_4_cols"},"elements":[],"isInner":false,"widgetType":"houzez_properties_tabs","elType":"widget"}],"isInner":true,"elType":"column"}],"isInner":true,"elType":"section"},{"id":"4bfc4601","settings":{"height":{"unit":"px","size":50,"sizes":[]}},"elements":[],"isInner":false,"widgetType":"houzez_elementor_space","elType":"widget"}],"isInner":false,"elType":"column"}],"isInner":false,"elType":"section"},{"id":"2c5ea613","settings":{"layout":"full_width","background_background":"classic","background_color":"#FFFFFF","background_color_b":"#E6EBF080"},"elements":[{"id":"506cf8ba","settings":{"_column_size":100,"_inline_size":null},"elements":[{"id":"5d861084","settings":{"content_width":{"unit":"px","size":1021,"sizes":[]},"animation":"fadeIn"},"elements":[{"id":"4a7ccc4d","settings":{"_column_size":100,"_inline_size":null},"elements":[{"id":"483990dc","settings":{"icon_list":[{"text":"Buy \u2022 Rent \u2022 Sell","selected_icon":{"value":"","library":""},"_id":"6ad3048","link":{"url":"#","is_external":"","nofollow":"","custom_attributes":""}}],"space_between":{"unit":"px","size":5,"sizes":[]},"icon_color":"#088C98","text_color":"#36AA71","icon_typography_typography":"custom","icon_typography_font_weight":"600","icon_align":"center","icon_size":{"unit":"px","size":6,"sizes":[]},"icon_self_align":"center","icon_typography_font_size":{"unit":"px","size":13,"sizes":[]},"icon_typography_text_transform":"uppercase","icon_typography_letter_spacing":{"unit":"px","size":3,"sizes":[]}},"elements":[],"isInner":false,"widgetType":"icon-list","elType":"widget"},{"id":"4f325495","settings":{"title":"We help people buy, rent and sell homes","title_color":"#000000","typography_typography":"custom","typography_font_size":{"unit":"px","size":34,"sizes":[]},"typography_line_height":{"unit":"em","size":1.5,"sizes":[]},"header_size":"h1","align":"center","typography_font_size_tablet":{"unit":"px","size":28,"sizes":[]},"typography_font_size_mobile":{"unit":"px","size":24,"sizes":[]}},"elements":[],"isInner":false,"widgetType":"heading","elType":"widget"},{"id":"3df9c4b3","settings":{"editor":"<p>Home buying can be a stressful process, but we take the guess work out of finding a real estate agent. We'll help you find the perfect match to purchase your ideal home.<\/p>","align":"center","typography_typography":"custom","typography_font_size":{"unit":"px","size":18,"sizes":[]},"typography_line_height":{"unit":"em","size":1.7,"sizes":[]},"text_color":"#2F2F2F","typography_font_size_tablet":{"unit":"px","size":18,"sizes":[]},"typography_font_size_mobile":{"unit":"px","size":16,"sizes":[]}},"elements":[],"isInner":false,"widgetType":"text-editor","elType":"widget"}],"isInner":true,"elType":"column"}],"isInner":true,"elType":"section"},{"id":"3ad80b3c","settings":[],"elements":[],"isInner":false,"widgetType":"spacer","elType":"widget"},{"id":"58749a2f","settings":{"structure":"30","gap":"wider","content_width":{"unit":"px","size":1200,"sizes":[]},"gap_columns_custom":{"unit":"px","size":407,"sizes":[]},"animation":"fadeIn"},"elements":[{"id":"5758cc9d","settings":{"_column_size":33,"_inline_size":null},"elements":[{"id":"7b067c5e","settings":{"image":{"url":"https:\/\/wordpress-432351-3211823.cloudwaysapps.com\/wp-content\/uploads\/2023\/01\/icon-02a.png","id":18384,"alt":"","source":"library"},"title_text":"Qualified Agents","description_text":"Lorem ipsum dolor sit amet, consectetur adipiscing elit. Ut elit tellus, luctus nec ullamcorper mattis, pulvinar leo.\n<br><br>\n<a href=\"#\">Learn More<\/a>","image_space":{"unit":"px","size":30,"sizes":[]},"image_size":{"unit":"%","size":72,"sizes":[]},"title_typography_typography":"custom","title_typography_font_size":{"unit":"px","size":21,"sizes":[]},"_animation":"fadeInUp"},"elements":[],"isInner":false,"widgetType":"image-box","elType":"widget"}],"isInner":true,"elType":"column"},{"id":"667aab3d","settings":{"_column_size":33,"_inline_size":null},"elements":[{"id":"6d767886","settings":{"image":{"url":"https:\/\/wordpress-432351-3211823.cloudwaysapps.com\/wp-content\/uploads\/2023\/01\/icon-03a.png","id":18382,"alt":"","source":"library"},"title_text":"Excellent service","description_text":"Lorem ipsum dolor sit amet, consectetur adipiscing elit. Ut elit tellus, luctus nec ullamcorper mattis, pulvinar leo.\n<br><br>\n<a href=\"#\">Learn More<\/a>","image_space":{"unit":"px","size":30,"sizes":[]},"image_size":{"unit":"%","size":65,"sizes":[]},"title_typography_typography":"custom","title_typography_font_size":{"unit":"px","size":21,"sizes":[]},"_animation":"fadeInUp","_animation_delay":250},"elements":[],"isInner":false,"widgetType":"image-box","elType":"widget"}],"isInner":true,"elType":"column"},{"id":"46734993","settings":{"_column_size":33,"_inline_size":null},"elements":[{"id":"76c35954","settings":{"image":{"url":"https:\/\/wordpress-432351-3211823.cloudwaysapps.com\/wp-content\/uploads\/2023\/01\/icon-01a.png","id":18383,"alt":"","source":"library"},"title_text":"Customer Care","description_text":"Lorem ipsum dolor sit amet, consectetur adipiscing elit. Ut elit tellus, luctus nec ullamcorper mattis, pulvinar leo.\n<br><br>\n<a href=\"#\">Learn More<\/a>","image_space":{"unit":"px","size":30,"sizes":[]},"image_size":{"unit":"%","size":77,"sizes":[]},"title_bottom_space":{"unit":"px","size":11,"sizes":[]},"title_typography_typography":"custom","title_typography_font_size":{"unit":"px","size":21,"sizes":[]},"_animation":"fadeInUp","_animation_delay":500},"elements":[],"isInner":false,"widgetType":"image-box","elType":"widget"}],"isInner":true,"elType":"column"}],"isInner":true,"elType":"section"}],"isInner":false,"elType":"column"}],"isInner":false,"elType":"section"},{"id":"e2f28cc","settings":{"background_background":"gradient","background_color":"#FFFFFF","background_color_b":"#E6EBF080","padding":{"unit":"px","top":"40","right":"0","bottom":"100","left":"0","isLinked":false}},"elements":[{"id":"3e94cf55","settings":{"_column_size":100,"_inline_size":null,"padding_tablet":{"unit":"%","top":"12","right":"12","bottom":"12","left":"12","isLinked":true},"padding_mobile":{"unit":"%","top":"4","right":"4","bottom":"4","left":"4","isLinked":true}},"elements":[{"id":"76e11a82","settings":{"structure":"20","content_width":{"unit":"px","size":1024,"sizes":[]},"background_background":"classic","animation":"fadeInUp","border_radius":{"unit":"px","top":"8","right":"8","bottom":"8","left":"8","isLinked":true},"background_image":{"url":"","id":"","alt":"","source":"library"},"background_position":"center right","background_ypos":{"unit":"px","size":571,"sizes":[]},"background_repeat":"no-repeat","background_size":"initial","background_bg_width":{"unit":"%","size":47,"sizes":[]},"background_overlay_color":"#FFFFFF","background_overlay_color_stop":{"unit":"%","size":55,"sizes":[]},"background_overlay_color_b":"#F2295B00","background_overlay_color_b_stop":{"unit":"%","size":0,"sizes":[]},"background_overlay_gradient_angle":{"unit":"deg","size":90,"sizes":[]},"background_overlay_opacity":{"unit":"px","size":1,"sizes":[]},"box_shadow_box_shadow_type":"yes","box_shadow_box_shadow":{"horizontal":0,"vertical":30,"blur":60,"spread":0,"color":"rgba(0, 0, 0, 0.15)"},"z_index":1,"layout":"full_width","gap":"no","overflow":"hidden","reverse_order_mobile":"reverse-mobile","margin_tablet":{"unit":"px","top":"0","right":0,"bottom":"0","left":0,"isLinked":true},"reverse_order_tablet":"reverse-tablet"},"elements":[{"id":"c97b27c","settings":{"_column_size":50,"_inline_size":null,"padding_mobile":{"unit":"%","top":"10","right":"10","bottom":"10","left":"10","isLinked":true},"content_position":"center","padding":{"unit":"%","top":"11","right":"11","bottom":"11","left":"11","isLinked":true},"padding_tablet":{"unit":"%","top":"","right":"","bottom":"","left":"","isLinked":true},"_inline_size_tablet":100},"elements":[{"id":"3519a3ff","settings":{"title":"Interested in selling your home?","typography_typography":"custom","typography_font_size":{"unit":"px","size":24,"sizes":[]},"typography_line_height":{"unit":"em","size":1.5,"sizes":[]},"align":"left","typography_letter_spacing":{"unit":"px","size":0,"sizes":[]},"typography_font_size_tablet":{"unit":"px","size":28,"sizes":[]},"header_size":"h3","align_mobile":"center","align_tablet":"center","typography_font_size_mobile":{"unit":"px","size":24,"sizes":[]}},"elements":[],"isInner":false,"widgetType":"heading","elType":"widget"},{"id":"7b9d5e63","settings":{"editor":"<p>Buy or sell your home with our agents. House prices, inspections, negotiations and other services are included in the house price.<\/p>","align":"left","typography_typography":"custom","typography_font_size":{"unit":"px","size":18,"sizes":[]},"typography_line_height":{"unit":"em","size":1.7,"sizes":[]},"typography_font_size_tablet":{"unit":"px","size":18,"sizes":[]},"align_mobile":"center","text_color":"#2F2F2F","typography_font_size_mobile":{"unit":"px","size":16,"sizes":[]},"align_tablet":"center"},"elements":[],"isInner":false,"widgetType":"text-editor","elType":"widget"},{"id":"7bfe8286","settings":{"text":"Contact us","size":"md","typography_typography":"custom","typography_font_size":{"unit":"px","size":14,"sizes":[]},"typography_font_weight":"600","typography_text_transform":"uppercase","typography_letter_spacing":{"unit":"px","size":2,"sizes":[]},"background_color":"#36AA71","border_radius":{"unit":"px","top":"26","right":"26","bottom":"26","left":"26","isLinked":true},"align_mobile":"center","align_tablet":"center","typography_line_height_mobile":{"unit":"em","size":1.7,"sizes":[]},"border_radius_mobile":{"unit":"px","top":"50","right":"50","bottom":"50","left":"50","isLinked":true}},"elements":[],"isInner":false,"widgetType":"button","elType":"widget"}],"isInner":true,"elType":"column"},{"id":"55bd68d5","settings":{"_column_size":50,"_inline_size":null,"space_between_widgets":0,"_inline_size_tablet":100},"elements":[{"id":"563d4f6f","settings":{"image":{"url":"https:\/\/wordpress-432351-3211823.cloudwaysapps.com\/wp-content\/uploads\/2023\/01\/studio-0001.jpg","id":17935,"alt":"","source":"library"},"height_tablet":{"unit":"px","size":215,"sizes":[]},"object-fit_tablet":"cover"},"elements":[],"isInner":false,"widgetType":"image","elType":"widget"}],"isInner":true,"elType":"column"}],"isInner":true,"elType":"section"}],"isInner":false,"elType":"column"}],"isInner":false,"elType":"section"},{"id":"7e74ee37","settings":{"layout":"full_width","background_background":"gradient","background_color":"#FFFFFF","background_color_b":"#E6EBF080","background_gradient_angle":{"unit":"deg","size":0,"sizes":[]}},"elements":[{"id":"415d877e","settings":{"_column_size":100,"_inline_size":null},"elements":[{"id":"4b9e8128","settings":{"content_width":{"unit":"px","size":898,"sizes":[]},"animation":"fadeIn"},"elements":[{"id":"598d2247","settings":{"_column_size":100,"_inline_size":null},"elements":[{"id":"2c65a9c4","settings":{"icon_list":[{"text":"Explore Cities","selected_icon":{"value":"","library":""},"_id":"6ad3048","link":{"url":"#","is_external":"","nofollow":"","custom_attributes":""}}],"space_between":{"unit":"px","size":5,"sizes":[]},"icon_color":"#088C98","text_color":"#36AA71","icon_typography_typography":"custom","icon_typography_font_weight":"600","icon_align":"center","icon_size":{"unit":"px","size":6,"sizes":[]},"icon_self_align":"center","icon_typography_font_size":{"unit":"px","size":13,"sizes":[]},"icon_typography_text_transform":"uppercase","icon_typography_letter_spacing":{"unit":"px","size":3,"sizes":[]}},"elements":[],"isInner":false,"widgetType":"icon-list","elType":"widget"},{"id":"43f027d2","settings":{"title":"Find out more the real estate market in UAE","title_color":"#000000","typography_typography":"custom","typography_font_size":{"unit":"px","size":34,"sizes":[]},"typography_line_height":{"unit":"em","size":1.5,"sizes":[]},"align":"center","typography_font_size_tablet":{"unit":"px","size":28,"sizes":[]},"typography_font_size_mobile":{"unit":"px","size":24,"sizes":[]}},"elements":[],"isInner":false,"widgetType":"heading","elType":"widget"},{"id":"37dbb256","settings":{"editor":"<p>Find your dream neighborhood and explore it with your home purchase advisor. We are here to help you find the perfect home for you.<\/p>","align":"center","typography_typography":"custom","typography_font_size":{"unit":"px","size":18,"sizes":[]},"typography_line_height":{"unit":"em","size":1.7,"sizes":[]},"text_color":"#2F2F2F","typography_font_size_tablet":{"unit":"px","size":18,"sizes":[]},"typography_font_size_mobile":{"unit":"px","size":16,"sizes":[]}},"elements":[],"isInner":false,"widgetType":"text-editor","elType":"widget"},{"id":"1c8aa7bd","settings":{"height":{"unit":"px","size":30,"sizes":[]},"height_mobile":{"unit":"px","size":10,"sizes":[]}},"elements":[],"isInner":false,"widgetType":"houzez_elementor_space","elType":"widget"}],"isInner":true,"elType":"column"}],"isInner":true,"elType":"section"},{"id":"1057ce4d","settings":{"gap":"extended","structure":"40","content_width":{"unit":"px","size":1400,"sizes":[]},"background_overlay_color":"#FFFFFF","background_overlay_color_stop":{"unit":"%","size":69,"sizes":[]},"background_overlay_color_b":"#36AA71","background_overlay_color_b_stop":{"unit":"%","size":26,"sizes":[]},"background_overlay_gradient_angle":{"unit":"deg","size":135,"sizes":[]},"background_overlay_opacity":{"unit":"px","size":1,"sizes":[]}},"elements":[{"id":"124a2198","settings":{"_column_size":25,"_inline_size":null,"_inline_size_tablet":50,"space_between_widgets":0},"elements":[{"id":"45f380dd","settings":{"grid_data":"dynamic","more_text":"More Details","grid_taxonomy":"property_city","tax_city":"dubai","more_text_d":"More Details","properties_text":"Properties","property_text":"Property","grid_item_margin":{"unit":"px","size":10,"sizes":[]},"grid_title_typography_font_family":"Quicksand","grid_title_typography_font_weight":"700","grid_subtitle_typography_font_family":"Quicksand","grid_subtitle_typography_font_weight":"700","grid_item_margin_tablet":{"unit":"px","size":0,"sizes":[]},"grid_item_margin_mobile":{"unit":"px","size":0,"sizes":[]},"image":{"id":18274,"url":"https:\/\/wordpress-432351-3211823.cloudwaysapps.com\/wp-content\/uploads\/2023\/01\/placeholder-4.png"},"tax_custom_image":{"id":18275,"url":"https:\/\/wordpress-432351-3211823.cloudwaysapps.com\/wp-content\/uploads\/2023\/01\/placeholder-5.png"},"grid_type":"grid-item-v3","grid_v3_height":{"unit":"%","size":148,"sizes":[]},"grid_v3_height_tablet":{"unit":"%","size":50,"sizes":[]},"_box_shadow_box_shadow_type":"yes","_box_shadow_box_shadow":{"horizontal":0,"vertical":30,"blur":60,"spread":0,"color":"rgba(0, 0, 0, 0.16)"},"_animation":"fadeInUp","grid_v3_height_mobile":{"unit":"%","size":45,"sizes":[]}},"elements":[],"isInner":false,"widgetType":"Houzez_elementor_grid_builder","elType":"widget"}],"isInner":true,"elType":"column"},{"id":"5bf89b9f","settings":{"_column_size":25,"_inline_size":null,"_inline_size_tablet":50,"space_between_widgets":0},"elements":[{"id":"709912b2","settings":{"space_mobile":{"unit":"px","size":0,"sizes":[]},"space_tablet":{"unit":"px","size":0,"sizes":[]}},"elements":[],"isInner":false,"widgetType":"spacer","elType":"widget"},{"id":"1fe422a1","settings":{"grid_data":"dynamic","more_text":"More Details","grid_taxonomy":"property_city","tax_city":"sharjah","more_text_d":"More Details","properties_text":"Properties","property_text":"Property","grid_item_margin":{"unit":"px","size":10,"sizes":[]},"grid_title_typography_font_family":"Quicksand","grid_title_typography_font_weight":"700","grid_subtitle_typography_font_family":"Quicksand","grid_subtitle_typography_font_weight":"700","grid_item_margin_tablet":{"unit":"px","size":0,"sizes":[]},"grid_item_margin_mobile":{"unit":"px","size":0,"sizes":[]},"image":{"id":18276,"url":"https:\/\/wordpress-432351-3211823.cloudwaysapps.com\/wp-content\/uploads\/2023\/01\/placeholder-6.png"},"tax_custom_image":{"id":18277,"url":"https:\/\/wordpress-432351-3211823.cloudwaysapps.com\/wp-content\/uploads\/2023\/01\/placeholder-7.png"},"grid_type":"grid-item-v3","grid_v3_height":{"unit":"%","size":148,"sizes":[]},"grid_v3_height_tablet":{"unit":"%","size":50,"sizes":[]},"_box_shadow_box_shadow_type":"yes","_box_shadow_box_shadow":{"horizontal":0,"vertical":30,"blur":60,"spread":0,"color":"rgba(0, 0, 0, 0.16)"},"_animation":"fadeInUp","_animation_delay":250,"grid_v3_height_mobile":{"unit":"%","size":45,"sizes":[]}},"elements":[],"isInner":false,"widgetType":"Houzez_elementor_grid_builder","elType":"widget"}],"isInner":true,"elType":"column"},{"id":"70b22de4","settings":{"_column_size":25,"_inline_size":null,"_inline_size_tablet":50,"space_between_widgets":0},"elements":[{"id":"3365d144","settings":{"grid_data":"dynamic","more_text":"More Details","grid_taxonomy":"property_city","tax_city":"abu-dhabi","more_text_d":"More Details","properties_text":"Properties","property_text":"Property","grid_type":"grid-item-v3","grid_v3_height":{"unit":"%","size":148,"sizes":[]},"grid_item_margin":{"unit":"px","size":10,"sizes":[]},"grid_title_typography_font_family":"Quicksand","grid_title_typography_font_weight":"700","grid_subtitle_typography_font_family":"Quicksand","grid_subtitle_typography_font_weight":"700","grid_v3_height_tablet":{"unit":"%","size":50,"sizes":[]},"grid_item_margin_tablet":{"unit":"px","size":0,"sizes":[]},"grid_item_margin_mobile":{"unit":"px","size":0,"sizes":[]},"image":{"id":18270,"url":"https:\/\/wordpress-432351-3211823.cloudwaysapps.com\/wp-content\/uploads\/2023\/01\/placeholder.png"},"tax_custom_image":{"id":18271,"url":"https:\/\/wordpress-432351-3211823.cloudwaysapps.com\/wp-content\/uploads\/2023\/01\/placeholder-1.png"},"_box_shadow_box_shadow_type":"yes","_box_shadow_box_shadow":{"horizontal":0,"vertical":30,"blur":60,"spread":0,"color":"rgba(0, 0, 0, 0.16)"},"_animation":"fadeInUp","_animation_delay":500,"grid_v3_height_mobile":{"unit":"%","size":45,"sizes":[]}},"elements":[],"isInner":false,"widgetType":"Houzez_elementor_grid_builder","elType":"widget"}],"isInner":true,"elType":"column"},{"id":"1f7ad671","settings":{"_column_size":25,"_inline_size":null,"_inline_size_tablet":50,"space_between_widgets":0},"elements":[{"id":"2ee590e7","settings":{"space_mobile":{"unit":"px","size":0,"sizes":[]},"space_tablet":{"unit":"px","size":0,"sizes":[]}},"elements":[],"isInner":false,"widgetType":"spacer","elType":"widget"},{"id":"2655369d","settings":{"grid_data":"dynamic","more_text":"More Details","grid_taxonomy":"property_city","tax_city":"ajman","more_text_d":"More Details","properties_text":"Properties","property_text":"Property","grid_item_margin":{"unit":"px","size":10,"sizes":[]},"grid_title_typography_font_family":"Quicksand","grid_title_typography_font_weight":"700","grid_subtitle_typography_font_family":"Quicksand","grid_subtitle_typography_font_weight":"700","grid_item_margin_tablet":{"unit":"px","size":0,"sizes":[]},"grid_item_margin_mobile":{"unit":"px","size":0,"sizes":[]},"image":{"id":18272,"url":"https:\/\/wordpress-432351-3211823.cloudwaysapps.com\/wp-content\/uploads\/2023\/01\/placeholder-2.png"},"tax_custom_image":{"id":18273,"url":"https:\/\/wordpress-432351-3211823.cloudwaysapps.com\/wp-content\/uploads\/2023\/01\/placeholder-3.png"},"grid_type":"grid-item-v3","grid_v3_height":{"unit":"%","size":148,"sizes":[]},"grid_v3_height_tablet":{"unit":"%","size":50,"sizes":[]},"_box_shadow_box_shadow_type":"yes","_box_shadow_box_shadow":{"horizontal":0,"vertical":30,"blur":60,"spread":0,"color":"rgba(0, 0, 0, 0.16)"},"_animation":"fadeInUp","_animation_delay":750,"grid_v3_height_mobile":{"unit":"%","size":45,"sizes":[]}},"elements":[],"isInner":false,"widgetType":"Houzez_elementor_grid_builder","elType":"widget"}],"isInner":true,"elType":"column"}],"isInner":true,"elType":"section"},{"id":"f71cdf6","settings":{"height":{"unit":"px","size":50,"sizes":[]}},"elements":[],"isInner":false,"widgetType":"houzez_elementor_space","elType":"widget"}],"isInner":false,"elType":"column"}],"isInner":false,"elType":"section"},{"id":"17a2b309","settings":{"background_background":"gradient","background_color":"#FFFFFF","background_color_b":"#E6EBF080","content_width":{"unit":"px","size":1380,"sizes":[]}},"elements":[{"id":"3d992976","settings":{"_column_size":100,"_inline_size":null},"elements":[{"id":"24cb666d","settings":{"height":{"unit":"px","size":50,"sizes":[]},"height_mobile":{"unit":"px","size":10,"sizes":[]}},"elements":[],"isInner":false,"widgetType":"houzez_elementor_space","elType":"widget"},{"id":"529fe647","settings":{"content_width":{"unit":"px","size":773,"sizes":[]}},"elements":[{"id":"259d5e","settings":{"_column_size":100,"_inline_size":null},"elements":[{"id":"35f9f36e","settings":{"icon_list":[{"text":"For sale","selected_icon":{"value":"","library":""},"_id":"6ad3048","link":{"url":"#","is_external":"","nofollow":"","custom_attributes":""}}],"space_between":{"unit":"px","size":5,"sizes":[]},"icon_color":"#088C98","text_color":"#36AA71","icon_typography_typography":"custom","icon_typography_font_weight":"600","icon_align":"center","icon_size":{"unit":"px","size":6,"sizes":[]},"icon_self_align":"center","icon_typography_font_size":{"unit":"px","size":13,"sizes":[]},"icon_typography_text_transform":"uppercase","icon_typography_letter_spacing":{"unit":"px","size":3,"sizes":[]}},"elements":[],"isInner":false,"widgetType":"icon-list","elType":"widget"},{"id":"1af97810","settings":{"title":"Latest for sale in Dubai","title_color":"#000000","typography_typography":"custom","typography_font_size":{"unit":"px","size":34,"sizes":[]},"typography_line_height":{"unit":"em","size":1.5,"sizes":[]},"align":"center","typography_font_size_tablet":{"unit":"px","size":28,"sizes":[]},"typography_font_size_mobile":{"unit":"px","size":24,"sizes":[]}},"elements":[],"isInner":false,"widgetType":"heading","elType":"widget"},{"id":"d12ef6b","settings":{"editor":"<p>Search homes for sale in your local area by price, amenities, or other features. We'll show you the sales history and provide helpful advice.<\/p>","align":"center","typography_typography":"custom","typography_font_size":{"unit":"px","size":18,"sizes":[]},"typography_line_height":{"unit":"em","size":1.7,"sizes":[]},"text_color":"#2F2F2F","typography_font_size_tablet":{"unit":"px","size":18,"sizes":[]},"typography_font_size_mobile":{"unit":"px","size":16,"sizes":[]}},"elements":[],"isInner":false,"widgetType":"text-editor","elType":"widget"}],"isInner":true,"elType":"column"}],"isInner":true,"elType":"section"},{"id":"32d43405","settings":{"auto_speed":"3000","featured_prop":"yes","np_bg_color":"#36AA71","np_color":"#FFFFFF","np_bg_color_hover":"#4FD178","np_color_hover":"#FFFFFF","slides_to_show":"4","_margin_tablet":{"unit":"%","top":"0","right":"15","bottom":"0","left":"10","isLinked":false},"_margin_mobile":{"unit":"%","top":"","right":"","bottom":"","left":"","isLinked":true}},"elements":[],"isInner":false,"widgetType":"houzez_elementor_properties_carousel_v7","elType":"widget"}],"isInner":false,"elType":"column"}],"isInner":false,"elType":"section"},{"id":"2ae18c84","settings":{"layout":"full_width","background_background":"gradient","background_color":"#FFFFFF","background_color_b":"#E6EBF080","background_gradient_angle":{"unit":"deg","size":0,"sizes":[]},"padding":{"unit":"px","top":"0","right":"0","bottom":"0","left":"0","isLinked":false}},"elements":[{"id":"30e8ded6","settings":{"_column_size":100,"_inline_size":null},"elements":[{"id":"17d1e690","settings":[],"elements":[],"isInner":false,"widgetType":"spacer","elType":"widget"},{"id":"75190183","settings":{"content_width":{"unit":"px","size":733,"sizes":[]},"animation":"fadeIn"},"elements":[{"id":"7b69e09d","settings":{"_column_size":100,"_inline_size":null},"elements":[{"id":"4e69aaf2","settings":{"icon_list":[{"text":"Testimonials","selected_icon":{"value":"","library":""},"_id":"6ad3048","link":{"url":"#","is_external":"","nofollow":"","custom_attributes":""}}],"space_between":{"unit":"px","size":5,"sizes":[]},"icon_color":"#088C98","text_color":"#36AA71","icon_typography_typography":"custom","icon_typography_font_weight":"600","icon_align":"center","icon_size":{"unit":"px","size":6,"sizes":[]},"icon_self_align":"center","icon_typography_font_size":{"unit":"px","size":13,"sizes":[]},"icon_typography_text_transform":"uppercase","icon_typography_letter_spacing":{"unit":"px","size":3,"sizes":[]}},"elements":[],"isInner":false,"widgetType":"icon-list","elType":"widget"},{"id":"7e48633a","settings":{"title":"What our customers saying","title_color":"#000000","typography_typography":"custom","typography_font_size":{"unit":"px","size":34,"sizes":[]},"typography_line_height":{"unit":"em","size":1.5,"sizes":[]},"align":"center","typography_font_size_tablet":{"unit":"px","size":28,"sizes":[]},"typography_font_size_mobile":{"unit":"px","size":24,"sizes":[]}},"elements":[],"isInner":false,"widgetType":"heading","elType":"widget"},{"id":"1aba6878","settings":{"editor":"<p>Buy or sell your home with Our agents. Our agents are knowledgeable, professional and dedicated to everyone\u2019s satisfaction!<\/p>","align":"center","typography_typography":"custom","typography_font_size":{"unit":"px","size":18,"sizes":[]},"typography_line_height":{"unit":"em","size":1.7,"sizes":[]},"text_color":"#2F2F2F","typography_font_size_tablet":{"unit":"px","size":18,"sizes":[]},"typography_font_size_mobile":{"unit":"px","size":16,"sizes":[]}},"elements":[],"isInner":false,"widgetType":"text-editor","elType":"widget"}],"isInner":true,"elType":"column"}],"isInner":true,"elType":"section"},{"id":"69046ee7","settings":{"gap":"wide","content_width":{"unit":"px","size":1156,"sizes":[]},"background_overlay_color":"#FFFFFF","background_overlay_color_stop":{"unit":"%","size":69,"sizes":[]},"background_overlay_color_b":"#36AA71","background_overlay_color_b_stop":{"unit":"%","size":26,"sizes":[]},"background_overlay_gradient_angle":{"unit":"deg","size":135,"sizes":[]},"background_overlay_opacity":{"unit":"px","size":1,"sizes":[]},"structure":"30","z_index":1},"elements":[{"id":"3604ff98","settings":{"_column_size":33,"_inline_size":null,"_inline_size_tablet":100},"elements":[{"id":"7efd38f8","settings":{"testimonial_content":"Lorem ipsum dolor sit amet, consectetur adipiscing elit. Ut elit tellus, luctus nec ullamcorper mattis, pulvinar dapibus leo.","testimonial_image":{"url":"https:\/\/wordpress-432351-3211823.cloudwaysapps.com\/wp-content\/uploads\/2023\/01\/ts-03.jpg","id":18436,"alt":"","source":"library"},"testimonial_name":"Ali Bin Saleh","testimonial_job":"Customer","testimonial_alignment":"left","content_typography_typography":"custom","content_typography_font_size":{"unit":"px","size":15,"sizes":[]},"name_typography_typography":"custom","name_typography_font_weight":"600","job_typography_typography":"custom","job_typography_font_weight":"300","_padding":{"unit":"px","top":"30","right":"30","bottom":"30","left":"30","isLinked":true},"_background_background":"classic","_background_color":"#FFFFFF","_border_border":"solid","_border_width":{"unit":"px","top":"0","right":"0","bottom":"3","left":"0","isLinked":false},"_border_color":"#36AA71","_border_radius":{"unit":"px","top":"8","right":"8","bottom":"8","left":"8","isLinked":true},"_box_shadow_box_shadow_type":"yes","_box_shadow_box_shadow":{"horizontal":0,"vertical":15,"blur":60,"spread":0,"color":"rgba(0, 0, 0, 0.15)"}},"elements":[],"isInner":false,"widgetType":"testimonial","elType":"widget"}],"isInner":true,"elType":"column"},{"id":"1eeb9c3b","settings":{"_column_size":33,"_inline_size":null,"_inline_size_tablet":100},"elements":[{"id":"6eb61c87","settings":{"testimonial_content":"Lorem ipsum dolor sit amet, consectetur adipiscing elit. Ut elit tellus, luctus nec ullamcorper mattis, pulvinar dapibus leo.","testimonial_image":{"url":"https:\/\/wordpress-432351-3211823.cloudwaysapps.com\/wp-content\/uploads\/2023\/01\/ts-01.jpg","id":18438,"alt":"","source":"library"},"testimonial_name":"Nour Mohamed","testimonial_job":"Customer","testimonial_alignment":"left","content_typography_typography":"custom","content_typography_font_size":{"unit":"px","size":15,"sizes":[]},"name_typography_typography":"custom","name_typography_font_weight":"600","job_typography_typography":"custom","job_typography_font_weight":"300","_padding":{"unit":"px","top":"30","right":"30","bottom":"30","left":"30","isLinked":true},"_background_background":"classic","_background_color":"#FFFFFF","_border_border":"solid","_border_width":{"unit":"px","top":"0","right":"0","bottom":"3","left":"0","isLinked":false},"_border_color":"#36AA71","_border_radius":{"unit":"px","top":"8","right":"8","bottom":"8","left":"8","isLinked":true},"_box_shadow_box_shadow_type":"yes","_box_shadow_box_shadow":{"horizontal":0,"vertical":15,"blur":60,"spread":0,"color":"rgba(0, 0, 0, 0.15)"}},"elements":[],"isInner":false,"widgetType":"testimonial","elType":"widget"}],"isInner":true,"elType":"column"},{"id":"4f6a9a40","settings":{"_column_size":33,"_inline_size":null,"_inline_size_tablet":100},"elements":[{"id":"21714e89","settings":{"testimonial_content":"Lorem ipsum dolor sit amet, consectetur adipiscing elit. Ut elit tellus, luctus nec ullamcorper mattis, pulvinar dapibus leo.","testimonial_image":{"url":"https:\/\/wordpress-432351-3211823.cloudwaysapps.com\/wp-content\/uploads\/2023\/01\/ts-02.jpg","id":18437,"alt":"","source":"library"},"testimonial_name":"Lina Kamal-Eddin","testimonial_job":"Customer","testimonial_alignment":"left","content_typography_typography":"custom","content_typography_font_size":{"unit":"px","size":15,"sizes":[]},"name_typography_typography":"custom","name_typography_font_weight":"600","job_typography_typography":"custom","job_typography_font_weight":"300","_padding":{"unit":"px","top":"30","right":"30","bottom":"30","left":"30","isLinked":true},"_background_background":"classic","_background_color":"#FFFFFF","_border_border":"solid","_border_width":{"unit":"px","top":"0","right":"0","bottom":"3","left":"0","isLinked":false},"_border_color":"#36AA71","_border_radius":{"unit":"px","top":"8","right":"8","bottom":"8","left":"8","isLinked":true},"_box_shadow_box_shadow_type":"yes","_box_shadow_box_shadow":{"horizontal":0,"vertical":15,"blur":60,"spread":0,"color":"rgba(0, 0, 0, 0.15)"}},"elements":[],"isInner":false,"widgetType":"testimonial","elType":"widget"}],"isInner":true,"elType":"column"}],"isInner":true,"elType":"section"}],"isInner":false,"elType":"column"}],"isInner":false,"elType":"section"},{"id":"eae3464","settings":{"layout":"full_width","background_color":"#FFFFFF","background_background":"classic"},"elements":[{"id":"22e780df","settings":{"_column_size":100,"_inline_size":null},"elements":[{"id":"1c553d6d","settings":[],"elements":[],"isInner":false,"widgetType":"spacer","elType":"widget"},{"id":"7d96c720","settings":{"content_width":{"unit":"px","size":773,"sizes":[]}},"elements":[{"id":"77470d6e","settings":{"_column_size":100,"_inline_size":null},"elements":[{"id":"7b7737ad","settings":{"title":"Guide for buyers and sellers","title_color":"#000000","typography_typography":"custom","typography_font_size":{"unit":"px","size":34,"sizes":[]},"typography_line_height":{"unit":"em","size":1.5,"sizes":[]},"align":"center","typography_font_size_tablet":{"unit":"px","size":28,"sizes":[]},"typography_font_size_mobile":{"unit":"px","size":24,"sizes":[]}},"elements":[],"isInner":false,"widgetType":"heading","elType":"widget"},{"id":"72922e33","settings":{"editor":"<p>Get immediate access to find the best homes for sale, information on market trends, open houses and homes-in-progress.<\/p>","align":"center","typography_typography":"custom","typography_font_size":{"unit":"px","size":18,"sizes":[]},"typography_line_height":{"unit":"em","size":1.7,"sizes":[]},"text_color":"#2F2F2F","typography_font_size_tablet":{"unit":"px","size":18,"sizes":[]},"typography_font_size_mobile":{"unit":"px","size":16,"sizes":[]}},"elements":[],"isInner":false,"widgetType":"text-editor","elType":"widget"},{"id":"3e47e782","settings":{"height":{"unit":"px","size":30,"sizes":[]}},"elements":[],"isInner":false,"widgetType":"houzez_elementor_space","elType":"widget"}],"isInner":true,"elType":"column"}],"isInner":true,"elType":"section"},{"id":"604bb61d","settings":{"content_width":{"unit":"px","size":1300,"sizes":[]}},"elements":[{"id":"69893fcc","settings":{"_column_size":100,"_inline_size":null},"elements":[{"id":"38dd8bb5","settings":{"posts_limit":4,"show_author":"","box_padding_top":{"unit":"px","size":0,"sizes":[]},"box_padding_bottom":{"unit":"px","size":0,"sizes":[]},"image_margin":{"unit":"px","size":0,"sizes":[]},"title_typo_typography":"custom","title_typo_font_size":{"unit":"px","size":16,"sizes":[]},"title_typo_font_weight":"600","title_margin_top":{"unit":"px","size":10,"sizes":[]},"title_margin_bottom":{"unit":"px","size":0,"sizes":[]},"content_typo_typography":"custom","content_typo_font_size":{"unit":"px","size":14,"sizes":[]},"content_margin_bottom":{"unit":"px","size":0,"sizes":[]},"postmeta_typo_typography":"custom","postmeta_typo_font_size":{"unit":"px","size":13,"sizes":[]},"postmeta_margin_top":{"unit":"px","size":7,"sizes":[]},"author_padding":{"unit":"px","top":"20","right":"30","bottom":"0","left":"30","isLinked":false},"box_margin_bottom":{"unit":"px","size":0,"sizes":[]},"title_typo_line_height":{"unit":"em","size":1.7,"sizes":[]},"content_typo_line_height":{"unit":"em","size":1.7,"sizes":[]},"content_padding_pst":{"unit":"px","top":"13","right":"30","bottom":"0","left":"0","isLinked":false}},"elements":[],"isInner":false,"widgetType":"houzez_elementor_blog_posts","elType":"widget"},{"id":"7dcb1753","settings":{"height":{"unit":"px","size":100,"sizes":[]}},"elements":[],"isInner":false,"widgetType":"houzez_elementor_space","elType":"widget"}],"isInner":true,"elType":"column"}],"isInner":true,"elType":"section"}],"isInner":false,"elType":"column"}],"isInner":false,"elType":"section"}],"page_settings":{"background_color":"#FFFFFF"},"version":"0.4","title":"Homepage 01 - Demo 29","type":"page"}