{"content":[{"id":"479f32e6","settings":{"stretch_section":"section-stretched","height":"min-height","custom_height":{"unit":"px","size":600,"sizes":[]},"background_background":"classic","background_image":{"url":"https:\/\/wordpress-432351-3211823.cloudwaysapps.com\/wp-content\/uploads\/2023\/01\/heaader-03.jpg","id":18330,"alt":"","source":"library"},"background_position":"center center","background_repeat":"no-repeat","background_size":"cover","background_overlay_background":"gradient","background_overlay_color":"#002E51","background_overlay_opacity":{"unit":"px","size":0.65,"sizes":[]},"overlay_blend_mode":"multiply","background_overlay_color_b":"#CE61B300","__globals__":{"background_overlay_color_b":""}},"elements":[{"id":"4c78cbf8","settings":{"_column_size":100,"_inline_size":null},"elements":[{"id":"4b9542ad","settings":{"padding_mobile":{"unit":"%","top":"4","right":"4","bottom":"4","left":"4","isLinked":true}},"elements":[{"id":"1ffb8479","settings":{"_column_size":100,"_inline_size":null},"elements":[{"id":"3423dc1b","settings":{"space":{"unit":"px","size":30,"sizes":[]}},"elements":[],"isInner":false,"widgetType":"spacer","elType":"widget"},{"id":"766d6ab7","settings":{"title":"Find Your Dream Home in the UAE","title_color":"#FFFFFF","typography_typography":"custom","typography_font_size":{"unit":"px","size":36,"sizes":[]},"header_size":"h1","typography_letter_spacing":{"unit":"px","size":0,"sizes":[]},"align":"center","typography_font_size_tablet":{"unit":"px","size":30,"sizes":[]},"typography_font_size_mobile":{"unit":"px","size":25,"sizes":[]},"typography_line_height_mobile":{"unit":"em","size":1.4,"sizes":[]},"typography_line_height_tablet":{"unit":"px","size":"","sizes":[]},"_animation":"fadeIn"},"elements":[],"isInner":false,"widgetType":"heading","elType":"widget"},{"id":"2b477ea7","settings":{"title":"Dubai \u2022 Abu Dhabi \u2022 Sharjah \u2022 Ajman","header_size":"div","align":"center","title_color":"#FFFFFF","typography_typography":"custom","typography_font_size":{"unit":"px","size":14,"sizes":[]},"typography_text_transform":"uppercase","typography_letter_spacing":{"unit":"px","size":6,"sizes":[]},"_margin":{"unit":"px","top":"0","right":"0","bottom":"20","left":"0","isLinked":false},"typography_font_weight":"500","_animation":"fadeIn","_animation_delay":250,"typography_line_height_mobile":{"unit":"em","size":1.7,"sizes":[]}},"elements":[],"isInner":false,"widgetType":"heading","elType":"widget"}],"isInner":true,"elType":"column"}],"isInner":true,"elType":"section"}],"isInner":false,"elType":"column"}],"isInner":false,"elType":"section"},{"id":"53faf6f1","settings":{"houzez_search_form":"yes","content_width":{"unit":"px","size":1000,"sizes":[]},"margin":{"unit":"px","top":"-103","right":0,"bottom":"0","left":0,"isLinked":false}},"elements":[{"id":"1ed4de25","settings":{"_column_size":100,"_inline_size":null,"space_between_widgets":0},"elements":[{"id":"5108f031","settings":{"form_fields":[{"_id":"field-types","field_type":"type[]","field_label":"Looking for","placeholder":"Property Type","is_multiple":"true","select_all_btns":"true","selected_count_text":"types selected","width":"20","width_mobile":"100","price_from_text":"From","price_to_text":"To"},{"field_type":"location[]","field_label":"Location","placeholder":"All Cities","price_from_text":"From","price_to_text":"To","width":"20","selected_count_text":"items selected","_id":"6b0017d"},{"_id":"field-beds","field_type":"bedrooms","field_label":"Property Size","placeholder":"Bedrooms","width":"20","width_mobile":"100","price_from_text":"From","price_to_text":"To","selected_count_text":"items selected"},{"_id":"field-max-price","field_type":"max-price","field_label":"Your budget","placeholder":"Max. Price","width":"20","width_mobile":"100","price_from_text":"From","price_to_text":"To","selected_count_text":"items selected"},{"_id":"field-search-btn","field_type":"search-button","field_label":"Search Button","placeholder":"Search","width":"20","price_from_text":"From","price_to_text":"To","selected_count_text":"items selected"}],"show_tabs":"yes","status_data":["for-rent","for-sale"],"tabs_all_text":"All Status","tabs_padding":{"unit":"px","top":"8","right":"24","bottom":"9","left":"24","isLinked":false},"form_background_color":"#000000","form_padding":{"unit":"px","top":"16","right":"12","bottom":"16","left":"12","isLinked":false},"form_radius":{"unit":"px","top":"50","right":"50","bottom":"50","left":"50","isLinked":true},"search_tabs_bg_color":"#36AA71","tabs_margin":{"unit":"px","top":"0","right":"3","bottom":"12","left":"3","isLinked":false},"price_range_color":"#FFEDED","row_gap":{"unit":"px","size":0,"sizes":[]},"form_padding_mobile":{"unit":"px","top":"16","right":"12","bottom":"8","left":"12","isLinked":false},"field_border_radius":{"unit":"px","top":"29","right":"29","bottom":"29","left":"29","isLinked":true},"search_tabs_typography_typography":"custom","search_tabs_typography_font_size":{"unit":"px","size":13,"sizes":[]},"search_tabs_typography_font_size_mobile":{"unit":"px","size":12,"sizes":[]},"search_tabs_typography_font_weight":"600","search_tabs_typography_text_transform":"uppercase","search_tabs_typography_letter_spacing":{"unit":"px","size":2,"sizes":[]},"search_tabs_active_color":"#FFFFFF","search_active_tabs_bg_color":"#0000007D","tabs_padding_mobile":{"unit":"px","top":"3","right":"14","bottom":"4","left":"14","isLinked":false},"tabs_radius":{"unit":"px","top":"20","right":"20","bottom":"20","left":"20","isLinked":true},"button_background_color":"#36AA71","button_border_radius":{"unit":"px","top":"30","right":"30","bottom":"30","left":"30","isLinked":true},"button_background_hover_color":"#4FD178","_animation":"none","_animation_delay":500,"row_gap_mobile":{"unit":"px","size":11,"sizes":[]},"form_radius_mobile":{"unit":"px","top":"30","right":"30","bottom":"30","left":"30","isLinked":true}},"elements":[],"isInner":false,"widgetType":"houzez_elementor_search_builder","elType":"widget"}],"isInner":false,"elType":"column"}],"isInner":false,"elType":"section"},{"id":"5c3f57a6","settings":{"layout":"full_width","background_background":"classic","background_color":"#FFFFFF","background_color_b":"#E6EBF080"},"elements":[{"id":"6fbca770","settings":{"_column_size":100,"_inline_size":null},"elements":[{"id":"16df4377","settings":{"height":{"unit":"px","size":10,"sizes":[]},"height_mobile":{"unit":"px","size":10,"sizes":[]}},"elements":[],"isInner":false,"widgetType":"houzez_elementor_space","elType":"widget"},{"id":"135540d6","settings":{"content_width":{"unit":"px","size":760,"sizes":[]},"animation":"fadeIn"},"elements":[{"id":"547eda62","settings":{"_column_size":100,"_inline_size":null},"elements":[{"id":"32f73e17","settings":{"icon_list":[{"text":"Featured Homes","selected_icon":{"value":"","library":""},"_id":"6ad3048","link":{"url":"#","is_external":"","nofollow":"","custom_attributes":""}}],"space_between":{"unit":"px","size":5,"sizes":[]},"icon_color":"#088C98","text_color":"#36AA71","icon_typography_typography":"custom","icon_typography_font_weight":"600","icon_align":"center","icon_size":{"unit":"px","size":6,"sizes":[]},"icon_self_align":"center","icon_typography_font_size":{"unit":"px","size":13,"sizes":[]},"icon_typography_text_transform":"uppercase","icon_typography_letter_spacing":{"unit":"px","size":3,"sizes":[]}},"elements":[],"isInner":false,"widgetType":"icon-list","elType":"widget"},{"id":"479c2f60","settings":{"title":"Our new homes for sale and rent","title_color":"#000000","typography_typography":"custom","typography_font_size":{"unit":"px","size":34,"sizes":[]},"typography_line_height":{"unit":"em","size":1.5,"sizes":[]},"align":"center","typography_font_size_tablet":{"unit":"px","size":28,"sizes":[]},"typography_font_size_mobile":{"unit":"px","size":24,"sizes":[]}},"elements":[],"isInner":false,"widgetType":"heading","elType":"widget"},{"id":"2a327a5a","settings":{"editor":"<p>Search homes for sale in your local area by price, amenities, or other features. We'll show you the sales history and provide helpful advice.<\/p>","align":"center","typography_typography":"custom","typography_font_size":{"unit":"px","size":18,"sizes":[]},"typography_line_height":{"unit":"em","size":1.7,"sizes":[]},"text_color":"#2F2F2F","typography_font_size_tablet":{"unit":"px","size":18,"sizes":[]},"typography_font_size_mobile":{"unit":"px","size":16,"sizes":[]}},"elements":[],"isInner":false,"widgetType":"text-editor","elType":"widget"}],"isInner":true,"elType":"column"}],"isInner":true,"elType":"section"},{"id":"54c09af1","settings":{"content_width":{"unit":"px","size":1400,"sizes":[]},"animation":"fadeIn"},"elements":[{"id":"54f5e722","settings":{"_column_size":100,"_inline_size":null},"elements":[{"id":"6a6fa906","settings":{"houzez_tabs_style":"property-nav-tabs-v5","tabs_items":[{"tab_title":"Abu Dhabi","_id":"4f71609","tabs_icon_icon":{"value":"","library":""},"property_city":["abu-dhabi"],"featured_prop":"yes","tabs_icon_type":"none"},{"tab_title":"Dubai","_id":"0b1aaf6","tabs_icon_icon":{"value":"","library":""},"property_city":["dubai"],"tabs_icon_type":"none"},{"tab_title":"Sharjah","_id":"678f804","tabs_icon_icon":{"value":"","library":""},"property_city":["sharjah"],"tabs_icon_type":"none"},{"_id":"2cf4dfc","tab_title":"Ajman","tabs_icon_icon":{"value":"","library":""},"property_city":["ajman"],"tabs_icon_type":"none"}],"grid_style":"cards-v7","posts_limit":4,"tab_title_border":"#36AA71","tabs_typography_typography":"custom","tabs_typography_font_size":{"unit":"px","size":14,"sizes":[]},"tabs_typography_font_weight":"600","tabs_typography_text_transform":"uppercase","tabs_typography_letter_spacing":{"unit":"px","size":1,"sizes":[]},"module_type":"grid_4_cols"},"elements":[],"isInner":false,"widgetType":"houzez_properties_tabs","elType":"widget"}],"isInner":true,"elType":"column"}],"isInner":true,"elType":"section"},{"id":"5c88eec9","settings":{"height":{"unit":"px","size":50,"sizes":[]}},"elements":[],"isInner":false,"widgetType":"houzez_elementor_space","elType":"widget"}],"isInner":false,"elType":"column"}],"isInner":false,"elType":"section"},{"id":"2312151a","settings":{"layout":"full_width","background_background":"classic","background_color":"#FFFFFF","background_color_b":"#E6EBF080"},"elements":[{"id":"6623aa45","settings":{"_column_size":100,"_inline_size":null},"elements":[{"id":"4ecdc768","settings":{"content_width":{"unit":"px","size":1021,"sizes":[]},"animation":"fadeIn"},"elements":[{"id":"222341e5","settings":{"_column_size":100,"_inline_size":null},"elements":[{"id":"2e8eee7f","settings":{"icon_list":[{"text":"Buy \u2022 Rent \u2022 Sell","selected_icon":{"value":"","library":""},"_id":"6ad3048","link":{"url":"#","is_external":"","nofollow":"","custom_attributes":""}}],"space_between":{"unit":"px","size":5,"sizes":[]},"icon_color":"#088C98","text_color":"#36AA71","icon_typography_typography":"custom","icon_typography_font_weight":"600","icon_align":"center","icon_size":{"unit":"px","size":6,"sizes":[]},"icon_self_align":"center","icon_typography_font_size":{"unit":"px","size":13,"sizes":[]},"icon_typography_text_transform":"uppercase","icon_typography_letter_spacing":{"unit":"px","size":3,"sizes":[]}},"elements":[],"isInner":false,"widgetType":"icon-list","elType":"widget"},{"id":"727229d3","settings":{"title":"We help people buy, rent and sell homes","title_color":"#000000","typography_typography":"custom","typography_font_size":{"unit":"px","size":34,"sizes":[]},"typography_line_height":{"unit":"em","size":1.5,"sizes":[]},"header_size":"h1","align":"center","typography_font_size_tablet":{"unit":"px","size":28,"sizes":[]},"typography_font_size_mobile":{"unit":"px","size":24,"sizes":[]}},"elements":[],"isInner":false,"widgetType":"heading","elType":"widget"},{"id":"5d8ab936","settings":{"editor":"<p>Home buying can be a stressful process, but we take the guess work out of finding a real estate agent. We'll help you find the perfect match to purchase your ideal home.<\/p>","align":"center","typography_typography":"custom","typography_font_size":{"unit":"px","size":18,"sizes":[]},"typography_line_height":{"unit":"em","size":1.7,"sizes":[]},"text_color":"#2F2F2F","typography_font_size_tablet":{"unit":"px","size":18,"sizes":[]},"typography_font_size_mobile":{"unit":"px","size":16,"sizes":[]}},"elements":[],"isInner":false,"widgetType":"text-editor","elType":"widget"}],"isInner":true,"elType":"column"}],"isInner":true,"elType":"section"},{"id":"46844482","settings":[],"elements":[],"isInner":false,"widgetType":"spacer","elType":"widget"},{"id":"29d80ecc","settings":{"structure":"30","gap":"wider","content_width":{"unit":"px","size":1200,"sizes":[]},"gap_columns_custom":{"unit":"px","size":407,"sizes":[]},"animation":"fadeIn"},"elements":[{"id":"15cbd153","settings":{"_column_size":33,"_inline_size":null},"elements":[{"id":"72b2738","settings":{"image":{"url":"https:\/\/wordpress-432351-3211823.cloudwaysapps.com\/wp-content\/uploads\/2023\/01\/icon-02a.png","id":18384,"alt":"","source":"library"},"title_text":"Qualified Agents","description_text":"Lorem ipsum dolor sit amet, consectetur adipiscing elit. Ut elit tellus, luctus nec ullamcorper mattis, pulvinar leo.\n<br><br>\n<a href=\"#\">Learn More<\/a>","image_space":{"unit":"px","size":30,"sizes":[]},"image_size":{"unit":"%","size":72,"sizes":[]},"title_typography_typography":"custom","title_typography_font_size":{"unit":"px","size":21,"sizes":[]},"_animation":"fadeInUp"},"elements":[],"isInner":false,"widgetType":"image-box","elType":"widget"}],"isInner":true,"elType":"column"},{"id":"3cf11139","settings":{"_column_size":33,"_inline_size":null},"elements":[{"id":"6f9a8e5b","settings":{"image":{"url":"https:\/\/wordpress-432351-3211823.cloudwaysapps.com\/wp-content\/uploads\/2023\/01\/icon-03a.png","id":18382,"alt":"","source":"library"},"title_text":"Excellent service","description_text":"Lorem ipsum dolor sit amet, consectetur adipiscing elit. Ut elit tellus, luctus nec ullamcorper mattis, pulvinar leo.\n<br><br>\n<a href=\"#\">Learn More<\/a>","image_space":{"unit":"px","size":30,"sizes":[]},"image_size":{"unit":"%","size":65,"sizes":[]},"title_typography_typography":"custom","title_typography_font_size":{"unit":"px","size":21,"sizes":[]},"_animation":"fadeInUp","_animation_delay":250},"elements":[],"isInner":false,"widgetType":"image-box","elType":"widget"}],"isInner":true,"elType":"column"},{"id":"61d34625","settings":{"_column_size":33,"_inline_size":null},"elements":[{"id":"7b1d62d9","settings":{"image":{"url":"https:\/\/wordpress-432351-3211823.cloudwaysapps.com\/wp-content\/uploads\/2023\/01\/icon-01a.png","id":18383,"alt":"","source":"library"},"title_text":"Customer Care","description_text":"Lorem ipsum dolor sit amet, consectetur adipiscing elit. Ut elit tellus, luctus nec ullamcorper mattis, pulvinar leo.\n<br><br>\n<a href=\"#\">Learn More<\/a>","image_space":{"unit":"px","size":30,"sizes":[]},"image_size":{"unit":"%","size":77,"sizes":[]},"title_bottom_space":{"unit":"px","size":11,"sizes":[]},"title_typography_typography":"custom","title_typography_font_size":{"unit":"px","size":21,"sizes":[]},"_animation":"fadeInUp","_animation_delay":500},"elements":[],"isInner":false,"widgetType":"image-box","elType":"widget"}],"isInner":true,"elType":"column"}],"isInner":true,"elType":"section"}],"isInner":false,"elType":"column"}],"isInner":false,"elType":"section"},{"id":"6b962c4c","settings":{"background_background":"gradient","background_color":"#FFFFFF","background_color_b":"#E6EBF080","padding":{"unit":"px","top":"40","right":"0","bottom":"100","left":"0","isLinked":false}},"elements":[{"id":"634948d7","settings":{"_column_size":100,"_inline_size":null,"padding_tablet":{"unit":"%","top":"12","right":"12","bottom":"12","left":"12","isLinked":true},"padding_mobile":{"unit":"%","top":"4","right":"4","bottom":"4","left":"4","isLinked":true}},"elements":[{"id":"7a3d063c","settings":{"structure":"20","content_width":{"unit":"px","size":1024,"sizes":[]},"background_background":"classic","animation":"fadeInUp","border_radius":{"unit":"px","top":"8","right":"8","bottom":"8","left":"8","isLinked":true},"background_image":{"url":"","id":"","alt":"","source":"library"},"background_position":"center right","background_ypos":{"unit":"px","size":571,"sizes":[]},"background_repeat":"no-repeat","background_size":"initial","background_bg_width":{"unit":"%","size":47,"sizes":[]},"background_overlay_color":"#FFFFFF","background_overlay_color_stop":{"unit":"%","size":55,"sizes":[]},"background_overlay_color_b":"#F2295B00","background_overlay_color_b_stop":{"unit":"%","size":0,"sizes":[]},"background_overlay_gradient_angle":{"unit":"deg","size":90,"sizes":[]},"background_overlay_opacity":{"unit":"px","size":1,"sizes":[]},"box_shadow_box_shadow_type":"yes","box_shadow_box_shadow":{"horizontal":0,"vertical":30,"blur":60,"spread":0,"color":"rgba(0, 0, 0, 0.15)"},"z_index":1,"layout":"full_width","gap":"no","overflow":"hidden","reverse_order_mobile":"reverse-mobile","margin_tablet":{"unit":"px","top":"0","right":0,"bottom":"0","left":0,"isLinked":true},"reverse_order_tablet":"reverse-tablet"},"elements":[{"id":"4d077d68","settings":{"_column_size":50,"_inline_size":null,"padding_mobile":{"unit":"%","top":"10","right":"10","bottom":"10","left":"10","isLinked":true},"content_position":"center","padding":{"unit":"%","top":"11","right":"11","bottom":"11","left":"11","isLinked":true},"padding_tablet":{"unit":"%","top":"","right":"","bottom":"","left":"","isLinked":true},"_inline_size_tablet":100},"elements":[{"id":"1c5deab9","settings":{"title":"Interested in selling your home?","typography_typography":"custom","typography_font_size":{"unit":"px","size":24,"sizes":[]},"typography_line_height":{"unit":"em","size":1.5,"sizes":[]},"align":"left","typography_letter_spacing":{"unit":"px","size":0,"sizes":[]},"typography_font_size_tablet":{"unit":"px","size":28,"sizes":[]},"header_size":"h3","align_mobile":"center","align_tablet":"center","typography_font_size_mobile":{"unit":"px","size":24,"sizes":[]}},"elements":[],"isInner":false,"widgetType":"heading","elType":"widget"},{"id":"74598de0","settings":{"editor":"<p>Buy or sell your home with our agents. House prices, inspections, negotiations and other services are included in the house price.<\/p>","align":"left","typography_typography":"custom","typography_font_size":{"unit":"px","size":18,"sizes":[]},"typography_line_height":{"unit":"em","size":1.7,"sizes":[]},"typography_font_size_tablet":{"unit":"px","size":18,"sizes":[]},"align_mobile":"center","text_color":"#2F2F2F","typography_font_size_mobile":{"unit":"px","size":16,"sizes":[]},"align_tablet":"center"},"elements":[],"isInner":false,"widgetType":"text-editor","elType":"widget"},{"id":"5f6ba50c","settings":{"text":"Contact us","size":"md","typography_typography":"custom","typography_font_size":{"unit":"px","size":14,"sizes":[]},"typography_font_weight":"600","typography_text_transform":"uppercase","typography_letter_spacing":{"unit":"px","size":2,"sizes":[]},"background_color":"#36AA71","border_radius":{"unit":"px","top":"26","right":"26","bottom":"26","left":"26","isLinked":true},"align_mobile":"center","align_tablet":"center","typography_line_height_mobile":{"unit":"em","size":1.7,"sizes":[]},"border_radius_mobile":{"unit":"px","top":"50","right":"50","bottom":"50","left":"50","isLinked":true}},"elements":[],"isInner":false,"widgetType":"button","elType":"widget"}],"isInner":true,"elType":"column"},{"id":"397917bb","settings":{"_column_size":50,"_inline_size":null,"space_between_widgets":0,"_inline_size_tablet":100},"elements":[{"id":"1957e24e","settings":{"image":{"url":"https:\/\/wordpress-432351-3211823.cloudwaysapps.com\/wp-content\/uploads\/2023\/01\/studio-0001.jpg","id":17935,"alt":"","source":"library"},"height_tablet":{"unit":"px","size":215,"sizes":[]},"object-fit_tablet":"cover"},"elements":[],"isInner":false,"widgetType":"image","elType":"widget"}],"isInner":true,"elType":"column"}],"isInner":true,"elType":"section"}],"isInner":false,"elType":"column"}],"isInner":false,"elType":"section"},{"id":"493e3880","settings":{"layout":"full_width","background_background":"gradient","background_color":"#FFFFFF","background_color_b":"#E6EBF080","background_gradient_angle":{"unit":"deg","size":0,"sizes":[]}},"elements":[{"id":"2f64d6d6","settings":{"_column_size":100,"_inline_size":null},"elements":[{"id":"1185cfc2","settings":{"content_width":{"unit":"px","size":898,"sizes":[]},"animation":"fadeIn"},"elements":[{"id":"546d739d","settings":{"_column_size":100,"_inline_size":null},"elements":[{"id":"34f172d5","settings":{"icon_list":[{"text":"Explore Cities","selected_icon":{"value":"","library":""},"_id":"6ad3048","link":{"url":"#","is_external":"","nofollow":"","custom_attributes":""}}],"space_between":{"unit":"px","size":5,"sizes":[]},"icon_color":"#088C98","text_color":"#36AA71","icon_typography_typography":"custom","icon_typography_font_weight":"600","icon_align":"center","icon_size":{"unit":"px","size":6,"sizes":[]},"icon_self_align":"center","icon_typography_font_size":{"unit":"px","size":13,"sizes":[]},"icon_typography_text_transform":"uppercase","icon_typography_letter_spacing":{"unit":"px","size":3,"sizes":[]}},"elements":[],"isInner":false,"widgetType":"icon-list","elType":"widget"},{"id":"67fa811b","settings":{"title":"Find out more the real estate market in UAE","title_color":"#000000","typography_typography":"custom","typography_font_size":{"unit":"px","size":34,"sizes":[]},"typography_line_height":{"unit":"em","size":1.5,"sizes":[]},"align":"center","typography_font_size_tablet":{"unit":"px","size":28,"sizes":[]},"typography_font_size_mobile":{"unit":"px","size":24,"sizes":[]}},"elements":[],"isInner":false,"widgetType":"heading","elType":"widget"},{"id":"3608840","settings":{"editor":"<p>Find your dream neighborhood and explore it with your home purchase advisor. We are here to help you find the perfect home for you.<\/p>","align":"center","typography_typography":"custom","typography_font_size":{"unit":"px","size":18,"sizes":[]},"typography_line_height":{"unit":"em","size":1.7,"sizes":[]},"text_color":"#2F2F2F","typography_font_size_tablet":{"unit":"px","size":18,"sizes":[]},"typography_font_size_mobile":{"unit":"px","size":16,"sizes":[]}},"elements":[],"isInner":false,"widgetType":"text-editor","elType":"widget"},{"id":"4ee70796","settings":{"height":{"unit":"px","size":30,"sizes":[]},"height_mobile":{"unit":"px","size":10,"sizes":[]}},"elements":[],"isInner":false,"widgetType":"houzez_elementor_space","elType":"widget"}],"isInner":true,"elType":"column"}],"isInner":true,"elType":"section"},{"id":"4ccb4a37","settings":{"gap":"extended","structure":"40","content_width":{"unit":"px","size":1400,"sizes":[]},"background_overlay_color":"#FFFFFF","background_overlay_color_stop":{"unit":"%","size":69,"sizes":[]},"background_overlay_color_b":"#36AA71","background_overlay_color_b_stop":{"unit":"%","size":26,"sizes":[]},"background_overlay_gradient_angle":{"unit":"deg","size":135,"sizes":[]},"background_overlay_opacity":{"unit":"px","size":1,"sizes":[]}},"elements":[{"id":"2622a772","settings":{"_column_size":25,"_inline_size":null,"_inline_size_tablet":50,"space_between_widgets":0},"elements":[{"id":"473225bb","settings":{"grid_data":"dynamic","more_text":"More Details","grid_taxonomy":"property_city","tax_city":"dubai","more_text_d":"More Details","properties_text":"Properties","property_text":"Property","grid_item_margin":{"unit":"px","size":10,"sizes":[]},"grid_title_typography_font_family":"Quicksand","grid_title_typography_font_weight":"700","grid_subtitle_typography_font_family":"Quicksand","grid_subtitle_typography_font_weight":"700","grid_item_margin_tablet":{"unit":"px","size":0,"sizes":[]},"grid_item_margin_mobile":{"unit":"px","size":0,"sizes":[]},"image":{"id":18274,"url":"https:\/\/wordpress-432351-3211823.cloudwaysapps.com\/wp-content\/uploads\/2023\/01\/placeholder-4.png"},"tax_custom_image":{"id":18275,"url":"https:\/\/wordpress-432351-3211823.cloudwaysapps.com\/wp-content\/uploads\/2023\/01\/placeholder-5.png"},"grid_type":"grid-item-v3","grid_v3_height":{"unit":"%","size":148,"sizes":[]},"grid_v3_height_tablet":{"unit":"%","size":50,"sizes":[]},"_box_shadow_box_shadow_type":"yes","_box_shadow_box_shadow":{"horizontal":0,"vertical":30,"blur":60,"spread":0,"color":"rgba(0, 0, 0, 0.16)"},"_animation":"fadeInUp","grid_v3_height_mobile":{"unit":"%","size":45,"sizes":[]}},"elements":[],"isInner":false,"widgetType":"Houzez_elementor_grid_builder","elType":"widget"}],"isInner":true,"elType":"column"},{"id":"46010300","settings":{"_column_size":25,"_inline_size":null,"_inline_size_tablet":50,"space_between_widgets":0},"elements":[{"id":"6832e4e8","settings":{"space_mobile":{"unit":"px","size":0,"sizes":[]},"space_tablet":{"unit":"px","size":0,"sizes":[]}},"elements":[],"isInner":false,"widgetType":"spacer","elType":"widget"},{"id":"1ac60d72","settings":{"grid_data":"dynamic","more_text":"More Details","grid_taxonomy":"property_city","tax_city":"sharjah","more_text_d":"More Details","properties_text":"Properties","property_text":"Property","grid_item_margin":{"unit":"px","size":10,"sizes":[]},"grid_title_typography_font_family":"Quicksand","grid_title_typography_font_weight":"700","grid_subtitle_typography_font_family":"Quicksand","grid_subtitle_typography_font_weight":"700","grid_item_margin_tablet":{"unit":"px","size":0,"sizes":[]},"grid_item_margin_mobile":{"unit":"px","size":0,"sizes":[]},"image":{"id":18276,"url":"https:\/\/wordpress-432351-3211823.cloudwaysapps.com\/wp-content\/uploads\/2023\/01\/placeholder-6.png"},"tax_custom_image":{"id":18277,"url":"https:\/\/wordpress-432351-3211823.cloudwaysapps.com\/wp-content\/uploads\/2023\/01\/placeholder-7.png"},"grid_type":"grid-item-v3","grid_v3_height":{"unit":"%","size":148,"sizes":[]},"grid_v3_height_tablet":{"unit":"%","size":50,"sizes":[]},"_box_shadow_box_shadow_type":"yes","_box_shadow_box_shadow":{"horizontal":0,"vertical":30,"blur":60,"spread":0,"color":"rgba(0, 0, 0, 0.16)"},"_animation":"fadeInUp","_animation_delay":250,"grid_v3_height_mobile":{"unit":"%","size":45,"sizes":[]}},"elements":[],"isInner":false,"widgetType":"Houzez_elementor_grid_builder","elType":"widget"}],"isInner":true,"elType":"column"},{"id":"12b64757","settings":{"_column_size":25,"_inline_size":null,"_inline_size_tablet":50,"space_between_widgets":0},"elements":[{"id":"228a7387","settings":{"grid_data":"dynamic","more_text":"More Details","grid_taxonomy":"property_city","tax_city":"abu-dhabi","more_text_d":"More Details","properties_text":"Properties","property_text":"Property","grid_type":"grid-item-v3","grid_v3_height":{"unit":"%","size":148,"sizes":[]},"grid_item_margin":{"unit":"px","size":10,"sizes":[]},"grid_title_typography_font_family":"Quicksand","grid_title_typography_font_weight":"700","grid_subtitle_typography_font_family":"Quicksand","grid_subtitle_typography_font_weight":"700","grid_v3_height_tablet":{"unit":"%","size":50,"sizes":[]},"grid_item_margin_tablet":{"unit":"px","size":0,"sizes":[]},"grid_item_margin_mobile":{"unit":"px","size":0,"sizes":[]},"image":{"id":18270,"url":"https:\/\/wordpress-432351-3211823.cloudwaysapps.com\/wp-content\/uploads\/2023\/01\/placeholder.png"},"tax_custom_image":{"id":18271,"url":"https:\/\/wordpress-432351-3211823.cloudwaysapps.com\/wp-content\/uploads\/2023\/01\/placeholder-1.png"},"_box_shadow_box_shadow_type":"yes","_box_shadow_box_shadow":{"horizontal":0,"vertical":30,"blur":60,"spread":0,"color":"rgba(0, 0, 0, 0.16)"},"_animation":"fadeInUp","_animation_delay":500,"grid_v3_height_mobile":{"unit":"%","size":45,"sizes":[]}},"elements":[],"isInner":false,"widgetType":"Houzez_elementor_grid_builder","elType":"widget"}],"isInner":true,"elType":"column"},{"id":"38cdcfdc","settings":{"_column_size":25,"_inline_size":null,"_inline_size_tablet":50,"space_between_widgets":0},"elements":[{"id":"19fb4d42","settings":{"space_mobile":{"unit":"px","size":0,"sizes":[]},"space_tablet":{"unit":"px","size":0,"sizes":[]}},"elements":[],"isInner":false,"widgetType":"spacer","elType":"widget"},{"id":"2cd47526","settings":{"grid_data":"dynamic","more_text":"More Details","grid_taxonomy":"property_city","tax_city":"ajman","more_text_d":"More Details","properties_text":"Properties","property_text":"Property","grid_item_margin":{"unit":"px","size":10,"sizes":[]},"grid_title_typography_font_family":"Quicksand","grid_title_typography_font_weight":"700","grid_subtitle_typography_font_family":"Quicksand","grid_subtitle_typography_font_weight":"700","grid_item_margin_tablet":{"unit":"px","size":0,"sizes":[]},"grid_item_margin_mobile":{"unit":"px","size":0,"sizes":[]},"image":{"id":18272,"url":"https:\/\/wordpress-432351-3211823.cloudwaysapps.com\/wp-content\/uploads\/2023\/01\/placeholder-2.png"},"tax_custom_image":{"id":18273,"url":"https:\/\/wordpress-432351-3211823.cloudwaysapps.com\/wp-content\/uploads\/2023\/01\/placeholder-3.png"},"grid_type":"grid-item-v3","grid_v3_height":{"unit":"%","size":148,"sizes":[]},"grid_v3_height_tablet":{"unit":"%","size":50,"sizes":[]},"_box_shadow_box_shadow_type":"yes","_box_shadow_box_shadow":{"horizontal":0,"vertical":30,"blur":60,"spread":0,"color":"rgba(0, 0, 0, 0.16)"},"_animation":"fadeInUp","_animation_delay":750,"grid_v3_height_mobile":{"unit":"%","size":45,"sizes":[]}},"elements":[],"isInner":false,"widgetType":"Houzez_elementor_grid_builder","elType":"widget"}],"isInner":true,"elType":"column"}],"isInner":true,"elType":"section"},{"id":"17ca294d","settings":{"height":{"unit":"px","size":50,"sizes":[]}},"elements":[],"isInner":false,"widgetType":"houzez_elementor_space","elType":"widget"}],"isInner":false,"elType":"column"}],"isInner":false,"elType":"section"},{"id":"18b044fa","settings":{"background_background":"gradient","background_color":"#FFFFFF","background_color_b":"#E6EBF080","content_width":{"unit":"px","size":1380,"sizes":[]}},"elements":[{"id":"11e24dd9","settings":{"_column_size":100,"_inline_size":null},"elements":[{"id":"4175d48f","settings":{"height":{"unit":"px","size":50,"sizes":[]},"height_mobile":{"unit":"px","size":10,"sizes":[]}},"elements":[],"isInner":false,"widgetType":"houzez_elementor_space","elType":"widget"},{"id":"36250309","settings":{"content_width":{"unit":"px","size":773,"sizes":[]}},"elements":[{"id":"5e4f1572","settings":{"_column_size":100,"_inline_size":null},"elements":[{"id":"5b07497f","settings":{"icon_list":[{"text":"For sale","selected_icon":{"value":"","library":""},"_id":"6ad3048","link":{"url":"#","is_external":"","nofollow":"","custom_attributes":""}}],"space_between":{"unit":"px","size":5,"sizes":[]},"icon_color":"#088C98","text_color":"#36AA71","icon_typography_typography":"custom","icon_typography_font_weight":"600","icon_align":"center","icon_size":{"unit":"px","size":6,"sizes":[]},"icon_self_align":"center","icon_typography_font_size":{"unit":"px","size":13,"sizes":[]},"icon_typography_text_transform":"uppercase","icon_typography_letter_spacing":{"unit":"px","size":3,"sizes":[]}},"elements":[],"isInner":false,"widgetType":"icon-list","elType":"widget"},{"id":"52fe5ab2","settings":{"title":"Latest for sale in Dubai","title_color":"#000000","typography_typography":"custom","typography_font_size":{"unit":"px","size":34,"sizes":[]},"typography_line_height":{"unit":"em","size":1.5,"sizes":[]},"align":"center","typography_font_size_tablet":{"unit":"px","size":28,"sizes":[]},"typography_font_size_mobile":{"unit":"px","size":24,"sizes":[]}},"elements":[],"isInner":false,"widgetType":"heading","elType":"widget"},{"id":"6c20695","settings":{"editor":"<p>Search homes for sale in your local area by price, amenities, or other features. We'll show you the sales history and provide helpful advice.<\/p>","align":"center","typography_typography":"custom","typography_font_size":{"unit":"px","size":18,"sizes":[]},"typography_line_height":{"unit":"em","size":1.7,"sizes":[]},"text_color":"#2F2F2F","typography_font_size_tablet":{"unit":"px","size":18,"sizes":[]},"typography_font_size_mobile":{"unit":"px","size":16,"sizes":[]}},"elements":[],"isInner":false,"widgetType":"text-editor","elType":"widget"}],"isInner":true,"elType":"column"}],"isInner":true,"elType":"section"},{"id":"3eb1f71c","settings":{"auto_speed":"3000","featured_prop":"yes","np_bg_color":"#36AA71","np_color":"#FFFFFF","np_bg_color_hover":"#4FD178","np_color_hover":"#FFFFFF","slides_to_show":"4","_margin_tablet":{"unit":"%","top":"0","right":"15","bottom":"0","left":"10","isLinked":false},"_margin_mobile":{"unit":"%","top":"","right":"","bottom":"","left":"","isLinked":true}},"elements":[],"isInner":false,"widgetType":"houzez_elementor_properties_carousel_v7","elType":"widget"}],"isInner":false,"elType":"column"}],"isInner":false,"elType":"section"},{"id":"bd7ffa5","settings":{"layout":"full_width","background_background":"gradient","background_color":"#FFFFFF","background_color_b":"#E6EBF080","background_gradient_angle":{"unit":"deg","size":0,"sizes":[]},"padding":{"unit":"px","top":"0","right":"0","bottom":"0","left":"0","isLinked":false}},"elements":[{"id":"5c4a1fbd","settings":{"_column_size":100,"_inline_size":null},"elements":[{"id":"18b71194","settings":[],"elements":[],"isInner":false,"widgetType":"spacer","elType":"widget"},{"id":"6b562109","settings":{"content_width":{"unit":"px","size":733,"sizes":[]},"animation":"fadeIn"},"elements":[{"id":"5da8eb99","settings":{"_column_size":100,"_inline_size":null},"elements":[{"id":"d0ca547","settings":{"icon_list":[{"text":"Testimonials","selected_icon":{"value":"","library":""},"_id":"6ad3048","link":{"url":"#","is_external":"","nofollow":"","custom_attributes":""}}],"space_between":{"unit":"px","size":5,"sizes":[]},"icon_color":"#088C98","text_color":"#36AA71","icon_typography_typography":"custom","icon_typography_font_weight":"600","icon_align":"center","icon_size":{"unit":"px","size":6,"sizes":[]},"icon_self_align":"center","icon_typography_font_size":{"unit":"px","size":13,"sizes":[]},"icon_typography_text_transform":"uppercase","icon_typography_letter_spacing":{"unit":"px","size":3,"sizes":[]}},"elements":[],"isInner":false,"widgetType":"icon-list","elType":"widget"},{"id":"3f45312b","settings":{"title":"What our customers saying","title_color":"#000000","typography_typography":"custom","typography_font_size":{"unit":"px","size":34,"sizes":[]},"typography_line_height":{"unit":"em","size":1.5,"sizes":[]},"align":"center","typography_font_size_tablet":{"unit":"px","size":28,"sizes":[]},"typography_font_size_mobile":{"unit":"px","size":24,"sizes":[]}},"elements":[],"isInner":false,"widgetType":"heading","elType":"widget"},{"id":"52e677d4","settings":{"editor":"<p>Buy or sell your home with Our agents. Our agents are knowledgeable, professional and dedicated to everyone\u2019s satisfaction!<\/p>","align":"center","typography_typography":"custom","typography_font_size":{"unit":"px","size":18,"sizes":[]},"typography_line_height":{"unit":"em","size":1.7,"sizes":[]},"text_color":"#2F2F2F","typography_font_size_tablet":{"unit":"px","size":18,"sizes":[]},"typography_font_size_mobile":{"unit":"px","size":16,"sizes":[]}},"elements":[],"isInner":false,"widgetType":"text-editor","elType":"widget"}],"isInner":true,"elType":"column"}],"isInner":true,"elType":"section"},{"id":"5a671bbb","settings":{"gap":"wide","content_width":{"unit":"px","size":1156,"sizes":[]},"background_overlay_color":"#FFFFFF","background_overlay_color_stop":{"unit":"%","size":69,"sizes":[]},"background_overlay_color_b":"#36AA71","background_overlay_color_b_stop":{"unit":"%","size":26,"sizes":[]},"background_overlay_gradient_angle":{"unit":"deg","size":135,"sizes":[]},"background_overlay_opacity":{"unit":"px","size":1,"sizes":[]},"structure":"30","z_index":1},"elements":[{"id":"364a8055","settings":{"_column_size":33,"_inline_size":null,"_inline_size_tablet":100},"elements":[{"id":"32e040a0","settings":{"testimonial_content":"Lorem ipsum dolor sit amet, consectetur adipiscing elit. Ut elit tellus, luctus nec ullamcorper mattis, pulvinar dapibus leo.","testimonial_image":{"url":"https:\/\/wordpress-432351-3211823.cloudwaysapps.com\/wp-content\/uploads\/2023\/01\/ts-03.jpg","id":18436,"alt":"","source":"library"},"testimonial_name":"Ali Bin Saleh","testimonial_job":"Customer","testimonial_alignment":"left","content_typography_typography":"custom","content_typography_font_size":{"unit":"px","size":15,"sizes":[]},"name_typography_typography":"custom","name_typography_font_weight":"600","job_typography_typography":"custom","job_typography_font_weight":"300","_padding":{"unit":"px","top":"30","right":"30","bottom":"30","left":"30","isLinked":true},"_background_background":"classic","_background_color":"#FFFFFF","_border_border":"solid","_border_width":{"unit":"px","top":"0","right":"0","bottom":"3","left":"0","isLinked":false},"_border_color":"#36AA71","_border_radius":{"unit":"px","top":"8","right":"8","bottom":"8","left":"8","isLinked":true},"_box_shadow_box_shadow_type":"yes","_box_shadow_box_shadow":{"horizontal":0,"vertical":15,"blur":60,"spread":0,"color":"rgba(0, 0, 0, 0.15)"}},"elements":[],"isInner":false,"widgetType":"testimonial","elType":"widget"}],"isInner":true,"elType":"column"},{"id":"2ed1b0ac","settings":{"_column_size":33,"_inline_size":null,"_inline_size_tablet":100},"elements":[{"id":"59ee39e3","settings":{"testimonial_content":"Lorem ipsum dolor sit amet, consectetur adipiscing elit. Ut elit tellus, luctus nec ullamcorper mattis, pulvinar dapibus leo.","testimonial_image":{"url":"https:\/\/wordpress-432351-3211823.cloudwaysapps.com\/wp-content\/uploads\/2023\/01\/ts-01.jpg","id":18438,"alt":"","source":"library"},"testimonial_name":"Nour Mohamed","testimonial_job":"Customer","testimonial_alignment":"left","content_typography_typography":"custom","content_typography_font_size":{"unit":"px","size":15,"sizes":[]},"name_typography_typography":"custom","name_typography_font_weight":"600","job_typography_typography":"custom","job_typography_font_weight":"300","_padding":{"unit":"px","top":"30","right":"30","bottom":"30","left":"30","isLinked":true},"_background_background":"classic","_background_color":"#FFFFFF","_border_border":"solid","_border_width":{"unit":"px","top":"0","right":"0","bottom":"3","left":"0","isLinked":false},"_border_color":"#36AA71","_border_radius":{"unit":"px","top":"8","right":"8","bottom":"8","left":"8","isLinked":true},"_box_shadow_box_shadow_type":"yes","_box_shadow_box_shadow":{"horizontal":0,"vertical":15,"blur":60,"spread":0,"color":"rgba(0, 0, 0, 0.15)"}},"elements":[],"isInner":false,"widgetType":"testimonial","elType":"widget"}],"isInner":true,"elType":"column"},{"id":"2ad4ec3c","settings":{"_column_size":33,"_inline_size":null,"_inline_size_tablet":100},"elements":[{"id":"76f61b68","settings":{"testimonial_content":"Lorem ipsum dolor sit amet, consectetur adipiscing elit. Ut elit tellus, luctus nec ullamcorper mattis, pulvinar dapibus leo.","testimonial_image":{"url":"https:\/\/wordpress-432351-3211823.cloudwaysapps.com\/wp-content\/uploads\/2023\/01\/ts-02.jpg","id":18437,"alt":"","source":"library"},"testimonial_name":"Lina Kamal-Eddin","testimonial_job":"Customer","testimonial_alignment":"left","content_typography_typography":"custom","content_typography_font_size":{"unit":"px","size":15,"sizes":[]},"name_typography_typography":"custom","name_typography_font_weight":"600","job_typography_typography":"custom","job_typography_font_weight":"300","_padding":{"unit":"px","top":"30","right":"30","bottom":"30","left":"30","isLinked":true},"_background_background":"classic","_background_color":"#FFFFFF","_border_border":"solid","_border_width":{"unit":"px","top":"0","right":"0","bottom":"3","left":"0","isLinked":false},"_border_color":"#36AA71","_border_radius":{"unit":"px","top":"8","right":"8","bottom":"8","left":"8","isLinked":true},"_box_shadow_box_shadow_type":"yes","_box_shadow_box_shadow":{"horizontal":0,"vertical":15,"blur":60,"spread":0,"color":"rgba(0, 0, 0, 0.15)"}},"elements":[],"isInner":false,"widgetType":"testimonial","elType":"widget"}],"isInner":true,"elType":"column"}],"isInner":true,"elType":"section"}],"isInner":false,"elType":"column"}],"isInner":false,"elType":"section"},{"id":"55b53264","settings":{"layout":"full_width","background_color":"#FFFFFF","background_background":"classic"},"elements":[{"id":"2a8786ba","settings":{"_column_size":100,"_inline_size":null},"elements":[{"id":"73502587","settings":[],"elements":[],"isInner":false,"widgetType":"spacer","elType":"widget"},{"id":"11a81535","settings":{"content_width":{"unit":"px","size":773,"sizes":[]}},"elements":[{"id":"2a4a5279","settings":{"_column_size":100,"_inline_size":null},"elements":[{"id":"2fd833c6","settings":{"title":"Guide for buyers and sellers","title_color":"#000000","typography_typography":"custom","typography_font_size":{"unit":"px","size":34,"sizes":[]},"typography_line_height":{"unit":"em","size":1.5,"sizes":[]},"align":"center","typography_font_size_tablet":{"unit":"px","size":28,"sizes":[]},"typography_font_size_mobile":{"unit":"px","size":24,"sizes":[]}},"elements":[],"isInner":false,"widgetType":"heading","elType":"widget"},{"id":"55dc7402","settings":{"editor":"<p>Get immediate access to find the best homes for sale, information on market trends, open houses and homes-in-progress.<\/p>","align":"center","typography_typography":"custom","typography_font_size":{"unit":"px","size":18,"sizes":[]},"typography_line_height":{"unit":"em","size":1.7,"sizes":[]},"text_color":"#2F2F2F","typography_font_size_tablet":{"unit":"px","size":18,"sizes":[]},"typography_font_size_mobile":{"unit":"px","size":16,"sizes":[]}},"elements":[],"isInner":false,"widgetType":"text-editor","elType":"widget"},{"id":"56e94bae","settings":{"height":{"unit":"px","size":30,"sizes":[]}},"elements":[],"isInner":false,"widgetType":"houzez_elementor_space","elType":"widget"}],"isInner":true,"elType":"column"}],"isInner":true,"elType":"section"},{"id":"4ef1b628","settings":{"content_width":{"unit":"px","size":1300,"sizes":[]}},"elements":[{"id":"5a034de8","settings":{"_column_size":100,"_inline_size":null},"elements":[{"id":"775ea762","settings":{"posts_limit":4,"show_author":"","box_padding_top":{"unit":"px","size":0,"sizes":[]},"box_padding_bottom":{"unit":"px","size":0,"sizes":[]},"image_margin":{"unit":"px","size":0,"sizes":[]},"title_typo_typography":"custom","title_typo_font_size":{"unit":"px","size":16,"sizes":[]},"title_typo_font_weight":"600","title_margin_top":{"unit":"px","size":10,"sizes":[]},"title_margin_bottom":{"unit":"px","size":0,"sizes":[]},"content_typo_typography":"custom","content_typo_font_size":{"unit":"px","size":14,"sizes":[]},"content_margin_bottom":{"unit":"px","size":0,"sizes":[]},"postmeta_typo_typography":"custom","postmeta_typo_font_size":{"unit":"px","size":13,"sizes":[]},"postmeta_margin_top":{"unit":"px","size":7,"sizes":[]},"author_padding":{"unit":"px","top":"20","right":"30","bottom":"0","left":"30","isLinked":false},"box_margin_bottom":{"unit":"px","size":0,"sizes":[]},"title_typo_line_height":{"unit":"em","size":1.7,"sizes":[]},"content_typo_line_height":{"unit":"em","size":1.7,"sizes":[]},"content_padding_pst":{"unit":"px","top":"13","right":"30","bottom":"0","left":"0","isLinked":false}},"elements":[],"isInner":false,"widgetType":"houzez_elementor_blog_posts","elType":"widget"},{"id":"6d8e024b","settings":{"height":{"unit":"px","size":100,"sizes":[]}},"elements":[],"isInner":false,"widgetType":"houzez_elementor_space","elType":"widget"}],"isInner":true,"elType":"column"}],"isInner":true,"elType":"section"}],"isInner":false,"elType":"column"}],"isInner":false,"elType":"section"}],"page_settings":{"background_color":"#FFFFFF"},"version":"0.4","title":"Homepage 02 - Demo 29","type":"page"}