{"content":[{"id":"6c6573d2","settings":{"__globals__":{"background_color":""},"content_position":"middle","background_image":{"url":"","id":"","alt":"","source":"library"},"content_width":{"unit":"px","size":1300,"sizes":[]},"background_color":"#2FA1C612","background_position":"center center","background_repeat":"no-repeat","background_size":"cover","background_slideshow_slide_duration":3000,"background_slideshow_transition_duration":1000,"background_slideshow_ken_burns":"yes","background_overlay_color":"#07425D","background_overlay_color_b":"#FFFFFF00","background_overlay_opacity":{"unit":"px","size":0.36,"sizes":[]},"border_radius":{"unit":"px","top":"8","right":"8","bottom":"8","left":"8","isLinked":true},"box_shadow_box_shadow":{"horizontal":0,"vertical":30,"blur":60,"spread":0,"color":"rgba(0, 0, 0, 0.16)"},"margin_mobile":{"unit":"px","top":"","right":0,"bottom":"","left":0,"isLinked":true},"padding":{"unit":"px","top":"30","right":"0","bottom":"60","left":"0","isLinked":false},"padding_tablet":{"unit":"%","top":"2","right":"2","bottom":"2","left":"2","isLinked":false},"padding_mobile":{"unit":"%","top":"5","right":"5","bottom":"5","left":"5","isLinked":true},"z_index":1,"background_background":"gradient","background_color_b":"#F2295B00","background_gradient_angle":{"unit":"deg","size":0,"sizes":[]}},"elements":[{"id":"6cc7e37","settings":{"_column_size":100,"_inline_size":null,"background_background":"slideshow","background_position":"initial","background_repeat":"no-repeat","background_size":"cover","background_ypos":{"unit":"px","size":-50,"sizes":[]},"background_slideshow_ken_burns":"yes","background_overlay_background":"classic","background_overlay_color":"#FFFFFF","background_slideshow_background_size":"cover","border_border":"solid","border_width":{"unit":"px","top":"0","right":"0","bottom":"0","left":"0","isLinked":true}},"elements":[{"id":"206af210","settings":{"height_inner":"min-height","custom_height_inner":{"unit":"px","size":590,"sizes":[]},"content_position":"middle","structure":"20","background_background":"classic","background_position":"center center","background_repeat":"no-repeat","background_size":"cover","background_overlay_color_b":"#FFFFFF00","background_overlay_gradient_angle":{"unit":"deg","size":90,"sizes":[]},"background_overlay_opacity":{"unit":"px","size":0.66,"sizes":[]},"__globals__":{"background_overlay_color":"globals\/colors?id=6dd1783"},"gap":"no","layout":"full_width","reverse_order_tablet":"reverse-tablet","reverse_order_mobile":"reverse-mobile","custom_height_inner_tablet":{"unit":"px","size":396,"sizes":[]}},"elements":[{"id":"18bf679f","settings":{"_column_size":50,"_inline_size":null,"_inline_size_tablet":100},"elements":[{"id":"755168c3","settings":{"title":"Find Your Dream Home in the UAE","title_color":"#353535","typography_typography":"custom","typography_font_size":{"unit":"px","size":36,"sizes":[]},"header_size":"h1","typography_letter_spacing":{"unit":"px","size":0,"sizes":[]},"align":"left","typography_font_size_tablet":{"unit":"px","size":30,"sizes":[]},"typography_font_size_mobile":{"unit":"px","size":25,"sizes":[]},"typography_line_height_mobile":{"unit":"em","size":1.4,"sizes":[]},"typography_line_height_tablet":{"unit":"px","size":"","sizes":[]},"_animation":"fadeIn","align_mobile":"center","_margin_mobile":{"unit":"px","top":"30","right":"0","bottom":"0","left":"0","isLinked":false},"_margin_tablet":{"unit":"px","top":"30","right":"0","bottom":"0","left":"0","isLinked":false},"align_tablet":"center"},"elements":[],"isInner":false,"widgetType":"heading","elType":"widget"},{"id":"2240f857","settings":{"title":"Dubai \u2022 Abu Dhabi \u2022 Sharjah \u2022 Ajman","header_size":"div","align":"left","title_color":"#8D8D8D","typography_typography":"custom","typography_font_size":{"unit":"px","size":14,"sizes":[]},"typography_text_transform":"uppercase","typography_letter_spacing":{"unit":"px","size":6,"sizes":[]},"_margin":{"unit":"px","top":"0","right":"0","bottom":"20","left":"0","isLinked":false},"typography_font_weight":"500","_animation":"fadeIn","_animation_delay":250,"typography_line_height_mobile":{"unit":"em","size":1.7,"sizes":[]},"align_mobile":"center","align_tablet":"center"},"elements":[],"isInner":false,"widgetType":"heading","elType":"widget"},{"id":"12c8ab92","settings":{"form_fields":[{"_id":"field-max-price","field_type":"status[]","field_label":"Buy or rent","placeholder":"Buy or Rent","width":"30","width_mobile":"100","price_from_text":"From","price_to_text":"To","selected_count_text":"items selected","width_tablet":"30"},{"_id":"field-types","field_type":"type[]","field_label":"Looking for","placeholder":"Property Type","is_multiple":"true","select_all_btns":"true","selected_count_text":"types selected","width":"30","width_mobile":"100","price_from_text":"From","price_to_text":"To","width_tablet":"30"},{"_id":"036d381","field_type":"bedrooms","field_label":"Bedrooms","placeholder":"Bedrooms","price_from_text":"From","price_to_text":"To","width":"30","selected_count_text":"items selected","width_tablet":"30"},{"_id":"field-search-btn","field_type":"search-button","field_label":"Search Button","placeholder":"Go","width":"10","price_from_text":"From","price_to_text":"To","selected_count_text":"items selected","width_tablet":"10"}],"show_tabs":"yes","status_data":["for-rent","for-sale"],"tabs_all_text":"All","tabs_padding":{"unit":"px","top":"8","right":"24","bottom":"9","left":"24","isLinked":false},"form_background_color":"#000000","form_padding":{"unit":"px","top":"16","right":"12","bottom":"4","left":"12","isLinked":false},"form_radius":{"unit":"px","top":"40","right":"40","bottom":"40","left":"40","isLinked":true},"tabs_margin":{"unit":"px","top":"0","right":"3","bottom":"12","left":"3","isLinked":false},"houzez_search_tabs_align":"","_margin":{"unit":"px","top":"0","right":"-200","bottom":"0","left":"0","isLinked":false},"_z_index":1,"__globals__":{"button_text_color":"","button_background_color":"","search_tabs_bg_color":"","button_background_hover_color":"","button_hover_color":""},"_animation":"fadeIn","_animation_delay":500,"search_tabs_bg_color":"#36AA71","button_background_color":"#36AA71","button_background_hover_color":"#4FD178","tabs_field":"property_city","city_data":["abu-dhabi","ajman","dubai","sharjah"],"form_padding_mobile":{"unit":"px","top":"10","right":"5","bottom":"0","left":"5","isLinked":false},"field_border_radius":{"unit":"px","top":"29","right":"29","bottom":"29","left":"29","isLinked":true},"search_tabs_typography_typography":"custom","search_tabs_typography_font_size":{"unit":"px","size":13,"sizes":[]},"search_tabs_typography_font_size_mobile":{"unit":"px","size":12,"sizes":[]},"search_tabs_typography_font_weight":"600","search_tabs_typography_text_transform":"uppercase","search_tabs_typography_letter_spacing":{"unit":"px","size":2,"sizes":[]},"search_tabs_active_color":"#FFFFFF","search_active_tabs_bg_color":"#000000","tabs_padding_mobile":{"unit":"px","top":"3","right":"14","bottom":"4","left":"14","isLinked":false},"tabs_radius":{"unit":"px","top":"20","right":"20","bottom":"20","left":"20","isLinked":true},"button_border_radius":{"unit":"px","top":"30","right":"30","bottom":"30","left":"30","isLinked":true},"box_shadow_box_shadow_type":"yes","box_shadow_box_shadow":{"horizontal":0,"vertical":30,"blur":60,"spread":0,"color":"rgba(0, 0, 0, 0.2)"},"form_radius_mobile":{"unit":"px","top":"32","right":"32","bottom":"32","left":"32","isLinked":true},"houzez_search_tabs_align_mobile":"justify-content-center","_margin_tablet":{"unit":"px","top":"0","right":"0","bottom":"0","left":"0","isLinked":true},"_margin_mobile":{"unit":"px","top":"0","right":"0","bottom":"0","left":"0","isLinked":true},"houzez_search_tabs_align_tablet":"justify-content-center","button_text_padding_tablet":{"unit":"px","top":"12","right":"0","bottom":"13","left":"0","isLinked":false}},"elements":[],"isInner":false,"widgetType":"houzez_elementor_search_builder","elType":"widget"}],"isInner":true,"elType":"column"},{"id":"74db5d1e","settings":{"_column_size":50,"_inline_size":null,"background_background":"slideshow","background_slideshow_gallery":[{"id":18330,"url":"https:\/\/wordpress-432351-3211823.cloudwaysapps.com\/wp-content\/uploads\/2023\/01\/heaader-03.jpg"},{"id":18322,"url":"https:\/\/wordpress-432351-3211823.cloudwaysapps.com\/wp-content\/uploads\/2023\/01\/header-01-1.jpg"},{"id":18238,"url":"https:\/\/wordpress-432351-3211823.cloudwaysapps.com\/wp-content\/uploads\/2023\/01\/dubai.jpg"},{"id":18331,"url":"https:\/\/wordpress-432351-3211823.cloudwaysapps.com\/wp-content\/uploads\/2023\/01\/header-02.jpg"}],"border_radius":{"unit":"px","top":"16","right":"16","bottom":"16","left":"16","isLinked":true},"_inline_size_tablet":100,"box_shadow_box_shadow":{"horizontal":0,"vertical":30,"blur":60,"spread":0,"color":"rgba(0, 0, 0, 0.86)"},"z_index":0},"elements":[{"id":"5eff4d35","settings":{"space_mobile":{"unit":"px","size":250,"sizes":[]},"space_tablet":{"unit":"px","size":230,"sizes":[]}},"elements":[],"isInner":false,"widgetType":"spacer","elType":"widget"}],"isInner":true,"elType":"column"}],"isInner":true,"elType":"section"}],"isInner":false,"elType":"column"}],"isInner":false,"elType":"section"},{"id":"53fd4f85","settings":{"layout":"full_width","background_background":"gradient","background_color":"#FFFFFF","background_color_b":"#2FA1C612","background_gradient_angle":{"unit":"deg","size":0,"sizes":[]},"background_overlay_gradient_angle":{"unit":"deg","size":0,"sizes":[]}},"elements":[{"id":"4964a3d5","settings":{"_column_size":100,"_inline_size":null},"elements":[{"id":"47c033a","settings":{"height":{"unit":"px","size":10,"sizes":[]},"height_mobile":{"unit":"px","size":10,"sizes":[]}},"elements":[],"isInner":false,"widgetType":"houzez_elementor_space","elType":"widget"},{"id":"5a33e581","settings":{"content_width":{"unit":"px","size":760,"sizes":[]},"animation":"fadeIn"},"elements":[{"id":"bf9a42b","settings":{"_column_size":100,"_inline_size":null},"elements":[{"id":"30e91494","settings":{"icon_list":[{"text":"Featured Homes","selected_icon":{"value":"","library":""},"_id":"6ad3048","link":{"url":"#","is_external":"","nofollow":"","custom_attributes":""}}],"space_between":{"unit":"px","size":5,"sizes":[]},"icon_color":"#088C98","text_color":"#36AA71","icon_typography_typography":"custom","icon_typography_font_weight":"600","icon_align":"center","icon_size":{"unit":"px","size":6,"sizes":[]},"icon_self_align":"center","icon_typography_font_size":{"unit":"px","size":13,"sizes":[]},"icon_typography_text_transform":"uppercase","icon_typography_letter_spacing":{"unit":"px","size":3,"sizes":[]}},"elements":[],"isInner":false,"widgetType":"icon-list","elType":"widget"},{"id":"20da8774","settings":{"title":"Our new homes for sale and rent","title_color":"#000000","typography_typography":"custom","typography_font_size":{"unit":"px","size":34,"sizes":[]},"typography_line_height":{"unit":"em","size":1.5,"sizes":[]},"align":"center","typography_font_size_tablet":{"unit":"px","size":28,"sizes":[]},"typography_font_size_mobile":{"unit":"px","size":24,"sizes":[]}},"elements":[],"isInner":false,"widgetType":"heading","elType":"widget"},{"id":"3c306e4","settings":{"editor":"<p>Search homes for sale in your local area by price, amenities, or other features. We'll show you the sales history and provide helpful advice.<\/p>","align":"center","typography_typography":"custom","typography_font_size":{"unit":"px","size":18,"sizes":[]},"typography_line_height":{"unit":"em","size":1.7,"sizes":[]},"text_color":"#2F2F2F","typography_font_size_tablet":{"unit":"px","size":18,"sizes":[]},"typography_font_size_mobile":{"unit":"px","size":16,"sizes":[]}},"elements":[],"isInner":false,"widgetType":"text-editor","elType":"widget"}],"isInner":true,"elType":"column"}],"isInner":true,"elType":"section"},{"id":"14309cc5","settings":{"content_width":{"unit":"px","size":1400,"sizes":[]},"animation":"fadeIn"},"elements":[{"id":"7574d030","settings":{"_column_size":100,"_inline_size":null},"elements":[{"id":"79200a37","settings":{"houzez_tabs_style":"property-nav-tabs-v5","tabs_items":[{"tab_title":"Abu Dhabi","_id":"4f71609","tabs_icon_icon":{"value":"","library":""},"property_city":["abu-dhabi"],"featured_prop":"yes","tabs_icon_type":"none"},{"tab_title":"Dubai","_id":"0b1aaf6","tabs_icon_icon":{"value":"","library":""},"property_city":["dubai"],"tabs_icon_type":"none"},{"tab_title":"Sharjah","_id":"678f804","tabs_icon_icon":{"value":"","library":""},"property_city":["sharjah"],"tabs_icon_type":"none"},{"_id":"2cf4dfc","tab_title":"Ajman","tabs_icon_icon":{"value":"","library":""},"property_city":["ajman"],"tabs_icon_type":"none"}],"grid_style":"cards-v7","posts_limit":4,"tab_title_border":"#36AA71","tabs_typography_typography":"custom","tabs_typography_font_size":{"unit":"px","size":14,"sizes":[]},"tabs_typography_font_weight":"600","tabs_typography_text_transform":"uppercase","tabs_typography_letter_spacing":{"unit":"px","size":1,"sizes":[]},"module_type":"grid_4_cols"},"elements":[],"isInner":false,"widgetType":"houzez_properties_tabs","elType":"widget"}],"isInner":true,"elType":"column"}],"isInner":true,"elType":"section"},{"id":"546b498a","settings":{"height":{"unit":"px","size":50,"sizes":[]}},"elements":[],"isInner":false,"widgetType":"houzez_elementor_space","elType":"widget"}],"isInner":false,"elType":"column"}],"isInner":false,"elType":"section"},{"id":"12726232","settings":{"layout":"full_width","background_color":"#FFFFFF","background_color_b":"#E6EBF080"},"elements":[{"id":"53f135e4","settings":{"_column_size":100,"_inline_size":null},"elements":[{"id":"2cba3895","settings":{"content_width":{"unit":"px","size":1021,"sizes":[]},"animation":"fadeIn"},"elements":[{"id":"1c6877c1","settings":{"_column_size":100,"_inline_size":null},"elements":[{"id":"3afa9954","settings":{"icon_list":[{"text":"Buy \u2022 Rent \u2022 Sell","selected_icon":{"value":"","library":""},"_id":"6ad3048","link":{"url":"#","is_external":"","nofollow":"","custom_attributes":""}}],"space_between":{"unit":"px","size":5,"sizes":[]},"icon_color":"#088C98","text_color":"#36AA71","icon_typography_typography":"custom","icon_typography_font_weight":"600","icon_align":"center","icon_size":{"unit":"px","size":6,"sizes":[]},"icon_self_align":"center","icon_typography_font_size":{"unit":"px","size":13,"sizes":[]},"icon_typography_text_transform":"uppercase","icon_typography_letter_spacing":{"unit":"px","size":3,"sizes":[]}},"elements":[],"isInner":false,"widgetType":"icon-list","elType":"widget"},{"id":"3200ac75","settings":{"title":"We help people buy, rent and sell homes","title_color":"#000000","typography_typography":"custom","typography_font_size":{"unit":"px","size":34,"sizes":[]},"typography_line_height":{"unit":"em","size":1.5,"sizes":[]},"header_size":"h1","align":"center","typography_font_size_tablet":{"unit":"px","size":28,"sizes":[]},"typography_font_size_mobile":{"unit":"px","size":24,"sizes":[]}},"elements":[],"isInner":false,"widgetType":"heading","elType":"widget"},{"id":"42646eba","settings":{"editor":"<p>Home buying can be a stressful process, but we take the guess work out of finding a real estate agent. We'll help you find the perfect match to purchase your ideal home.<\/p>","align":"center","typography_typography":"custom","typography_font_size":{"unit":"px","size":18,"sizes":[]},"typography_line_height":{"unit":"em","size":1.7,"sizes":[]},"text_color":"#2F2F2F","typography_font_size_tablet":{"unit":"px","size":18,"sizes":[]},"typography_font_size_mobile":{"unit":"px","size":16,"sizes":[]}},"elements":[],"isInner":false,"widgetType":"text-editor","elType":"widget"}],"isInner":true,"elType":"column"}],"isInner":true,"elType":"section"},{"id":"4ff74bac","settings":[],"elements":[],"isInner":false,"widgetType":"spacer","elType":"widget"},{"id":"4c7fcc69","settings":{"structure":"30","gap":"wider","content_width":{"unit":"px","size":1200,"sizes":[]},"gap_columns_custom":{"unit":"px","size":407,"sizes":[]},"animation":"fadeIn"},"elements":[{"id":"92cbafb","settings":{"_column_size":33,"_inline_size":null},"elements":[{"id":"252ddfc4","settings":{"image":{"url":"https:\/\/wordpress-432351-3211823.cloudwaysapps.com\/wp-content\/uploads\/2023\/01\/icon-02a.png","id":18384,"alt":"","source":"library"},"title_text":"Qualified Agents","description_text":"Lorem ipsum dolor sit amet, consectetur adipiscing elit. Ut elit tellus, luctus nec ullamcorper mattis, pulvinar leo.\n<br><br>\n<a href=\"#\">Learn More<\/a>","image_space":{"unit":"px","size":30,"sizes":[]},"image_size":{"unit":"%","size":72,"sizes":[]},"title_typography_typography":"custom","title_typography_font_size":{"unit":"px","size":21,"sizes":[]},"_animation":"fadeInUp"},"elements":[],"isInner":false,"widgetType":"image-box","elType":"widget"}],"isInner":true,"elType":"column"},{"id":"42a6df2c","settings":{"_column_size":33,"_inline_size":null},"elements":[{"id":"8421eab","settings":{"image":{"url":"https:\/\/wordpress-432351-3211823.cloudwaysapps.com\/wp-content\/uploads\/2023\/01\/icon-03a.png","id":18382,"alt":"","source":"library"},"title_text":"Excellent service","description_text":"Lorem ipsum dolor sit amet, consectetur adipiscing elit. Ut elit tellus, luctus nec ullamcorper mattis, pulvinar leo.\n<br><br>\n<a href=\"#\">Learn More<\/a>","image_space":{"unit":"px","size":30,"sizes":[]},"image_size":{"unit":"%","size":65,"sizes":[]},"title_typography_typography":"custom","title_typography_font_size":{"unit":"px","size":21,"sizes":[]},"_animation":"fadeInUp","_animation_delay":250},"elements":[],"isInner":false,"widgetType":"image-box","elType":"widget"}],"isInner":true,"elType":"column"},{"id":"1d5f5b86","settings":{"_column_size":33,"_inline_size":null},"elements":[{"id":"7f79bf95","settings":{"image":{"url":"https:\/\/wordpress-432351-3211823.cloudwaysapps.com\/wp-content\/uploads\/2023\/01\/icon-01a.png","id":18383,"alt":"","source":"library"},"title_text":"Customer Care","description_text":"Lorem ipsum dolor sit amet, consectetur adipiscing elit. Ut elit tellus, luctus nec ullamcorper mattis, pulvinar leo.\n<br><br>\n<a href=\"#\">Learn More<\/a>","image_space":{"unit":"px","size":30,"sizes":[]},"image_size":{"unit":"%","size":77,"sizes":[]},"title_bottom_space":{"unit":"px","size":11,"sizes":[]},"title_typography_typography":"custom","title_typography_font_size":{"unit":"px","size":21,"sizes":[]},"_animation":"fadeInUp","_animation_delay":500},"elements":[],"isInner":false,"widgetType":"image-box","elType":"widget"}],"isInner":true,"elType":"column"}],"isInner":true,"elType":"section"}],"isInner":false,"elType":"column"}],"isInner":false,"elType":"section"},{"id":"64652686","settings":{"background_background":"gradient","background_color":"#FFFFFF","background_color_b":"#2FA1C612","padding":{"unit":"px","top":"40","right":"0","bottom":"100","left":"0","isLinked":false}},"elements":[{"id":"5ad719db","settings":{"_column_size":100,"_inline_size":null,"padding_tablet":{"unit":"%","top":"12","right":"12","bottom":"12","left":"12","isLinked":true},"padding_mobile":{"unit":"%","top":"4","right":"4","bottom":"4","left":"4","isLinked":true}},"elements":[{"id":"21b0904","settings":{"structure":"20","content_width":{"unit":"px","size":1024,"sizes":[]},"background_background":"classic","animation":"fadeInUp","border_radius":{"unit":"px","top":"8","right":"8","bottom":"8","left":"8","isLinked":true},"background_image":{"url":"","id":"","alt":"","source":"library"},"background_position":"center right","background_ypos":{"unit":"px","size":571,"sizes":[]},"background_repeat":"no-repeat","background_size":"initial","background_bg_width":{"unit":"%","size":47,"sizes":[]},"background_overlay_color":"#FFFFFF","background_overlay_color_stop":{"unit":"%","size":55,"sizes":[]},"background_overlay_color_b":"#F2295B00","background_overlay_color_b_stop":{"unit":"%","size":0,"sizes":[]},"background_overlay_gradient_angle":{"unit":"deg","size":90,"sizes":[]},"background_overlay_opacity":{"unit":"px","size":1,"sizes":[]},"box_shadow_box_shadow_type":"yes","box_shadow_box_shadow":{"horizontal":0,"vertical":30,"blur":60,"spread":0,"color":"rgba(0, 0, 0, 0.15)"},"z_index":1,"layout":"full_width","gap":"no","overflow":"hidden","reverse_order_mobile":"reverse-mobile","margin_tablet":{"unit":"px","top":"0","right":0,"bottom":"0","left":0,"isLinked":true},"reverse_order_tablet":"reverse-tablet"},"elements":[{"id":"4dab8e80","settings":{"_column_size":50,"_inline_size":null,"padding_mobile":{"unit":"%","top":"10","right":"10","bottom":"10","left":"10","isLinked":true},"content_position":"center","padding":{"unit":"%","top":"11","right":"11","bottom":"11","left":"11","isLinked":true},"padding_tablet":{"unit":"%","top":"","right":"","bottom":"","left":"","isLinked":true},"_inline_size_tablet":100},"elements":[{"id":"5206acd8","settings":{"title":"Interested in selling your home?","typography_typography":"custom","typography_font_size":{"unit":"px","size":24,"sizes":[]},"typography_line_height":{"unit":"em","size":1.5,"sizes":[]},"align":"left","typography_letter_spacing":{"unit":"px","size":0,"sizes":[]},"typography_font_size_tablet":{"unit":"px","size":28,"sizes":[]},"header_size":"h3","align_mobile":"center","align_tablet":"center","typography_font_size_mobile":{"unit":"px","size":24,"sizes":[]}},"elements":[],"isInner":false,"widgetType":"heading","elType":"widget"},{"id":"49fef2a1","settings":{"editor":"<p>Buy or sell your home with our agents. House prices, inspections, negotiations and other services are included in the house price.<\/p>","align":"left","typography_typography":"custom","typography_font_size":{"unit":"px","size":18,"sizes":[]},"typography_line_height":{"unit":"em","size":1.7,"sizes":[]},"typography_font_size_tablet":{"unit":"px","size":18,"sizes":[]},"align_mobile":"center","text_color":"#2F2F2F","typography_font_size_mobile":{"unit":"px","size":16,"sizes":[]},"align_tablet":"center"},"elements":[],"isInner":false,"widgetType":"text-editor","elType":"widget"},{"id":"6656f380","settings":{"text":"Contact us","size":"md","typography_typography":"custom","typography_font_size":{"unit":"px","size":14,"sizes":[]},"typography_font_weight":"600","typography_text_transform":"uppercase","typography_letter_spacing":{"unit":"px","size":2,"sizes":[]},"background_color":"#36AA71","border_radius":{"unit":"px","top":"26","right":"26","bottom":"26","left":"26","isLinked":true},"align_mobile":"center","align_tablet":"center","typography_line_height_mobile":{"unit":"em","size":1.7,"sizes":[]},"border_radius_mobile":{"unit":"px","top":"50","right":"50","bottom":"50","left":"50","isLinked":true}},"elements":[],"isInner":false,"widgetType":"button","elType":"widget"}],"isInner":true,"elType":"column"},{"id":"6ff4ddab","settings":{"_column_size":50,"_inline_size":null,"space_between_widgets":0,"_inline_size_tablet":100},"elements":[{"id":"21917980","settings":{"image":{"url":"https:\/\/wordpress-432351-3211823.cloudwaysapps.com\/wp-content\/uploads\/2023\/01\/studio-0001.jpg","id":17935,"alt":"","source":"library"},"height_tablet":{"unit":"px","size":215,"sizes":[]},"object-fit_tablet":"cover"},"elements":[],"isInner":false,"widgetType":"image","elType":"widget"}],"isInner":true,"elType":"column"}],"isInner":true,"elType":"section"}],"isInner":false,"elType":"column"}],"isInner":false,"elType":"section"},{"id":"7c9fd6e5","settings":{"layout":"full_width","background_background":"gradient","background_color":"#FFFFFF","background_color_b":"#2FA1C612","background_gradient_angle":{"unit":"deg","size":0,"sizes":[]}},"elements":[{"id":"36bb9f64","settings":{"_column_size":100,"_inline_size":null},"elements":[{"id":"25f058f4","settings":{"content_width":{"unit":"px","size":898,"sizes":[]},"animation":"fadeIn"},"elements":[{"id":"16a4fa8d","settings":{"_column_size":100,"_inline_size":null},"elements":[{"id":"3ea96680","settings":{"icon_list":[{"text":"Explore Cities","selected_icon":{"value":"","library":""},"_id":"6ad3048","link":{"url":"#","is_external":"","nofollow":"","custom_attributes":""}}],"space_between":{"unit":"px","size":5,"sizes":[]},"icon_color":"#088C98","text_color":"#36AA71","icon_typography_typography":"custom","icon_typography_font_weight":"600","icon_align":"center","icon_size":{"unit":"px","size":6,"sizes":[]},"icon_self_align":"center","icon_typography_font_size":{"unit":"px","size":13,"sizes":[]},"icon_typography_text_transform":"uppercase","icon_typography_letter_spacing":{"unit":"px","size":3,"sizes":[]}},"elements":[],"isInner":false,"widgetType":"icon-list","elType":"widget"},{"id":"2098b4f0","settings":{"title":"Find out more the real estate market in UAE","title_color":"#000000","typography_typography":"custom","typography_font_size":{"unit":"px","size":34,"sizes":[]},"typography_line_height":{"unit":"em","size":1.5,"sizes":[]},"align":"center","typography_font_size_tablet":{"unit":"px","size":28,"sizes":[]},"typography_font_size_mobile":{"unit":"px","size":24,"sizes":[]}},"elements":[],"isInner":false,"widgetType":"heading","elType":"widget"},{"id":"3c30a24a","settings":{"editor":"<p>Find your dream neighborhood and explore it with your home purchase advisor. We are here to help you find the perfect home for you.<\/p>","align":"center","typography_typography":"custom","typography_font_size":{"unit":"px","size":18,"sizes":[]},"typography_line_height":{"unit":"em","size":1.7,"sizes":[]},"text_color":"#2F2F2F","typography_font_size_tablet":{"unit":"px","size":18,"sizes":[]},"typography_font_size_mobile":{"unit":"px","size":16,"sizes":[]}},"elements":[],"isInner":false,"widgetType":"text-editor","elType":"widget"},{"id":"4508909b","settings":{"height":{"unit":"px","size":30,"sizes":[]},"height_mobile":{"unit":"px","size":10,"sizes":[]}},"elements":[],"isInner":false,"widgetType":"houzez_elementor_space","elType":"widget"}],"isInner":true,"elType":"column"}],"isInner":true,"elType":"section"},{"id":"6adceed","settings":{"gap":"extended","structure":"40","content_width":{"unit":"px","size":1400,"sizes":[]},"background_overlay_color":"#FFFFFF","background_overlay_color_stop":{"unit":"%","size":69,"sizes":[]},"background_overlay_color_b":"#36AA71","background_overlay_color_b_stop":{"unit":"%","size":26,"sizes":[]},"background_overlay_gradient_angle":{"unit":"deg","size":135,"sizes":[]},"background_overlay_opacity":{"unit":"px","size":1,"sizes":[]}},"elements":[{"id":"acd6e73","settings":{"_column_size":25,"_inline_size":null,"_inline_size_tablet":50,"space_between_widgets":0},"elements":[{"id":"6865b4df","settings":{"grid_data":"dynamic","more_text":"More Details","grid_taxonomy":"property_city","tax_city":"dubai","more_text_d":"More Details","properties_text":"Properties","property_text":"Property","grid_item_margin":{"unit":"px","size":10,"sizes":[]},"grid_title_typography_font_family":"Quicksand","grid_title_typography_font_weight":"700","grid_subtitle_typography_font_family":"Quicksand","grid_subtitle_typography_font_weight":"700","grid_item_margin_tablet":{"unit":"px","size":0,"sizes":[]},"grid_item_margin_mobile":{"unit":"px","size":0,"sizes":[]},"image":{"id":18274,"url":"https:\/\/wordpress-432351-3211823.cloudwaysapps.com\/wp-content\/uploads\/2023\/01\/placeholder-4.png"},"tax_custom_image":{"id":18275,"url":"https:\/\/wordpress-432351-3211823.cloudwaysapps.com\/wp-content\/uploads\/2023\/01\/placeholder-5.png"},"grid_type":"grid-item-v3","grid_v3_height":{"unit":"%","size":148,"sizes":[]},"grid_v3_height_tablet":{"unit":"%","size":50,"sizes":[]},"_box_shadow_box_shadow_type":"yes","_box_shadow_box_shadow":{"horizontal":0,"vertical":30,"blur":60,"spread":0,"color":"rgba(0, 0, 0, 0.16)"},"_animation":"fadeInUp","grid_v3_height_mobile":{"unit":"%","size":45,"sizes":[]}},"elements":[],"isInner":false,"widgetType":"Houzez_elementor_grid_builder","elType":"widget"}],"isInner":true,"elType":"column"},{"id":"411c068f","settings":{"_column_size":25,"_inline_size":null,"_inline_size_tablet":50,"space_between_widgets":0},"elements":[{"id":"55ec6015","settings":{"space_mobile":{"unit":"px","size":0,"sizes":[]},"space_tablet":{"unit":"px","size":0,"sizes":[]}},"elements":[],"isInner":false,"widgetType":"spacer","elType":"widget"},{"id":"3cc1fed7","settings":{"grid_data":"dynamic","more_text":"More Details","grid_taxonomy":"property_city","tax_city":"sharjah","more_text_d":"More Details","properties_text":"Properties","property_text":"Property","grid_item_margin":{"unit":"px","size":10,"sizes":[]},"grid_title_typography_font_family":"Quicksand","grid_title_typography_font_weight":"700","grid_subtitle_typography_font_family":"Quicksand","grid_subtitle_typography_font_weight":"700","grid_item_margin_tablet":{"unit":"px","size":0,"sizes":[]},"grid_item_margin_mobile":{"unit":"px","size":0,"sizes":[]},"image":{"id":18276,"url":"https:\/\/wordpress-432351-3211823.cloudwaysapps.com\/wp-content\/uploads\/2023\/01\/placeholder-6.png"},"tax_custom_image":{"id":18277,"url":"https:\/\/wordpress-432351-3211823.cloudwaysapps.com\/wp-content\/uploads\/2023\/01\/placeholder-7.png"},"grid_type":"grid-item-v3","grid_v3_height":{"unit":"%","size":148,"sizes":[]},"grid_v3_height_tablet":{"unit":"%","size":50,"sizes":[]},"_box_shadow_box_shadow_type":"yes","_box_shadow_box_shadow":{"horizontal":0,"vertical":30,"blur":60,"spread":0,"color":"rgba(0, 0, 0, 0.16)"},"_animation":"fadeInUp","_animation_delay":250,"grid_v3_height_mobile":{"unit":"%","size":45,"sizes":[]}},"elements":[],"isInner":false,"widgetType":"Houzez_elementor_grid_builder","elType":"widget"}],"isInner":true,"elType":"column"},{"id":"12f67ea","settings":{"_column_size":25,"_inline_size":null,"_inline_size_tablet":50,"space_between_widgets":0},"elements":[{"id":"77c884e","settings":{"grid_data":"dynamic","more_text":"More Details","grid_taxonomy":"property_city","tax_city":"abu-dhabi","more_text_d":"More Details","properties_text":"Properties","property_text":"Property","grid_type":"grid-item-v3","grid_v3_height":{"unit":"%","size":148,"sizes":[]},"grid_item_margin":{"unit":"px","size":10,"sizes":[]},"grid_title_typography_font_family":"Quicksand","grid_title_typography_font_weight":"700","grid_subtitle_typography_font_family":"Quicksand","grid_subtitle_typography_font_weight":"700","grid_v3_height_tablet":{"unit":"%","size":50,"sizes":[]},"grid_item_margin_tablet":{"unit":"px","size":0,"sizes":[]},"grid_item_margin_mobile":{"unit":"px","size":0,"sizes":[]},"image":{"id":18270,"url":"https:\/\/wordpress-432351-3211823.cloudwaysapps.com\/wp-content\/uploads\/2023\/01\/placeholder.png"},"tax_custom_image":{"id":18271,"url":"https:\/\/wordpress-432351-3211823.cloudwaysapps.com\/wp-content\/uploads\/2023\/01\/placeholder-1.png"},"_box_shadow_box_shadow_type":"yes","_box_shadow_box_shadow":{"horizontal":0,"vertical":30,"blur":60,"spread":0,"color":"rgba(0, 0, 0, 0.16)"},"_animation":"fadeInUp","_animation_delay":500,"grid_v3_height_mobile":{"unit":"%","size":45,"sizes":[]}},"elements":[],"isInner":false,"widgetType":"Houzez_elementor_grid_builder","elType":"widget"}],"isInner":true,"elType":"column"},{"id":"4d2750b2","settings":{"_column_size":25,"_inline_size":null,"_inline_size_tablet":50,"space_between_widgets":0},"elements":[{"id":"274e5b64","settings":{"space_mobile":{"unit":"px","size":0,"sizes":[]},"space_tablet":{"unit":"px","size":0,"sizes":[]}},"elements":[],"isInner":false,"widgetType":"spacer","elType":"widget"},{"id":"5edd37be","settings":{"grid_data":"dynamic","more_text":"More Details","grid_taxonomy":"property_city","tax_city":"ajman","more_text_d":"More Details","properties_text":"Properties","property_text":"Property","grid_item_margin":{"unit":"px","size":10,"sizes":[]},"grid_title_typography_font_family":"Quicksand","grid_title_typography_font_weight":"700","grid_subtitle_typography_font_family":"Quicksand","grid_subtitle_typography_font_weight":"700","grid_item_margin_tablet":{"unit":"px","size":0,"sizes":[]},"grid_item_margin_mobile":{"unit":"px","size":0,"sizes":[]},"image":{"id":18272,"url":"https:\/\/wordpress-432351-3211823.cloudwaysapps.com\/wp-content\/uploads\/2023\/01\/placeholder-2.png"},"tax_custom_image":{"id":18273,"url":"https:\/\/wordpress-432351-3211823.cloudwaysapps.com\/wp-content\/uploads\/2023\/01\/placeholder-3.png"},"grid_type":"grid-item-v3","grid_v3_height":{"unit":"%","size":148,"sizes":[]},"grid_v3_height_tablet":{"unit":"%","size":50,"sizes":[]},"_box_shadow_box_shadow_type":"yes","_box_shadow_box_shadow":{"horizontal":0,"vertical":30,"blur":60,"spread":0,"color":"rgba(0, 0, 0, 0.16)"},"_animation":"fadeInUp","_animation_delay":750,"grid_v3_height_mobile":{"unit":"%","size":45,"sizes":[]}},"elements":[],"isInner":false,"widgetType":"Houzez_elementor_grid_builder","elType":"widget"}],"isInner":true,"elType":"column"}],"isInner":true,"elType":"section"},{"id":"7d4f4c45","settings":{"height":{"unit":"px","size":50,"sizes":[]}},"elements":[],"isInner":false,"widgetType":"houzez_elementor_space","elType":"widget"}],"isInner":false,"elType":"column"}],"isInner":false,"elType":"section"},{"id":"4146da92","settings":{"background_background":"gradient","background_color":"#FFFFFF","background_color_b":"#2FA1C612","content_width":{"unit":"px","size":1380,"sizes":[]}},"elements":[{"id":"4eec7300","settings":{"_column_size":100,"_inline_size":null},"elements":[{"id":"50befc1b","settings":{"height":{"unit":"px","size":50,"sizes":[]},"height_mobile":{"unit":"px","size":10,"sizes":[]}},"elements":[],"isInner":false,"widgetType":"houzez_elementor_space","elType":"widget"},{"id":"7b05c735","settings":{"content_width":{"unit":"px","size":773,"sizes":[]}},"elements":[{"id":"458989b3","settings":{"_column_size":100,"_inline_size":null},"elements":[{"id":"37af3fee","settings":{"icon_list":[{"text":"For sale","selected_icon":{"value":"","library":""},"_id":"6ad3048","link":{"url":"#","is_external":"","nofollow":"","custom_attributes":""}}],"space_between":{"unit":"px","size":5,"sizes":[]},"icon_color":"#088C98","text_color":"#36AA71","icon_typography_typography":"custom","icon_typography_font_weight":"600","icon_align":"center","icon_size":{"unit":"px","size":6,"sizes":[]},"icon_self_align":"center","icon_typography_font_size":{"unit":"px","size":13,"sizes":[]},"icon_typography_text_transform":"uppercase","icon_typography_letter_spacing":{"unit":"px","size":3,"sizes":[]}},"elements":[],"isInner":false,"widgetType":"icon-list","elType":"widget"},{"id":"42e53a23","settings":{"title":"Latest for sale in Dubai","title_color":"#000000","typography_typography":"custom","typography_font_size":{"unit":"px","size":34,"sizes":[]},"typography_line_height":{"unit":"em","size":1.5,"sizes":[]},"align":"center","typography_font_size_tablet":{"unit":"px","size":28,"sizes":[]},"typography_font_size_mobile":{"unit":"px","size":24,"sizes":[]}},"elements":[],"isInner":false,"widgetType":"heading","elType":"widget"},{"id":"6ded46d6","settings":{"editor":"<p>Search homes for sale in your local area by price, amenities, or other features. We'll show you the sales history and provide helpful advice.<\/p>","align":"center","typography_typography":"custom","typography_font_size":{"unit":"px","size":18,"sizes":[]},"typography_line_height":{"unit":"em","size":1.7,"sizes":[]},"text_color":"#2F2F2F","typography_font_size_tablet":{"unit":"px","size":18,"sizes":[]},"typography_font_size_mobile":{"unit":"px","size":16,"sizes":[]}},"elements":[],"isInner":false,"widgetType":"text-editor","elType":"widget"}],"isInner":true,"elType":"column"}],"isInner":true,"elType":"section"},{"id":"48ec386f","settings":{"auto_speed":"3000","featured_prop":"yes","np_bg_color":"#36AA71","np_color":"#FFFFFF","np_bg_color_hover":"#4FD178","np_color_hover":"#FFFFFF","slides_to_show":"4","_margin_tablet":{"unit":"%","top":"0","right":"15","bottom":"0","left":"10","isLinked":false},"_margin_mobile":{"unit":"%","top":"","right":"","bottom":"","left":"","isLinked":true}},"elements":[],"isInner":false,"widgetType":"houzez_elementor_properties_carousel_v7","elType":"widget"}],"isInner":false,"elType":"column"}],"isInner":false,"elType":"section"},{"id":"2b5f7bb2","settings":{"layout":"full_width","background_background":"gradient","background_color":"#FFFFFF","background_color_b":"#2FA1C612","background_gradient_angle":{"unit":"deg","size":0,"sizes":[]},"padding":{"unit":"px","top":"0","right":"0","bottom":"0","left":"0","isLinked":false}},"elements":[{"id":"4a10f062","settings":{"_column_size":100,"_inline_size":null},"elements":[{"id":"105cf601","settings":[],"elements":[],"isInner":false,"widgetType":"spacer","elType":"widget"},{"id":"78bd96a4","settings":{"content_width":{"unit":"px","size":733,"sizes":[]},"animation":"fadeIn"},"elements":[{"id":"76fbfe73","settings":{"_column_size":100,"_inline_size":null},"elements":[{"id":"49c551af","settings":{"icon_list":[{"text":"Testimonials","selected_icon":{"value":"","library":""},"_id":"6ad3048","link":{"url":"#","is_external":"","nofollow":"","custom_attributes":""}}],"space_between":{"unit":"px","size":5,"sizes":[]},"icon_color":"#088C98","text_color":"#36AA71","icon_typography_typography":"custom","icon_typography_font_weight":"600","icon_align":"center","icon_size":{"unit":"px","size":6,"sizes":[]},"icon_self_align":"center","icon_typography_font_size":{"unit":"px","size":13,"sizes":[]},"icon_typography_text_transform":"uppercase","icon_typography_letter_spacing":{"unit":"px","size":3,"sizes":[]}},"elements":[],"isInner":false,"widgetType":"icon-list","elType":"widget"},{"id":"217fd03d","settings":{"title":"What our customers saying","title_color":"#000000","typography_typography":"custom","typography_font_size":{"unit":"px","size":34,"sizes":[]},"typography_line_height":{"unit":"em","size":1.5,"sizes":[]},"align":"center","typography_font_size_tablet":{"unit":"px","size":28,"sizes":[]},"typography_font_size_mobile":{"unit":"px","size":24,"sizes":[]}},"elements":[],"isInner":false,"widgetType":"heading","elType":"widget"},{"id":"68baf584","settings":{"editor":"<p>Buy or sell your home with Our agents. Our agents are knowledgeable, professional and dedicated to everyone\u2019s satisfaction!<\/p>","align":"center","typography_typography":"custom","typography_font_size":{"unit":"px","size":18,"sizes":[]},"typography_line_height":{"unit":"em","size":1.7,"sizes":[]},"text_color":"#2F2F2F","typography_font_size_tablet":{"unit":"px","size":18,"sizes":[]},"typography_font_size_mobile":{"unit":"px","size":16,"sizes":[]}},"elements":[],"isInner":false,"widgetType":"text-editor","elType":"widget"}],"isInner":true,"elType":"column"}],"isInner":true,"elType":"section"}],"isInner":false,"elType":"column"}],"isInner":false,"elType":"section"},{"id":"5b6bd74e","settings":[],"elements":[{"id":"6fa8f078","settings":{"_column_size":100,"_inline_size":null},"elements":[{"id":"40358375","settings":{"gap":"wide","content_width":{"unit":"px","size":1156,"sizes":[]},"background_overlay_color":"#FFFFFF","background_overlay_color_stop":{"unit":"%","size":69,"sizes":[]},"background_overlay_color_b":"#36AA71","background_overlay_color_b_stop":{"unit":"%","size":26,"sizes":[]},"background_overlay_gradient_angle":{"unit":"deg","size":135,"sizes":[]},"background_overlay_opacity":{"unit":"px","size":1,"sizes":[]},"structure":"30","z_index":1},"elements":[{"id":"4b2029f0","settings":{"_column_size":33,"_inline_size":null,"_inline_size_tablet":100},"elements":[{"id":"5f3deee8","settings":{"testimonial_content":"Lorem ipsum dolor sit amet, consectetur adipiscing elit. Ut elit tellus, luctus nec ullamcorper mattis, pulvinar dapibus leo.","testimonial_image":{"url":"https:\/\/wordpress-432351-3211823.cloudwaysapps.com\/wp-content\/uploads\/2023\/01\/ts-03.jpg","id":18436,"alt":"","source":"library"},"testimonial_name":"Ali Bin Saleh","testimonial_job":"Customer","testimonial_alignment":"left","content_typography_typography":"custom","content_typography_font_size":{"unit":"px","size":15,"sizes":[]},"name_typography_typography":"custom","name_typography_font_weight":"600","job_typography_typography":"custom","job_typography_font_weight":"300","_padding":{"unit":"px","top":"30","right":"30","bottom":"30","left":"30","isLinked":true},"_background_background":"classic","_background_color":"#FFFFFF","_border_border":"solid","_border_width":{"unit":"px","top":"0","right":"0","bottom":"3","left":"0","isLinked":false},"_border_color":"#36AA71","_border_radius":{"unit":"px","top":"8","right":"8","bottom":"8","left":"8","isLinked":true},"_box_shadow_box_shadow_type":"yes","_box_shadow_box_shadow":{"horizontal":0,"vertical":15,"blur":60,"spread":0,"color":"rgba(0, 0, 0, 0.15)"}},"elements":[],"isInner":false,"widgetType":"testimonial","elType":"widget"}],"isInner":true,"elType":"column"},{"id":"caa944c","settings":{"_column_size":33,"_inline_size":null,"_inline_size_tablet":100},"elements":[{"id":"4170bc25","settings":{"testimonial_content":"Lorem ipsum dolor sit amet, consectetur adipiscing elit. Ut elit tellus, luctus nec ullamcorper mattis, pulvinar dapibus leo.","testimonial_image":{"url":"https:\/\/wordpress-432351-3211823.cloudwaysapps.com\/wp-content\/uploads\/2023\/01\/ts-01.jpg","id":18438,"alt":"","source":"library"},"testimonial_name":"Nour Mohamed","testimonial_job":"Customer","testimonial_alignment":"left","content_typography_typography":"custom","content_typography_font_size":{"unit":"px","size":15,"sizes":[]},"name_typography_typography":"custom","name_typography_font_weight":"600","job_typography_typography":"custom","job_typography_font_weight":"300","_padding":{"unit":"px","top":"30","right":"30","bottom":"30","left":"30","isLinked":true},"_background_background":"classic","_background_color":"#FFFFFF","_border_border":"solid","_border_width":{"unit":"px","top":"0","right":"0","bottom":"3","left":"0","isLinked":false},"_border_color":"#36AA71","_border_radius":{"unit":"px","top":"8","right":"8","bottom":"8","left":"8","isLinked":true},"_box_shadow_box_shadow_type":"yes","_box_shadow_box_shadow":{"horizontal":0,"vertical":15,"blur":60,"spread":0,"color":"rgba(0, 0, 0, 0.15)"}},"elements":[],"isInner":false,"widgetType":"testimonial","elType":"widget"}],"isInner":true,"elType":"column"},{"id":"36524f54","settings":{"_column_size":33,"_inline_size":null,"_inline_size_tablet":100},"elements":[{"id":"286da846","settings":{"testimonial_content":"Lorem ipsum dolor sit amet, consectetur adipiscing elit. Ut elit tellus, luctus nec ullamcorper mattis, pulvinar dapibus leo.","testimonial_image":{"url":"https:\/\/wordpress-432351-3211823.cloudwaysapps.com\/wp-content\/uploads\/2023\/01\/ts-02.jpg","id":18437,"alt":"","source":"library"},"testimonial_name":"Lina Kamal-Eddin","testimonial_job":"Customer","testimonial_alignment":"left","content_typography_typography":"custom","content_typography_font_size":{"unit":"px","size":15,"sizes":[]},"name_typography_typography":"custom","name_typography_font_weight":"600","job_typography_typography":"custom","job_typography_font_weight":"300","_padding":{"unit":"px","top":"30","right":"30","bottom":"30","left":"30","isLinked":true},"_background_background":"classic","_background_color":"#FFFFFF","_border_border":"solid","_border_width":{"unit":"px","top":"0","right":"0","bottom":"3","left":"0","isLinked":false},"_border_color":"#36AA71","_border_radius":{"unit":"px","top":"8","right":"8","bottom":"8","left":"8","isLinked":true},"_box_shadow_box_shadow_type":"yes","_box_shadow_box_shadow":{"horizontal":0,"vertical":15,"blur":60,"spread":0,"color":"rgba(0, 0, 0, 0.15)"}},"elements":[],"isInner":false,"widgetType":"testimonial","elType":"widget"}],"isInner":true,"elType":"column"}],"isInner":true,"elType":"section"}],"isInner":false,"elType":"column"}],"isInner":false,"elType":"section"},{"id":"21468a5a","settings":{"layout":"full_width","background_color":"#FFFFFF"},"elements":[{"id":"4ce7fcb1","settings":{"_column_size":100,"_inline_size":null},"elements":[{"id":"2927ea8e","settings":[],"elements":[],"isInner":false,"widgetType":"spacer","elType":"widget"},{"id":"3786e3f","settings":{"content_width":{"unit":"px","size":773,"sizes":[]}},"elements":[{"id":"219b625c","settings":{"_column_size":100,"_inline_size":null},"elements":[{"id":"22660ca8","settings":{"title":"Guide for buyers and sellers","title_color":"#000000","typography_typography":"custom","typography_font_size":{"unit":"px","size":34,"sizes":[]},"typography_line_height":{"unit":"em","size":1.5,"sizes":[]},"align":"center","typography_font_size_tablet":{"unit":"px","size":28,"sizes":[]},"typography_font_size_mobile":{"unit":"px","size":24,"sizes":[]}},"elements":[],"isInner":false,"widgetType":"heading","elType":"widget"},{"id":"4be36e3","settings":{"editor":"<p>Get immediate access to find the best homes for sale, information on market trends, open houses and homes-in-progress.<\/p>","align":"center","typography_typography":"custom","typography_font_size":{"unit":"px","size":18,"sizes":[]},"typography_line_height":{"unit":"em","size":1.7,"sizes":[]},"text_color":"#2F2F2F","typography_font_size_tablet":{"unit":"px","size":18,"sizes":[]},"typography_font_size_mobile":{"unit":"px","size":16,"sizes":[]}},"elements":[],"isInner":false,"widgetType":"text-editor","elType":"widget"},{"id":"5f5e48f1","settings":{"height":{"unit":"px","size":30,"sizes":[]}},"elements":[],"isInner":false,"widgetType":"houzez_elementor_space","elType":"widget"}],"isInner":true,"elType":"column"}],"isInner":true,"elType":"section"},{"id":"4194b991","settings":{"content_width":{"unit":"px","size":1300,"sizes":[]}},"elements":[{"id":"758b4e1d","settings":{"_column_size":100,"_inline_size":null},"elements":[{"id":"54fb2efb","settings":{"posts_limit":4,"show_author":"","box_padding_top":{"unit":"px","size":0,"sizes":[]},"box_padding_bottom":{"unit":"px","size":0,"sizes":[]},"image_margin":{"unit":"px","size":0,"sizes":[]},"title_typo_typography":"custom","title_typo_font_size":{"unit":"px","size":16,"sizes":[]},"title_typo_font_weight":"600","title_margin_top":{"unit":"px","size":10,"sizes":[]},"title_margin_bottom":{"unit":"px","size":0,"sizes":[]},"content_typo_typography":"custom","content_typo_font_size":{"unit":"px","size":14,"sizes":[]},"content_margin_bottom":{"unit":"px","size":0,"sizes":[]},"postmeta_typo_typography":"custom","postmeta_typo_font_size":{"unit":"px","size":13,"sizes":[]},"postmeta_margin_top":{"unit":"px","size":7,"sizes":[]},"author_padding":{"unit":"px","top":"20","right":"30","bottom":"0","left":"30","isLinked":false},"box_margin_bottom":{"unit":"px","size":0,"sizes":[]},"title_typo_line_height":{"unit":"em","size":1.7,"sizes":[]},"content_typo_line_height":{"unit":"em","size":1.7,"sizes":[]},"content_padding_pst":{"unit":"px","top":"13","right":"30","bottom":"0","left":"0","isLinked":false}},"elements":[],"isInner":false,"widgetType":"houzez_elementor_blog_posts","elType":"widget"},{"id":"323057da","settings":{"height":{"unit":"px","size":100,"sizes":[]}},"elements":[],"isInner":false,"widgetType":"houzez_elementor_space","elType":"widget"}],"isInner":true,"elType":"column"}],"isInner":true,"elType":"section"}],"isInner":false,"elType":"column"}],"isInner":false,"elType":"section"}],"page_settings":{"background_color":"#FFFFFF"},"version":"0.4","title":"Homepage 03 - Demo 29","type":"page"}