{"content":[{"id":"62d2d4e1","settings":{"height":"min-height","background_color":"#FFF3F1","custom_height":{"unit":"px","size":360,"sizes":[]},"custom_height_tablet":{"unit":"vh","size":34,"sizes":[]},"custom_height_mobile":{"unit":"vh","size":36,"sizes":[]},"background_image":{"url":"","id":"","alt":"","source":"library"},"background_position":"center center","background_repeat":"no-repeat","background_size":"cover","background_slideshow_ken_burns":"yes","background_overlay_color":"#FFF3F1","background_overlay_opacity":{"unit":"px","size":0.9,"sizes":[]},"content_width":{"unit":"px","size":1370,"sizes":[]},"gap":"no","column_position":"stretch","structure":"20","background_color_b":"#D5806E","background_gradient_angle":{"unit":"deg","size":10,"sizes":[]},"shape_divider_bottom_height":{"unit":"px","size":25,"sizes":[]},"shape_divider_bottom_negative":"yes","shape_divider_bottom_above_content":"yes","background_color_stop":{"unit":"%","size":59,"sizes":[]},"background_overlay_color_stop":{"unit":"%","size":71,"sizes":[]},"background_overlay_color_b":"#E9AFA3E0","background_overlay_color_b_stop":{"unit":"%","size":0,"sizes":[]},"background_overlay_gradient_angle":{"unit":"deg","size":120,"sizes":[]},"shape_divider_bottom_color":"#FFFFFF","shape_divider_bottom_flip":"yes","background_background":"classic","reverse_order_mobile":"reverse-mobile","animation":"fadeIn"},"elements":[{"id":"6093abed","settings":{"_column_size":50,"_inline_size":60.943,"_inline_size_tablet":50,"content_position":"center","content_position_tablet":"bottom","content_position_mobile":"bottom","padding_tablet":{"unit":"%","top":"0","right":"0","bottom":"12","left":"18","isLinked":false},"padding_mobile":{"unit":"px","top":"30","right":"10","bottom":"10","left":"10","isLinked":false},"background_color":"#00000045"},"elements":[],"isInner":false,"elType":"column"},{"id":"202ca3bc","settings":{"_column_size":50,"_inline_size":39.016,"content_position":"bottom","align":"flex-end","_inline_size_tablet":50},"elements":[],"isInner":false,"elType":"column"}],"isInner":false,"elType":"section"},{"id":"79797287","settings":{"content_width":{"unit":"px","size":1400,"sizes":[]},"background_background":"classic","background_color":"#FFFFFF","structure":"22","padding":{"unit":"px","top":"50","right":"0","bottom":"0","left":"0","isLinked":false}},"elements":[{"id":"6b37b679","settings":{"_column_size":33,"_inline_size":null,"_inline_size_tablet":100},"elements":[{"id":"712e620b","settings":{"padding_tablet":{"unit":"px","top":"0","right":"50","bottom":"0","left":"50","isLinked":false},"padding_mobile":{"unit":"px","top":"0","right":"0","bottom":"0","left":"0","isLinked":false},"gap":"no","border_width":{"unit":"px","top":"10","right":"10","bottom":"10","left":"10","isLinked":true},"border_color":"#FFFFFF","border_radius":{"unit":"px","top":"0","right":"0","bottom":"0","left":"0","isLinked":true},"margin":{"unit":"px","top":"-250","right":0,"bottom":"0","left":0,"isLinked":false},"z_index":1},"elements":[{"id":"27648952","settings":{"_column_size":100,"_inline_size":null,"space_between_widgets":0},"elements":[{"id":"4d7d3400","settings":{"image":{"url":"https:\/\/demo25.houzez.co\/wp-content\/uploads\/2022\/05\/demo-31.jpg","id":44482,"alt":"","source":"library"},"image_border_border":"solid","image_border_width":{"unit":"px","top":"10","right":"10","bottom":"10","left":"10","isLinked":true},"image_border_color":"#FFFFFF","image_box_shadow_box_shadow_type":"yes","image_box_shadow_box_shadow":{"horizontal":0,"vertical":40,"blur":40,"spread":0,"color":"rgba(0, 0, 0, 0.15)"}},"elements":[],"isInner":false,"widgetType":"image","elType":"widget"}],"isInner":true,"elType":"column"}],"isInner":true,"elType":"section"},{"id":"7d2b34cb","settings":{"align":"center","icon_space":{"unit":"px","size":12,"sizes":[]},"_margin":{"unit":"px","top":"30","right":"0","bottom":"-30","left":"0","isLinked":false},"_animation":"fadeIn","animation_duration":"slow"},"elements":[],"isInner":false,"widgetType":"star-rating","elType":"widget"},{"id":"1bb62f3f","settings":{"testimonials_type":"slides"},"elements":[],"isInner":false,"widgetType":"houzez_elementor_testimonials","elType":"widget"}],"isInner":false,"elType":"column"},{"id":"9181599","settings":{"_column_size":66,"_inline_size":null,"_inline_size_tablet":100,"padding":{"unit":"px","top":"0","right":"0","bottom":"0","left":"50","isLinked":false},"padding_tablet":{"unit":"px","top":"0","right":"0","bottom":"0","left":"0","isLinked":true},"padding_mobile":{"unit":"px","top":"0","right":"0","bottom":"0","left":"0","isLinked":true}},"elements":[{"id":"3f57f08e","settings":{"padding_tablet":{"unit":"px","top":"0","right":"50","bottom":"0","left":"50","isLinked":false},"padding_mobile":{"unit":"px","top":"0","right":"5","bottom":"0","left":"5","isLinked":false},"margin":{"unit":"px","top":"","right":0,"bottom":"","left":0,"isLinked":true}},"elements":[{"id":"3c5f955c","settings":{"_column_size":100,"_inline_size":null,"space_between_widgets":0},"elements":[{"id":"292a3ed1","settings":{"title":"About me","typography_typography":"custom","header_size":"h1","typography_font_size":{"unit":"px","size":40,"sizes":[]},"_animation":"fadeIn","animation_duration":"slow","typography_font_weight":"400","_margin":{"unit":"px","top":"0","right":"0","bottom":"30","left":"-3","isLinked":false},"align_mobile":"center","typography_font_size_tablet":{"unit":"px","size":40,"sizes":[]},"typography_font_size_mobile":{"unit":"px","size":35,"sizes":[]},"_margin_tablet":{"unit":"px","top":"0","right":"0","bottom":"30","left":"0","isLinked":false}},"elements":[],"isInner":false,"widgetType":"heading","elType":"widget"},{"id":"739abbfd","settings":{"editor":"<p>I am a licensed Realtor in Miami, Florida. I have been in the industry for over thirty years and have dealt with all aspects of real estate. I specialize in residential properties and can provide you with best guidance and advice possible.<\/p><p>I was born in the Dominican Republic and moved to Miami when I was eight years old. My parents were very ambitious people who left their family behind to pursue a better life here in America. They instilled a work ethic in me that has made me successful today and is what I pass on to my children.<\/p><p>After graduating from high school with honors, I decided it was time for me to make my dreams a reality. With the help of hard work and perseverance, I was able to transfer schools and finish my degree while also balancing being a full-time nanny. This taught me that there are no limitations when it comes to following your dreams.<\/p><p>I am now determined more than ever before because I know that success is right around the corner just waiting for me to take it!<\/p>","text_columns":"1","column_gap":{"unit":"px","size":70,"sizes":[]},"typography_typography":"custom","typography_font_weight":"300","typography_letter_spacing":{"unit":"px","size":1,"sizes":[]},"typography_font_size":{"unit":"px","size":18,"sizes":[]},"text_columns_mobile":"1","_margin":{"unit":"px","top":"0","right":"100","bottom":"40","left":"0","isLinked":false},"_padding":{"unit":"px","top":"0","right":"0","bottom":"0","left":"0","isLinked":true},"align_mobile":"center","_margin_mobile":{"unit":"px","top":"0","right":"0","bottom":"0","left":"0","isLinked":true},"_animation":"fadeIn","animation_duration":"slow"},"elements":[],"isInner":false,"widgetType":"text-editor","elType":"widget"},{"id":"7e6fc89e","settings":{"title":"Agent Information","align_mobile":"center","typography_typography":"custom","typography_font_size":{"unit":"px","size":24,"sizes":[]},"typography_font_weight":"400","_margin":{"unit":"px","top":"0","right":"0","bottom":"20","left":"0","isLinked":false},"_margin_mobile":{"unit":"px","top":"20","right":"0","bottom":"20","left":"0","isLinked":false}},"elements":[],"isInner":false,"widgetType":"heading","elType":"widget"},{"id":"13b100b8","settings":{"icon_list":[{"text":"<strong>Agent License:<\/strong> 090-0348-8346","selected_icon":{"value":"far fa-circle","library":"fa-regular"},"_id":"f832060"},{"text":"<strong>Service Areas:<\/strong> Miami, Fort Lauderdale, West Palm Beach, Coral Gables","selected_icon":{"value":"far fa-circle","library":"fa-regular"},"_id":"c9b6edc"},{"text":"<strong>Specialties:<\/strong> Property management, Real estate development, Real estate appraising, Retail leasing, Apartment brokerage","selected_icon":{"value":"far fa-circle","library":"fa-regular"},"_id":"6723e3f"}],"space_between":{"unit":"px","size":0,"sizes":[]},"icon_color":"#E9AFA3","text_indent":{"unit":"px","size":15,"sizes":[]},"icon_typography_typography":"custom","icon_typography_font_size":{"unit":"px","size":16,"sizes":[]},"icon_typography_font_weight":"300","icon_typography_letter_spacing":{"unit":"px","size":1,"sizes":[]},"_margin":{"unit":"px","top":"0","right":"100","bottom":"40","left":"20","isLinked":false},"_margin_mobile":{"unit":"px","top":"0","right":"0","bottom":"0","left":"0","isLinked":true},"_padding":{"unit":"px","top":"0","right":"0","bottom":"0","left":"0","isLinked":true},"_animation":"fadeIn","animation_duration":"slow"},"elements":[],"isInner":false,"widgetType":"icon-list","elType":"widget"},{"id":"56d7ba35","settings":{"title":"Education","align_mobile":"center","typography_typography":"custom","typography_font_size":{"unit":"px","size":24,"sizes":[]},"typography_font_weight":"400","_margin":{"unit":"px","top":"0","right":"0","bottom":"20","left":"0","isLinked":false},"_margin_mobile":{"unit":"px","top":"20","right":"0","bottom":"20","left":"0","isLinked":false}},"elements":[],"isInner":false,"widgetType":"heading","elType":"widget"},{"id":"158c308a","settings":{"icon_list":[{"text":"Bachelor's degree, Architecture, University of Santo Domingo","selected_icon":{"value":"far fa-circle","library":"fa-regular"},"_id":"f832060"},{"text":"Master's degree, Business Administration, FIU of Miami","selected_icon":{"value":"far fa-circle","library":"fa-regular"},"_id":"c9b6edc"}],"space_between":{"unit":"px","size":0,"sizes":[]},"icon_color":"#E9AFA3","text_indent":{"unit":"px","size":15,"sizes":[]},"icon_typography_typography":"custom","icon_typography_font_size":{"unit":"px","size":16,"sizes":[]},"icon_typography_font_weight":"300","icon_typography_letter_spacing":{"unit":"px","size":1,"sizes":[]},"_margin":{"unit":"px","top":"0","right":"100","bottom":"40","left":"20","isLinked":false},"_margin_mobile":{"unit":"px","top":"0","right":"0","bottom":"0","left":"0","isLinked":true},"_padding":{"unit":"px","top":"0","right":"0","bottom":"0","left":"0","isLinked":true},"_animation":"fadeIn","animation_duration":"slow"},"elements":[],"isInner":false,"widgetType":"icon-list","elType":"widget"}],"isInner":true,"elType":"column"}],"isInner":true,"elType":"section"}],"isInner":false,"elType":"column"}],"isInner":false,"elType":"section"},{"id":"21bd69e3","settings":{"background_color":"#FFFFFF","background_color_b":"#E9AFA3E0","content_width":{"unit":"px","size":1370,"sizes":[]},"gap":"no","custom_height":{"unit":"vh","size":70,"sizes":[]},"custom_height_tablet":{"unit":"vh","size":75,"sizes":[]},"custom_height_mobile":{"unit":"vh","size":100,"sizes":[]},"column_position":"stretch","background_background":"classic","background_color_stop":{"unit":"%","size":83,"sizes":[]},"background_color_b_stop":{"unit":"%","size":0,"sizes":[]},"background_gradient_angle":{"unit":"deg","size":90,"sizes":[]},"background_image":{"url":"","id":"","alt":"","source":"library"},"background_position":"center center","background_repeat":"no-repeat","background_size":"cover","background_slideshow_ken_burns":"yes","background_overlay_color":"#E9AFA3E0","background_overlay_color_stop":{"unit":"%","size":37,"sizes":[]},"background_overlay_color_b":"#222638F5","background_overlay_color_b_stop":{"unit":"%","size":0,"sizes":[]},"background_overlay_gradient_angle":{"unit":"deg","size":240,"sizes":[]},"background_overlay_opacity":{"unit":"px","size":1,"sizes":[]},"shape_divider_top":"waves","shape_divider_top_width":{"unit":"%","size":194,"sizes":[]},"shape_divider_top_height":{"unit":"px","size":49,"sizes":[]},"shape_divider_bottom_color":"#FFFFFF","shape_divider_bottom_width":{"unit":"%","size":126,"sizes":[]},"shape_divider_bottom_height":{"unit":"px","size":51,"sizes":[]},"shape_divider_bottom_flip":"yes","reverse_order_mobile":"reverse-mobile"},"elements":[{"id":"f36d6e","settings":{"_column_size":100,"_inline_size":null},"elements":[{"id":"52465e29","settings":{"space":{"unit":"px","size":77,"sizes":[]}},"elements":[],"isInner":false,"widgetType":"spacer","elType":"widget"},{"id":"43bea6c4","settings":{"layout":"full_width","animation":"fadeIn","animation_duration":"slow","content_position":"middle","margin":{"unit":"px","top":"0","right":0,"bottom":"30","left":0,"isLinked":false}},"elements":[{"id":"53e95c2c","settings":{"_column_size":100,"_inline_size":null,"space_between_widgets":0,"_inline_size_tablet":100,"padding_mobile":{"unit":"px","top":"0","right":"0","bottom":"0","left":"0","isLinked":true}},"elements":[{"id":"8f6966e","settings":{"title":"My Team","align":"center","typography_typography":"custom","typography_font_size":{"unit":"px","size":40,"sizes":[]},"typography_font_weight":"400","_margin":{"unit":"px","top":"0","right":"0","bottom":"30","left":"-3","isLinked":false},"_animation":"fadeIn","animation_duration":"slow","align_mobile":"center","typography_font_size_mobile":{"unit":"px","size":35,"sizes":[]},"typography_font_size_tablet":{"unit":"px","size":40,"sizes":[]},"_margin_tablet":{"unit":"px","top":"0","right":"0","bottom":"30","left":"0","isLinked":false}},"elements":[],"isInner":false,"widgetType":"heading","elType":"widget"}],"isInner":true,"elType":"column"}],"isInner":true,"elType":"section"},{"id":"502f0416","settings":{"content_width":{"unit":"px","size":1600,"sizes":[]},"animation":"fadeIn","animation_duration":"slow","gap":"extended","padding_tablet":{"unit":"px","top":"0","right":"30","bottom":"0","left":"30","isLinked":false},"padding_mobile":{"unit":"px","top":"0","right":"10","bottom":"0","left":"10","isLinked":false},"structure":"50"},"elements":[{"id":"7a93cbff","settings":{"_column_size":20,"_inline_size":null,"space_between_widgets":0},"elements":[{"id":"24b7af34","settings":{"team_image":{"url":"https:\/\/demo25.houzez.co\/wp-content\/uploads\/2022\/05\/Artboard-1team.jpg","id":44509,"alt":"","source":"library"},"team_social_linkedin":"#","_box_shadow_box_shadow_type":"yes","_box_shadow_box_shadow":{"horizontal":0,"vertical":40,"blur":40,"spread":0,"color":"rgba(0, 0, 0, 0.15)"}},"elements":[],"isInner":false,"widgetType":"houzez_elementor_team_member","elType":"widget"},{"id":"4259ca92","settings":{"editor":"<div class=\"team-name\"><strong>Kathleen Grant<\/strong><\/div><div>Real Estate Advisor<\/div>","text_columns":"1","text_columns_mobile":"1","column_gap":{"unit":"px","size":70,"sizes":[]},"align":"center","align_mobile":"center","typography_typography":"custom","typography_font_size":{"unit":"px","size":16,"sizes":[]},"typography_font_weight":"300","typography_line_height":{"unit":"em","size":1.5,"sizes":[]},"typography_letter_spacing":{"unit":"px","size":1,"sizes":[]},"_margin":{"unit":"px","top":"20","right":"0","bottom":"0","left":"0","isLinked":false},"_margin_mobile":{"unit":"px","top":"30","right":"0","bottom":"0","left":"0","isLinked":false},"_padding":{"unit":"px","top":"0","right":"0","bottom":"0","left":"0","isLinked":true},"_animation":"fadeIn","animation_duration":"slow"},"elements":[],"isInner":false,"widgetType":"text-editor","elType":"widget"}],"isInner":true,"elType":"column"},{"id":"6c2b14ed","settings":{"_column_size":20,"_inline_size":null,"space_between_widgets":0},"elements":[{"id":"35b3a4d7","settings":{"space":{"unit":"px","size":60,"sizes":[]}},"elements":[],"isInner":false,"widgetType":"spacer","elType":"widget"},{"id":"27e8f042","settings":{"team_image":{"url":"https:\/\/demo25.houzez.co\/wp-content\/uploads\/2022\/05\/Artboard-4team.jpg","id":44508,"alt":"","source":"library"},"team_social_linkedin":"#","_box_shadow_box_shadow_type":"yes","_box_shadow_box_shadow":{"horizontal":0,"vertical":40,"blur":40,"spread":0,"color":"rgba(0, 0, 0, 0.15)"}},"elements":[],"isInner":false,"widgetType":"houzez_elementor_team_member","elType":"widget"},{"id":"7c2b555b","settings":{"editor":"<div class=\"team-name\"><strong>Keith Bailey<\/strong><\/div><div>Real Estate Advisor<\/div>","text_columns":"1","text_columns_mobile":"1","column_gap":{"unit":"px","size":70,"sizes":[]},"align":"center","align_mobile":"center","typography_typography":"custom","typography_font_size":{"unit":"px","size":16,"sizes":[]},"typography_font_weight":"300","typography_line_height":{"unit":"em","size":1.5,"sizes":[]},"typography_letter_spacing":{"unit":"px","size":1,"sizes":[]},"_margin":{"unit":"px","top":"20","right":"0","bottom":"0","left":"0","isLinked":false},"_margin_mobile":{"unit":"px","top":"30","right":"0","bottom":"0","left":"0","isLinked":false},"_padding":{"unit":"px","top":"0","right":"0","bottom":"0","left":"0","isLinked":true},"_animation":"fadeIn","animation_duration":"slow"},"elements":[],"isInner":false,"widgetType":"text-editor","elType":"widget"}],"isInner":true,"elType":"column"},{"id":"5db3e005","settings":{"_column_size":20,"_inline_size":null,"space_between_widgets":0},"elements":[{"id":"4e573d73","settings":{"team_image":{"url":"https:\/\/demo25.houzez.co\/wp-content\/uploads\/2022\/05\/Artboard-2team.jpg","id":44507,"alt":"","source":"library"},"team_social_linkedin":"#","_box_shadow_box_shadow_type":"yes","_box_shadow_box_shadow":{"horizontal":0,"vertical":40,"blur":40,"spread":0,"color":"rgba(0, 0, 0, 0.15)"}},"elements":[],"isInner":false,"widgetType":"houzez_elementor_team_member","elType":"widget"},{"id":"5a24f114","settings":{"editor":"<div class=\"team-name\"><strong>Danielle Murray<\/strong><\/div><div>Real Estate Advisor<\/div>","text_columns":"1","text_columns_mobile":"1","column_gap":{"unit":"px","size":70,"sizes":[]},"align":"center","align_mobile":"center","typography_typography":"custom","typography_font_size":{"unit":"px","size":16,"sizes":[]},"typography_font_weight":"300","typography_line_height":{"unit":"em","size":1.5,"sizes":[]},"typography_letter_spacing":{"unit":"px","size":1,"sizes":[]},"_margin":{"unit":"px","top":"20","right":"0","bottom":"0","left":"0","isLinked":false},"_margin_mobile":{"unit":"px","top":"30","right":"0","bottom":"0","left":"0","isLinked":false},"_padding":{"unit":"px","top":"0","right":"0","bottom":"0","left":"0","isLinked":true},"_animation":"fadeIn","animation_duration":"slow"},"elements":[],"isInner":false,"widgetType":"text-editor","elType":"widget"}],"isInner":true,"elType":"column"},{"id":"40c4c80","settings":{"_column_size":20,"_inline_size":null,"space_between_widgets":0},"elements":[{"id":"23e037c4","settings":{"space":{"unit":"px","size":60,"sizes":[]}},"elements":[],"isInner":false,"widgetType":"spacer","elType":"widget"},{"id":"717e5717","settings":{"team_image":{"url":"https:\/\/demo25.houzez.co\/wp-content\/uploads\/2022\/05\/Artboard-3team.jpg","id":44506,"alt":"","source":"library"},"team_social_linkedin":"#","_box_shadow_box_shadow_type":"yes","_box_shadow_box_shadow":{"horizontal":0,"vertical":40,"blur":40,"spread":0,"color":"rgba(0, 0, 0, 0.15)"}},"elements":[],"isInner":false,"widgetType":"houzez_elementor_team_member","elType":"widget"},{"id":"63f361e1","settings":{"editor":"<div class=\"team-name\"><strong>Thomas Stevens<\/strong><\/div><div>Real Estate Advisor<\/div>","text_columns":"1","text_columns_mobile":"1","column_gap":{"unit":"px","size":70,"sizes":[]},"align":"center","align_mobile":"center","typography_typography":"custom","typography_font_size":{"unit":"px","size":16,"sizes":[]},"typography_font_weight":"300","typography_line_height":{"unit":"em","size":1.5,"sizes":[]},"typography_letter_spacing":{"unit":"px","size":1,"sizes":[]},"_margin":{"unit":"px","top":"20","right":"0","bottom":"0","left":"0","isLinked":false},"_margin_mobile":{"unit":"px","top":"30","right":"0","bottom":"0","left":"0","isLinked":false},"_padding":{"unit":"px","top":"0","right":"0","bottom":"0","left":"0","isLinked":true},"_animation":"fadeIn","animation_duration":"slow"},"elements":[],"isInner":false,"widgetType":"text-editor","elType":"widget"}],"isInner":true,"elType":"column"},{"id":"3a3be83a","settings":{"_column_size":20,"_inline_size":null,"space_between_widgets":0},"elements":[{"id":"59fe4b5a","settings":{"team_image":{"url":"https:\/\/demo25.houzez.co\/wp-content\/uploads\/2022\/05\/Artboard-5team.jpg","id":44510,"alt":"","source":"library"},"team_social_linkedin":"#","_box_shadow_box_shadow_type":"yes","_box_shadow_box_shadow":{"horizontal":0,"vertical":40,"blur":40,"spread":0,"color":"rgba(0, 0, 0, 0.15)"}},"elements":[],"isInner":false,"widgetType":"houzez_elementor_team_member","elType":"widget"},{"id":"561bbe89","settings":{"editor":"<div class=\"team-name\"><strong>Maria Valaschez<\/strong><\/div><div>Real Estate Advisor<\/div>","text_columns":"1","text_columns_mobile":"1","column_gap":{"unit":"px","size":70,"sizes":[]},"align":"center","align_mobile":"center","typography_typography":"custom","typography_font_size":{"unit":"px","size":16,"sizes":[]},"typography_font_weight":"300","typography_line_height":{"unit":"em","size":1.5,"sizes":[]},"typography_letter_spacing":{"unit":"px","size":1,"sizes":[]},"_margin":{"unit":"px","top":"20","right":"0","bottom":"0","left":"0","isLinked":false},"_margin_mobile":{"unit":"px","top":"30","right":"0","bottom":"0","left":"0","isLinked":false},"_padding":{"unit":"px","top":"0","right":"0","bottom":"0","left":"0","isLinked":true},"_animation":"fadeIn","animation_duration":"slow"},"elements":[],"isInner":false,"widgetType":"text-editor","elType":"widget"}],"isInner":true,"elType":"column"}],"isInner":true,"elType":"section"},{"id":"26d2f5d1","settings":{"space":{"unit":"px","size":80,"sizes":[]},"space_tablet":{"unit":"px","size":50,"sizes":[]}},"elements":[],"isInner":false,"widgetType":"spacer","elType":"widget"}],"isInner":false,"elType":"column"}],"isInner":false,"elType":"section"},{"id":"2a257e3b","settings":{"content_width":{"unit":"px","size":1360,"sizes":[]},"background_background":"classic","background_color":"#FFFFFF","animation":"fadeIn"},"elements":[{"id":"64e9112e","settings":{"_column_size":100,"_inline_size":null,"space_between_widgets":0},"elements":[{"id":"369ba1d1","settings":{"layout":"full_width","background_background":"classic","background_color":"#FFF0ED","border_radius":{"unit":"px","top":"8","right":"8","bottom":"8","left":"8","isLinked":true},"box_shadow_box_shadow":{"horizontal":0,"vertical":40,"blur":40,"spread":0,"color":"rgba(0, 0, 0, 0.15)"},"padding":{"unit":"px","top":"15","right":"30","bottom":"20","left":"30","isLinked":false},"z_index":1,"padding_mobile":{"unit":"px","top":"25","right":"10","bottom":"5","left":"10","isLinked":false}},"elements":[{"id":"2d56f6c1","settings":{"_column_size":100,"_inline_size":null,"space_between_widgets":0},"elements":[{"id":"5217a11c","settings":{"title":"Newsletter Sign up","align":"left","typography_typography":"custom","typography_font_size":{"unit":"px","size":14,"sizes":[]},"typography_font_weight":"500","_margin":{"unit":"px","top":"0","right":"0","bottom":"15","left":"0","isLinked":false},"_animation":"fadeIn","animation_duration":"slow","align_mobile":"center","typography_letter_spacing":{"unit":"px","size":5,"sizes":[]},"typography_line_height":{"unit":"em","size":1.5,"sizes":[]},"title_color":"#000000","typography_font_family":"Jost","typography_text_transform":"uppercase","_margin_mobile":{"unit":"px","top":"0","right":"0","bottom":"05","left":"0","isLinked":false}},"elements":[],"isInner":false,"widgetType":"heading","elType":"widget"},{"id":"2fc4ce91","settings":{"form_name":"New Form","form_fields":[{"_id":"name","field_type":"name","field_label":"Name","placeholder":"Name","width":"40"},{"_id":"email","field_type":"email","required":"true","field_label":"Email","placeholder":"Email","width":"40"}],"show_labels":"","gdpr_agreement":"","gdpr_label":"GDPR Agreement","gdpr_required":"true","gdpr_text":"I consent to having this website store my submitted information","button_text":"Submit","email_to":"hello@favethemes.com","email_subject":"New message from &quot;Houzez - Highly Customizable Real Estate WordPress Theme&quot;","field_typography_typography":"custom","field_gdpr_color":"#121D31","gdpr_typography_typography":"custom","gdpr_typography_font_size":{"unit":"px","size":14,"sizes":[]},"con_google_recaptcha":"yes","input_size":"lg","button_size":"lg","button_background_color":"#E1A397","button_typography_typography":"custom","button_typography_font_weight":"600","button_background_hover_color":"#1E5C7A","_margin_mobile":{"unit":"px","top":"30","right":"0","bottom":"0","left":"0","isLinked":false},"button_typography_text_transform":"uppercase","_padding":{"unit":"px","top":"0","right":"0","bottom":"0","left":"0","isLinked":true},"_background_background":"classic","_border_radius":{"unit":"px","top":"4","right":"4","bottom":"4","left":"4","isLinked":true},"label_typography_typography":"custom","label_typography_font_size":{"unit":"px","size":15,"sizes":[]},"label_typography_font_weight":"500","field_typography_font_weight":"400","field_border_color":"#FFE7E2","gdpr_typography_line_height":{"unit":"em","size":1.5,"sizes":[]},"button_typography_font_family":"Jost","button_typography_font_size":{"unit":"px","size":13,"sizes":[]},"button_typography_letter_spacing":{"unit":"px","size":3,"sizes":[]},"_animation":"none","animation_duration":"slow","button_width":"20","webhook":"","column_gap":{"unit":"px","size":15,"sizes":[]},"row_gap":{"unit":"px","size":0,"sizes":[]},"_margin":{"unit":"px","top":"0","right":"0","bottom":"0","left":"0","isLinked":true},"row_gap_mobile":{"unit":"px","size":10,"sizes":[]}},"elements":[],"isInner":false,"widgetType":"houzez_elementor_contact_form","elType":"widget"}],"isInner":true,"elType":"column"}],"isInner":true,"elType":"section"},{"id":"3f357f9e","settings":{"space":{"unit":"px","size":100,"sizes":[]}},"elements":[],"isInner":false,"widgetType":"spacer","elType":"widget"}],"isInner":false,"elType":"column"}],"isInner":false,"elType":"section"},{"id":"21c16bf2","settings":{"background_color":"#FFFFFF","background_color_b":"#E9AFA3E0","content_width":{"unit":"px","size":1370,"sizes":[]},"gap":"no","custom_height":{"unit":"vh","size":70,"sizes":[]},"custom_height_tablet":{"unit":"vh","size":75,"sizes":[]},"custom_height_mobile":{"unit":"vh","size":100,"sizes":[]},"column_position":"stretch","background_background":"classic","background_color_stop":{"unit":"%","size":83,"sizes":[]},"background_color_b_stop":{"unit":"%","size":0,"sizes":[]},"background_gradient_angle":{"unit":"deg","size":90,"sizes":[]},"background_image":{"url":"","id":"","alt":"","source":"library"},"background_position":"center center","background_repeat":"no-repeat","background_size":"cover","background_slideshow_ken_burns":"yes","background_overlay_color":"#E9AFA3E0","background_overlay_color_stop":{"unit":"%","size":37,"sizes":[]},"background_overlay_color_b":"#222638F5","background_overlay_color_b_stop":{"unit":"%","size":0,"sizes":[]},"background_overlay_gradient_angle":{"unit":"deg","size":240,"sizes":[]},"background_overlay_opacity":{"unit":"px","size":1,"sizes":[]},"shape_divider_top":"waves","shape_divider_top_width":{"unit":"%","size":194,"sizes":[]},"shape_divider_top_height":{"unit":"px","size":49,"sizes":[]},"shape_divider_bottom_color":"#FFFFFF","shape_divider_bottom_width":{"unit":"%","size":126,"sizes":[]},"shape_divider_bottom_height":{"unit":"px","size":51,"sizes":[]},"shape_divider_bottom_flip":"yes","reverse_order_mobile":"reverse-mobile"},"elements":[{"id":"3a6074f3","settings":{"_column_size":100,"_inline_size":null},"elements":[{"id":"19b10302","settings":{"layout":"full_width","animation":"fadeIn","animation_duration":"slow","content_position":"middle","structure":"22","margin":{"unit":"px","top":"0","right":0,"bottom":"30","left":0,"isLinked":false}},"elements":[{"id":"5058cc30","settings":{"_column_size":66,"_inline_size":null,"space_between_widgets":0,"padding":{"unit":"px","top":"0","right":"50","bottom":"0","left":"0","isLinked":false},"_inline_size_tablet":100,"padding_mobile":{"unit":"px","top":"0","right":"0","bottom":"0","left":"0","isLinked":true},"padding_tablet":{"unit":"px","top":"0","right":"0","bottom":"0","left":"0","isLinked":true}},"elements":[{"id":"46eccd5b","settings":{"title":"My Blog","typography_typography":"custom","typography_font_size":{"unit":"px","size":36,"sizes":[]},"typography_font_weight":"400","_margin":{"unit":"px","top":"0","right":"0","bottom":"0","left":"20","isLinked":false},"_animation":"fadeIn","animation_duration":"slow","align_mobile":"center","typography_font_size_mobile":{"unit":"px","size":35,"sizes":[]},"typography_font_size_tablet":{"unit":"px","size":40,"sizes":[]},"_margin_tablet":{"unit":"px","top":"0","right":"0","bottom":"0","left":"0","isLinked":false},"align_tablet":"center"},"elements":[],"isInner":false,"widgetType":"heading","elType":"widget"}],"isInner":true,"elType":"column"},{"id":"540d66e8","settings":{"_column_size":33,"_inline_size":null,"space_between_widgets":0,"_inline_size_tablet":100},"elements":[{"id":"88b530d","settings":{"text":"Read my blog","align":"right","size":"md","typography_typography":"custom","typography_font_size":{"unit":"px","size":13,"sizes":[]},"typography_text_transform":"uppercase","typography_line_height":{"unit":"em","size":1.5,"sizes":[]},"typography_letter_spacing":{"unit":"px","size":5,"sizes":[]},"background_color":"#1B1F2D00","hover_color":"#E9AFA3","border_width":{"unit":"px","top":"1","right":"1","bottom":"1","left":"1","isLinked":true},"border_radius":{"unit":"px","top":"0","right":"0","bottom":"0","left":"0","isLinked":true},"typography_font_family":"Jost","typography_font_weight":"500","button_text_color":"#000000","border_color":"#1B1F2D","link":{"url":"https:\/\/demo25.houzez.co\/mls-search\/","is_external":"","nofollow":"","custom_attributes":""},"selected_icon":{"value":"fas fa-long-arrow-alt-right","library":"fa-solid"},"icon_align":"right","text_padding":{"unit":"px","top":"0","right":"0","bottom":"0","left":"0","isLinked":false},"align_tablet":"center","_animation":"none"},"elements":[],"isInner":false,"widgetType":"button","elType":"widget"}],"isInner":true,"elType":"column"}],"isInner":true,"elType":"section"},{"id":"7ee68702","settings":{"content_width":{"unit":"px","size":1600,"sizes":[]},"animation":"fadeIn","animation_duration":"slow","gap":"no","padding_tablet":{"unit":"px","top":"0","right":"30","bottom":"0","left":"30","isLinked":false},"padding_mobile":{"unit":"px","top":"0","right":"10","bottom":"0","left":"10","isLinked":false}},"elements":[{"id":"64686c7d","settings":{"_column_size":100,"_inline_size":null,"space_between_widgets":0},"elements":[{"id":"f777343","settings":{"posts_limit":4,"show_author":"","box_padding_top":{"unit":"px","size":20,"sizes":[]},"box_padding_bottom":{"unit":"px","size":0,"sizes":[]},"image_margin":{"unit":"px","size":20,"sizes":[]},"title_typo_typography":"custom","title_typo_font_size":{"unit":"px","size":18,"sizes":[]},"title_typo_font_weight":"500","title_margin_top":{"unit":"px","size":10,"sizes":[]},"title_margin_bottom":{"unit":"px","size":0,"sizes":[]},"content_typo_typography":"custom","content_typo_font_size":{"unit":"px","size":15,"sizes":[]},"content_margin_bottom":{"unit":"px","size":0,"sizes":[]},"postmeta_typo_typography":"custom","postmeta_typo_font_size":{"unit":"px","size":15,"sizes":[]},"postmeta_margin_top":{"unit":"px","size":8,"sizes":[]},"author_padding":{"unit":"px","top":"20","right":"30","bottom":"0","left":"30","isLinked":false},"box_margin_bottom":{"unit":"px","size":9,"sizes":[]},"content_margin_top":{"unit":"px","size":0,"sizes":[]}},"elements":[],"isInner":false,"widgetType":"houzez_elementor_blog_posts","elType":"widget"},{"id":"33026d67","settings":{"space":{"unit":"px","size":20,"sizes":[]}},"elements":[],"isInner":false,"widgetType":"spacer","elType":"widget"}],"isInner":true,"elType":"column"}],"isInner":true,"elType":"section"},{"id":"7a356098","settings":{"space":{"unit":"px","size":100,"sizes":[]},"space_tablet":{"unit":"px","size":50,"sizes":[]}},"elements":[],"isInner":false,"widgetType":"spacer","elType":"widget"}],"isInner":false,"elType":"column"}],"isInner":false,"elType":"section"}],"page_settings":{"background_color":"#FFFFFF"},"version":"0.4","title":"Demo 25 - About me","type":"page"}