{"content":[{"id":"2941698d","settings":{"height":"min-height","background_color":"#FFF3F1","custom_height":{"unit":"px","size":360,"sizes":[]},"custom_height_tablet":{"unit":"vh","size":34,"sizes":[]},"custom_height_mobile":{"unit":"vh","size":36,"sizes":[]},"background_image":{"url":"","id":"","alt":"","source":"library"},"background_position":"center center","background_repeat":"no-repeat","background_size":"cover","background_slideshow_ken_burns":"yes","background_overlay_color":"#FFF3F1","background_overlay_opacity":{"unit":"px","size":0.9,"sizes":[]},"content_width":{"unit":"px","size":1370,"sizes":[]},"gap":"no","column_position":"stretch","structure":"20","background_color_b":"#D5806E","background_gradient_angle":{"unit":"deg","size":10,"sizes":[]},"shape_divider_bottom_height":{"unit":"px","size":25,"sizes":[]},"shape_divider_bottom_negative":"yes","shape_divider_bottom_above_content":"yes","background_color_stop":{"unit":"%","size":59,"sizes":[]},"background_overlay_color_stop":{"unit":"%","size":71,"sizes":[]},"background_overlay_color_b":"#E9AFA3E0","background_overlay_color_b_stop":{"unit":"%","size":0,"sizes":[]},"background_overlay_gradient_angle":{"unit":"deg","size":120,"sizes":[]},"shape_divider_bottom_color":"#FFFFFF","shape_divider_bottom_flip":"yes","background_background":"classic","reverse_order_mobile":"reverse-mobile","animation":"fadeIn"},"elements":[{"id":"3af0ee5c","settings":{"_column_size":50,"_inline_size":60.943,"_inline_size_tablet":50,"content_position":"center","content_position_tablet":"bottom","content_position_mobile":"bottom","padding_tablet":{"unit":"%","top":"0","right":"0","bottom":"12","left":"18","isLinked":false},"padding_mobile":{"unit":"px","top":"30","right":"10","bottom":"10","left":"10","isLinked":false},"background_color":"#00000045"},"elements":[],"isInner":false,"elType":"column"},{"id":"4be7b826","settings":{"_column_size":50,"_inline_size":39.016,"content_position":"bottom","align":"flex-end","_inline_size_tablet":50},"elements":[],"isInner":false,"elType":"column"}],"isInner":false,"elType":"section"},{"id":"1a25d2ec","settings":{"z_index":1,"content_width":{"unit":"px","size":1400,"sizes":[]},"background_background":"classic","background_color":"#FFFFFF","padding":{"unit":"px","top":"50","right":"0","bottom":"0","left":"0","isLinked":false}},"elements":[{"id":"461936f2","settings":{"_column_size":100,"_inline_size":null},"elements":[{"id":"5124a7b","settings":{"structure":"30","reverse_order_mobile":"reverse-mobile"},"elements":[{"id":"5c83ce7c","settings":{"_column_size":33,"_inline_size":null},"elements":[{"id":"4ea42fc4","settings":{"address":"135 Bradley Pl, Palm Beach, FL 33480","zoom":{"unit":"px","size":14,"sizes":[]},"_box_shadow_box_shadow_type":"yes","_box_shadow_box_shadow":{"horizontal":0,"vertical":40,"blur":40,"spread":0,"color":"rgba(0, 0, 0, 0.1)"},"_margin":{"unit":"px","top":"-230","right":"0","bottom":"0","left":"0","isLinked":false},"_z_index":1,"_border_border":"solid","_border_width":{"unit":"px","top":"10","right":"10","bottom":"10","left":"10","isLinked":true},"_border_color":"#FFFFFF"},"elements":[],"isInner":false,"widgetType":"google_maps","elType":"widget"},{"id":"4c218b73","settings":{"icon_list":[{"_id":"d41f7db","text":"135 Bradley Pl, Palm Beach, FL 33480","selected_icon":{"value":{"url":"https:\/\/demo25.houzez.co\/wp-content\/uploads\/2022\/04\/pin.svg","id":44206},"library":"svg"}},{"text":"(987) 654 3210","selected_icon":{"value":{"url":"https:\/\/demo25.houzez.co\/wp-content\/uploads\/2022\/04\/whatsapp.svg","id":44207},"library":"svg"},"_id":"519e0a7","link":{"url":"tel:9876543210","is_external":"","nofollow":"","custom_attributes":""}}],"space_between":{"unit":"px","size":5,"sizes":[]},"icon_size":{"unit":"px","size":20,"sizes":[]},"_animation":"fadeInUp","animation_duration":"slow","_margin_mobile":{"unit":"px","top":"0","right":"0","bottom":"0","left":"0","isLinked":false},"icon_align_mobile":"center","_margin":{"unit":"px","top":"20","right":"0","bottom":"15","left":"0","isLinked":false},"_padding_mobile":{"unit":"px","top":"0","right":"10","bottom":"0","left":"10","isLinked":false},"icon_typography_typography":"custom","icon_typography_letter_spacing":{"unit":"px","size":1,"sizes":[]},"icon_typography_font_size_tablet":{"unit":"px","size":14,"sizes":[]},"_margin_tablet":{"unit":"px","top":"0","right":"0","bottom":"5","left":"0","isLinked":false},"text_color":"#565656"},"elements":[],"isInner":false,"widgetType":"icon-list","elType":"widget"},{"id":"57205d2d","settings":{"title":"Find me on","header_size":"p","align":"left","title_color":"#5D5D5D","typography_typography":"custom","typography_font_family":"Jost","typography_font_size":{"unit":"px","size":13,"sizes":[]},"typography_font_weight":"400","typography_letter_spacing":{"unit":"px","size":5,"sizes":[]},"_animation":"fadeInDown","animation_duration":"slow","_margin":{"unit":"px","top":"0","right":"0","bottom":"10","left":"0","isLinked":false},"typography_text_transform":"uppercase","typography_line_height":{"unit":"em","size":1.5,"sizes":[]},"_margin_mobile":{"unit":"px","top":"0","right":"0","bottom":"05","left":"0","isLinked":false},"align_mobile":"center","typography_font_size_tablet":{"unit":"px","size":12,"sizes":[]}},"elements":[],"isInner":false,"widgetType":"heading","elType":"widget"},{"id":"4e25a13b","settings":{"social_icon_list":[{"_id":"46820de","social_icon":{"value":"fab fa-instagram","library":"fa-brands"},"item_icon_color":"custom","item_icon_primary_color":"#02010100"},{"social_icon":{"value":"fab fa-facebook-f","library":"fa-brands"},"_id":"0e3d5fc","item_icon_color":"custom","item_icon_primary_color":"#FFFFFF00"},{"social_icon":{"value":"fab fa-twitter","library":"fa-brands"},"item_icon_color":"custom","item_icon_primary_color":"#02010100","_id":"aa1e6f6"},{"social_icon":{"value":"fab fa-youtube","library":"fa-brands"},"item_icon_color":"custom","item_icon_primary_color":"#02010100","_id":"326875c"},{"_id":"7ac4419","social_icon":{"value":"fab fa-linkedin","library":"fa-brands"},"link":{"url":"link","is_external":"true","nofollow":"","custom_attributes":""},"item_icon_color":"custom","item_icon_primary_color":"#02010100"}],"shape":"circle","icon_color":"custom","icon_size":{"unit":"px","size":15,"sizes":[]},"icon_spacing":{"unit":"px","size":6,"sizes":[]},"image_border_border":"solid","image_border_width":{"unit":"px","top":"1","right":"1","bottom":"1","left":"1","isLinked":true},"image_border_color":"#7E7E7E","_animation":"fadeInUp","align":"left","align_mobile":"center","_margin_mobile":{"unit":"px","top":"0","right":"0","bottom":"80","left":"0","isLinked":false},"icon_primary_color":"#666666","icon_secondary_color":"#808080"},"elements":[],"isInner":false,"widgetType":"social-icons","elType":"widget"}],"isInner":true,"elType":"column"},{"id":"10247dd5","settings":{"_column_size":33,"_inline_size":8.689},"elements":[],"isInner":true,"elType":"column"},{"id":"45ab4e75","settings":{"_column_size":33,"_inline_size":57.643},"elements":[{"id":"6e4c632a","settings":{"title":"Get in touch","typography_typography":"custom","typography_font_size":{"unit":"px","size":40,"sizes":[]},"typography_font_weight":"400","_margin":{"unit":"px","top":"0","right":"0","bottom":"30","left":"-3","isLinked":false},"_animation":"fadeIn","animation_duration":"slow","align_mobile":"center","typography_font_size_mobile":{"unit":"px","size":35,"sizes":[]},"typography_font_size_tablet":{"unit":"px","size":40,"sizes":[]},"_margin_tablet":{"unit":"px","top":"0","right":"0","bottom":"30","left":"0","isLinked":false}},"elements":[],"isInner":false,"widgetType":"heading","elType":"widget"},{"id":"11b5ae46","settings":{"editor":"<p>If you have any questions about the post or the blog, please feel free to contact us and we will do our best to answer your questions.<\/p>","text_color":"#393939","_animation":"fadeInUp","animation_duration":"slow","align_mobile":"center"},"elements":[],"isInner":false,"widgetType":"text-editor","elType":"widget"},{"id":"29cf4bb7","settings":{"form_name":"New Form","form_fields":[{"_id":"ba74d26","field_type":"user_type","field_label":"Type","placeholder":"Select","field_options":"I want to buy\nI want to sell\n"},{"_id":"name","field_type":"name","field_label":"Name","placeholder":"Name"},{"_id":"email","field_type":"email","required":"true","field_label":"Email","placeholder":"Email","width":"50"},{"field_type":"mobile","field_label":"Phone","placeholder":"Phone","width":"50","_id":"ac2e031"},{"_id":"message","field_type":"message","field_label":"Message","placeholder":"Message"}],"show_labels":"","gdpr_agreement":"yes","gdpr_label":"GDPR Agreement","gdpr_required":"true","gdpr_text":"I consent to having this website store my submitted information","button_text":"Submit","email_to":"hello@favethemes.com","email_subject":"New message from &quot;Houzez - Highly Customizable Real Estate WordPress Theme&quot;","field_typography_typography":"custom","field_gdpr_color":"#121D31","gdpr_typography_typography":"custom","gdpr_typography_font_size":{"unit":"px","size":14,"sizes":[]},"_background_color":"#F9F9F9","con_google_recaptcha":"yes","input_size":"md","button_size":"md","button_background_color":"#E1A397","button_typography_typography":"custom","button_typography_font_weight":"600","button_background_hover_color":"#1E5C7A","_margin_mobile":{"unit":"px","top":"30","right":"0","bottom":"0","left":"0","isLinked":false},"button_typography_text_transform":"uppercase","button_border_radius":{"unit":"px","top":"4","right":"4","bottom":"4","left":"4","isLinked":true},"label_typography_typography":"custom","label_typography_font_size":{"unit":"px","size":15,"sizes":[]},"label_typography_font_weight":"500","field_text_color":"#C0C0C0","field_typography_font_weight":"400","field_border_color":"#E7E7E7","gdpr_typography_line_height":{"unit":"em","size":1.5,"sizes":[]},"button_typography_font_family":"Jost","button_typography_font_size":{"unit":"px","size":13,"sizes":[]},"button_typography_letter_spacing":{"unit":"px","size":3,"sizes":[]},"_padding":{"unit":"px","top":"35","right":"30","bottom":"25","left":"30","isLinked":false},"_animation":"fadeIn","animation_duration":"slow","_background_background":"classic","_border_radius":{"unit":"px","top":"4","right":"4","bottom":"4","left":"4","isLinked":true}},"elements":[],"isInner":false,"widgetType":"houzez_elementor_contact_form","elType":"widget"},{"id":"d5eb258","settings":{"space":{"unit":"px","size":55,"sizes":[]}},"elements":[],"isInner":false,"widgetType":"spacer","elType":"widget"}],"isInner":true,"elType":"column"}],"isInner":true,"elType":"section"}],"isInner":false,"elType":"column"}],"isInner":false,"elType":"section"}],"page_settings":{"background_color":"#FFFFFF"},"version":"0.4","title":"Demo 25 - Contact","type":"page"}