{"content":[{"id":"7032aa0","settings":{"height":"min-height","background_color":"#FFFFFF","custom_height":{"unit":"vh","size":85,"sizes":[]},"custom_height_tablet":{"unit":"vh","size":78,"sizes":[]},"custom_height_mobile":{"unit":"vh","size":100,"sizes":[]},"background_image":{"url":"https:\/\/demo25.houzez.co\/wp-content\/uploads\/2022\/05\/demo-32-scaled.jpg","id":44610,"alt":"","source":"library"},"background_position":"center center","background_repeat":"no-repeat","background_size":"cover","background_slideshow_ken_burns":"yes","background_overlay_color":"#FFFFFFF5","background_overlay_opacity":{"unit":"px","size":1,"sizes":[]},"content_width":{"unit":"px","size":1370,"sizes":[]},"gap":"no","column_position":"stretch","structure":"22","background_color_b":"#D5806E","background_gradient_angle":{"unit":"deg","size":10,"sizes":[]},"shape_divider_bottom":"waves","shape_divider_bottom_height":{"unit":"px","size":25,"sizes":[]},"shape_divider_bottom_negative":"yes","shape_divider_bottom_above_content":"yes","background_color_stop":{"unit":"%","size":59,"sizes":[]},"background_overlay_color_stop":{"unit":"%","size":71,"sizes":[]},"background_overlay_color_b":"#E9AFA3E0","background_overlay_color_b_stop":{"unit":"%","size":0,"sizes":[]},"background_overlay_gradient_angle":{"unit":"deg","size":120,"sizes":[]},"shape_divider_bottom_color":"#FFFFFF","shape_divider_bottom_flip":"yes","background_background":"classic","reverse_order_mobile":"reverse-mobile","animation":"fadeIn"},"elements":[{"id":"33a9a541","settings":{"_column_size":66,"_inline_size":54.701,"_inline_size_tablet":50,"content_position":"center","content_position_tablet":"bottom","content_position_mobile":"bottom","padding_tablet":{"unit":"%","top":"0","right":"0","bottom":"12","left":"18","isLinked":false},"padding_mobile":{"unit":"px","top":"30","right":"10","bottom":"10","left":"10","isLinked":false},"background_color":"#00000045"},"elements":[{"id":"4190618c","settings":{"title":"Bel\u00e9n Mendoza","typography_typography":"custom","header_size":"h1","title_color":"#000000","typography_font_size":{"unit":"px","size":60,"sizes":[]},"_animation":"fadeInDown","animation_duration":"slow","typography_font_weight":"300","_margin":{"unit":"px","top":"50","right":"0","bottom":"0","left":"-3","isLinked":false},"align_mobile":"center","typography_font_size_tablet":{"unit":"px","size":40,"sizes":[]},"typography_font_size_mobile":{"unit":"px","size":40,"sizes":[]},"_margin_tablet":{"unit":"px","top":"0","right":"0","bottom":"0","left":"0","isLinked":true}},"elements":[],"isInner":false,"widgetType":"heading","elType":"widget"},{"id":"634a6a2a","settings":{"title":"Real Estate Agent in South Florida","header_size":"p","align":"left","title_color":"#8A8A8A","typography_typography":"custom","typography_font_family":"Jost","typography_font_size":{"unit":"px","size":13,"sizes":[]},"typography_font_weight":"500","typography_letter_spacing":{"unit":"px","size":5,"sizes":[]},"_animation":"fadeInDown","animation_duration":"slow","_margin":{"unit":"px","top":"0","right":"0","bottom":"10","left":"0","isLinked":false},"typography_text_transform":"uppercase","typography_line_height":{"unit":"em","size":1.5,"sizes":[]},"_margin_mobile":{"unit":"px","top":"0","right":"0","bottom":"05","left":"0","isLinked":false},"align_mobile":"center","typography_font_size_tablet":{"unit":"px","size":13,"sizes":[]},"typography_line_height_tablet":{"unit":"em","size":1.8,"sizes":[]}},"elements":[],"isInner":false,"widgetType":"heading","elType":"widget"},{"id":"7927b506","settings":{"editor":"<p>I am dedicated to bringing knowledge and experience in the real estate market in South Florida, with a well-founded background of international transactions. I have been working in this field for more than 20 years.<\/p>","text_columns":"1","column_gap":{"unit":"px","size":70,"sizes":[]},"typography_typography":"custom","typography_font_weight":"300","typography_letter_spacing":{"unit":"px","size":1,"sizes":[]},"typography_font_size":{"unit":"px","size":18,"sizes":[]},"text_columns_mobile":"1","_margin":{"unit":"px","top":"0","right":"100","bottom":"0","left":"0","isLinked":false},"_padding":{"unit":"px","top":"0","right":"0","bottom":"0","left":"0","isLinked":true},"align_mobile":"center","_margin_mobile":{"unit":"px","top":"0","right":"0","bottom":"0","left":"0","isLinked":true},"_animation":"fadeInUp","animation_duration":"slow"},"elements":[],"isInner":false,"widgetType":"text-editor","elType":"widget"},{"id":"5e44ce09","settings":{"text":"Get your home estimation","size":"md","typography_typography":"custom","typography_font_size":{"unit":"px","size":13,"sizes":[]},"typography_font_weight":"600","typography_text_transform":"uppercase","typography_letter_spacing":{"unit":"px","size":3,"sizes":[]},"background_color":"#E1A397","button_background_hover_color":"#1E5C7A","_margin":{"unit":"px","top":"0","right":"0","bottom":"0","left":"0","isLinked":true},"_margin_mobile":{"unit":"px","top":"30","right":"0","bottom":"0","left":"0","isLinked":false},"_padding":{"unit":"px","top":"0","right":"0","bottom":"0","left":"0","isLinked":true},"_animation":"fadeInUp","animation_duration":"slow","_background_background":"classic","_border_radius":{"unit":"px","top":"4","right":"4","bottom":"4","left":"4","isLinked":true},"link":{"url":"https:\/\/demo25.houzez.co\/how-much-is-my-home-worth\/","is_external":"","nofollow":"","custom_attributes":""}},"elements":[],"isInner":false,"widgetType":"button","elType":"widget"}],"isInner":false,"elType":"column"},{"id":"30e7414e","settings":{"_column_size":33,"_inline_size":44.631,"content_position":"bottom","align":"flex-end","_inline_size_tablet":50},"elements":[],"isInner":false,"elType":"column"}],"isInner":false,"elType":"section"},{"id":"35bb4390","settings":{"content_width":{"unit":"px","size":1380,"sizes":[]},"background_color":"#FFFFFF","background_background":"classic","background_color_stop":{"unit":"%","size":58,"sizes":[]},"background_color_b":"#1B1F2D","background_image":{"url":"","id":"","alt":"","source":"library"},"background_position":"center center","background_repeat":"no-repeat","background_size":"cover","background_overlay_color":"#FFEFEC","background_overlay_opacity":{"unit":"px","size":0.91,"sizes":[]},"shape_divider_top_color":"#1B1F2D","shape_divider_top_height":{"unit":"px","size":59,"sizes":[]},"shape_divider_top_flip":"yes","shape_divider_bottom_color":"#1B1F2D","shape_divider_bottom_height":{"unit":"px","size":44,"sizes":[]},"padding":{"unit":"px","top":"0","right":"30","bottom":"0","left":"30","isLinked":false},"padding_mobile":{"unit":"px","top":"0","right":"0","bottom":"0","left":"0","isLinked":true}},"elements":[{"id":"20a4ec18","settings":{"_column_size":100,"_inline_size":null},"elements":[{"id":"967e746","settings":{"space":{"unit":"px","size":45,"sizes":[]},"space_tablet":{"unit":"px","size":50,"sizes":[]}},"elements":[],"isInner":false,"widgetType":"spacer","elType":"widget"},{"id":"6de4a03","settings":{"layout":"full_width","animation":"fadeIn","animation_duration":"slow","content_position":"middle","structure":"22","margin":{"unit":"px","top":"0","right":0,"bottom":"0","left":0,"isLinked":false}},"elements":[{"id":"4efbb8d8","settings":{"_column_size":66,"_inline_size":null,"space_between_widgets":0,"padding":{"unit":"px","top":"0","right":"50","bottom":"0","left":"0","isLinked":false},"_inline_size_tablet":100,"_inline_size_mobile":100,"padding_mobile":{"unit":"px","top":"0","right":"0","bottom":"0","left":"0","isLinked":true}},"elements":[{"id":"2e46beab","settings":{"title":"Recently Added in South Florida","typography_typography":"custom","typography_font_size":{"unit":"px","size":36,"sizes":[]},"typography_font_weight":"400","_margin":{"unit":"px","top":"0","right":"0","bottom":"15","left":"0","isLinked":false},"_animation":"fadeIn","animation_duration":"slow","align_mobile":"center","typography_font_size_mobile":{"unit":"px","size":35,"sizes":[]},"typography_font_size_tablet":{"unit":"px","size":40,"sizes":[]},"_margin_tablet":{"unit":"px","top":"0","right":"0","bottom":"30","left":"0","isLinked":false}},"elements":[],"isInner":false,"widgetType":"heading","elType":"widget"},{"id":"4bceaeee","settings":{"text":"View all listings","align":"left","size":"md","typography_typography":"custom","typography_font_size":{"unit":"px","size":13,"sizes":[]},"typography_text_transform":"uppercase","typography_line_height":{"unit":"em","size":1.5,"sizes":[]},"typography_letter_spacing":{"unit":"px","size":5,"sizes":[]},"background_color":"#1B1F2D00","hover_color":"#E9AFA3","border_width":{"unit":"px","top":"1","right":"1","bottom":"1","left":"1","isLinked":true},"border_radius":{"unit":"px","top":"0","right":"0","bottom":"0","left":"0","isLinked":true},"typography_font_family":"Jost","typography_font_weight":"500","button_text_color":"#E9AFA3","border_color":"#1B1F2D","link":{"url":"https:\/\/demo25.houzez.co\/mls-search\/","is_external":"","nofollow":"","custom_attributes":""},"selected_icon":{"value":"fas fa-long-arrow-alt-right","library":"fa-solid"},"icon_align":"right","text_padding":{"unit":"px","top":"0","right":"0","bottom":"0","left":"0","isLinked":false},"align_tablet":"center","_animation":"none"},"elements":[],"isInner":false,"widgetType":"button","elType":"widget"}],"isInner":true,"elType":"column"},{"id":"568a98fb","settings":{"_column_size":33,"_inline_size":null,"space_between_widgets":0,"_inline_size_tablet":100,"space_between_widgets_tablet":0},"elements":[],"isInner":true,"elType":"column"}],"isInner":true,"elType":"section"},{"id":"472893ff","settings":{"slides_to_show":"5","auto_speed":"3000","_animation":"fadeIn","np_bg_color":"#E9AFA3","np_color":"#FFFFFF","np_bg_color_hover":"#FFE6E1","np_color_hover":"#D56D57","_margin":{"unit":"px","top":"-15","right":"0","bottom":"0","left":"0","isLinked":false}},"elements":[],"isInner":false,"widgetType":"houzez_elementor_properties_carousel_v1","elType":"widget"}],"isInner":false,"elType":"column"}],"isInner":false,"elType":"section"},{"id":"448bb1e2","settings":{"content_width":{"unit":"px","size":1390,"sizes":[]},"background_background":"classic","background_color":"#FFFFFF","animation":"fadeIn"},"elements":[{"id":"3a359243","settings":{"_column_size":100,"_inline_size":null,"space_between_widgets":0},"elements":[{"id":"331fbc91","settings":[],"elements":[],"isInner":false,"widgetType":"spacer","elType":"widget"},{"id":"198bc4f","settings":{"layout":"full_width","background_background":"classic","background_color":"#FFF0ED","border_radius":{"unit":"px","top":"8","right":"8","bottom":"8","left":"8","isLinked":true},"box_shadow_box_shadow":{"horizontal":0,"vertical":40,"blur":40,"spread":0,"color":"rgba(0, 0, 0, 0.15)"},"padding":{"unit":"px","top":"15","right":"30","bottom":"20","left":"30","isLinked":false},"z_index":1},"elements":[{"id":"6294924","settings":{"_column_size":100,"_inline_size":null,"space_between_widgets":0},"elements":[{"id":"5e0d018e","settings":{"title":"Newsletter Sign up","align":"left","typography_typography":"custom","typography_font_size":{"unit":"px","size":14,"sizes":[]},"typography_font_weight":"500","_margin":{"unit":"px","top":"0","right":"0","bottom":"15","left":"0","isLinked":false},"_animation":"fadeIn","animation_duration":"slow","align_mobile":"center","typography_letter_spacing":{"unit":"px","size":5,"sizes":[]},"typography_line_height":{"unit":"em","size":1.5,"sizes":[]},"title_color":"#000000","typography_font_family":"Jost","typography_text_transform":"uppercase","_margin_mobile":{"unit":"px","top":"0","right":"0","bottom":"05","left":"0","isLinked":false}},"elements":[],"isInner":false,"widgetType":"heading","elType":"widget"},{"id":"4053446a","settings":{"form_name":"New Form","form_fields":[{"_id":"name","field_type":"name","field_label":"Name","placeholder":"Name","width":"40"},{"_id":"email","field_type":"email","required":"true","field_label":"Email","placeholder":"Email","width":"40"}],"show_labels":"","gdpr_agreement":"","gdpr_label":"GDPR Agreement","gdpr_required":"true","gdpr_text":"I consent to having this website store my submitted information","button_text":"Submit","email_to":"hello@favethemes.com","email_subject":"New message from &quot;Houzez - Highly Customizable Real Estate WordPress Theme&quot;","field_typography_typography":"custom","field_gdpr_color":"#121D31","gdpr_typography_typography":"custom","gdpr_typography_font_size":{"unit":"px","size":14,"sizes":[]},"con_google_recaptcha":"yes","input_size":"lg","button_size":"lg","button_background_color":"#E1A397","button_typography_typography":"custom","button_typography_font_weight":"600","button_background_hover_color":"#1E5C7A","_margin_mobile":{"unit":"px","top":"30","right":"0","bottom":"0","left":"0","isLinked":false},"button_typography_text_transform":"uppercase","_padding":{"unit":"px","top":"0","right":"0","bottom":"0","left":"0","isLinked":true},"_background_background":"classic","_border_radius":{"unit":"px","top":"4","right":"4","bottom":"4","left":"4","isLinked":true},"label_typography_typography":"custom","label_typography_font_size":{"unit":"px","size":15,"sizes":[]},"label_typography_font_weight":"500","field_typography_font_weight":"400","field_border_color":"#FFE7E2","gdpr_typography_line_height":{"unit":"em","size":1.5,"sizes":[]},"button_typography_font_family":"Jost","button_typography_font_size":{"unit":"px","size":13,"sizes":[]},"button_typography_letter_spacing":{"unit":"px","size":3,"sizes":[]},"_animation":"none","animation_duration":"slow","button_width":"20","webhook":"","column_gap":{"unit":"px","size":15,"sizes":[]},"row_gap":{"unit":"px","size":0,"sizes":[]},"_margin":{"unit":"px","top":"0","right":"0","bottom":"0","left":"0","isLinked":true}},"elements":[],"isInner":false,"widgetType":"houzez_elementor_contact_form","elType":"widget"}],"isInner":true,"elType":"column"}],"isInner":true,"elType":"section"}],"isInner":false,"elType":"column"}],"isInner":false,"elType":"section"},{"id":"ff8cf69","settings":{"content_width":{"unit":"px","size":1390,"sizes":[]},"background_background":"classic","background_color":"#FFFFFF","animation":"fadeIn"},"elements":[{"id":"4ad57290","settings":{"_column_size":100,"_inline_size":null},"elements":[{"id":"65b0b44b","settings":{"space":{"unit":"px","size":70,"sizes":[]}},"elements":[],"isInner":false,"widgetType":"spacer","elType":"widget"},{"id":"614d7afb","settings":{"layout":"full_width","animation":"fadeIn","animation_duration":"slow","content_position":"middle","structure":"22","margin":{"unit":"px","top":"0","right":0,"bottom":"0","left":0,"isLinked":false}},"elements":[{"id":"129f87c5","settings":{"_column_size":66,"_inline_size":null,"space_between_widgets":0,"padding":{"unit":"px","top":"0","right":"50","bottom":"0","left":"0","isLinked":false},"_inline_size_tablet":100,"_inline_size_mobile":100,"padding_mobile":{"unit":"px","top":"0","right":"0","bottom":"0","left":"0","isLinked":true}},"elements":[{"id":"3f4f1fb","settings":{"title":"Explore Communities in South Florida","typography_typography":"custom","typography_font_size":{"unit":"px","size":36,"sizes":[]},"typography_font_weight":"400","_margin":{"unit":"px","top":"0","right":"0","bottom":"15","left":"0","isLinked":false},"_animation":"fadeIn","animation_duration":"slow","align_mobile":"center","typography_font_size_mobile":{"unit":"px","size":35,"sizes":[]},"typography_font_size_tablet":{"unit":"px","size":40,"sizes":[]},"_margin_tablet":{"unit":"px","top":"0","right":"0","bottom":"30","left":"0","isLinked":false}},"elements":[],"isInner":false,"widgetType":"heading","elType":"widget"},{"id":"4c38f648","settings":{"text":"View all listings","align":"left","size":"md","typography_typography":"custom","typography_font_size":{"unit":"px","size":13,"sizes":[]},"typography_text_transform":"uppercase","typography_line_height":{"unit":"em","size":1.5,"sizes":[]},"typography_letter_spacing":{"unit":"px","size":5,"sizes":[]},"background_color":"#1B1F2D00","hover_color":"#E9AFA3","border_width":{"unit":"px","top":"1","right":"1","bottom":"1","left":"1","isLinked":true},"border_radius":{"unit":"px","top":"0","right":"0","bottom":"0","left":"0","isLinked":true},"typography_font_family":"Jost","typography_font_weight":"500","button_text_color":"#E9AFA3","border_color":"#1B1F2D","link":{"url":"https:\/\/demo25.houzez.co\/mls-search\/","is_external":"","nofollow":"","custom_attributes":""},"selected_icon":{"value":"fas fa-long-arrow-alt-right","library":"fa-solid"},"icon_align":"right","text_padding":{"unit":"px","top":"0","right":"0","bottom":"0","left":"0","isLinked":false},"align_tablet":"center","_animation":"none"},"elements":[],"isInner":false,"widgetType":"button","elType":"widget"},{"id":"3ed704a","settings":{"space":{"unit":"px","size":20,"sizes":[]}},"elements":[],"isInner":false,"widgetType":"spacer","elType":"widget"}],"isInner":true,"elType":"column"},{"id":"65598a13","settings":{"_column_size":33,"_inline_size":null,"space_between_widgets":0,"_inline_size_tablet":100,"space_between_widgets_tablet":0},"elements":[],"isInner":true,"elType":"column"}],"isInner":true,"elType":"section"},{"id":"4f2d427c","settings":{"gap":"narrow","structure":"60","background_image":{"url":"","id":"","alt":"","source":"library"},"content_width":{"unit":"px","size":1380,"sizes":[]},"background_background":"classic","background_color":"#FFFFFF","background_color_stop":{"unit":"%","size":58,"sizes":[]},"background_color_b":"#1B1F2D","background_position":"center center","background_repeat":"no-repeat","background_size":"cover","background_overlay_color":"#FFEFEC","background_overlay_opacity":{"unit":"px","size":0.91,"sizes":[]},"shape_divider_top_color":"#1B1F2D","shape_divider_top_height":{"unit":"px","size":59,"sizes":[]},"shape_divider_top_flip":"yes","shape_divider_bottom_color":"#1B1F2D","shape_divider_bottom_height":{"unit":"px","size":44,"sizes":[]},"padding_mobile":{"unit":"px","top":"0","right":"0","bottom":"0","left":"0","isLinked":true},"layout":"full_width"},"elements":[{"id":"71cb13e2","settings":{"_column_size":16,"_inline_size":null,"_inline_size_tablet":33},"elements":[{"id":"6de95fe8","settings":{"grid_data":"dynamic","more_text":"More Details","grid_taxonomy":"property_city","tax_city":"englewood","more_text_d":"More Details","properties_text":"Properties","property_text":"Property","grid_type":"grid-item-v3","grid_v3_height":{"unit":"%","size":148,"sizes":[]},"grid_item_margin":{"unit":"px","size":10,"sizes":[]},"grid_title_typography_typography":"custom","grid_title_typography_font_family":"","grid_title_typography_font_weight":"600","grid_subtitle_typography_typography":"custom","grid_subtitle_typography_font_family":"Quicksand","grid_subtitle_typography_font_weight":"700","grid_v3_height_tablet":{"unit":"%","size":148,"sizes":[]},"grid_item_margin_tablet":{"unit":"px","size":0,"sizes":[]},"grid_item_margin_mobile":{"unit":"px","size":0,"sizes":[]},"image":{"id":44556,"url":"https:\/\/demo25.houzez.co\/wp-content\/uploads\/2022\/05\/placeholder.png"},"tax_custom_image":{"id":44557,"url":"https:\/\/demo25.houzez.co\/wp-content\/uploads\/2022\/05\/placeholder-1.png"},"grid_title_typography_font_size":{"unit":"px","size":14,"sizes":[]}},"elements":[],"isInner":false,"widgetType":"Houzez_elementor_grid_builder","elType":"widget"}],"isInner":true,"elType":"column"},{"id":"6a7d79fe","settings":{"_column_size":16,"_inline_size":null,"_inline_size_tablet":33},"elements":[{"id":"39d71b1a","settings":{"grid_data":"dynamic","more_text":"More Details","grid_taxonomy":"property_city","tax_city":"longboat-key","more_text_d":"More Details","properties_text":"Properties","property_text":"Property","grid_item_margin":{"unit":"px","size":10,"sizes":[]},"grid_title_typography_typography":"custom","grid_title_typography_font_family":"","grid_title_typography_font_weight":"600","grid_subtitle_typography_typography":"custom","grid_subtitle_typography_font_family":"Quicksand","grid_subtitle_typography_font_weight":"700","grid_item_margin_tablet":{"unit":"px","size":10,"sizes":[]},"grid_item_margin_mobile":{"unit":"px","size":10,"sizes":[]},"image":{"id":44558,"url":"https:\/\/demo25.houzez.co\/wp-content\/uploads\/2022\/05\/placeholder-2.png"},"tax_custom_image":{"id":44559,"url":"https:\/\/demo25.houzez.co\/wp-content\/uploads\/2022\/05\/placeholder-3.png"},"grid_title_typography_font_size":{"unit":"px","size":13,"sizes":[]}},"elements":[],"isInner":false,"widgetType":"Houzez_elementor_grid_builder","elType":"widget"},{"id":"7e4dd75b","settings":{"grid_data":"dynamic","more_text":"More Details","grid_taxonomy":"property_city","tax_city":"new-smyrna-beach","more_text_d":"More Details","properties_text":"Properties","property_text":"Property","grid_item_margin":{"unit":"px","size":10,"sizes":[]},"grid_title_typography_typography":"custom","grid_title_typography_font_family":"","grid_title_typography_font_weight":"600","grid_subtitle_typography_typography":"custom","grid_subtitle_typography_font_family":"Quicksand","grid_subtitle_typography_font_weight":"700","grid_item_margin_tablet":{"unit":"px","size":10,"sizes":[]},"grid_item_margin_mobile":{"unit":"px","size":10,"sizes":[]},"image":{"id":44560,"url":"https:\/\/demo25.houzez.co\/wp-content\/uploads\/2022\/05\/placeholder-4.png"},"tax_custom_image":{"id":44561,"url":"https:\/\/demo25.houzez.co\/wp-content\/uploads\/2022\/05\/placeholder-5.png"},"grid_title_typography_font_size":{"unit":"px","size":13,"sizes":[]}},"elements":[],"isInner":false,"widgetType":"Houzez_elementor_grid_builder","elType":"widget"}],"isInner":true,"elType":"column"},{"id":"6dfbcec3","settings":{"_column_size":16,"_inline_size":null,"_inline_size_tablet":33},"elements":[{"id":"48d844c8","settings":{"grid_data":"dynamic","more_text":"More Details","grid_taxonomy":"property_city","tax_city":"high-springs","more_text_d":"More Details","properties_text":"Properties","property_text":"Property","grid_item_margin":{"unit":"px","size":10,"sizes":[]},"grid_title_typography_typography":"custom","grid_title_typography_font_family":"","grid_title_typography_font_weight":"600","grid_subtitle_typography_typography":"custom","grid_subtitle_typography_font_family":"Quicksand","grid_subtitle_typography_font_weight":"700","grid_item_margin_tablet":{"unit":"px","size":10,"sizes":[]},"grid_item_margin_mobile":{"unit":"px","size":10,"sizes":[]},"image":{"id":44562,"url":"https:\/\/demo25.houzez.co\/wp-content\/uploads\/2022\/05\/placeholder-6.png"},"tax_custom_image":{"id":44563,"url":"https:\/\/demo25.houzez.co\/wp-content\/uploads\/2022\/05\/placeholder-7.png"},"grid_title_typography_font_size":{"unit":"px","size":13,"sizes":[]}},"elements":[],"isInner":false,"widgetType":"Houzez_elementor_grid_builder","elType":"widget"},{"id":"23fbc79e","settings":{"grid_data":"dynamic","more_text":"More Details","grid_taxonomy":"property_city","tax_city":"ocala","more_text_d":"More Details","properties_text":"Properties","property_text":"Property","grid_item_margin":{"unit":"px","size":10,"sizes":[]},"grid_title_typography_typography":"custom","grid_title_typography_font_family":"","grid_title_typography_font_weight":"600","grid_subtitle_typography_typography":"custom","grid_subtitle_typography_font_family":"Quicksand","grid_subtitle_typography_font_weight":"700","grid_item_margin_tablet":{"unit":"px","size":10,"sizes":[]},"grid_item_margin_mobile":{"unit":"px","size":10,"sizes":[]},"image":{"id":44564,"url":"https:\/\/demo25.houzez.co\/wp-content\/uploads\/2022\/05\/placeholder-8.png"},"tax_custom_image":{"id":44565,"url":"https:\/\/demo25.houzez.co\/wp-content\/uploads\/2022\/05\/placeholder-9.png"},"grid_title_typography_font_size":{"unit":"px","size":13,"sizes":[]}},"elements":[],"isInner":false,"widgetType":"Houzez_elementor_grid_builder","elType":"widget"}],"isInner":true,"elType":"column"},{"id":"3cc71409","settings":{"_column_size":16,"_inline_size":null,"_inline_size_tablet":33},"elements":[{"id":"2097a3e9","settings":{"grid_data":"dynamic","more_text":"More Details","grid_taxonomy":"property_city","tax_city":"orlando","more_text_d":"More Details","properties_text":"Properties","property_text":"Property","grid_type":"grid-item-v3","grid_v3_height":{"unit":"%","size":148,"sizes":[]},"grid_item_margin":{"unit":"px","size":10,"sizes":[]},"grid_title_typography_typography":"custom","grid_title_typography_font_family":"","grid_title_typography_font_weight":"600","grid_subtitle_typography_typography":"custom","grid_subtitle_typography_font_family":"Quicksand","grid_subtitle_typography_font_weight":"700","grid_v3_height_tablet":{"unit":"%","size":148,"sizes":[]},"grid_item_margin_tablet":{"unit":"px","size":0,"sizes":[]},"grid_item_margin_mobile":{"unit":"px","size":0,"sizes":[]},"image":{"id":44566,"url":"https:\/\/demo25.houzez.co\/wp-content\/uploads\/2022\/05\/placeholder-10.png"},"tax_custom_image":{"id":44567,"url":"https:\/\/demo25.houzez.co\/wp-content\/uploads\/2022\/05\/placeholder-11.png"},"grid_title_typography_font_size":{"unit":"px","size":14,"sizes":[]}},"elements":[],"isInner":false,"widgetType":"Houzez_elementor_grid_builder","elType":"widget"}],"isInner":true,"elType":"column"},{"id":"1de0bfcf","settings":{"_column_size":16,"_inline_size":null,"_inline_size_tablet":33},"elements":[{"id":"573af4eb","settings":{"grid_data":"dynamic","more_text":"More Details","grid_taxonomy":"property_city","tax_city":"placida","more_text_d":"More Details","properties_text":"Properties","property_text":"Property","grid_item_margin":{"unit":"px","size":10,"sizes":[]},"grid_title_typography_typography":"custom","grid_title_typography_font_family":"","grid_title_typography_font_weight":"600","grid_subtitle_typography_typography":"custom","grid_subtitle_typography_font_family":"Quicksand","grid_subtitle_typography_font_weight":"700","grid_item_margin_tablet":{"unit":"px","size":10,"sizes":[]},"grid_item_margin_mobile":{"unit":"px","size":10,"sizes":[]},"image":{"id":44568,"url":"https:\/\/demo25.houzez.co\/wp-content\/uploads\/2022\/05\/placeholder-12.png"},"tax_custom_image":{"id":44569,"url":"https:\/\/demo25.houzez.co\/wp-content\/uploads\/2022\/05\/placeholder-13.png"},"grid_title_typography_font_size":{"unit":"px","size":13,"sizes":[]}},"elements":[],"isInner":false,"widgetType":"Houzez_elementor_grid_builder","elType":"widget"},{"id":"554b2ac1","settings":{"grid_data":"dynamic","more_text":"More Details","grid_taxonomy":"property_city","tax_city":"sarasota","more_text_d":"More Details","properties_text":"Properties","property_text":"Property","grid_item_margin":{"unit":"px","size":10,"sizes":[]},"grid_title_typography_typography":"custom","grid_title_typography_font_family":"","grid_title_typography_font_weight":"600","grid_subtitle_typography_typography":"custom","grid_subtitle_typography_font_family":"Quicksand","grid_subtitle_typography_font_weight":"700","grid_item_margin_tablet":{"unit":"px","size":10,"sizes":[]},"grid_item_margin_mobile":{"unit":"px","size":10,"sizes":[]},"image":{"id":44570,"url":"https:\/\/demo25.houzez.co\/wp-content\/uploads\/2022\/05\/placeholder-14.png"},"tax_custom_image":{"id":44571,"url":"https:\/\/demo25.houzez.co\/wp-content\/uploads\/2022\/05\/placeholder-15.png"},"grid_title_typography_font_size":{"unit":"px","size":13,"sizes":[]}},"elements":[],"isInner":false,"widgetType":"Houzez_elementor_grid_builder","elType":"widget"}],"isInner":true,"elType":"column"},{"id":"2a85ad6b","settings":{"_column_size":16,"_inline_size":null,"_inline_size_tablet":33},"elements":[{"id":"48187e80","settings":{"grid_data":"dynamic","more_text":"More Details","grid_taxonomy":"property_city","tax_city":"wildwood","more_text_d":"More Details","properties_text":"Properties","property_text":"Property","grid_item_margin":{"unit":"px","size":10,"sizes":[]},"grid_title_typography_typography":"custom","grid_title_typography_font_family":"","grid_title_typography_font_weight":"600","grid_subtitle_typography_typography":"custom","grid_subtitle_typography_font_family":"Quicksand","grid_subtitle_typography_font_weight":"700","grid_item_margin_tablet":{"unit":"px","size":10,"sizes":[]},"grid_item_margin_mobile":{"unit":"px","size":10,"sizes":[]},"image":{"id":44572,"url":"https:\/\/demo25.houzez.co\/wp-content\/uploads\/2022\/05\/placeholder-16.png"},"tax_custom_image":{"id":44573,"url":"https:\/\/demo25.houzez.co\/wp-content\/uploads\/2022\/05\/placeholder-17.png"},"grid_title_typography_font_size":{"unit":"px","size":13,"sizes":[]}},"elements":[],"isInner":false,"widgetType":"Houzez_elementor_grid_builder","elType":"widget"},{"id":"757c4a4d","settings":{"grid_data":"dynamic","more_text":"More Details","grid_taxonomy":"property_city","tax_city":"north-port","more_text_d":"More Details","properties_text":"Properties","property_text":"Property","grid_item_margin":{"unit":"px","size":10,"sizes":[]},"grid_title_typography_typography":"custom","grid_title_typography_font_family":"","grid_title_typography_font_weight":"600","grid_subtitle_typography_typography":"custom","grid_subtitle_typography_font_family":"Quicksand","grid_subtitle_typography_font_weight":"700","grid_item_margin_tablet":{"unit":"px","size":10,"sizes":[]},"grid_item_margin_mobile":{"unit":"px","size":10,"sizes":[]},"image":{"id":44574,"url":"https:\/\/demo25.houzez.co\/wp-content\/uploads\/2022\/05\/placeholder-18.png"},"tax_custom_image":{"id":44575,"url":"https:\/\/demo25.houzez.co\/wp-content\/uploads\/2022\/05\/placeholder-19.png"},"grid_title_typography_font_size":{"unit":"px","size":13,"sizes":[]}},"elements":[],"isInner":false,"widgetType":"Houzez_elementor_grid_builder","elType":"widget"}],"isInner":true,"elType":"column"}],"isInner":true,"elType":"section"}],"isInner":false,"elType":"column"}],"isInner":false,"elType":"section"},{"id":"1a49876","settings":{"content_width":{"unit":"px","size":1360,"sizes":[]},"gap":"no","custom_height":{"unit":"vh","size":70,"sizes":[]},"custom_height_tablet":{"unit":"vh","size":75,"sizes":[]},"custom_height_mobile":{"unit":"vh","size":100,"sizes":[]},"column_position":"stretch","background_background":"classic","background_color":"#FFFFFF","background_color_stop":{"unit":"%","size":83,"sizes":[]},"background_color_b":"#E9AFA3E0","background_color_b_stop":{"unit":"%","size":0,"sizes":[]},"background_gradient_angle":{"unit":"deg","size":90,"sizes":[]},"background_image":{"url":"","id":"","alt":"","source":"library"},"background_position":"center center","background_repeat":"no-repeat","background_size":"cover","background_slideshow_ken_burns":"yes","background_overlay_color":"#E9AFA3E0","background_overlay_color_stop":{"unit":"%","size":37,"sizes":[]},"background_overlay_color_b":"#222638F5","background_overlay_color_b_stop":{"unit":"%","size":0,"sizes":[]},"background_overlay_gradient_angle":{"unit":"deg","size":240,"sizes":[]},"background_overlay_opacity":{"unit":"px","size":1,"sizes":[]},"shape_divider_top_width":{"unit":"%","size":194,"sizes":[]},"shape_divider_top_height":{"unit":"px","size":49,"sizes":[]},"shape_divider_bottom_color":"#FFFFFF","shape_divider_bottom_width":{"unit":"%","size":126,"sizes":[]},"shape_divider_bottom_height":{"unit":"px","size":51,"sizes":[]},"shape_divider_bottom_flip":"yes"},"elements":[{"id":"369eb007","settings":{"_column_size":100,"_inline_size":null,"_inline_size_tablet":100},"elements":[{"id":"318cf0f9","settings":{"space":{"unit":"px","size":80,"sizes":[]},"space_tablet":{"unit":"px","size":50,"sizes":[]}},"elements":[],"isInner":false,"widgetType":"spacer","elType":"widget"},{"id":"3476d529","settings":{"title":"My Services","typography_typography":"custom","header_size":"h1","typography_font_size":{"unit":"px","size":36,"sizes":[]},"_animation":"fadeIn","animation_duration":"slow","typography_font_weight":"400","_margin":{"unit":"px","top":"0","right":"0","bottom":"0","left":"0","isLinked":false},"align_mobile":"center","typography_font_size_tablet":{"unit":"px","size":40,"sizes":[]},"typography_font_size_mobile":{"unit":"px","size":35,"sizes":[]},"_margin_tablet":{"unit":"px","top":"0","right":"0","bottom":"30","left":"0","isLinked":false},"align":"left"},"elements":[],"isInner":false,"widgetType":"heading","elType":"widget"},{"id":"3917abb3","settings":{"title":"What I do","align":"left","typography_typography":"custom","typography_font_family":"Jost","typography_font_size":{"unit":"px","size":14,"sizes":[]},"typography_font_weight":"500","typography_letter_spacing":{"unit":"px","size":5,"sizes":[]},"_animation":"fadeIn","animation_duration":"slow","_margin":{"unit":"px","top":"0","right":"0","bottom":"10","left":"0","isLinked":false},"typography_text_transform":"uppercase","typography_line_height":{"unit":"em","size":1.5,"sizes":[]},"_margin_mobile":{"unit":"px","top":"0","right":"0","bottom":"05","left":"0","isLinked":false},"align_tablet":"center","title_color":"#E9AFA3"},"elements":[],"isInner":false,"widgetType":"heading","elType":"widget"},{"id":"3dde6c7","settings":{"layout":"full_width","gap":"wider","structure":"30","background_background":"classic","background_color":"#FFF0ED","border_radius":{"unit":"px","top":"16","right":"16","bottom":"16","left":"16","isLinked":true},"shape_divider_top_negative":"yes","padding":{"unit":"px","top":"60","right":"0","bottom":"0","left":"0","isLinked":false}},"elements":[{"id":"7f40b7e5","settings":{"_column_size":33,"_inline_size":null},"elements":[{"id":"2d03e02d","settings":{"selected_icon":{"value":{"url":"https:\/\/demo25.houzez.co\/wp-content\/uploads\/2022\/04\/streamline-icon-real-estate-person-search-house@48x48.svg","id":44273},"library":"svg"},"title_text":"Real Estate Advisory","description_text":"I specialize in real estate. I have a large amount of experience in the industry and I know how to find what you are looking for. ","position":"left","icon_space":{"unit":"px","size":37,"sizes":[]},"title_typography_typography":"custom","title_typography_font_size":{"unit":"px","size":22,"sizes":[]},"description_typography_typography":"custom","description_typography_font_size":{"unit":"px","size":17,"sizes":[]},"description_typography_font_weight":"300","description_typography_line_height":{"unit":"em","size":1.5,"sizes":[]},"description_typography_letter_spacing":{"unit":"px","size":1,"sizes":[]},"_margin":{"unit":"px","top":"0","right":"0","bottom":"60","left":"0","isLinked":false},"title_typography_font_weight":"500","_animation":"fadeIn","animation_duration":"slow"},"elements":[],"isInner":false,"widgetType":"icon-box","elType":"widget"},{"id":"3760b784","settings":{"title_text":"Investments","description_text":"I help owners to assess their needs, develop communication with their tenants, and find the right services for the property.","position":"left","icon_space":{"unit":"px","size":37,"sizes":[]},"title_typography_typography":"custom","title_typography_font_size":{"unit":"px","size":22,"sizes":[]},"description_typography_typography":"custom","description_typography_font_size":{"unit":"px","size":17,"sizes":[]},"description_typography_font_weight":"300","description_typography_line_height":{"unit":"em","size":1.5,"sizes":[]},"description_typography_letter_spacing":{"unit":"px","size":1,"sizes":[]},"_margin":{"unit":"px","top":"0","right":"0","bottom":"60","left":"0","isLinked":false},"selected_icon":{"value":{"url":"https:\/\/demo25.houzez.co\/wp-content\/uploads\/2022\/04\/streamline-icon-real-estate-action-house-key@48x48.svg","id":44270},"library":"svg"},"title_typography_font_weight":"500","_animation":"fadeIn","animation_duration":"slow"},"elements":[],"isInner":false,"widgetType":"icon-box","elType":"widget"}],"isInner":true,"elType":"column"},{"id":"2576493a","settings":{"_column_size":33,"_inline_size":null},"elements":[{"id":"3fe4c3e4","settings":{"title_text":"Property Management","description_text":"I help owners to assess their needs, develop communication with their tenants, and find the right services for the property.","position":"left","icon_space":{"unit":"px","size":37,"sizes":[]},"title_typography_typography":"custom","title_typography_font_size":{"unit":"px","size":22,"sizes":[]},"description_typography_typography":"custom","description_typography_font_size":{"unit":"px","size":17,"sizes":[]},"description_typography_font_weight":"300","description_typography_line_height":{"unit":"em","size":1.5,"sizes":[]},"description_typography_letter_spacing":{"unit":"px","size":1,"sizes":[]},"_margin":{"unit":"px","top":"0","right":"0","bottom":"60","left":"0","isLinked":false},"selected_icon":{"value":{"url":"https:\/\/demo25.houzez.co\/wp-content\/uploads\/2022\/04\/streamline-icon-real-estate-action-house-key@48x48.svg","id":44270},"library":"svg"},"title_typography_font_weight":"500","_animation":"fadeIn","animation_duration":"slow"},"elements":[],"isInner":false,"widgetType":"icon-box","elType":"widget"},{"id":"46f13cb6","settings":{"title_text":"Property Leasing","description_text":"I am a licensed real estate broker in the State of Florida for clients throughout Miami-Dade County and surrounding areas.","position":"left","icon_space":{"unit":"px","size":37,"sizes":[]},"title_typography_typography":"custom","title_typography_font_size":{"unit":"px","size":22,"sizes":[]},"description_typography_typography":"custom","description_typography_font_size":{"unit":"px","size":17,"sizes":[]},"description_typography_font_weight":"300","description_typography_line_height":{"unit":"em","size":1.5,"sizes":[]},"description_typography_letter_spacing":{"unit":"px","size":1,"sizes":[]},"_margin":{"unit":"px","top":"0","right":"0","bottom":"60","left":"0","isLinked":false},"selected_icon":{"value":{"url":"https:\/\/demo25.houzez.co\/wp-content\/uploads\/2022\/04\/streamline-icon-real-estate-deal-shake@48x48-1.svg","id":44271},"library":"svg"},"title_typography_font_weight":"500","_animation":"fadeIn","animation_duration":"slow"},"elements":[],"isInner":false,"widgetType":"icon-box","elType":"widget"}],"isInner":true,"elType":"column"},{"id":"3c0e5ed","settings":{"_column_size":33,"_inline_size":null},"elements":[{"id":"50176ab3","settings":{"title_text":"Appraisals","description_text":"I am a professional appraiser that has the expertise to prepare various types of reports related to property values. ","position":"left","icon_space":{"unit":"px","size":37,"sizes":[]},"title_typography_typography":"custom","title_typography_font_size":{"unit":"px","size":22,"sizes":[]},"description_typography_typography":"custom","description_typography_font_size":{"unit":"px","size":17,"sizes":[]},"description_typography_font_weight":"300","description_typography_line_height":{"unit":"em","size":1.5,"sizes":[]},"description_typography_letter_spacing":{"unit":"px","size":1,"sizes":[]},"_margin":{"unit":"px","top":"0","right":"0","bottom":"60","left":"0","isLinked":false},"selected_icon":{"value":{"url":"https:\/\/demo25.houzez.co\/wp-content\/uploads\/2022\/04\/streamline-icon-real-estate-market-house-increase@48x48.svg","id":44272},"library":"svg"},"title_typography_font_weight":"500","_animation":"fadeIn","animation_duration":"slow"},"elements":[],"isInner":false,"widgetType":"icon-box","elType":"widget"},{"id":"1c6e1ed5","settings":{"selected_icon":{"value":{"url":"https:\/\/demo25.houzez.co\/wp-content\/uploads\/2022\/04\/streamline-icon-real-estate-person-search-house@48x48.svg","id":44273},"library":"svg"},"title_text":"Customer Care ","description_text":"I specialize in real estate. I have a large amount of experience in the industry and I know how to find what you are looking for. ","position":"left","icon_space":{"unit":"px","size":37,"sizes":[]},"title_typography_typography":"custom","title_typography_font_size":{"unit":"px","size":22,"sizes":[]},"description_typography_typography":"custom","description_typography_font_size":{"unit":"px","size":17,"sizes":[]},"description_typography_font_weight":"300","description_typography_line_height":{"unit":"em","size":1.5,"sizes":[]},"description_typography_letter_spacing":{"unit":"px","size":1,"sizes":[]},"_margin":{"unit":"px","top":"0","right":"0","bottom":"60","left":"0","isLinked":false},"title_typography_font_weight":"500","_animation":"fadeIn","animation_duration":"slow"},"elements":[],"isInner":false,"widgetType":"icon-box","elType":"widget"}],"isInner":true,"elType":"column"}],"isInner":true,"elType":"section"},{"id":"6005e77b","settings":{"space":{"unit":"px","size":55,"sizes":[]}},"elements":[],"isInner":false,"widgetType":"spacer","elType":"widget"}],"isInner":false,"elType":"column"}],"isInner":false,"elType":"section"},{"id":"672aaa1","settings":{"background_color":"#FFFFFF","background_color_b":"#D5806E","content_width":{"unit":"px","size":1600,"sizes":[]},"gap":"no","height":"min-height","custom_height":{"unit":"vh","size":59,"sizes":[]},"custom_height_tablet":{"unit":"vh","size":"","sizes":[]},"custom_height_mobile":{"unit":"vh","size":100,"sizes":[]},"column_position":"stretch","content_position":"middle","background_color_stop":{"unit":"%","size":59,"sizes":[]},"background_gradient_angle":{"unit":"deg","size":10,"sizes":[]},"background_image":{"url":"","id":"","alt":"","source":"library"},"background_position":"center center","background_repeat":"no-repeat","background_size":"cover","background_slideshow_ken_burns":"yes","background_overlay_color":"#E9AFA3","background_overlay_color_stop":{"unit":"%","size":70,"sizes":[]},"background_overlay_color_b":"#222638","background_overlay_color_b_stop":{"unit":"%","size":0,"sizes":[]},"background_overlay_gradient_angle":{"unit":"deg","size":344,"sizes":[]},"background_overlay_opacity":{"unit":"px","size":1,"sizes":[]},"shape_divider_top_height":{"unit":"px","size":32,"sizes":[]},"shape_divider_bottom_height":{"unit":"px","size":29,"sizes":[]},"layout":"full_width","shape_divider_top_color":"#FFFFFF","shape_divider_top_width":{"unit":"%","size":144,"sizes":[]},"shape_divider_top_negative":"yes","shape_divider_top_above_content":"yes","shape_divider_bottom_color":"#FFFFFF","shape_divider_bottom_flip":"yes","background_background":"classic"},"elements":[{"id":"747a1e42","settings":{"_column_size":100,"_inline_size":null},"elements":[{"id":"4b900ad8","settings":[],"elements":[{"id":"667e4424","settings":{"_column_size":100,"_inline_size":null},"elements":[{"id":"2286726a","settings":{"space":{"unit":"px","size":99,"sizes":[]}},"elements":[],"isInner":false,"widgetType":"spacer","elType":"widget"},{"id":"240f91cd","settings":{"align":"center","icon_space":{"unit":"px","size":12,"sizes":[]},"_margin":{"unit":"px","top":"0","right":"0","bottom":"0","left":"0","isLinked":false},"_animation":"fadeIn","animation_duration":"slow"},"elements":[],"isInner":false,"widgetType":"star-rating","elType":"widget"},{"id":"6650992d","settings":{"title":"What Customers Are Saying","align":"center","typography_typography":"custom","typography_font_size":{"unit":"px","size":36,"sizes":[]},"typography_font_weight":"400","_margin":{"unit":"px","top":"0","right":"0","bottom":"40","left":"0","isLinked":false},"_animation":"fadeIn","animation_duration":"slow","align_mobile":"center","typography_font_size_mobile":{"unit":"px","size":35,"sizes":[]},"typography_font_size_tablet":{"unit":"px","size":40,"sizes":[]},"_margin_tablet":{"unit":"px","top":"0","right":"0","bottom":"30","left":"0","isLinked":false}},"elements":[],"isInner":false,"widgetType":"heading","elType":"widget"}],"isInner":true,"elType":"column"}],"isInner":true,"elType":"section"},{"id":"1feea701","settings":{"structure":"30","animation":"fadeIn","animation_duration":"slow","content_width":{"unit":"px","size":1380,"sizes":[]},"gap":"extended","margin_tablet":{"unit":"px","top":"0","right":0,"bottom":"0","left":0,"isLinked":true},"padding_tablet":{"unit":"px","top":"0","right":"100","bottom":"0","left":"100","isLinked":false},"padding_mobile":{"unit":"px","top":"0","right":"0","bottom":"0","left":"0","isLinked":true}},"elements":[{"id":"3c9054a3","settings":{"_column_size":33,"_inline_size":null,"_inline_size_tablet":100},"elements":[{"id":"23d5a1de","settings":{"testimonial_content":"\"I am very impressed with the professionalism and knowledge Bel\u00e9n has shown me. I am a first time home buyer, but I know that she will help me through every step of the process until I figure out what's right for me.\"","testimonial_image":{"id":16844,"url":"https:\/\/demo25.houzez.co\/wp-content\/uploads\/2020\/02\/44.jpg","alt":"","source":"library"},"testimonial_name":"Rita Roy","testimonial_job":"Home buyer","testimonial_alignment":"left","content_typography_typography":"custom","content_typography_font_size":{"unit":"px","size":17,"sizes":[]},"name_typography_typography":"custom","name_typography_font_weight":"bold","job_text_color":"#808080","job_typography_typography":"custom","job_typography_font_size":{"unit":"px","size":15,"sizes":[]},"job_typography_line_height":{"unit":"em","size":1.5,"sizes":[]},"_padding":{"unit":"px","top":"30","right":"30","bottom":"30","left":"30","isLinked":true},"_background_background":"classic","_background_color":"#FFFFFF","_border_width":{"unit":"px","top":"1","right":"1","bottom":"1","left":"1","isLinked":true},"_border_radius":{"unit":"px","top":"4","right":"4","bottom":"4","left":"4","isLinked":true},"_padding_tablet":{"unit":"px","top":"20","right":"20","bottom":"20","left":"20","isLinked":true},"_box_shadow_box_shadow_type":"yes","_box_shadow_box_shadow":{"horizontal":0,"vertical":40,"blur":40,"spread":0,"color":"rgba(0, 0, 0, 0.16)"},"_border_border":"solid","_border_color":"#EAEAEA"},"elements":[],"isInner":false,"widgetType":"testimonial","elType":"widget"}],"isInner":true,"elType":"column"},{"id":"1196ab1f","settings":{"_column_size":33,"_inline_size":null,"_inline_size_tablet":100},"elements":[{"id":"12a61411","settings":{"testimonial_content":"\"I found Bel\u00e9n Mendoza through a friend. We had been looking at houses for months with no luck when she heard about Bel\u00e9n, who we hired to help us find our dream home. She knows the real estate market well and has helped me in so many ways.\"","testimonial_image":{"id":16842,"url":"https:\/\/demo25.houzez.co\/wp-content\/uploads\/2020\/02\/64.jpg","alt":"","source":"library"},"testimonial_name":"John Siy","testimonial_job":"Home owner","testimonial_alignment":"left","content_typography_typography":"custom","content_typography_font_size":{"unit":"px","size":17,"sizes":[]},"name_typography_typography":"custom","name_typography_font_weight":"bold","job_text_color":"#808080","job_typography_typography":"custom","job_typography_font_size":{"unit":"px","size":15,"sizes":[]},"job_typography_line_height":{"unit":"em","size":1.5,"sizes":[]},"_padding":{"unit":"px","top":"30","right":"30","bottom":"30","left":"30","isLinked":true},"_background_background":"classic","_background_color":"#FFFFFF","_border_width":{"unit":"px","top":"1","right":"1","bottom":"1","left":"1","isLinked":true},"_border_radius":{"unit":"px","top":"4","right":"4","bottom":"4","left":"4","isLinked":true},"_padding_tablet":{"unit":"px","top":"20","right":"20","bottom":"20","left":"20","isLinked":true},"_box_shadow_box_shadow_type":"yes","_box_shadow_box_shadow":{"horizontal":0,"vertical":40,"blur":40,"spread":0,"color":"rgba(0, 0, 0, 0.16)"},"_border_border":"solid","_border_color":"#EAEAEA"},"elements":[],"isInner":false,"widgetType":"testimonial","elType":"widget"}],"isInner":true,"elType":"column"},{"id":"318ad1a5","settings":{"_column_size":33,"_inline_size":null,"_inline_size_tablet":100},"elements":[{"id":"2304c4db","settings":{"testimonial_content":"\"I am very impressed with the professionalism and knowledge Bel\u00e9n has shown me. I am a first time home buyer, but I know that she will help me through every step of the process until I figure out what's right for me.\"","testimonial_image":{"id":16843,"url":"https:\/\/demo25.houzez.co\/wp-content\/uploads\/2020\/02\/48.jpg","alt":"","source":"library"},"testimonial_name":"Rita Roy","testimonial_job":"Home buyer","testimonial_alignment":"left","content_typography_typography":"custom","content_typography_font_size":{"unit":"px","size":17,"sizes":[]},"name_typography_typography":"custom","name_typography_font_weight":"bold","job_text_color":"#808080","job_typography_typography":"custom","job_typography_font_size":{"unit":"px","size":15,"sizes":[]},"job_typography_line_height":{"unit":"em","size":1.5,"sizes":[]},"_padding":{"unit":"px","top":"30","right":"30","bottom":"30","left":"30","isLinked":true},"_background_background":"classic","_background_color":"#FFFFFF","_border_width":{"unit":"px","top":"0","right":"0","bottom":"0","left":"0","isLinked":true},"_border_radius":{"unit":"px","top":"4","right":"4","bottom":"4","left":"4","isLinked":true},"_padding_tablet":{"unit":"px","top":"20","right":"20","bottom":"20","left":"20","isLinked":true},"_box_shadow_box_shadow_type":"yes","_box_shadow_box_shadow":{"horizontal":0,"vertical":40,"blur":40,"spread":0,"color":"rgba(0, 0, 0, 0.16)"}},"elements":[],"isInner":false,"widgetType":"testimonial","elType":"widget"}],"isInner":true,"elType":"column"}],"isInner":true,"elType":"section"},{"id":"3057b02e","settings":{"space":{"unit":"px","size":160,"sizes":[]}},"elements":[],"isInner":false,"widgetType":"spacer","elType":"widget"}],"isInner":false,"elType":"column"}],"isInner":false,"elType":"section"},{"id":"35f24041","settings":{"background_color":"#F9F9F9","background_color_b":"#E9AFA3E0","content_width":{"unit":"px","size":1370,"sizes":[]},"gap":"no","custom_height":{"unit":"vh","size":70,"sizes":[]},"custom_height_tablet":{"unit":"vh","size":75,"sizes":[]},"custom_height_mobile":{"unit":"vh","size":100,"sizes":[]},"column_position":"stretch","background_background":"classic","background_color_stop":{"unit":"%","size":83,"sizes":[]},"background_color_b_stop":{"unit":"%","size":0,"sizes":[]},"background_gradient_angle":{"unit":"deg","size":90,"sizes":[]},"background_image":{"url":"","id":"","alt":"","source":"library"},"background_position":"center center","background_repeat":"no-repeat","background_size":"cover","background_slideshow_ken_burns":"yes","background_overlay_color":"#E9AFA3E0","background_overlay_color_stop":{"unit":"%","size":37,"sizes":[]},"background_overlay_color_b":"#222638F5","background_overlay_color_b_stop":{"unit":"%","size":0,"sizes":[]},"background_overlay_gradient_angle":{"unit":"deg","size":240,"sizes":[]},"background_overlay_opacity":{"unit":"px","size":1,"sizes":[]},"shape_divider_top":"waves","shape_divider_top_width":{"unit":"%","size":194,"sizes":[]},"shape_divider_top_height":{"unit":"px","size":49,"sizes":[]},"shape_divider_bottom_color":"#FFFFFF","shape_divider_bottom_width":{"unit":"%","size":126,"sizes":[]},"shape_divider_bottom_height":{"unit":"px","size":51,"sizes":[]},"shape_divider_bottom_flip":"yes","reverse_order_mobile":"reverse-mobile"},"elements":[{"id":"6d81ab2f","settings":{"_column_size":100,"_inline_size":null},"elements":[{"id":"330390d7","settings":{"space":{"unit":"px","size":77,"sizes":[]}},"elements":[],"isInner":false,"widgetType":"spacer","elType":"widget"},{"id":"379caff0","settings":{"layout":"full_width","animation":"fadeIn","animation_duration":"slow","content_position":"middle","structure":"22","margin":{"unit":"px","top":"0","right":0,"bottom":"30","left":0,"isLinked":false}},"elements":[{"id":"38ecb04","settings":{"_column_size":66,"_inline_size":null,"space_between_widgets":0,"padding":{"unit":"px","top":"0","right":"50","bottom":"0","left":"0","isLinked":false},"_inline_size_tablet":100,"padding_mobile":{"unit":"px","top":"0","right":"0","bottom":"0","left":"0","isLinked":true}},"elements":[{"id":"75142669","settings":{"title":"My Blog","typography_typography":"custom","typography_font_size":{"unit":"px","size":36,"sizes":[]},"typography_font_weight":"400","_margin":{"unit":"px","top":"0","right":"0","bottom":"0","left":"20","isLinked":false},"_animation":"fadeIn","animation_duration":"slow","align_mobile":"center","typography_font_size_mobile":{"unit":"px","size":35,"sizes":[]},"typography_font_size_tablet":{"unit":"px","size":40,"sizes":[]},"_margin_tablet":{"unit":"px","top":"0","right":"0","bottom":"30","left":"0","isLinked":false}},"elements":[],"isInner":false,"widgetType":"heading","elType":"widget"}],"isInner":true,"elType":"column"},{"id":"47443ec8","settings":{"_column_size":33,"_inline_size":null,"space_between_widgets":0,"_inline_size_tablet":100},"elements":[{"id":"58e00b43","settings":{"text":"Read my blog","align":"right","size":"md","typography_typography":"custom","typography_font_size":{"unit":"px","size":13,"sizes":[]},"typography_text_transform":"uppercase","typography_line_height":{"unit":"em","size":1.5,"sizes":[]},"typography_letter_spacing":{"unit":"px","size":5,"sizes":[]},"background_color":"#1B1F2D00","hover_color":"#E9AFA3","border_width":{"unit":"px","top":"1","right":"1","bottom":"1","left":"1","isLinked":true},"border_radius":{"unit":"px","top":"0","right":"0","bottom":"0","left":"0","isLinked":true},"typography_font_family":"Jost","typography_font_weight":"500","button_text_color":"#000000","border_color":"#1B1F2D","link":{"url":"https:\/\/demo25.houzez.co\/mls-search\/","is_external":"","nofollow":"","custom_attributes":""},"selected_icon":{"value":"fas fa-long-arrow-alt-right","library":"fa-solid"},"icon_align":"right","text_padding":{"unit":"px","top":"0","right":"0","bottom":"0","left":"0","isLinked":false},"align_tablet":"center","_animation":"none"},"elements":[],"isInner":false,"widgetType":"button","elType":"widget"}],"isInner":true,"elType":"column"}],"isInner":true,"elType":"section"},{"id":"32553341","settings":{"content_width":{"unit":"px","size":1600,"sizes":[]},"animation":"fadeIn","animation_duration":"slow","gap":"no","padding_tablet":{"unit":"px","top":"0","right":"30","bottom":"0","left":"30","isLinked":false},"padding_mobile":{"unit":"px","top":"0","right":"10","bottom":"0","left":"10","isLinked":false}},"elements":[{"id":"814ffd6","settings":{"_column_size":100,"_inline_size":null,"space_between_widgets":0},"elements":[{"id":"5501f9a7","settings":{"posts_limit":4,"show_author":"","box_padding_top":{"unit":"px","size":20,"sizes":[]},"box_padding_bottom":{"unit":"px","size":0,"sizes":[]},"image_margin":{"unit":"px","size":20,"sizes":[]},"title_typo_typography":"custom","title_typo_font_size":{"unit":"px","size":18,"sizes":[]},"title_typo_font_weight":"500","title_margin_top":{"unit":"px","size":10,"sizes":[]},"title_margin_bottom":{"unit":"px","size":0,"sizes":[]},"content_typo_typography":"custom","content_typo_font_size":{"unit":"px","size":15,"sizes":[]},"content_margin_bottom":{"unit":"px","size":0,"sizes":[]},"postmeta_typo_typography":"custom","postmeta_typo_font_size":{"unit":"px","size":15,"sizes":[]},"postmeta_margin_top":{"unit":"px","size":8,"sizes":[]},"author_padding":{"unit":"px","top":"20","right":"30","bottom":"0","left":"30","isLinked":false},"box_margin_bottom":{"unit":"px","size":9,"sizes":[]},"content_margin_top":{"unit":"px","size":0,"sizes":[]}},"elements":[],"isInner":false,"widgetType":"houzez_elementor_blog_posts","elType":"widget"},{"id":"714dce35","settings":{"space":{"unit":"px","size":20,"sizes":[]}},"elements":[],"isInner":false,"widgetType":"spacer","elType":"widget"}],"isInner":true,"elType":"column"}],"isInner":true,"elType":"section"},{"id":"23473019","settings":{"space":{"unit":"px","size":100,"sizes":[]},"space_tablet":{"unit":"px","size":50,"sizes":[]}},"elements":[],"isInner":false,"widgetType":"spacer","elType":"widget"}],"isInner":false,"elType":"column"}],"isInner":false,"elType":"section"}],"page_settings":{"background_color":"#FFFFFF"},"version":"0.4","title":"Demo 25 - Homepage 2","type":"page"}