{"content":[{"id":"7f4e14d0","settings":{"height":"min-height","background_color":"#FFFFFF","custom_height":{"unit":"vh","size":85,"sizes":[]},"custom_height_tablet":{"unit":"vh","size":78,"sizes":[]},"custom_height_mobile":{"unit":"vh","size":100,"sizes":[]},"background_image":{"url":"https:\/\/demo25.houzez.co\/wp-content\/uploads\/2022\/05\/demo-30-scaled.jpg","id":44405,"alt":"","source":"library"},"background_position":"center center","background_repeat":"no-repeat","background_size":"cover","background_slideshow_ken_burns":"yes","background_overlay_color":"#FFFFFFF5","background_overlay_opacity":{"unit":"px","size":1,"sizes":[]},"content_width":{"unit":"px","size":1370,"sizes":[]},"gap":"no","column_position":"stretch","structure":"20","background_color_b":"#D5806E","background_gradient_angle":{"unit":"deg","size":10,"sizes":[]},"shape_divider_bottom":"waves","shape_divider_bottom_height":{"unit":"px","size":25,"sizes":[]},"shape_divider_bottom_negative":"yes","shape_divider_bottom_above_content":"yes","background_color_stop":{"unit":"%","size":59,"sizes":[]},"background_overlay_color_stop":{"unit":"%","size":71,"sizes":[]},"background_overlay_color_b":"#E9AFA3E0","background_overlay_color_b_stop":{"unit":"%","size":0,"sizes":[]},"background_overlay_gradient_angle":{"unit":"deg","size":120,"sizes":[]},"shape_divider_bottom_color":"#FFFFFF","shape_divider_bottom_flip":"yes","background_background":"classic","reverse_order_mobile":"reverse-mobile","animation":"fadeIn"},"elements":[{"id":"3f19bed0","settings":{"_column_size":50,"_inline_size":60.943,"_inline_size_tablet":50,"content_position":"center","content_position_tablet":"bottom","content_position_mobile":"bottom","padding_tablet":{"unit":"%","top":"0","right":"0","bottom":"12","left":"18","isLinked":false},"padding_mobile":{"unit":"px","top":"30","right":"10","bottom":"10","left":"10","isLinked":false},"background_color":"#00000045"},"elements":[{"id":"9bc858d","settings":{"title":"Bel\u00e9n Mendoza","typography_typography":"custom","header_size":"h1","title_color":"#000000","typography_font_size":{"unit":"px","size":60,"sizes":[]},"_animation":"fadeInDown","animation_duration":"slow","typography_font_weight":"300","_margin":{"unit":"px","top":"50","right":"0","bottom":"0","left":"-3","isLinked":false},"align_mobile":"center","typography_font_size_tablet":{"unit":"px","size":40,"sizes":[]},"typography_font_size_mobile":{"unit":"px","size":40,"sizes":[]},"_margin_tablet":{"unit":"px","top":"0","right":"0","bottom":"0","left":"0","isLinked":true}},"elements":[],"isInner":false,"widgetType":"heading","elType":"widget"},{"id":"e8beede","settings":{"title":"Real Estate Agent in South Florida","header_size":"p","align":"left","title_color":"#E9AFA3","typography_typography":"custom","typography_font_family":"Jost","typography_font_size":{"unit":"px","size":13,"sizes":[]},"typography_font_weight":"500","typography_letter_spacing":{"unit":"px","size":5,"sizes":[]},"_animation":"fadeInDown","animation_duration":"slow","_margin":{"unit":"px","top":"0","right":"0","bottom":"10","left":"0","isLinked":false},"typography_text_transform":"uppercase","typography_line_height":{"unit":"em","size":1.5,"sizes":[]},"_margin_mobile":{"unit":"px","top":"0","right":"0","bottom":"05","left":"0","isLinked":false},"align_mobile":"center","typography_font_size_tablet":{"unit":"px","size":13,"sizes":[]},"typography_line_height_tablet":{"unit":"em","size":1.8,"sizes":[]}},"elements":[],"isInner":false,"widgetType":"heading","elType":"widget"},{"id":"49b91332","settings":{"form_fields":[{"_id":"field-cities","field_type":"location[]","field_label":"Cities","placeholder":"Where","width":"20","price_from_text":"From","price_to_text":"To","selected_count_text":"items selected","width_tablet":"100"},{"_id":"field-types","field_type":"type[]","field_label":"Property Type","placeholder":"Type","is_multiple":"true","select_all_btns":"true","selected_count_text":"types selected","width":"20","width_mobile":"100","price_from_text":"From","price_to_text":"To","width_tablet":"100"},{"_id":"field-status","field_type":"status[]","field_label":"Property Status","placeholder":"Status","is_multiple":"true","select_all_btns":"true","selected_count_text":"status selected","width":"20","width_mobile":"100","price_from_text":"From","price_to_text":"To","width_tablet":"50"},{"_id":"field-beds","field_type":"bedrooms","field_label":"Bedrooms","placeholder":"Size","width":"20","width_mobile":"100","price_from_text":"From","price_to_text":"To","selected_count_text":"items selected","width_tablet":"50"},{"_id":"field-search-btn","field_type":"search-button","field_label":"Search Button","placeholder":"Search","width":"20","price_from_text":"From","price_to_text":"To","selected_count_text":"items selected","width_tablet":"100","width_mobile":"100"}],"input_size":"md","button_size":"md","tabs_all_text":"All","column_gap":{"unit":"px","size":0,"sizes":[]},"row_gap":{"unit":"px","size":0,"sizes":[]},"form_background_color":"#FFFFFF","form_padding":{"unit":"px","top":"8","right":"8","bottom":"8","left":"8","isLinked":true},"form_radius":{"unit":"px","top":"8","right":"8","bottom":"8","left":"8","isLinked":true},"field_border_color":"#FFFFFF","button_background_color":"#E9AFA3","button_background_hover_color":"#F9D2CA","_margin":{"unit":"px","top":"0","right":"50","bottom":"15","left":"0","isLinked":false},"_animation":"fadeInLeft","animation_duration":"slow","_margin_tablet":{"unit":"px","top":"0","right":"0","bottom":"0","left":"0","isLinked":true},"_margin_mobile":{"unit":"px","top":"0","right":"10","bottom":"0","left":"10","isLinked":false},"box_shadow_box_shadow_type":"yes","box_shadow_box_shadow":{"horizontal":0,"vertical":40,"blur":40,"spread":0,"color":"rgba(0, 0, 0, 0.15)"}},"elements":[],"isInner":false,"widgetType":"houzez_elementor_search_builder","elType":"widget"},{"id":"df8c5a4","settings":{"icon_list":[{"_id":"d41f7db","text":"135 Bradley Pl, Palm Beach, FL 33480","selected_icon":{"value":{"url":"https:\/\/demo25.houzez.co\/wp-content\/uploads\/2022\/04\/pin.svg","id":44206},"library":"svg"}},{"text":"(987) 654 3210","selected_icon":{"value":{"url":"https:\/\/demo25.houzez.co\/wp-content\/uploads\/2022\/04\/whatsapp.svg","id":44207},"library":"svg"},"_id":"519e0a7","link":{"url":"tel:9876543210","is_external":"","nofollow":"","custom_attributes":""}}],"space_between":{"unit":"px","size":5,"sizes":[]},"icon_size":{"unit":"px","size":20,"sizes":[]},"_animation":"fadeInUp","animation_duration":"slow","_margin_mobile":{"unit":"px","top":"0","right":"0","bottom":"0","left":"0","isLinked":false},"icon_align_mobile":"center","_margin":{"unit":"px","top":"0","right":"0","bottom":"15","left":"0","isLinked":false},"_padding_mobile":{"unit":"px","top":"0","right":"10","bottom":"0","left":"10","isLinked":false},"icon_typography_typography":"custom","icon_typography_letter_spacing":{"unit":"px","size":1,"sizes":[]},"icon_typography_font_size_tablet":{"unit":"px","size":14,"sizes":[]},"_margin_tablet":{"unit":"px","top":"0","right":"0","bottom":"5","left":"0","isLinked":false},"text_color":"#565656"},"elements":[],"isInner":false,"widgetType":"icon-list","elType":"widget"},{"id":"438b561b","settings":{"title":"Find me on","header_size":"p","align":"left","title_color":"#5D5D5D","typography_typography":"custom","typography_font_family":"Jost","typography_font_size":{"unit":"px","size":13,"sizes":[]},"typography_font_weight":"400","typography_letter_spacing":{"unit":"px","size":5,"sizes":[]},"_animation":"fadeInDown","animation_duration":"slow","_margin":{"unit":"px","top":"0","right":"0","bottom":"10","left":"0","isLinked":false},"typography_text_transform":"uppercase","typography_line_height":{"unit":"em","size":1.5,"sizes":[]},"_margin_mobile":{"unit":"px","top":"0","right":"0","bottom":"05","left":"0","isLinked":false},"align_mobile":"center","typography_font_size_tablet":{"unit":"px","size":12,"sizes":[]}},"elements":[],"isInner":false,"widgetType":"heading","elType":"widget"},{"id":"4313f7c0","settings":{"social_icon_list":[{"_id":"46820de","social_icon":{"value":"fab fa-instagram","library":"fa-brands"},"item_icon_color":"custom","item_icon_primary_color":"#02010100"},{"social_icon":{"value":"fab fa-facebook-f","library":"fa-brands"},"_id":"0e3d5fc","item_icon_color":"custom","item_icon_primary_color":"#FFFFFF00"},{"social_icon":{"value":"fab fa-twitter","library":"fa-brands"},"item_icon_color":"custom","item_icon_primary_color":"#02010100","_id":"aa1e6f6"},{"social_icon":{"value":"fab fa-youtube","library":"fa-brands"},"item_icon_color":"custom","item_icon_primary_color":"#02010100","_id":"326875c"},{"_id":"7ac4419","social_icon":{"value":"fab fa-linkedin","library":"fa-brands"},"link":{"url":"link","is_external":"true","nofollow":"","custom_attributes":""},"item_icon_color":"custom","item_icon_primary_color":"#02010100"}],"shape":"circle","icon_color":"custom","icon_size":{"unit":"px","size":15,"sizes":[]},"icon_spacing":{"unit":"px","size":6,"sizes":[]},"image_border_border":"solid","image_border_width":{"unit":"px","top":"1","right":"1","bottom":"1","left":"1","isLinked":true},"image_border_color":"#7E7E7E","_animation":"fadeInUp","align":"left","align_mobile":"center","_margin_mobile":{"unit":"px","top":"0","right":"0","bottom":"80","left":"0","isLinked":false},"icon_primary_color":"#666666","icon_secondary_color":"#808080"},"elements":[],"isInner":false,"widgetType":"social-icons","elType":"widget"}],"isInner":false,"elType":"column"},{"id":"2241d96e","settings":{"_column_size":50,"_inline_size":39.016,"content_position":"bottom","align":"flex-end","_inline_size_tablet":50},"elements":[],"isInner":false,"elType":"column"}],"isInner":false,"elType":"section"},{"id":"2e2c49c7","settings":{"content_width":{"unit":"px","size":1400,"sizes":[]},"background_background":"classic","background_color":"#FFFFFF","structure":"22","padding":{"unit":"px","top":"50","right":"0","bottom":"0","left":"0","isLinked":false}},"elements":[{"id":"a898817","settings":{"_column_size":66,"_inline_size":68.856,"_inline_size_tablet":100},"elements":[{"id":"745b96e","settings":{"padding_tablet":{"unit":"px","top":"0","right":"50","bottom":"0","left":"50","isLinked":false},"padding_mobile":{"unit":"px","top":"0","right":"5","bottom":"0","left":"5","isLinked":false},"margin":{"unit":"px","top":"","right":0,"bottom":"","left":0,"isLinked":true}},"elements":[{"id":"f7d81d0","settings":{"_column_size":100,"_inline_size":null,"space_between_widgets":0},"elements":[{"id":"432d6b13","settings":{"title":"About me","align":"left","typography_typography":"custom","typography_font_family":"Jost","typography_font_size":{"unit":"px","size":14,"sizes":[]},"typography_font_weight":"500","typography_letter_spacing":{"unit":"px","size":5,"sizes":[]},"_animation":"fadeIn","animation_duration":"slow","_margin":{"unit":"px","top":"0","right":"0","bottom":"10","left":"0","isLinked":false},"typography_text_transform":"uppercase","typography_line_height":{"unit":"em","size":1.5,"sizes":[]},"_margin_mobile":{"unit":"px","top":"0","right":"0","bottom":"05","left":"0","isLinked":false},"align_mobile":"center","title_color":"#E9AFA3"},"elements":[],"isInner":false,"widgetType":"heading","elType":"widget"},{"id":"5a7c9967","settings":{"title":"Meet Bel\u00e9n","typography_typography":"custom","header_size":"h1","typography_font_size":{"unit":"px","size":36,"sizes":[]},"_animation":"fadeIn","animation_duration":"slow","typography_font_weight":"400","_margin":{"unit":"px","top":"0","right":"0","bottom":"30","left":"-3","isLinked":false},"align_mobile":"center","typography_font_size_tablet":{"unit":"px","size":40,"sizes":[]},"typography_font_size_mobile":{"unit":"px","size":35,"sizes":[]},"_margin_tablet":{"unit":"px","top":"0","right":"0","bottom":"30","left":"0","isLinked":false}},"elements":[],"isInner":false,"widgetType":"heading","elType":"widget"},{"id":"2de97d46","settings":{"editor":"<p>I am dedicated to bringing knowledge and experience in the real estate market in South Florida, with a well-founded background of international transactions. I have been working in this field for more than 20 years.<\/p>\n<p>My goal is to give you the best guidance and advice possible, always taking into account your specific needs. Bel\u00e9n Mendoza was founded with the intention to be a successful real estate affiliate agent for people looking for homes in South Florida. <br><\/p><p>With my many years of experience, knowledge, and endurance it will become so much easier for you to find the home that meets your needs.<\/p>","text_columns":"1","column_gap":{"unit":"px","size":70,"sizes":[]},"typography_typography":"custom","typography_font_weight":"300","typography_letter_spacing":{"unit":"px","size":1,"sizes":[]},"typography_font_size":{"unit":"px","size":18,"sizes":[]},"text_columns_mobile":"1","_margin":{"unit":"px","top":"0","right":"100","bottom":"0","left":"0","isLinked":false},"_padding":{"unit":"px","top":"0","right":"0","bottom":"0","left":"0","isLinked":true},"align_mobile":"center","_margin_mobile":{"unit":"px","top":"0","right":"0","bottom":"0","left":"0","isLinked":true},"_animation":"fadeIn","animation_duration":"slow"},"elements":[],"isInner":false,"widgetType":"text-editor","elType":"widget"}],"isInner":true,"elType":"column"}],"isInner":true,"elType":"section"},{"id":"419929b8","settings":{"structure":"30","padding_tablet":{"unit":"px","top":"0","right":"0","bottom":"0","left":"50","isLinked":false},"padding_mobile":{"unit":"px","top":"0","right":"0","bottom":"0","left":"0","isLinked":false},"animation":"fadeIn","animation_duration":"slow","margin":{"unit":"px","top":"19","right":0,"bottom":"0","left":0,"isLinked":false}},"elements":[{"id":"4eff799e","settings":{"_column_size":33,"_inline_size":null,"space_between_widgets":0,"align_mobile":"center"},"elements":[{"id":"3e59f91d","settings":{"ending_number":20,"suffix":"+","title":"","typography_number_typography":"custom","typography_number_font_size":{"unit":"px","size":30,"sizes":[]},"typography_number_text_transform":"uppercase","title_color":"#0201018C","typography_title_typography":"custom","typography_title_font_size":{"unit":"px","size":15,"sizes":[]},"typography_title_text_transform":"uppercase","typography_title_letter_spacing":{"unit":"px","size":1,"sizes":[]},"_margin":{"unit":"px","top":"0","right":"0","bottom":"0","left":"0","isLinked":true},"_element_width":"auto"},"elements":[],"isInner":false,"widgetType":"counter","elType":"widget"},{"id":"46dc7313","settings":{"title":"Years of experience ","header_size":"div","title_color":"#02010191","typography_typography":"custom","typography_font_size":{"unit":"px","size":16,"sizes":[]},"typography_letter_spacing":{"unit":"px","size":1,"sizes":[]},"_margin":{"unit":"px","top":"15","right":"0","bottom":"15","left":"0","isLinked":false},"align_mobile":"center","typography_font_weight":"300"},"elements":[],"isInner":false,"widgetType":"heading","elType":"widget"}],"isInner":true,"elType":"column"},{"id":"81cca5d","settings":{"_column_size":33,"_inline_size":null,"align_mobile":"center"},"elements":[{"id":"7119aa84","settings":{"suffix":"+","title":"","typography_number_typography":"custom","typography_number_font_size":{"unit":"px","size":30,"sizes":[]},"typography_number_text_transform":"uppercase","title_color":"#0201018C","typography_title_typography":"custom","typography_title_font_size":{"unit":"px","size":15,"sizes":[]},"typography_title_text_transform":"uppercase","typography_title_letter_spacing":{"unit":"px","size":1,"sizes":[]},"_margin":{"unit":"px","top":"0","right":"0","bottom":"0","left":"0","isLinked":true},"_element_width":"auto"},"elements":[],"isInner":false,"widgetType":"counter","elType":"widget"},{"id":"39a6b982","settings":{"title":"Properties sold","header_size":"div","title_color":"#02010191","typography_typography":"custom","typography_font_size":{"unit":"px","size":16,"sizes":[]},"typography_letter_spacing":{"unit":"px","size":1,"sizes":[]},"_margin":{"unit":"px","top":"15","right":"0","bottom":"15","left":"0","isLinked":false},"align_mobile":"center","typography_font_weight":"300"},"elements":[],"isInner":false,"widgetType":"heading","elType":"widget"}],"isInner":true,"elType":"column"},{"id":"70e41213","settings":{"_column_size":33,"_inline_size":null,"align_mobile":"center"},"elements":[{"id":"435b75d1","settings":{"ending_number":15,"suffix":"+","title":"","typography_number_typography":"custom","typography_number_font_size":{"unit":"px","size":30,"sizes":[]},"typography_number_text_transform":"uppercase","title_color":"#0201018C","typography_title_typography":"custom","typography_title_font_size":{"unit":"px","size":15,"sizes":[]},"typography_title_text_transform":"uppercase","typography_title_letter_spacing":{"unit":"px","size":1,"sizes":[]},"_margin":{"unit":"px","top":"0","right":"0","bottom":"0","left":"0","isLinked":true},"_element_width":"auto"},"elements":[],"isInner":false,"widgetType":"counter","elType":"widget"},{"id":"3b4701c4","settings":{"title":"Affiliate partners","header_size":"div","title_color":"#02010191","typography_typography":"custom","typography_font_size":{"unit":"px","size":16,"sizes":[]},"typography_letter_spacing":{"unit":"px","size":1,"sizes":[]},"_margin":{"unit":"px","top":"15","right":"0","bottom":"15","left":"0","isLinked":false},"align_mobile":"center","typography_font_weight":"300"},"elements":[],"isInner":false,"widgetType":"heading","elType":"widget"}],"isInner":true,"elType":"column"}],"isInner":true,"elType":"section"}],"isInner":false,"elType":"column"},{"id":"5b1f596f","settings":{"_column_size":33,"_inline_size":30.449,"_inline_size_tablet":100},"elements":[{"id":"5da7fe58","settings":{"padding_tablet":{"unit":"px","top":"0","right":"50","bottom":"0","left":"50","isLinked":false},"padding_mobile":{"unit":"px","top":"0","right":"0","bottom":"0","left":"0","isLinked":false}},"elements":[{"id":"2a7d299c","settings":{"_column_size":100,"_inline_size":null,"space_between_widgets":0},"elements":[{"id":"cd37a52","settings":{"title":"Get in touch","align":"left","typography_typography":"custom","typography_font_family":"Jost","typography_font_size":{"unit":"px","size":14,"sizes":[]},"typography_font_weight":"500","typography_letter_spacing":{"unit":"px","size":5,"sizes":[]},"_animation":"fadeIn","animation_duration":"slow","_margin":{"unit":"px","top":"0","right":"0","bottom":"10","left":"0","isLinked":false},"typography_text_transform":"uppercase","typography_line_height":{"unit":"em","size":1.5,"sizes":[]},"_margin_mobile":{"unit":"px","top":"0","right":"0","bottom":"05","left":"0","isLinked":false},"align_mobile":"center","title_color":"#E9AFA3"},"elements":[],"isInner":false,"widgetType":"heading","elType":"widget"},{"id":"18ce3116","settings":{"title":"Contact me","typography_typography":"custom","header_size":"h1","typography_font_size":{"unit":"px","size":36,"sizes":[]},"_animation":"fadeIn","animation_duration":"slow","typography_font_weight":"400","_margin":{"unit":"px","top":"0","right":"0","bottom":"30","left":"-3","isLinked":false},"align_mobile":"center","typography_font_size_tablet":{"unit":"px","size":40,"sizes":[]},"typography_font_size_mobile":{"unit":"px","size":35,"sizes":[]},"_margin_tablet":{"unit":"px","top":"0","right":"0","bottom":"30","left":"0","isLinked":false}},"elements":[],"isInner":false,"widgetType":"heading","elType":"widget"},{"id":"462da217","settings":{"form_name":"New Form","form_fields":[{"_id":"ba74d26","field_type":"user_type","field_label":"Type","placeholder":"Select","field_options":"I want to buy\nI want to sell\n"},{"_id":"name","field_type":"name","field_label":"Name","placeholder":"Name","width":"50"},{"field_type":"mobile","field_label":"Phone","placeholder":"Phone","width":"50","_id":"ac2e031"},{"_id":"email","field_type":"email","required":"true","field_label":"Email","placeholder":"Email"},{"_id":"message","field_type":"message","field_label":"Message","placeholder":"Message"}],"show_labels":"","gdpr_agreement":"","gdpr_label":"GDPR Agreement","gdpr_required":"true","gdpr_text":"I consent to having this website store my submitted information","button_text":"Submit","email_to":"hello@favethemes.com","email_subject":"New message from &quot;Houzez - Highly Customizable Real Estate WordPress Theme&quot;","field_typography_typography":"custom","field_gdpr_color":"#121D31","gdpr_typography_typography":"custom","gdpr_typography_font_size":{"unit":"px","size":14,"sizes":[]},"_background_color":"#F9F9F9","con_google_recaptcha":"yes","input_size":"md","button_size":"md","button_background_color":"#E1A397","button_typography_typography":"custom","button_typography_font_weight":"600","button_background_hover_color":"#1E5C7A","_margin_mobile":{"unit":"px","top":"30","right":"0","bottom":"0","left":"0","isLinked":false},"button_typography_text_transform":"uppercase","button_border_radius":{"unit":"px","top":"4","right":"4","bottom":"4","left":"4","isLinked":true},"_padding":{"unit":"px","top":"35","right":"30","bottom":"25","left":"30","isLinked":false},"_background_background":"classic","_border_radius":{"unit":"px","top":"4","right":"4","bottom":"4","left":"4","isLinked":true},"label_typography_typography":"custom","label_typography_font_size":{"unit":"px","size":15,"sizes":[]},"label_typography_font_weight":"500","field_typography_font_weight":"400","field_border_color":"#E7E7E7","gdpr_typography_line_height":{"unit":"em","size":1.5,"sizes":[]},"button_typography_font_family":"Jost","button_typography_font_size":{"unit":"px","size":13,"sizes":[]},"button_typography_letter_spacing":{"unit":"px","size":3,"sizes":[]},"_animation":"fadeIn","animation_duration":"slow","webhook":"","field_text_color":"#C0C0C0"},"elements":[],"isInner":false,"widgetType":"houzez_elementor_contact_form","elType":"widget"}],"isInner":true,"elType":"column"}],"isInner":true,"elType":"section"}],"isInner":false,"elType":"column"}],"isInner":false,"elType":"section"},{"id":"f75ac95","settings":{"content_width":{"unit":"px","size":1380,"sizes":[]},"background_color":"#FFFFFF","background_background":"classic","background_color_stop":{"unit":"%","size":58,"sizes":[]},"background_color_b":"#1B1F2D","background_image":{"url":"","id":"","alt":"","source":"library"},"background_position":"center center","background_repeat":"no-repeat","background_size":"cover","background_overlay_color":"#FFEFEC","background_overlay_opacity":{"unit":"px","size":0.91,"sizes":[]},"shape_divider_top_color":"#1B1F2D","shape_divider_top_height":{"unit":"px","size":59,"sizes":[]},"shape_divider_top_flip":"yes","shape_divider_bottom_color":"#1B1F2D","shape_divider_bottom_height":{"unit":"px","size":44,"sizes":[]},"padding":{"unit":"px","top":"0","right":"30","bottom":"0","left":"30","isLinked":false},"padding_mobile":{"unit":"px","top":"0","right":"0","bottom":"0","left":"0","isLinked":true}},"elements":[{"id":"1009a01","settings":{"_column_size":100,"_inline_size":null},"elements":[{"id":"1c671847","settings":{"space":{"unit":"px","size":45,"sizes":[]},"space_tablet":{"unit":"px","size":50,"sizes":[]}},"elements":[],"isInner":false,"widgetType":"spacer","elType":"widget"},{"id":"67425400","settings":{"layout":"full_width","animation":"fadeIn","animation_duration":"slow","content_position":"middle","structure":"22","margin":{"unit":"px","top":"0","right":0,"bottom":"0","left":0,"isLinked":false}},"elements":[{"id":"105d5501","settings":{"_column_size":66,"_inline_size":null,"space_between_widgets":0,"padding":{"unit":"px","top":"0","right":"50","bottom":"0","left":"0","isLinked":false},"_inline_size_tablet":100,"_inline_size_mobile":100,"padding_mobile":{"unit":"px","top":"0","right":"0","bottom":"0","left":"0","isLinked":true}},"elements":[{"id":"64dbf4b8","settings":{"title":"Recently Added in South Florida","typography_typography":"custom","typography_font_size":{"unit":"px","size":36,"sizes":[]},"typography_font_weight":"400","_margin":{"unit":"px","top":"0","right":"0","bottom":"15","left":"0","isLinked":false},"_animation":"fadeIn","animation_duration":"slow","align_mobile":"center","typography_font_size_mobile":{"unit":"px","size":35,"sizes":[]},"typography_font_size_tablet":{"unit":"px","size":40,"sizes":[]},"_margin_tablet":{"unit":"px","top":"0","right":"0","bottom":"30","left":"0","isLinked":false}},"elements":[],"isInner":false,"widgetType":"heading","elType":"widget"},{"id":"38685322","settings":{"text":"View all listings","align":"left","size":"md","typography_typography":"custom","typography_font_size":{"unit":"px","size":13,"sizes":[]},"typography_text_transform":"uppercase","typography_line_height":{"unit":"em","size":1.5,"sizes":[]},"typography_letter_spacing":{"unit":"px","size":5,"sizes":[]},"background_color":"#1B1F2D00","hover_color":"#E9AFA3","border_width":{"unit":"px","top":"1","right":"1","bottom":"1","left":"1","isLinked":true},"border_radius":{"unit":"px","top":"0","right":"0","bottom":"0","left":"0","isLinked":true},"typography_font_family":"Jost","typography_font_weight":"500","button_text_color":"#E9AFA3","border_color":"#1B1F2D","link":{"url":"https:\/\/demo25.houzez.co\/mls-search\/","is_external":"","nofollow":"","custom_attributes":""},"selected_icon":{"value":"fas fa-long-arrow-alt-right","library":"fa-solid"},"icon_align":"right","text_padding":{"unit":"px","top":"0","right":"0","bottom":"0","left":"0","isLinked":false},"align_tablet":"center","_animation":"none"},"elements":[],"isInner":false,"widgetType":"button","elType":"widget"}],"isInner":true,"elType":"column"},{"id":"15979736","settings":{"_column_size":33,"_inline_size":null,"space_between_widgets":0,"_inline_size_tablet":100,"space_between_widgets_tablet":0},"elements":[],"isInner":true,"elType":"column"}],"isInner":true,"elType":"section"},{"id":"5c59ce93","settings":{"slides_to_show":"5","auto_speed":"3000","_animation":"fadeIn","np_bg_color":"#E9AFA3","np_color":"#FFFFFF","np_bg_color_hover":"#FFE6E1","np_color_hover":"#D56D57","_margin":{"unit":"px","top":"-15","right":"0","bottom":"0","left":"0","isLinked":false}},"elements":[],"isInner":false,"widgetType":"houzez_elementor_properties_carousel_v1","elType":"widget"}],"isInner":false,"elType":"column"}],"isInner":false,"elType":"section"},{"id":"676fc3b0","settings":{"content_width":{"unit":"px","size":1390,"sizes":[]},"background_background":"classic","background_color":"#FFFFFF","animation":"fadeIn"},"elements":[{"id":"777863a","settings":{"_column_size":100,"_inline_size":null,"space_between_widgets":0},"elements":[{"id":"467602b6","settings":[],"elements":[],"isInner":false,"widgetType":"spacer","elType":"widget"},{"id":"7a564ef4","settings":{"layout":"full_width","background_background":"classic","background_color":"#FFF0ED","border_radius":{"unit":"px","top":"8","right":"8","bottom":"8","left":"8","isLinked":true},"box_shadow_box_shadow":{"horizontal":0,"vertical":40,"blur":40,"spread":0,"color":"rgba(0, 0, 0, 0.15)"},"padding":{"unit":"px","top":"15","right":"30","bottom":"20","left":"30","isLinked":false},"z_index":1},"elements":[{"id":"41962320","settings":{"_column_size":100,"_inline_size":null,"space_between_widgets":0},"elements":[{"id":"62f2af77","settings":{"title":"Newsletter Sign up","align":"left","typography_typography":"custom","typography_font_size":{"unit":"px","size":14,"sizes":[]},"typography_font_weight":"500","_margin":{"unit":"px","top":"0","right":"0","bottom":"15","left":"0","isLinked":false},"_animation":"fadeIn","animation_duration":"slow","align_mobile":"center","typography_letter_spacing":{"unit":"px","size":5,"sizes":[]},"typography_line_height":{"unit":"em","size":1.5,"sizes":[]},"title_color":"#000000","typography_font_family":"Jost","typography_text_transform":"uppercase","_margin_mobile":{"unit":"px","top":"0","right":"0","bottom":"05","left":"0","isLinked":false}},"elements":[],"isInner":false,"widgetType":"heading","elType":"widget"},{"id":"2eb81aef","settings":{"form_name":"New Form","form_fields":[{"_id":"name","field_type":"name","field_label":"Name","placeholder":"Name","width":"40"},{"_id":"email","field_type":"email","required":"true","field_label":"Email","placeholder":"Email","width":"40"}],"show_labels":"","gdpr_agreement":"","gdpr_label":"GDPR Agreement","gdpr_required":"true","gdpr_text":"I consent to having this website store my submitted information","button_text":"Submit","email_to":"hello@favethemes.com","email_subject":"New message from &quot;Houzez - Highly Customizable Real Estate WordPress Theme&quot;","field_typography_typography":"custom","field_gdpr_color":"#121D31","gdpr_typography_typography":"custom","gdpr_typography_font_size":{"unit":"px","size":14,"sizes":[]},"con_google_recaptcha":"yes","input_size":"lg","button_size":"lg","button_background_color":"#E1A397","button_typography_typography":"custom","button_typography_font_weight":"600","button_background_hover_color":"#1E5C7A","_margin_mobile":{"unit":"px","top":"30","right":"0","bottom":"0","left":"0","isLinked":false},"button_typography_text_transform":"uppercase","_padding":{"unit":"px","top":"0","right":"0","bottom":"0","left":"0","isLinked":true},"_background_background":"classic","_border_radius":{"unit":"px","top":"4","right":"4","bottom":"4","left":"4","isLinked":true},"label_typography_typography":"custom","label_typography_font_size":{"unit":"px","size":15,"sizes":[]},"label_typography_font_weight":"500","field_typography_font_weight":"400","field_border_color":"#FFE7E2","gdpr_typography_line_height":{"unit":"em","size":1.5,"sizes":[]},"button_typography_font_family":"Jost","button_typography_font_size":{"unit":"px","size":13,"sizes":[]},"button_typography_letter_spacing":{"unit":"px","size":3,"sizes":[]},"_animation":"none","animation_duration":"slow","button_width":"20","webhook":"","column_gap":{"unit":"px","size":15,"sizes":[]},"row_gap":{"unit":"px","size":0,"sizes":[]},"_margin":{"unit":"px","top":"0","right":"0","bottom":"0","left":"0","isLinked":true}},"elements":[],"isInner":false,"widgetType":"houzez_elementor_contact_form","elType":"widget"}],"isInner":true,"elType":"column"}],"isInner":true,"elType":"section"}],"isInner":false,"elType":"column"}],"isInner":false,"elType":"section"},{"id":"10630751","settings":{"content_width":{"unit":"px","size":1390,"sizes":[]},"background_background":"classic","background_color":"#FFFFFF","animation":"fadeIn"},"elements":[{"id":"3de6296a","settings":{"_column_size":100,"_inline_size":null},"elements":[{"id":"74f60bcd","settings":{"space":{"unit":"px","size":70,"sizes":[]}},"elements":[],"isInner":false,"widgetType":"spacer","elType":"widget"},{"id":"e18dcbc","settings":{"layout":"full_width","animation":"fadeIn","animation_duration":"slow","content_position":"middle","structure":"22","margin":{"unit":"px","top":"0","right":0,"bottom":"0","left":0,"isLinked":false}},"elements":[{"id":"76c6c98a","settings":{"_column_size":66,"_inline_size":null,"space_between_widgets":0,"padding":{"unit":"px","top":"0","right":"50","bottom":"0","left":"0","isLinked":false},"_inline_size_tablet":100,"_inline_size_mobile":100,"padding_mobile":{"unit":"px","top":"0","right":"0","bottom":"0","left":"0","isLinked":true}},"elements":[{"id":"5e8f27dc","settings":{"title":"Explore Communities in South Florida","typography_typography":"custom","typography_font_size":{"unit":"px","size":36,"sizes":[]},"typography_font_weight":"400","_margin":{"unit":"px","top":"0","right":"0","bottom":"15","left":"0","isLinked":false},"_animation":"fadeIn","animation_duration":"slow","align_mobile":"center","typography_font_size_mobile":{"unit":"px","size":35,"sizes":[]},"typography_font_size_tablet":{"unit":"px","size":40,"sizes":[]},"_margin_tablet":{"unit":"px","top":"0","right":"0","bottom":"30","left":"0","isLinked":false}},"elements":[],"isInner":false,"widgetType":"heading","elType":"widget"},{"id":"619e3943","settings":{"text":"View all listings","align":"left","size":"md","typography_typography":"custom","typography_font_size":{"unit":"px","size":13,"sizes":[]},"typography_text_transform":"uppercase","typography_line_height":{"unit":"em","size":1.5,"sizes":[]},"typography_letter_spacing":{"unit":"px","size":5,"sizes":[]},"background_color":"#1B1F2D00","hover_color":"#E9AFA3","border_width":{"unit":"px","top":"1","right":"1","bottom":"1","left":"1","isLinked":true},"border_radius":{"unit":"px","top":"0","right":"0","bottom":"0","left":"0","isLinked":true},"typography_font_family":"Jost","typography_font_weight":"500","button_text_color":"#E9AFA3","border_color":"#1B1F2D","link":{"url":"https:\/\/demo25.houzez.co\/mls-search\/","is_external":"","nofollow":"","custom_attributes":""},"selected_icon":{"value":"fas fa-long-arrow-alt-right","library":"fa-solid"},"icon_align":"right","text_padding":{"unit":"px","top":"0","right":"0","bottom":"0","left":"0","isLinked":false},"align_tablet":"center","_animation":"none"},"elements":[],"isInner":false,"widgetType":"button","elType":"widget"},{"id":"285f9866","settings":{"space":{"unit":"px","size":20,"sizes":[]}},"elements":[],"isInner":false,"widgetType":"spacer","elType":"widget"}],"isInner":true,"elType":"column"},{"id":"77587802","settings":{"_column_size":33,"_inline_size":null,"space_between_widgets":0,"_inline_size_tablet":100,"space_between_widgets_tablet":0},"elements":[],"isInner":true,"elType":"column"}],"isInner":true,"elType":"section"},{"id":"360e0f82","settings":{"gap":"narrow","structure":"60","background_image":{"url":"","id":"","alt":"","source":"library"},"content_width":{"unit":"px","size":1380,"sizes":[]},"background_background":"classic","background_color":"#FFFFFF","background_color_stop":{"unit":"%","size":58,"sizes":[]},"background_color_b":"#1B1F2D","background_position":"center center","background_repeat":"no-repeat","background_size":"cover","background_overlay_color":"#FFEFEC","background_overlay_opacity":{"unit":"px","size":0.91,"sizes":[]},"shape_divider_top_color":"#1B1F2D","shape_divider_top_height":{"unit":"px","size":59,"sizes":[]},"shape_divider_top_flip":"yes","shape_divider_bottom_color":"#1B1F2D","shape_divider_bottom_height":{"unit":"px","size":44,"sizes":[]},"padding_mobile":{"unit":"px","top":"0","right":"0","bottom":"0","left":"0","isLinked":true},"layout":"full_width"},"elements":[{"id":"55a4add9","settings":{"_column_size":16,"_inline_size":null,"_inline_size_tablet":33},"elements":[{"id":"dad6c86","settings":{"more_text":"Explore","grid_taxonomy":"property_city","tax_city":"englewood","more_text_d":"More Details","properties_text":"Properties","property_text":"Property","grid_type":"grid-item-v3","grid_v3_height":{"unit":"%","size":148,"sizes":[]},"grid_item_margin":{"unit":"px","size":10,"sizes":[]},"grid_title_typography_typography":"custom","grid_title_typography_font_family":"","grid_title_typography_font_weight":"600","grid_subtitle_typography_typography":"custom","grid_subtitle_typography_font_family":"Quicksand","grid_subtitle_typography_font_weight":"700","grid_v3_height_tablet":{"unit":"%","size":148,"sizes":[]},"grid_item_margin_tablet":{"unit":"px","size":0,"sizes":[]},"grid_item_margin_mobile":{"unit":"px","size":0,"sizes":[]},"image":{"id":44481,"url":"https:\/\/demo25.houzez.co\/wp-content\/uploads\/2022\/05\/AdobeStock_444121315_Preview.jpeg","alt":"","source":"library"},"tax_custom_image":{"id":44557,"url":"https:\/\/demo25.houzez.co\/wp-content\/uploads\/2022\/05\/placeholder-1.png"},"grid_title_typography_font_size":{"unit":"px","size":14,"sizes":[]},"grid_title":"Miami","more_link":{"url":"https:\/\/demo25.houzez.co\/property-search\/","is_external":true,"nofollow":true,"custom_attributes":""}},"elements":[],"isInner":false,"widgetType":"Houzez_elementor_grid_builder","elType":"widget"}],"isInner":true,"elType":"column"},{"id":"60a84dec","settings":{"_column_size":16,"_inline_size":null,"_inline_size_tablet":33},"elements":[{"id":"5a1cf84c","settings":{"more_text":"Explore","grid_taxonomy":"property_city","tax_city":"longboat-key","more_text_d":"More Details","properties_text":"Properties","property_text":"Property","grid_item_margin":{"unit":"px","size":10,"sizes":[]},"grid_title_typography_typography":"custom","grid_title_typography_font_family":"","grid_title_typography_font_weight":"600","grid_subtitle_typography_typography":"custom","grid_subtitle_typography_font_family":"Quicksand","grid_subtitle_typography_font_weight":"700","grid_item_margin_tablet":{"unit":"px","size":10,"sizes":[]},"grid_item_margin_mobile":{"unit":"px","size":10,"sizes":[]},"image":{"id":43758,"url":"https:\/\/demo25.houzez.co\/wp-content\/uploads\/2022\/03\/city-07.jpg","alt":"","source":"library"},"tax_custom_image":{"id":44559,"url":"https:\/\/demo25.houzez.co\/wp-content\/uploads\/2022\/05\/placeholder-3.png"},"grid_title_typography_font_size":{"unit":"px","size":13,"sizes":[]},"grid_title":"Kendal","more_link":{"url":"https:\/\/demo25.houzez.co\/property-search\/","is_external":true,"nofollow":true,"custom_attributes":""}},"elements":[],"isInner":false,"widgetType":"Houzez_elementor_grid_builder","elType":"widget"},{"id":"6be05d78","settings":{"more_text":"Explore","grid_taxonomy":"property_city","tax_city":"longboat-key","more_text_d":"More Details","properties_text":"Properties","property_text":"Property","grid_item_margin":{"unit":"px","size":10,"sizes":[]},"grid_title_typography_typography":"custom","grid_title_typography_font_family":"","grid_title_typography_font_weight":"600","grid_subtitle_typography_typography":"custom","grid_subtitle_typography_font_family":"Quicksand","grid_subtitle_typography_font_weight":"700","grid_item_margin_tablet":{"unit":"px","size":10,"sizes":[]},"grid_item_margin_mobile":{"unit":"px","size":10,"sizes":[]},"image":{"id":43760,"url":"https:\/\/demo25.houzez.co\/wp-content\/uploads\/2022\/03\/city-09.jpg","alt":"","source":"library"},"tax_custom_image":{"id":44559,"url":"https:\/\/demo25.houzez.co\/wp-content\/uploads\/2022\/05\/placeholder-3.png"},"grid_title_typography_font_size":{"unit":"px","size":13,"sizes":[]},"grid_title":"Ocala","more_link":{"url":"https:\/\/demo25.houzez.co\/property-search\/","is_external":true,"nofollow":true,"custom_attributes":""}},"elements":[],"isInner":false,"widgetType":"Houzez_elementor_grid_builder","elType":"widget"}],"isInner":true,"elType":"column"},{"id":"32e2cd28","settings":{"_column_size":16,"_inline_size":null,"_inline_size_tablet":33},"elements":[{"id":"5edac5bd","settings":{"more_text":"Explore","grid_taxonomy":"property_city","tax_city":"longboat-key","more_text_d":"More Details","properties_text":"Properties","property_text":"Property","grid_item_margin":{"unit":"px","size":10,"sizes":[]},"grid_title_typography_typography":"custom","grid_title_typography_font_family":"","grid_title_typography_font_weight":"600","grid_subtitle_typography_typography":"custom","grid_subtitle_typography_font_family":"Quicksand","grid_subtitle_typography_font_weight":"700","grid_item_margin_tablet":{"unit":"px","size":10,"sizes":[]},"grid_item_margin_mobile":{"unit":"px","size":10,"sizes":[]},"image":{"id":43761,"url":"https:\/\/demo25.houzez.co\/wp-content\/uploads\/2022\/03\/city-10.jpg","alt":"","source":"library"},"tax_custom_image":{"id":44559,"url":"https:\/\/demo25.houzez.co\/wp-content\/uploads\/2022\/05\/placeholder-3.png"},"grid_title_typography_font_size":{"unit":"px","size":13,"sizes":[]},"grid_title":"West Palm Beach","more_link":{"url":"https:\/\/demo25.houzez.co\/property-search\/","is_external":true,"nofollow":true,"custom_attributes":""}},"elements":[],"isInner":false,"widgetType":"Houzez_elementor_grid_builder","elType":"widget"},{"id":"c4e2b20","settings":{"more_text":"Explore","grid_taxonomy":"property_city","tax_city":"longboat-key","more_text_d":"More Details","properties_text":"Properties","property_text":"Property","grid_item_margin":{"unit":"px","size":10,"sizes":[]},"grid_title_typography_typography":"custom","grid_title_typography_font_family":"","grid_title_typography_font_weight":"600","grid_subtitle_typography_typography":"custom","grid_subtitle_typography_font_family":"Quicksand","grid_subtitle_typography_font_weight":"700","grid_item_margin_tablet":{"unit":"px","size":10,"sizes":[]},"grid_item_margin_mobile":{"unit":"px","size":10,"sizes":[]},"image":{"id":43753,"url":"https:\/\/demo25.houzez.co\/wp-content\/uploads\/2022\/03\/city-02.jpg","alt":"","source":"library"},"tax_custom_image":{"id":44559,"url":"https:\/\/demo25.houzez.co\/wp-content\/uploads\/2022\/05\/placeholder-3.png"},"grid_title_typography_font_size":{"unit":"px","size":13,"sizes":[]},"grid_title":"Coral Gables","more_link":{"url":"https:\/\/demo25.houzez.co\/property-search\/","is_external":true,"nofollow":true,"custom_attributes":""}},"elements":[],"isInner":false,"widgetType":"Houzez_elementor_grid_builder","elType":"widget"}],"isInner":true,"elType":"column"},{"id":"377d2607","settings":{"_column_size":16,"_inline_size":null,"_inline_size_tablet":33},"elements":[{"id":"37f16bb3","settings":{"more_text":"Explore","grid_taxonomy":"property_city","tax_city":"englewood","more_text_d":"More Details","properties_text":"Properties","property_text":"Property","grid_type":"grid-item-v3","grid_v3_height":{"unit":"%","size":148,"sizes":[]},"grid_item_margin":{"unit":"px","size":10,"sizes":[]},"grid_title_typography_typography":"custom","grid_title_typography_font_family":"","grid_title_typography_font_weight":"600","grid_subtitle_typography_typography":"custom","grid_subtitle_typography_font_family":"Quicksand","grid_subtitle_typography_font_weight":"700","grid_v3_height_tablet":{"unit":"%","size":148,"sizes":[]},"grid_item_margin_tablet":{"unit":"px","size":0,"sizes":[]},"grid_item_margin_mobile":{"unit":"px","size":0,"sizes":[]},"image":{"id":43756,"url":"https:\/\/demo25.houzez.co\/wp-content\/uploads\/2022\/03\/city-05.jpg","alt":"","source":"library"},"tax_custom_image":{"id":44557,"url":"https:\/\/demo25.houzez.co\/wp-content\/uploads\/2022\/05\/placeholder-1.png"},"grid_title_typography_font_size":{"unit":"px","size":14,"sizes":[]},"grid_title":"Fort Lauderdale","more_link":{"url":"https:\/\/demo25.houzez.co\/property-search\/","is_external":true,"nofollow":true,"custom_attributes":""}},"elements":[],"isInner":false,"widgetType":"Houzez_elementor_grid_builder","elType":"widget"}],"isInner":true,"elType":"column"},{"id":"2ef353af","settings":{"_column_size":16,"_inline_size":null,"_inline_size_tablet":33},"elements":[{"id":"51982356","settings":{"more_text":"Explore","grid_taxonomy":"property_city","tax_city":"longboat-key","more_text_d":"More Details","properties_text":"Properties","property_text":"Property","grid_item_margin":{"unit":"px","size":10,"sizes":[]},"grid_title_typography_typography":"custom","grid_title_typography_font_family":"","grid_title_typography_font_weight":"600","grid_subtitle_typography_typography":"custom","grid_subtitle_typography_font_family":"Quicksand","grid_subtitle_typography_font_weight":"700","grid_item_margin_tablet":{"unit":"px","size":10,"sizes":[]},"grid_item_margin_mobile":{"unit":"px","size":10,"sizes":[]},"image":{"id":43763,"url":"https:\/\/demo25.houzez.co\/wp-content\/uploads\/2022\/03\/city-12.jpg","alt":"","source":"library"},"tax_custom_image":{"id":44559,"url":"https:\/\/demo25.houzez.co\/wp-content\/uploads\/2022\/05\/placeholder-3.png"},"grid_title_typography_font_size":{"unit":"px","size":13,"sizes":[]},"grid_title":"Orlando","more_link":{"url":"https:\/\/demo25.houzez.co\/property-search\/","is_external":true,"nofollow":true,"custom_attributes":""}},"elements":[],"isInner":false,"widgetType":"Houzez_elementor_grid_builder","elType":"widget"},{"id":"393ec3bc","settings":{"more_text":"Explore","grid_taxonomy":"property_city","tax_city":"longboat-key","more_text_d":"More Details","properties_text":"Properties","property_text":"Property","grid_item_margin":{"unit":"px","size":10,"sizes":[]},"grid_title_typography_typography":"custom","grid_title_typography_font_family":"","grid_title_typography_font_weight":"600","grid_subtitle_typography_typography":"custom","grid_subtitle_typography_font_family":"Quicksand","grid_subtitle_typography_font_weight":"700","grid_item_margin_tablet":{"unit":"px","size":10,"sizes":[]},"grid_item_margin_mobile":{"unit":"px","size":10,"sizes":[]},"image":{"id":43754,"url":"https:\/\/demo25.houzez.co\/wp-content\/uploads\/2022\/03\/city-03.jpg","alt":"","source":"library"},"tax_custom_image":{"id":44559,"url":"https:\/\/demo25.houzez.co\/wp-content\/uploads\/2022\/05\/placeholder-3.png"},"grid_title_typography_font_size":{"unit":"px","size":13,"sizes":[]},"grid_title":"Saint Petersburg","more_link":{"url":"https:\/\/demo25.houzez.co\/property-search\/","is_external":true,"nofollow":true,"custom_attributes":""}},"elements":[],"isInner":false,"widgetType":"Houzez_elementor_grid_builder","elType":"widget"}],"isInner":true,"elType":"column"},{"id":"55ae1918","settings":{"_column_size":16,"_inline_size":null,"_inline_size_tablet":33},"elements":[{"id":"8b098d5","settings":{"more_text":"Explore","grid_taxonomy":"property_city","tax_city":"longboat-key","more_text_d":"More Details","properties_text":"Properties","property_text":"Property","grid_item_margin":{"unit":"px","size":10,"sizes":[]},"grid_title_typography_typography":"custom","grid_title_typography_font_family":"","grid_title_typography_font_weight":"600","grid_subtitle_typography_typography":"custom","grid_subtitle_typography_font_family":"Quicksand","grid_subtitle_typography_font_weight":"700","grid_item_margin_tablet":{"unit":"px","size":10,"sizes":[]},"grid_item_margin_mobile":{"unit":"px","size":10,"sizes":[]},"image":{"id":43762,"url":"https:\/\/demo25.houzez.co\/wp-content\/uploads\/2022\/03\/city-11.jpg","alt":"","source":"library"},"tax_custom_image":{"id":44559,"url":"https:\/\/demo25.houzez.co\/wp-content\/uploads\/2022\/05\/placeholder-3.png"},"grid_title_typography_font_size":{"unit":"px","size":13,"sizes":[]},"grid_title":"Sarasota","more_link":{"url":"https:\/\/demo25.houzez.co\/property-search\/","is_external":true,"nofollow":true,"custom_attributes":""}},"elements":[],"isInner":false,"widgetType":"Houzez_elementor_grid_builder","elType":"widget"},{"id":"3e0d0630","settings":{"more_text":"Explore","grid_taxonomy":"property_city","tax_city":"longboat-key","more_text_d":"More Details","properties_text":"Properties","property_text":"Property","grid_item_margin":{"unit":"px","size":10,"sizes":[]},"grid_title_typography_typography":"custom","grid_title_typography_font_family":"","grid_title_typography_font_weight":"600","grid_subtitle_typography_typography":"custom","grid_subtitle_typography_font_family":"Quicksand","grid_subtitle_typography_font_weight":"700","grid_item_margin_tablet":{"unit":"px","size":10,"sizes":[]},"grid_item_margin_mobile":{"unit":"px","size":10,"sizes":[]},"image":{"id":43752,"url":"https:\/\/demo25.houzez.co\/wp-content\/uploads\/2022\/03\/city-01.jpg","alt":"","source":"library"},"tax_custom_image":{"id":44559,"url":"https:\/\/demo25.houzez.co\/wp-content\/uploads\/2022\/05\/placeholder-3.png"},"grid_title_typography_font_size":{"unit":"px","size":13,"sizes":[]},"grid_title":"Key Biscayne","more_link":{"url":"https:\/\/demo25.houzez.co\/property-search\/","is_external":true,"nofollow":true,"custom_attributes":""}},"elements":[],"isInner":false,"widgetType":"Houzez_elementor_grid_builder","elType":"widget"}],"isInner":true,"elType":"column"}],"isInner":true,"elType":"section"}],"isInner":false,"elType":"column"}],"isInner":false,"elType":"section"},{"id":"6834b85d","settings":{"content_width":{"unit":"px","size":1360,"sizes":[]},"gap":"no","custom_height":{"unit":"vh","size":70,"sizes":[]},"custom_height_tablet":{"unit":"vh","size":75,"sizes":[]},"custom_height_mobile":{"unit":"vh","size":100,"sizes":[]},"column_position":"stretch","structure":"21","background_background":"classic","background_color":"#FFFFFF","background_color_stop":{"unit":"%","size":83,"sizes":[]},"background_color_b":"#E9AFA3E0","background_color_b_stop":{"unit":"%","size":0,"sizes":[]},"background_gradient_angle":{"unit":"deg","size":90,"sizes":[]},"background_image":{"url":"","id":"","alt":"","source":"library"},"background_position":"center center","background_repeat":"no-repeat","background_size":"cover","background_slideshow_ken_burns":"yes","background_overlay_color":"#E9AFA3E0","background_overlay_color_stop":{"unit":"%","size":37,"sizes":[]},"background_overlay_color_b":"#222638F5","background_overlay_color_b_stop":{"unit":"%","size":0,"sizes":[]},"background_overlay_gradient_angle":{"unit":"deg","size":240,"sizes":[]},"background_overlay_opacity":{"unit":"px","size":1,"sizes":[]},"shape_divider_top_width":{"unit":"%","size":194,"sizes":[]},"shape_divider_top_height":{"unit":"px","size":49,"sizes":[]},"shape_divider_bottom_color":"#FFFFFF","shape_divider_bottom_width":{"unit":"%","size":126,"sizes":[]},"shape_divider_bottom_height":{"unit":"px","size":51,"sizes":[]},"shape_divider_bottom_flip":"yes"},"elements":[{"id":"684630d3","settings":{"_column_size":33,"_inline_size":19.789,"space_between_widgets":0,"_inline_size_tablet":100},"elements":[{"id":"21aad150","settings":{"space":{"unit":"px","size":80,"sizes":[]},"space_tablet":{"unit":"px","size":50,"sizes":[]}},"elements":[],"isInner":false,"widgetType":"spacer","elType":"widget"},{"id":"7246555b","settings":{"title":"What I do","align":"left","typography_typography":"custom","typography_font_family":"Jost","typography_font_size":{"unit":"px","size":14,"sizes":[]},"typography_font_weight":"500","typography_letter_spacing":{"unit":"px","size":5,"sizes":[]},"_animation":"fadeIn","animation_duration":"slow","_margin":{"unit":"px","top":"0","right":"0","bottom":"10","left":"0","isLinked":false},"typography_text_transform":"uppercase","typography_line_height":{"unit":"em","size":1.5,"sizes":[]},"_margin_mobile":{"unit":"px","top":"0","right":"0","bottom":"05","left":"0","isLinked":false},"align_tablet":"center","title_color":"#E9AFA3"},"elements":[],"isInner":false,"widgetType":"heading","elType":"widget"},{"id":"6b7b2722","settings":{"title":"My Services","typography_typography":"custom","header_size":"h1","typography_font_size":{"unit":"px","size":36,"sizes":[]},"_animation":"fadeIn","animation_duration":"slow","typography_font_weight":"400","_margin":{"unit":"px","top":"0","right":"0","bottom":"0","left":"0","isLinked":false},"align_mobile":"center","typography_font_size_tablet":{"unit":"px","size":40,"sizes":[]},"typography_font_size_mobile":{"unit":"px","size":35,"sizes":[]},"_margin_tablet":{"unit":"px","top":"0","right":"0","bottom":"30","left":"0","isLinked":false}},"elements":[],"isInner":false,"widgetType":"heading","elType":"widget"}],"isInner":false,"elType":"column"},{"id":"7a633b16","settings":{"_column_size":66,"_inline_size":79.876,"_inline_size_tablet":100},"elements":[{"id":"ecd4e93","settings":{"space":{"unit":"px","size":80,"sizes":[]},"space_tablet":{"unit":"px","size":50,"sizes":[]}},"elements":[],"isInner":false,"widgetType":"spacer","elType":"widget"},{"id":"7195b3e2","settings":{"layout":"full_width","gap":"wider","structure":"20"},"elements":[{"id":"77dde522","settings":{"_column_size":50,"_inline_size":null},"elements":[{"id":"23281fc3","settings":{"selected_icon":{"value":{"url":"https:\/\/demo25.houzez.co\/wp-content\/uploads\/2022\/04\/streamline-icon-real-estate-person-search-house@48x48.svg","id":44273},"library":"svg"},"title_text":"Real Estate Advisory","description_text":"I specialize in real estate. I have a large amount of experience in the industry and I know how to find what you are looking for. ","position":"left","icon_space":{"unit":"px","size":37,"sizes":[]},"title_typography_typography":"custom","title_typography_font_size":{"unit":"px","size":22,"sizes":[]},"description_typography_typography":"custom","description_typography_font_size":{"unit":"px","size":17,"sizes":[]},"description_typography_font_weight":"300","description_typography_line_height":{"unit":"em","size":1.5,"sizes":[]},"description_typography_letter_spacing":{"unit":"px","size":1,"sizes":[]},"_margin":{"unit":"px","top":"0","right":"0","bottom":"60","left":"0","isLinked":false},"title_typography_font_weight":"500","_animation":"fadeIn","animation_duration":"slow"},"elements":[],"isInner":false,"widgetType":"icon-box","elType":"widget"},{"id":"7049e959","settings":{"title_text":"Property Leasing","description_text":"I am a licensed real estate broker in the State of Florida for clients throughout Miami-Dade County and surrounding areas.","position":"left","icon_space":{"unit":"px","size":37,"sizes":[]},"title_typography_typography":"custom","title_typography_font_size":{"unit":"px","size":22,"sizes":[]},"description_typography_typography":"custom","description_typography_font_size":{"unit":"px","size":17,"sizes":[]},"description_typography_font_weight":"300","description_typography_line_height":{"unit":"em","size":1.5,"sizes":[]},"description_typography_letter_spacing":{"unit":"px","size":1,"sizes":[]},"_margin":{"unit":"px","top":"0","right":"0","bottom":"60","left":"0","isLinked":false},"selected_icon":{"value":{"url":"https:\/\/demo25.houzez.co\/wp-content\/uploads\/2022\/04\/streamline-icon-real-estate-deal-shake@48x48-1.svg","id":44271},"library":"svg"},"title_typography_font_weight":"500","_animation":"fadeIn","animation_duration":"slow"},"elements":[],"isInner":false,"widgetType":"icon-box","elType":"widget"},{"id":"707b0f0e","settings":{"title_text":"Investments","description_text":"I help owners to assess their needs, develop communication with their tenants, and find the right services for the property.","position":"left","icon_space":{"unit":"px","size":37,"sizes":[]},"title_typography_typography":"custom","title_typography_font_size":{"unit":"px","size":22,"sizes":[]},"description_typography_typography":"custom","description_typography_font_size":{"unit":"px","size":17,"sizes":[]},"description_typography_font_weight":"300","description_typography_line_height":{"unit":"em","size":1.5,"sizes":[]},"description_typography_letter_spacing":{"unit":"px","size":1,"sizes":[]},"_margin":{"unit":"px","top":"0","right":"0","bottom":"60","left":"0","isLinked":false},"selected_icon":{"value":{"url":"https:\/\/demo25.houzez.co\/wp-content\/uploads\/2022\/04\/streamline-icon-real-estate-action-house-key@48x48.svg","id":44270},"library":"svg"},"title_typography_font_weight":"500","_animation":"fadeIn","animation_duration":"slow"},"elements":[],"isInner":false,"widgetType":"icon-box","elType":"widget"}],"isInner":true,"elType":"column"},{"id":"79351519","settings":{"_column_size":50,"_inline_size":null},"elements":[{"id":"77be1ff6","settings":{"title_text":"Property Management","description_text":"I help owners to assess their needs, develop communication with their tenants, and find the right services for the property.","position":"left","icon_space":{"unit":"px","size":37,"sizes":[]},"title_typography_typography":"custom","title_typography_font_size":{"unit":"px","size":22,"sizes":[]},"description_typography_typography":"custom","description_typography_font_size":{"unit":"px","size":17,"sizes":[]},"description_typography_font_weight":"300","description_typography_line_height":{"unit":"em","size":1.5,"sizes":[]},"description_typography_letter_spacing":{"unit":"px","size":1,"sizes":[]},"_margin":{"unit":"px","top":"0","right":"0","bottom":"60","left":"0","isLinked":false},"selected_icon":{"value":{"url":"https:\/\/demo25.houzez.co\/wp-content\/uploads\/2022\/04\/streamline-icon-real-estate-action-house-key@48x48.svg","id":44270},"library":"svg"},"title_typography_font_weight":"500","_animation":"fadeIn","animation_duration":"slow"},"elements":[],"isInner":false,"widgetType":"icon-box","elType":"widget"},{"id":"748831c","settings":{"title_text":"Appraisals","description_text":"I am a professional appraiser that has the expertise to prepare various types of reports related to property values. ","position":"left","icon_space":{"unit":"px","size":37,"sizes":[]},"title_typography_typography":"custom","title_typography_font_size":{"unit":"px","size":22,"sizes":[]},"description_typography_typography":"custom","description_typography_font_size":{"unit":"px","size":17,"sizes":[]},"description_typography_font_weight":"300","description_typography_line_height":{"unit":"em","size":1.5,"sizes":[]},"description_typography_letter_spacing":{"unit":"px","size":1,"sizes":[]},"_margin":{"unit":"px","top":"0","right":"0","bottom":"60","left":"0","isLinked":false},"selected_icon":{"value":{"url":"https:\/\/demo25.houzez.co\/wp-content\/uploads\/2022\/04\/streamline-icon-real-estate-market-house-increase@48x48.svg","id":44272},"library":"svg"},"title_typography_font_weight":"500","_animation":"fadeIn","animation_duration":"slow"},"elements":[],"isInner":false,"widgetType":"icon-box","elType":"widget"},{"id":"4047dd1f","settings":{"selected_icon":{"value":{"url":"https:\/\/demo25.houzez.co\/wp-content\/uploads\/2022\/04\/streamline-icon-real-estate-person-search-house@48x48.svg","id":44273},"library":"svg"},"title_text":"Customer Care ","description_text":"I specialize in real estate. I have a large amount of experience in the industry and I know how to find what you are looking for. ","position":"left","icon_space":{"unit":"px","size":37,"sizes":[]},"title_typography_typography":"custom","title_typography_font_size":{"unit":"px","size":22,"sizes":[]},"description_typography_typography":"custom","description_typography_font_size":{"unit":"px","size":17,"sizes":[]},"description_typography_font_weight":"300","description_typography_line_height":{"unit":"em","size":1.5,"sizes":[]},"description_typography_letter_spacing":{"unit":"px","size":1,"sizes":[]},"_margin":{"unit":"px","top":"0","right":"0","bottom":"60","left":"0","isLinked":false},"title_typography_font_weight":"500","_animation":"fadeIn","animation_duration":"slow"},"elements":[],"isInner":false,"widgetType":"icon-box","elType":"widget"}],"isInner":true,"elType":"column"}],"isInner":true,"elType":"section"},{"id":"4e2bd39f","settings":{"space":{"unit":"px","size":55,"sizes":[]}},"elements":[],"isInner":false,"widgetType":"spacer","elType":"widget"}],"isInner":false,"elType":"column"}],"isInner":false,"elType":"section"},{"id":"6192ee8","settings":{"background_color":"#FFF0ED","background_color_b":"#D5806E","content_width":{"unit":"px","size":1600,"sizes":[]},"gap":"no","height":"min-height","custom_height":{"unit":"vh","size":59,"sizes":[]},"custom_height_tablet":{"unit":"vh","size":"","sizes":[]},"custom_height_mobile":{"unit":"vh","size":100,"sizes":[]},"column_position":"stretch","content_position":"middle","background_color_stop":{"unit":"%","size":59,"sizes":[]},"background_gradient_angle":{"unit":"deg","size":10,"sizes":[]},"background_image":{"url":"","id":"","alt":"","source":"library"},"background_position":"center center","background_repeat":"no-repeat","background_size":"cover","background_slideshow_ken_burns":"yes","background_overlay_color":"#E9AFA3","background_overlay_color_stop":{"unit":"%","size":70,"sizes":[]},"background_overlay_color_b":"#222638","background_overlay_color_b_stop":{"unit":"%","size":0,"sizes":[]},"background_overlay_gradient_angle":{"unit":"deg","size":344,"sizes":[]},"background_overlay_opacity":{"unit":"px","size":1,"sizes":[]},"shape_divider_top_height":{"unit":"px","size":32,"sizes":[]},"shape_divider_bottom_height":{"unit":"px","size":29,"sizes":[]},"layout":"full_width","shape_divider_top":"waves","shape_divider_top_color":"#FFFFFF","shape_divider_top_width":{"unit":"%","size":144,"sizes":[]},"shape_divider_top_negative":"yes","shape_divider_bottom":"waves","shape_divider_top_above_content":"yes","shape_divider_bottom_color":"#FFFFFF","shape_divider_bottom_flip":"yes","background_background":"classic"},"elements":[{"id":"1a536d6f","settings":{"_column_size":100,"_inline_size":null},"elements":[{"id":"511e0a6c","settings":[],"elements":[{"id":"6f0fe80","settings":{"_column_size":100,"_inline_size":null},"elements":[{"id":"69f64e57","settings":{"space":{"unit":"px","size":99,"sizes":[]}},"elements":[],"isInner":false,"widgetType":"spacer","elType":"widget"},{"id":"143d6bb4","settings":{"align":"center","icon_space":{"unit":"px","size":12,"sizes":[]},"_margin":{"unit":"px","top":"0","right":"0","bottom":"0","left":"0","isLinked":false},"_animation":"fadeIn","animation_duration":"slow"},"elements":[],"isInner":false,"widgetType":"star-rating","elType":"widget"},{"id":"155b27da","settings":{"title":"What Customers Are Saying","align":"center","typography_typography":"custom","typography_font_size":{"unit":"px","size":36,"sizes":[]},"typography_font_weight":"400","_margin":{"unit":"px","top":"0","right":"0","bottom":"40","left":"0","isLinked":false},"_animation":"fadeIn","animation_duration":"slow","align_mobile":"center","typography_font_size_mobile":{"unit":"px","size":35,"sizes":[]},"typography_font_size_tablet":{"unit":"px","size":40,"sizes":[]},"_margin_tablet":{"unit":"px","top":"0","right":"0","bottom":"30","left":"0","isLinked":false}},"elements":[],"isInner":false,"widgetType":"heading","elType":"widget"}],"isInner":true,"elType":"column"}],"isInner":true,"elType":"section"},{"id":"34409cac","settings":{"structure":"30","animation":"fadeIn","animation_duration":"slow","content_width":{"unit":"px","size":1380,"sizes":[]},"gap":"extended","margin_tablet":{"unit":"px","top":"0","right":0,"bottom":"0","left":0,"isLinked":true},"padding_tablet":{"unit":"px","top":"0","right":"100","bottom":"0","left":"100","isLinked":false},"padding_mobile":{"unit":"px","top":"0","right":"0","bottom":"0","left":"0","isLinked":true}},"elements":[{"id":"52fca3c0","settings":{"_column_size":33,"_inline_size":null,"_inline_size_tablet":100},"elements":[{"id":"59016440","settings":{"testimonial_content":"\"I am very impressed with the professionalism and knowledge Bel\u00e9n has shown me. I am a first time home buyer, but I know that she will help me through every step of the process until I figure out what's right for me.\"","testimonial_image":{"id":16844,"url":"https:\/\/demo25.houzez.co\/wp-content\/uploads\/2020\/02\/44.jpg","alt":"","source":"library"},"testimonial_name":"Rita Roy","testimonial_job":"Home buyer","testimonial_alignment":"left","content_typography_typography":"custom","content_typography_font_size":{"unit":"px","size":17,"sizes":[]},"name_typography_typography":"custom","name_typography_font_weight":"bold","job_text_color":"#808080","job_typography_typography":"custom","job_typography_font_size":{"unit":"px","size":15,"sizes":[]},"job_typography_line_height":{"unit":"em","size":1.5,"sizes":[]},"_padding":{"unit":"px","top":"30","right":"30","bottom":"30","left":"30","isLinked":true},"_background_background":"classic","_background_color":"#FFFFFF","_border_width":{"unit":"px","top":"0","right":"0","bottom":"0","left":"0","isLinked":true},"_border_radius":{"unit":"px","top":"4","right":"4","bottom":"4","left":"4","isLinked":true},"_padding_tablet":{"unit":"px","top":"20","right":"20","bottom":"20","left":"20","isLinked":true},"_box_shadow_box_shadow_type":"yes","_box_shadow_box_shadow":{"horizontal":0,"vertical":40,"blur":40,"spread":0,"color":"rgba(0, 0, 0, 0.16)"}},"elements":[],"isInner":false,"widgetType":"testimonial","elType":"widget"}],"isInner":true,"elType":"column"},{"id":"f5dd17b","settings":{"_column_size":33,"_inline_size":null,"_inline_size_tablet":100},"elements":[{"id":"55611e78","settings":{"testimonial_content":"\"I found Bel\u00e9n Mendoza through a friend. We had been looking at houses for months with no luck when she heard about Bel\u00e9n, who we hired to help us find our dream home. She knows the real estate market well and has helped me in so many ways.\"","testimonial_image":{"id":16842,"url":"https:\/\/demo25.houzez.co\/wp-content\/uploads\/2020\/02\/64.jpg","alt":"","source":"library"},"testimonial_name":"John Siy","testimonial_job":"Home owner","testimonial_alignment":"left","content_typography_typography":"custom","content_typography_font_size":{"unit":"px","size":17,"sizes":[]},"name_typography_typography":"custom","name_typography_font_weight":"bold","job_text_color":"#808080","job_typography_typography":"custom","job_typography_font_size":{"unit":"px","size":15,"sizes":[]},"job_typography_line_height":{"unit":"em","size":1.5,"sizes":[]},"_padding":{"unit":"px","top":"30","right":"30","bottom":"30","left":"30","isLinked":true},"_background_background":"classic","_background_color":"#FFFFFF","_border_width":{"unit":"px","top":"0","right":"0","bottom":"0","left":"0","isLinked":true},"_border_radius":{"unit":"px","top":"4","right":"4","bottom":"4","left":"4","isLinked":true},"_padding_tablet":{"unit":"px","top":"20","right":"20","bottom":"20","left":"20","isLinked":true},"_box_shadow_box_shadow_type":"yes","_box_shadow_box_shadow":{"horizontal":0,"vertical":40,"blur":40,"spread":0,"color":"rgba(0, 0, 0, 0.16)"}},"elements":[],"isInner":false,"widgetType":"testimonial","elType":"widget"}],"isInner":true,"elType":"column"},{"id":"2d189df1","settings":{"_column_size":33,"_inline_size":null,"_inline_size_tablet":100},"elements":[{"id":"4bb14f9d","settings":{"testimonial_content":"\"I am a real estate agent who has known Bel\u00e9n Mendoza for many years. In addition to her extensive knowledge of the market, she also provides expert advice and outstanding services. Her professionalism and honesty is unmatched.\"","testimonial_image":{"id":16843,"url":"https:\/\/demo25.houzez.co\/wp-content\/uploads\/2020\/02\/48.jpg","alt":"","source":"library"},"testimonial_name":"Kalye Moore","testimonial_job":"Real Estate Agent","testimonial_alignment":"left","content_typography_typography":"custom","content_typography_font_size":{"unit":"px","size":17,"sizes":[]},"name_typography_typography":"custom","name_typography_font_weight":"bold","job_text_color":"#808080","job_typography_typography":"custom","job_typography_font_size":{"unit":"px","size":15,"sizes":[]},"job_typography_line_height":{"unit":"em","size":1.5,"sizes":[]},"_padding":{"unit":"px","top":"30","right":"30","bottom":"30","left":"30","isLinked":true},"_background_background":"classic","_background_color":"#FFFFFF","_border_width":{"unit":"px","top":"0","right":"0","bottom":"0","left":"0","isLinked":true},"_border_radius":{"unit":"px","top":"4","right":"4","bottom":"4","left":"4","isLinked":true},"_padding_tablet":{"unit":"px","top":"20","right":"20","bottom":"20","left":"20","isLinked":true},"_box_shadow_box_shadow_type":"yes","_box_shadow_box_shadow":{"horizontal":0,"vertical":40,"blur":40,"spread":0,"color":"rgba(0, 0, 0, 0.16)"}},"elements":[],"isInner":false,"widgetType":"testimonial","elType":"widget"}],"isInner":true,"elType":"column"}],"isInner":true,"elType":"section"},{"id":"43075fa1","settings":{"space":{"unit":"px","size":160,"sizes":[]}},"elements":[],"isInner":false,"widgetType":"spacer","elType":"widget"}],"isInner":false,"elType":"column"}],"isInner":false,"elType":"section"},{"id":"68ee8ddb","settings":{"background_color":"#FFFFFF","background_color_b":"#E9AFA3E0","content_width":{"unit":"px","size":1370,"sizes":[]},"gap":"no","custom_height":{"unit":"vh","size":70,"sizes":[]},"custom_height_tablet":{"unit":"vh","size":75,"sizes":[]},"custom_height_mobile":{"unit":"vh","size":100,"sizes":[]},"column_position":"stretch","background_background":"classic","background_color_stop":{"unit":"%","size":83,"sizes":[]},"background_color_b_stop":{"unit":"%","size":0,"sizes":[]},"background_gradient_angle":{"unit":"deg","size":90,"sizes":[]},"background_image":{"url":"","id":"","alt":"","source":"library"},"background_position":"center center","background_repeat":"no-repeat","background_size":"cover","background_slideshow_ken_burns":"yes","background_overlay_color":"#E9AFA3E0","background_overlay_color_stop":{"unit":"%","size":37,"sizes":[]},"background_overlay_color_b":"#222638F5","background_overlay_color_b_stop":{"unit":"%","size":0,"sizes":[]},"background_overlay_gradient_angle":{"unit":"deg","size":240,"sizes":[]},"background_overlay_opacity":{"unit":"px","size":1,"sizes":[]},"shape_divider_top":"waves","shape_divider_top_width":{"unit":"%","size":194,"sizes":[]},"shape_divider_top_height":{"unit":"px","size":49,"sizes":[]},"shape_divider_bottom_color":"#FFFFFF","shape_divider_bottom_width":{"unit":"%","size":126,"sizes":[]},"shape_divider_bottom_height":{"unit":"px","size":51,"sizes":[]},"shape_divider_bottom_flip":"yes","reverse_order_mobile":"reverse-mobile"},"elements":[{"id":"6e90c9","settings":{"_column_size":100,"_inline_size":null},"elements":[{"id":"78d4869","settings":{"space":{"unit":"px","size":77,"sizes":[]}},"elements":[],"isInner":false,"widgetType":"spacer","elType":"widget"},{"id":"5a78e9f0","settings":{"layout":"full_width","animation":"fadeIn","animation_duration":"slow","content_position":"middle","structure":"22","margin":{"unit":"px","top":"0","right":0,"bottom":"30","left":0,"isLinked":false}},"elements":[{"id":"578c332e","settings":{"_column_size":66,"_inline_size":null,"space_between_widgets":0,"padding":{"unit":"px","top":"0","right":"50","bottom":"0","left":"0","isLinked":false},"_inline_size_tablet":100,"padding_mobile":{"unit":"px","top":"0","right":"0","bottom":"0","left":"0","isLinked":true}},"elements":[{"id":"6f6ccabf","settings":{"title":"My Blog","typography_typography":"custom","typography_font_size":{"unit":"px","size":36,"sizes":[]},"typography_font_weight":"400","_margin":{"unit":"px","top":"0","right":"0","bottom":"0","left":"20","isLinked":false},"_animation":"fadeIn","animation_duration":"slow","align_mobile":"center","typography_font_size_mobile":{"unit":"px","size":35,"sizes":[]},"typography_font_size_tablet":{"unit":"px","size":40,"sizes":[]},"_margin_tablet":{"unit":"px","top":"0","right":"0","bottom":"30","left":"0","isLinked":false}},"elements":[],"isInner":false,"widgetType":"heading","elType":"widget"}],"isInner":true,"elType":"column"},{"id":"4d4e0b58","settings":{"_column_size":33,"_inline_size":null,"space_between_widgets":0,"_inline_size_tablet":100},"elements":[{"id":"20d8845c","settings":{"text":"Read my blog","align":"right","size":"md","typography_typography":"custom","typography_font_size":{"unit":"px","size":13,"sizes":[]},"typography_text_transform":"uppercase","typography_line_height":{"unit":"em","size":1.5,"sizes":[]},"typography_letter_spacing":{"unit":"px","size":5,"sizes":[]},"background_color":"#1B1F2D00","hover_color":"#E9AFA3","border_width":{"unit":"px","top":"1","right":"1","bottom":"1","left":"1","isLinked":true},"border_radius":{"unit":"px","top":"0","right":"0","bottom":"0","left":"0","isLinked":true},"typography_font_family":"Jost","typography_font_weight":"500","button_text_color":"#000000","border_color":"#1B1F2D","link":{"url":"https:\/\/demo25.houzez.co\/mls-search\/","is_external":"","nofollow":"","custom_attributes":""},"selected_icon":{"value":"fas fa-long-arrow-alt-right","library":"fa-solid"},"icon_align":"right","text_padding":{"unit":"px","top":"0","right":"0","bottom":"0","left":"0","isLinked":false},"align_tablet":"center","_animation":"none"},"elements":[],"isInner":false,"widgetType":"button","elType":"widget"}],"isInner":true,"elType":"column"}],"isInner":true,"elType":"section"},{"id":"43f1dda5","settings":{"content_width":{"unit":"px","size":1600,"sizes":[]},"animation":"fadeIn","animation_duration":"slow","gap":"no","padding_tablet":{"unit":"px","top":"0","right":"30","bottom":"0","left":"30","isLinked":false},"padding_mobile":{"unit":"px","top":"0","right":"10","bottom":"0","left":"10","isLinked":false}},"elements":[{"id":"1ba79838","settings":{"_column_size":100,"_inline_size":null,"space_between_widgets":0},"elements":[{"id":"2b096015","settings":{"posts_limit":4,"show_author":"","box_padding_top":{"unit":"px","size":20,"sizes":[]},"box_padding_bottom":{"unit":"px","size":0,"sizes":[]},"image_margin":{"unit":"px","size":20,"sizes":[]},"title_typo_typography":"custom","title_typo_font_size":{"unit":"px","size":18,"sizes":[]},"title_typo_font_weight":"500","title_margin_top":{"unit":"px","size":10,"sizes":[]},"title_margin_bottom":{"unit":"px","size":0,"sizes":[]},"content_typo_typography":"custom","content_typo_font_size":{"unit":"px","size":15,"sizes":[]},"content_margin_bottom":{"unit":"px","size":0,"sizes":[]},"postmeta_typo_typography":"custom","postmeta_typo_font_size":{"unit":"px","size":15,"sizes":[]},"postmeta_margin_top":{"unit":"px","size":8,"sizes":[]},"author_padding":{"unit":"px","top":"20","right":"30","bottom":"0","left":"30","isLinked":false},"box_margin_bottom":{"unit":"px","size":9,"sizes":[]},"content_margin_top":{"unit":"px","size":0,"sizes":[]}},"elements":[],"isInner":false,"widgetType":"houzez_elementor_blog_posts","elType":"widget"},{"id":"268558d9","settings":{"space":{"unit":"px","size":20,"sizes":[]}},"elements":[],"isInner":false,"widgetType":"spacer","elType":"widget"}],"isInner":true,"elType":"column"}],"isInner":true,"elType":"section"},{"id":"5a080c83","settings":{"space":{"unit":"px","size":100,"sizes":[]},"space_tablet":{"unit":"px","size":50,"sizes":[]}},"elements":[],"isInner":false,"widgetType":"spacer","elType":"widget"}],"isInner":false,"elType":"column"}],"isInner":false,"elType":"section"}],"page_settings":{"background_color":"#FFFFFF"},"version":"0.4","title":"Demo 25 - Homepage 1","type":"page"}