{"content":[{"id":"7308c2fa","settings":{"margin":{"unit":"px","top":"0","right":0,"bottom":"100","left":0,"isLinked":false},"background_background":"gradient","background_color_stop":{"unit":"%","size":59,"sizes":[]},"background_color_b":"#F9F9F9","background_color_b_stop":{"unit":"%","size":50,"sizes":[]},"margin_mobile":{"unit":"px","top":"0","right":0,"bottom":"0","left":0,"isLinked":true},"__globals__":{"background_color":""},"margin_tablet":{"unit":"px","top":"0","right":0,"bottom":"0","left":0,"isLinked":false},"background_color":"#153048"},"elements":[{"id":"6531e4fd","settings":{"_column_size":100,"_inline_size":null},"elements":[{"id":"62cbce40","settings":{"structure":"20","margin":{"unit":"px","top":"80","right":0,"bottom":"0","left":0,"isLinked":false},"margin_mobile":{"unit":"px","top":"0","right":0,"bottom":"0","left":0,"isLinked":true},"z_index":2},"elements":[{"id":"10d485ee","settings":{"_column_size":50,"_inline_size":null,"space_between_widgets_mobile":10},"elements":[{"id":"b003446","settings":{"title":"Contact us","typography_typography":"custom","typography_letter_spacing":{"unit":"px","size":-1,"sizes":[]},"__globals__":{"title_color":""},"typography_font_size":{"unit":"px","size":48,"sizes":[]},"typography_line_height":{"unit":"em","size":1.2,"sizes":[]},"_animation":"fadeIn","align_mobile":"center","typography_font_size_mobile":{"unit":"px","size":28,"sizes":[]},"title_color":"#FFFFFF","typography_font_size_tablet":{"unit":"px","size":32,"sizes":[]},"_margin_mobile":{"unit":"px","top":"0","right":"0","bottom":"20","left":"0","isLinked":false}},"elements":[],"isInner":false,"widgetType":"heading","elType":"widget"},{"id":"1c5c6404","settings":{"typography_typography":"custom","typography_font_size":{"unit":"px","size":18,"sizes":[]},"typography_line_height":{"unit":"em","size":1.6,"sizes":[]},"__globals__":{"text_color":""},"editor":"<p>Lorem ipsum dolor sit amet conse ctetur adipiscing elit. Ut elit tellus, luctus nec ullamcorper<\/p>","text_color":"#C0D4E6","_margin":{"unit":"px","top":"0","right":"100","bottom":"0","left":"0","isLinked":false},"_animation":"fadeIn","_animation_delay":200,"align_mobile":"center","typography_font_size_mobile":{"unit":"px","size":16,"sizes":[]},"_margin_mobile":{"unit":"px","top":"0","right":"0","bottom":"0","left":"0","isLinked":true},"_margin_tablet":{"unit":"px","top":"0","right":"0","bottom":"0","left":"0","isLinked":false},"_padding_tablet":{"unit":"px","top":"0","right":"0","bottom":"0","left":"0","isLinked":false}},"elements":[],"isInner":false,"widgetType":"text-editor","elType":"widget"},{"id":"1ad80496","settings":{"icon_list":[{"text":"+1 (800) 987 6543","selected_icon":{"value":"fas fa-phone-alt","library":"fa-solid"},"_id":"34d31b1"},{"text":"email@houzez.co","selected_icon":{"value":"far fa-envelope","library":"fa-regular"},"_id":"b26c94b"}],"space_between":{"unit":"px","size":5,"sizes":[]},"_animation":"fadeIn","_animation_delay":400,"__globals__":{"icon_color":"","icon_color_hover":"","text_color":""},"icon_align_mobile":"center","icon_color":"#FFA72A","icon_color_hover":"#FFA72A","text_color":"#FFFFFF"},"elements":[],"isInner":false,"widgetType":"icon-list","elType":"widget"},{"id":"2e705bf","settings":{"space":{"unit":"px","size":63,"sizes":[]},"space_mobile":{"unit":"px","size":0,"sizes":[]},"space_tablet":{"unit":"px","size":31,"sizes":[]}},"elements":[],"isInner":false,"widgetType":"spacer","elType":"widget"},{"id":"447e3185","settings":{"editor":"<p class=\"padding-top\"><strong>Corporate Headquarters<\/strong><br \/>1584\u00a0Biscayne\u00a0Boulevard<br \/>Miami FL, 33176<\/p>","_background_background":"classic","_animation":"fadeIn","_animation_delay":600,"__globals__":{"text_color":"globals\/colors?id=cf956c5"},"align_mobile":"center","hide_desktop":"hidden-desktop","hide_tablet":"hidden-tablet"},"elements":[],"isInner":false,"widgetType":"text-editor","elType":"widget"},{"id":"7a6117fb","settings":{"editor":"<p class=\"padding-top\"><strong>Corporate Headquarters<\/strong><br \/>1584\u00a0Biscayne\u00a0Boulevard<br \/>Miami FL, 33176<\/p>","_background_background":"classic","_animation":"fadeIn","_animation_delay":600,"__globals__":{"text_color":""},"hide_mobile":"hidden-phone","text_color":"#153048"},"elements":[],"isInner":false,"widgetType":"text-editor","elType":"widget"},{"id":"2f64c439","settings":{"social_icon_list":[{"social_icon":{"value":"fab fa-facebook","library":"fa-brands"},"_id":"4d4e750","link":{"url":"#","is_external":"true","nofollow":"","custom_attributes":""}},{"social_icon":{"value":"fab fa-twitter","library":"fa-brands"},"_id":"a2d8d9c","link":{"url":"#","is_external":"true","nofollow":"","custom_attributes":""}},{"social_icon":{"value":"fab fa-youtube","library":"fa-brands"},"_id":"4483b35","link":{"url":"#","is_external":"true","nofollow":"","custom_attributes":""}},{"social_icon":{"value":"fab fa-linkedin","library":"fa-brands"},"link":{"url":"#","is_external":"true","nofollow":"","custom_attributes":""},"_id":"4cd5d30"},{"social_icon":{"value":"fab fa-instagram","library":"fa-brands"},"link":{"url":"#","is_external":"true","nofollow":"","custom_attributes":""},"_id":"9e48d2c"},{"social_icon":{"value":"fab fa-skype","library":"fa-brands"},"link":{"url":"#","is_external":"true","nofollow":"","custom_attributes":""},"_id":"a996753"}],"align":"left","icon_primary_color":"#000000","icon_size":{"unit":"px","size":20,"sizes":[]},"icon_spacing":{"unit":"px","size":4,"sizes":[]},"hover_animation":"shrink","_margin":{"unit":"px","top":"0","right":"0","bottom":"0","left":"0","isLinked":true},"_animation":"fadeIn","_animation_delay":800,"align_mobile":"center"},"elements":[],"isInner":false,"widgetType":"social-icons","elType":"widget"}],"isInner":true,"elType":"column"},{"id":"3f4b7e3","settings":{"_column_size":50,"_inline_size":null},"elements":[{"id":"2ce046a4","settings":{"form_name":"New Form","form_fields":[{"_id":"name","field_type":"first_name","field_label":"First Name","placeholder":"Enter your name","width":"50","required":"true"},{"field_type":"last_name","field_label":"Last Name","placeholder":"Enter your last name","width":"50","required":"true","_id":"bf18955"},{"_id":"email","field_type":"email","required":"true","field_label":"Email","placeholder":"Email"},{"_id":"message","field_type":"message","field_label":"Message","placeholder":"Message","required":"true"}],"button_text":"Submit","email_to":"hello@favethemes.com","email_subject":"New message from &quot;Houzez 01&quot;","_background_background":"classic","mark_required":"yes","column_gap":{"unit":"px","size":20,"sizes":[]},"label_typography_typography":"custom","label_typography_font_weight":"500","con_google_recaptcha":"yes","gdpr_agreement":"yes","gdpr_label":"GDPR Agreement","gdpr_text":"I consent to having this website store my submitted information","gdpr_required":"true","button_text_color":"#FFFFFF","button_background_color":"#FFA72A","button_background_hover_color":"#FF9600","button_hover_color":"#FFFFFF","_padding":{"unit":"px","top":"40","right":"40","bottom":"40","left":"40","isLinked":true},"_z_index":1,"_animation":"fadeIn","_animation_delay":1000,"_background_color":"#FFFFFF","_box_shadow_box_shadow_type":"yes","_box_shadow_box_shadow":{"horizontal":0,"vertical":80,"blur":80,"spread":0,"color":"rgba(0, 0, 0, 0.16)"},"__globals__":{"_background_color":"globals\/colors?id=cf956c5","button_background_color":"","button_background_hover_color":"","button_hover_color":""}},"elements":[],"isInner":false,"widgetType":"houzez_elementor_contact_form","elType":"widget"},{"id":"22a1c699","settings":{"image":{"url":"https:\/\/demo20.houzez.co\/wp-content\/uploads\/2021\/04\/Group-1708.png","id":17403},"width":{"unit":"px","size":166,"sizes":[]},"_z_index":0,"_position":"absolute","_offset_x":{"size":250,"unit":"px"},"_offset_y":{"size":-57,"unit":"px"},"_animation":"fadeInDown","hide_mobile":"hidden-phone","_animation_delay":600,"_offset_x_tablet":{"size":-117,"unit":"px"},"_offset_x_mobile":{"size":-2,"unit":"px"},"_offset_y_tablet":{"size":-44,"unit":"px"},"_offset_y_mobile":{"size":-16,"unit":"px"}},"elements":[],"isInner":false,"widgetType":"image","elType":"widget"}],"isInner":true,"elType":"column"}],"isInner":true,"elType":"section"}],"isInner":false,"elType":"column"}],"isInner":false,"elType":"section"}],"page_settings":[],"version":"0.4","title":"Demo 20 &#8211; Contact us","type":"page"}