{"content":[{"id":"cc9d764","settings":{"margin":{"unit":"px","top":"0","right":0,"bottom":"100","left":0,"isLinked":false},"background_background":"gradient","background_color_stop":{"unit":"%","size":59,"sizes":[]},"background_color_b":"#F9F9F9","background_color_b_stop":{"unit":"%","size":50,"sizes":[]},"margin_mobile":{"unit":"px","top":"0","right":0,"bottom":"0","left":0,"isLinked":true},"__globals__":{"background_color":""},"margin_tablet":{"unit":"px","top":"0","right":0,"bottom":"0","left":0,"isLinked":false},"background_color":"#153048"},"elements":[{"id":"792792d2","settings":{"_column_size":100,"_inline_size":null},"elements":[{"id":"4fc50cdd","settings":{"structure":"20","margin":{"unit":"px","top":"80","right":0,"bottom":"0","left":0,"isLinked":false},"margin_mobile":{"unit":"px","top":"0","right":0,"bottom":"0","left":0,"isLinked":true}},"elements":[{"id":"6d87ce60","settings":{"_column_size":50,"_inline_size":null,"space_between_widgets_mobile":10},"elements":[{"id":"6e9197c5","settings":{"title":"Leaders in property management","typography_typography":"custom","typography_letter_spacing":{"unit":"px","size":-1,"sizes":[]},"__globals__":{"title_color":""},"typography_font_size":{"unit":"px","size":48,"sizes":[]},"typography_line_height":{"unit":"em","size":1.2,"sizes":[]},"_animation":"fadeIn","align_mobile":"center","typography_font_size_mobile":{"unit":"px","size":28,"sizes":[]},"title_color":"#FFFFFF","typography_font_size_tablet":{"unit":"px","size":32,"sizes":[]},"_margin_mobile":{"unit":"px","top":"0","right":"0","bottom":"20","left":"0","isLinked":false}},"elements":[],"isInner":false,"widgetType":"heading","elType":"widget"},{"id":"1ba49b8b","settings":{"typography_typography":"custom","typography_font_size":{"unit":"px","size":18,"sizes":[]},"typography_line_height":{"unit":"em","size":1.6,"sizes":[]},"__globals__":{"text_color":""},"editor":"<p>Lorem ipsum dolor sit amet conse ctetur adipiscing elit. Ut elit tellus, luctus nec ullamcorper<\/p>","text_color":"#C0D4E6","_margin":{"unit":"px","top":"0","right":"100","bottom":"0","left":"0","isLinked":false},"_animation":"fadeIn","_animation_delay":200,"align_mobile":"center","typography_font_size_mobile":{"unit":"px","size":16,"sizes":[]},"_margin_mobile":{"unit":"px","top":"0","right":"0","bottom":"0","left":"0","isLinked":true},"_margin_tablet":{"unit":"px","top":"0","right":"0","bottom":"0","left":"0","isLinked":false},"_padding_tablet":{"unit":"px","top":"0","right":"0","bottom":"0","left":"0","isLinked":false}},"elements":[],"isInner":false,"widgetType":"text-editor","elType":"widget"},{"id":"5429436c","settings":{"space":{"unit":"px","size":54,"sizes":[]},"space_mobile":{"unit":"px","size":0,"sizes":[]},"space_tablet":{"unit":"px","size":31,"sizes":[]}},"elements":[],"isInner":false,"widgetType":"spacer","elType":"widget"},{"id":"4a206dc5","settings":{"icon_space":{"unit":"px","size":5,"sizes":[]},"_animation":"fadeIn","_animation_delay":800,"align_mobile":"center","_margin_tablet":{"unit":"px","top":"0","right":"0","bottom":"0","left":"0","isLinked":false}},"elements":[],"isInner":false,"widgetType":"star-rating","elType":"widget"},{"id":"43298168","settings":{"testimonial_content":"Lorem ipsum dolor sit amet, consectetur adipiscing elit. Ut elit tellus, luctus nec ullamcorper mattis, pulvinar dapibus leo.","testimonial_image":{"url":"https:\/\/demo20.houzez.co\/wp-content\/uploads\/2020\/02\/48.jpg","id":16843},"testimonial_name":"Patricia Whatson","testimonial_job":"Property owner","content_typography_typography":"custom","content_typography_font_size":{"unit":"px","size":15,"sizes":[]},"name_typography_typography":"custom","name_typography_font_weight":"500","_margin":{"unit":"px","top":"0","right":"150","bottom":"0","left":"0","isLinked":false},"_animation":"fadeIn","_animation_delay":1000,"__globals__":{"job_text_color":"","content_content_color":"","name_text_color":""},"_margin_mobile":{"unit":"px","top":"0","right":"10","bottom":"0","left":"10","isLinked":false},"hide_desktop":"hidden-desktop","hide_tablet":"hidden-tablet","content_content_color":"#FFFFFF","name_text_color":"#FFFFFF","job_text_color":"#FFA72A"},"elements":[],"isInner":false,"widgetType":"testimonial","elType":"widget"},{"id":"e613593","settings":{"testimonial_content":"Lorem ipsum dolor sit amet, consectetur adipiscing elit. Ut elit tellus, luctus nec ullamcorper mattis, pulvinar dapibus leo.","testimonial_image":{"url":"https:\/\/demo20.houzez.co\/wp-content\/uploads\/2020\/02\/48.jpg","id":16843},"testimonial_name":"Patricia Whatson","testimonial_job":"Property owner","testimonial_alignment":"left","content_typography_typography":"custom","content_typography_font_size":{"unit":"px","size":15,"sizes":[]},"name_typography_typography":"custom","name_typography_font_weight":"500","_margin":{"unit":"px","top":"0","right":"150","bottom":"0","left":"0","isLinked":false},"_animation":"fadeIn","_animation_delay":1000,"__globals__":{"job_text_color":"","content_content_color":"","name_text_color":""},"hide_mobile":"hidden-phone","content_content_color":"#153048","name_text_color":"#153048","job_text_color":"#FFA72A"},"elements":[],"isInner":false,"widgetType":"testimonial","elType":"widget"}],"isInner":true,"elType":"column"},{"id":"676b3aa7","settings":{"_column_size":50,"_inline_size":null},"elements":[{"id":"7415b55c","settings":{"image":{"url":"https:\/\/demo20.houzez.co\/wp-content\/uploads\/2021\/04\/miami-beach.jpg","id":17773},"image_size":"custom","image_custom_dimension":{"width":"800","height":"800"},"image_box_shadow_box_shadow_type":"yes","image_box_shadow_box_shadow":{"horizontal":0,"vertical":80,"blur":80,"spread":0,"color":"rgba(0, 0, 0, 0.16)"},"_z_index":2,"_animation":"fadeIn","_animation_delay":400,"_margin_mobile":{"unit":"px","top":"0","right":"0","bottom":"0","left":"0","isLinked":true}},"elements":[],"isInner":false,"widgetType":"image","elType":"widget"},{"id":"5394b09a","settings":{"image":{"url":"https:\/\/demo20.houzez.co\/wp-content\/uploads\/2021\/04\/Group-1708.png","id":17403},"width":{"unit":"px","size":166,"sizes":[]},"_z_index":1,"_position":"absolute","_offset_x":{"size":250,"unit":"px"},"_offset_y":{"size":-57,"unit":"px"},"_animation":"fadeInDown","hide_mobile":"hidden-phone","_animation_delay":600,"_offset_x_tablet":{"size":-117,"unit":"px"},"_offset_x_mobile":{"size":-2,"unit":"px"},"_offset_y_tablet":{"size":-44,"unit":"px"},"_offset_y_mobile":{"size":-16,"unit":"px"}},"elements":[],"isInner":false,"widgetType":"image","elType":"widget"}],"isInner":true,"elType":"column"}],"isInner":true,"elType":"section"}],"isInner":false,"elType":"column"}],"isInner":false,"elType":"section"},{"id":"4b4ce86f","settings":{"margin":{"unit":"px","top":"0","right":0,"bottom":"0","left":0,"isLinked":false},"animation":"fadeIn"},"elements":[{"id":"21d37b86","settings":{"_column_size":100,"_inline_size":null},"elements":[{"id":"6648d513","settings":{"title":"Services","align":"left","typography_typography":"custom","typography_font_size":{"unit":"px","size":14,"sizes":[]},"typography_font_weight":"500","typography_text_transform":"uppercase","typography_line_height":{"unit":"em","size":1.2,"sizes":[]},"typography_letter_spacing":{"unit":"px","size":0,"sizes":[]},"_margin":{"unit":"px","top":"0","right":"0","bottom":"0","left":"0","isLinked":false},"_animation":"none","__globals__":{"title_color":""},"align_mobile":"center","title_color":"#FFA72A"},"elements":[],"isInner":false,"widgetType":"heading","elType":"widget"},{"id":"15962ec1","settings":{"title":"How we can help you","align":"left","typography_typography":"custom","typography_letter_spacing":{"unit":"px","size":-1,"sizes":[]},"__globals__":{"title_color":""},"align_mobile":"center","typography_line_height":{"unit":"em","size":1.2,"sizes":[]},"title_color":"#153048"},"elements":[],"isInner":false,"widgetType":"heading","elType":"widget"},{"id":"20b86cd3","settings":[],"elements":[{"id":"3bfb9c2d","settings":{"_column_size":100,"_inline_size":null},"elements":[{"id":"14cb86e9","settings":{"icon_boxes":[{"icon_type":"custom_icon","title":"Advisory","text":"Lorem ipsum dolor sit amet, consectetur adipiscing elit. Ut elit tellus, luctus nec ullamcorper mattis, pulvinar dapibus leo.","_id":"18633ad","custom_icon":{"url":"https:\/\/demo20.houzez.co\/wp-content\/uploads\/2021\/04\/icon-1.png","id":17647},"icon":"fa fa-address-book"},{"icon_type":"custom_icon","title":"Management","text":"Lorem ipsum dolor sit amet, consectetur adipiscing elit. Ut elit tellus, luctus nec ullamcorper mattis, pulvinar dapibus leo.","custom_icon":{"url":"https:\/\/demo20.houzez.co\/wp-content\/uploads\/2021\/04\/icon-2.png","id":17648},"_id":"905257e"},{"icon_type":"custom_icon","title":"Valuation","text":"Lorem ipsum dolor sit amet, consectetur adipiscing elit. Ut elit tellus, luctus nec ullamcorper mattis, pulvinar dapibus leo.","_id":"a2a5859","custom_icon":{"url":"https:\/\/demo20.houzez.co\/wp-content\/uploads\/2021\/04\/icon-3.png","id":17649}},{"icon_type":"custom_icon","title":"Leasing","text":"Lorem ipsum dolor sit amet, consectetur adipiscing elit. Ut elit tellus, luctus nec ullamcorper mattis, pulvinar dapibus leo.","custom_icon":{"url":"https:\/\/demo20.houzez.co\/wp-content\/uploads\/2021\/04\/icon-5.png","id":17651},"_id":"997cf58"},{"icon_type":"custom_icon","title":"Capital","text":"Lorem ipsum dolor sit amet, consectetur adipiscing elit. Ut elit tellus, luctus nec ullamcorper mattis, pulvinar dapibus leo.","custom_icon":{"url":"https:\/\/demo20.houzez.co\/wp-content\/uploads\/2021\/04\/icon-4.png","id":17650},"_id":"2419a31"},{"icon_type":"custom_icon","title":"Investment","text":"Lorem ipsum dolor sit amet, consectetur adipiscing elit. Ut elit tellus, luctus nec ullamcorper mattis, pulvinar dapibus leo.","custom_icon":{"url":"https:\/\/demo20.houzez.co\/wp-content\/uploads\/2021\/04\/icon-6.png","id":17652},"_id":"bfd394f"}],"icon_boxes_style":"style3","title_spacing_a":{"unit":"px","size":0,"sizes":[]},"__globals__":{"title_color_a":"","description_color_a":""},"icon_size":{"unit":"px","size":6,"sizes":[]},"title_typography_a_typography":"custom","title_typography_a_letter_spacing":{"unit":"px","size":-1,"sizes":[]},"title_color_a":"#153048","description_color_a":"#565656"},"elements":[],"isInner":false,"widgetType":"houzez_elementor_icon_box","elType":"widget"}],"isInner":true,"elType":"column"}],"isInner":true,"elType":"section"}],"isInner":false,"elType":"column"}],"isInner":false,"elType":"section"},{"id":"4e91280b","settings":{"background_background":"classic","margin":{"unit":"px","top":"0","right":0,"bottom":"0","left":0,"isLinked":false},"padding":{"unit":"px","top":"0","right":"0","bottom":"90","left":"0","isLinked":false},"__globals__":{"background_color":""},"animation":"fadeIn","overflow":"hidden"},"elements":[{"id":"42cd26f9","settings":{"_column_size":100,"_inline_size":null},"elements":[{"id":"8c635b4","settings":{"structure":"30","background_background":"classic","border_radius":{"unit":"px","top":"16","right":"16","bottom":"16","left":"16","isLinked":true},"box_shadow_box_shadow":{"horizontal":0,"vertical":40,"blur":80,"spread":0,"color":"rgba(0, 0, 0, 0.16)"},"padding":{"unit":"px","top":"53","right":"53","bottom":"53","left":"53","isLinked":true},"z_index":1,"__globals__":{"background_color":""},"overflow":"hidden","padding_mobile":{"unit":"px","top":"30","right":"30","bottom":"30","left":"30","isLinked":true},"background_color":"#153048"},"elements":[{"id":"65c56917","settings":{"_column_size":33,"_inline_size":36.332},"elements":[{"id":"57ebc9c4","settings":{"title":"Are you selling?","align":"left","typography_typography":"custom","typography_letter_spacing":{"unit":"px","size":0,"sizes":[]},"__globals__":{"title_color":""},"_animation":"none","_margin":{"unit":"px","top":"0","right":"0","bottom":"0","left":"0","isLinked":false},"header_size":"div","typography_font_size":{"unit":"px","size":14,"sizes":[]},"typography_font_weight":"600","typography_text_transform":"uppercase","typography_line_height":{"unit":"em","size":1.2,"sizes":[]},"title_color":"#FFA72A"},"elements":[],"isInner":false,"widgetType":"heading","elType":"widget"},{"id":"5cf8f03f","settings":{"title":"We deliver accurate property valuation reports","align":"left","typography_typography":"custom","typography_letter_spacing":{"unit":"px","size":-1.5,"sizes":[]},"__globals__":{"title_color":""},"_animation":"none","_margin":{"unit":"px","top":"0","right":"0","bottom":"0","left":"0","isLinked":false},"typography_font_size":{"unit":"px","size":30,"sizes":[]},"typography_line_height":{"unit":"em","size":1.2,"sizes":[]},"_z_index_mobile":1,"title_color":"#FFFFFF"},"elements":[],"isInner":false,"widgetType":"heading","elType":"widget"}],"isInner":true,"elType":"column"},{"id":"322ca07b","settings":{"_column_size":33,"_inline_size":12.963},"elements":[],"isInner":true,"elType":"column"},{"id":"19241c24","settings":{"_column_size":33,"_inline_size":50.037},"elements":[{"id":"1ab41351","settings":{"typography_typography":"custom","typography_font_size":{"unit":"px","size":15,"sizes":[]},"typography_line_height":{"unit":"em","size":1.6,"sizes":[]},"__globals__":{"text_color":""},"editor":"<p>Lorem ipsum dolor sit amet, consectetur adipiscing elit. Ut elit tellus, luctus nec ullamcorper mattis, pulvinar sed do eiusmod tempor.<\/p>","text_color":"#C0D4E6","_margin":{"unit":"px","top":"0","right":"70","bottom":"0","left":"0","isLinked":false},"_z_index_mobile":2},"elements":[],"isInner":false,"widgetType":"text-editor","elType":"widget"},{"id":"1eb32a70","settings":{"text":"Request a valuation","size":"md","typography_typography":"custom","typography_font_weight":"500","button_text_color":"#FFFFFF","background_color":"#FFA72A","button_box_shadow_box_shadow_type":"yes","button_box_shadow_box_shadow":{"horizontal":0,"vertical":20,"blur":40,"spread":0,"color":"rgba(0, 0, 0, 0.16)"},"__globals__":{"button_text_color":"","background_color":"","hover_color":""},"button_background_hover_color":"#FF7800","link":{"url":"https:\/\/demo20.houzez.co\/inquiry-form\/","is_external":"","nofollow":"","custom_attributes":""},"align_mobile":"justify","_z_index_mobile":3,"hover_color":"#FFFFFF"},"elements":[],"isInner":false,"widgetType":"button","elType":"widget"},{"id":"6e80c902","settings":{"image":{"url":"https:\/\/demo20.houzez.co\/wp-content\/uploads\/2021\/04\/agent-isolated-2.png","id":17856},"image_size":"custom","image_custom_dimension":{"width":"300","height":"350"},"_position":"absolute","_offset_x":{"size":260,"unit":"px"},"_offset_y":{"size":-103,"unit":"px"},"_animation":"fadeInRight","_animation_delay":300,"width_mobile":{"unit":"%","size":87,"sizes":[]},"_z_index_mobile":1,"_offset_orientation_h":"end","_offset_x_mobile":{"size":21.878,"unit":"%"},"_offset_x_end_mobile":{"unit":"%","size":-41,"sizes":[]},"_offset_orientation_v":"end","_offset_y_mobile":{"size":19.503,"unit":"%"},"_offset_y_end_mobile":{"unit":"px","size":-30,"sizes":[]},"_offset_x_end":{"size":-51,"unit":"%"},"_offset_y_end":{"size":-54,"unit":"px"}},"elements":[],"isInner":false,"widgetType":"image","elType":"widget"}],"isInner":true,"elType":"column"}],"isInner":true,"elType":"section"}],"isInner":false,"elType":"column"}],"isInner":false,"elType":"section"},{"id":"3dad04fe","settings":{"margin":{"unit":"px","top":"0","right":0,"bottom":"100","left":0,"isLinked":false}},"elements":[{"id":"2b3c870f","settings":{"_column_size":100,"_inline_size":null},"elements":[{"id":"7bd5e8d5","settings":{"title":"Realtors","align":"left","typography_typography":"custom","typography_font_size":{"unit":"px","size":14,"sizes":[]},"typography_font_weight":"500","typography_text_transform":"uppercase","typography_line_height":{"unit":"em","size":1.2,"sizes":[]},"typography_letter_spacing":{"unit":"px","size":0,"sizes":[]},"_margin":{"unit":"px","top":"0","right":"0","bottom":"0","left":"0","isLinked":false},"_animation":"none","__globals__":{"title_color":""},"align_mobile":"center","title_color":"#FFA72A"},"elements":[],"isInner":false,"widgetType":"heading","elType":"widget"},{"id":"1a3eaa1c","settings":{"title":"Meet our experts","align":"left","typography_typography":"custom","typography_letter_spacing":{"unit":"px","size":-1,"sizes":[]},"__globals__":{"title_color":""},"align_mobile":"center","typography_line_height":{"unit":"em","size":1.2,"sizes":[]},"title_color":"#153048"},"elements":[],"isInner":false,"widgetType":"heading","elType":"widget"},{"id":"26d4811f","settings":[],"elements":[{"id":"32f1955","settings":{"_column_size":100,"_inline_size":null},"elements":[{"id":"68316b8c","settings":{"columns":"4","posts_limit":"9"},"elements":[],"isInner":false,"widgetType":"houzez_elementor_agents","elType":"widget"}],"isInner":true,"elType":"column"}],"isInner":true,"elType":"section"}],"isInner":false,"elType":"column"}],"isInner":false,"elType":"section"}],"page_settings":[],"version":"0.4","title":"Demo 20 &#8211; Services","type":"page"}