{"version":"0.4","title":"About Page","type":"page","content":[{"id":"5dc275a9","settings":{"height":"min-height","background_background":"classic","background_image":{"url":"https:\/\/demo17.houzez.co\/wp-content\/uploads\/2020\/09\/about-us.jpg","id":17827},"background_attachment":"scroll","background_repeat":"no-repeat","background_size":"cover","background_overlay_background":"classic","background_overlay_color":"#004274","animation":"fadeIn","animation_duration":"slow","background_position":"top center","content_width":{"unit":"px","size":1300,"sizes":[]}},"elements":[{"id":"411ff7b3","settings":{"_column_size":100,"_inline_size":null},"elements":[{"id":"794bd526","settings":{"title":"About Us","header_size":"h1","typography_typography":"custom","typography_font_size":{"unit":"px","size":40,"sizes":[]},"typography_font_weight":"700","typography_line_height":{"unit":"em","size":1.1,"sizes":[]},"typography_letter_spacing":{"unit":"px","size":-1,"sizes":[]},"_margin":{"unit":"px","top":"0","right":"0","bottom":"12","left":"0","isLinked":false},"__globals__":{"title_color":"globals\/colors?id=5ec2ea58"}},"elements":[],"isInner":false,"widgetType":"heading","elType":"widget"}],"isInner":false,"elType":"column"}],"isInner":false,"elType":"section"},{"id":"4f3f0c47","settings":{"background_background":"classic","background_color":"#FFFFFF","content_width":{"unit":"px","size":1300,"sizes":[]}},"elements":[{"id":"2439eccb","settings":{"_column_size":100,"_inline_size":null,"background_background":"classic","__globals__":{"background_color":"globals\/colors?id=5ec2ea58"}},"elements":[{"id":"70970254","settings":{"width":{"unit":"px","size":100,"sizes":[]},"look":"line","text":"Divider","weight":{"unit":"px","size":3,"sizes":[]},"gap":{"unit":"px","size":40,"sizes":[]},"__globals__":{"color":"globals\/colors?id=primary"}},"elements":[],"isInner":false,"widgetType":"divider","elType":"widget"},{"id":"2d0959dc","settings":{"title":"Our story","typography_typography":"custom","typography_font_size":{"unit":"px","size":40,"sizes":[]},"typography_font_weight":"700","typography_line_height":{"unit":"em","size":1.1,"sizes":[]},"_margin":{"unit":"px","top":"0","right":"0","bottom":"12","left":"0","isLinked":false},"typography_letter_spacing":{"unit":"px","size":-1,"sizes":[]}},"elements":[],"isInner":false,"widgetType":"heading","elType":"widget"},{"id":"2c9d6cf7","settings":{"editor":"<p><strong>Houzez is a premium WordPress theme for real estate agents and agencies<\/strong> where modern aesthetics are combined with a tasteful simplicity and where the ease of use is achieved without compromise in your ability to customize the design.<\/p><p>Whether you are a real estate agent looking to build a website for your company or a web developer seeking a perfect WordPress theme for your next project, you are certain to appreciate the numerous features and benefits that our theme provides.<\/p><p>Houzez is also a WordPress-based property management system which allows you to own and maintain a real estate marketplace, coordinate your agents, accept submissions and offer membership packages.<\/p><p>Unlike many other real estate themes which confine you to a handful of predefined layouts, <b>Houzez offers a limitless array of possibilities to structure and style your content.<\/b> All of the customization options are logically organized in your WordPress admin panel and thorough customization in the provided documentation.<\/p>","typography_typography":"custom","typography_font_size":{"unit":"px","size":18,"sizes":[]},"typography_line_height":{"unit":"em","size":1.7,"sizes":[]},"text_columns":"2","column_gap":{"unit":"px","size":100,"sizes":[]},"typography_font_weight":"500","__globals__":{"text_color":"globals\/colors?id=text"}},"elements":[],"isInner":false,"widgetType":"text-editor","elType":"widget"},{"id":"3ce6f800","settings":[],"elements":[],"isInner":false,"widgetType":"spacer","elType":"widget"}],"isInner":false,"elType":"column"}],"isInner":false,"elType":"section"},{"id":"747d6282","settings":{"background_background":"classic","content_width":{"unit":"px","size":1300,"sizes":[]},"__globals__":{"background_color":"globals\/colors?id=5ec2ea58"}},"elements":[{"id":"5ff392b6","settings":{"_column_size":100,"_inline_size":null,"background_color":"#FFFFFF","box_shadow_box_shadow":{"horizontal":0,"vertical":20,"blur":40,"spread":0,"color":"rgba(0, 0, 0, 0.1)"}},"elements":[{"id":"338edfb8","settings":{"width":{"unit":"px","size":100,"sizes":[]},"look":"line","text":"Divider","weight":{"unit":"px","size":3,"sizes":[]},"gap":{"unit":"px","size":40,"sizes":[]},"__globals__":{"color":"globals\/colors?id=primary"}},"elements":[],"isInner":false,"widgetType":"divider","elType":"widget"},{"id":"16d150e7","settings":{"title":"Our values","typography_typography":"custom","typography_font_size":{"unit":"px","size":40,"sizes":[]},"typography_font_weight":"700","typography_line_height":{"unit":"em","size":1.1,"sizes":[]},"_margin":{"unit":"px","top":"0","right":"0","bottom":"12","left":"0","isLinked":false},"typography_letter_spacing":{"unit":"px","size":-1,"sizes":[]}},"elements":[],"isInner":false,"widgetType":"heading","elType":"widget"},{"id":"2e077830","settings":{"layout":"full_width","structure":"30"},"elements":[{"id":"121451fe","settings":{"_column_size":33,"_inline_size":null},"elements":[{"id":"46783aa3","settings":{"selected_icon":{"value":{"url":"https:\/\/demo17.houzez.co\/wp-content\/uploads\/2020\/09\/streamline-icon-real-estate-favorite-house-rating@64x64.svg","id":17821},"library":"svg"},"title_text":"Quality","description_text":"Lorem ipsum dolor sit amet, consectetur adipiscing elit. Ut elit tellus, luctus nec ullamcorper mattis, pulvinar leo.","link":{"url":"#","is_external":"","nofollow":"","custom_attributes":""},"primary_color":"#409FFF","icon_space":{"unit":"px","size":20,"sizes":[]},"icon_size":{"unit":"px","size":64,"sizes":[]},"text_align":"left","title_bottom_space":{"unit":"px","size":20,"sizes":[]},"title_typography_typography":"custom","title_typography_font_size":{"unit":"px","size":20,"sizes":[]},"description_typography_typography":"custom","description_typography_font_size":{"unit":"px","size":18,"sizes":[]},"description_typography_line_height":{"unit":"em","size":1.8,"sizes":[]},"__globals__":{"primary_color":"","title_color":"","description_color":"globals\/colors?id=text"}},"elements":[],"isInner":false,"widgetType":"icon-box","elType":"widget"}],"isInner":true,"elType":"column"},{"id":"248c1b31","settings":{"_column_size":33,"_inline_size":null},"elements":[{"id":"47b09c3d","settings":{"selected_icon":{"value":{"url":"https:\/\/demo17.houzez.co\/wp-content\/uploads\/2020\/09\/streamline-icon-real-estate-action-building-key@64x64.svg","id":17819},"library":"svg"},"title_text":"Responsibility","description_text":"Lorem ipsum dolor sit amet, consectetur adipiscing elit. Ut elit tellus, luctus nec ullamcorper mattis, pulvinar leo.","link":{"url":"#","is_external":"","nofollow":"","custom_attributes":""},"primary_color":"#409FFF","icon_space":{"unit":"px","size":20,"sizes":[]},"icon_size":{"unit":"px","size":64,"sizes":[]},"text_align":"left","title_bottom_space":{"unit":"px","size":20,"sizes":[]},"title_typography_typography":"custom","title_typography_font_size":{"unit":"px","size":20,"sizes":[]},"description_typography_typography":"custom","description_typography_font_size":{"unit":"px","size":18,"sizes":[]},"description_typography_line_height":{"unit":"em","size":1.8,"sizes":[]},"__globals__":{"primary_color":"","title_color":"","description_color":"globals\/colors?id=text"}},"elements":[],"isInner":false,"widgetType":"icon-box","elType":"widget"}],"isInner":true,"elType":"column"},{"id":"22097c4a","settings":{"_column_size":33,"_inline_size":null},"elements":[{"id":"9502471","settings":{"selected_icon":{"value":{"url":"https:\/\/demo17.houzez.co\/wp-content\/uploads\/2020\/09\/streamline-icon-real-estate-market-house-rise@64x64.svg","id":17820},"library":"svg"},"title_text":"Innovative","description_text":"Lorem ipsum dolor sit amet, consectetur adipiscing elit. Ut elit tellus, luctus nec ullamcorper mattis, pulvinar leo.","link":{"url":"#","is_external":"","nofollow":"","custom_attributes":""},"primary_color":"#409FFF","icon_space":{"unit":"px","size":20,"sizes":[]},"icon_size":{"unit":"px","size":64,"sizes":[]},"text_align":"left","title_bottom_space":{"unit":"px","size":20,"sizes":[]},"title_typography_typography":"custom","title_typography_font_size":{"unit":"px","size":20,"sizes":[]},"description_typography_typography":"custom","description_typography_font_size":{"unit":"px","size":18,"sizes":[]},"description_typography_line_height":{"unit":"em","size":1.8,"sizes":[]},"__globals__":{"primary_color":"","title_color":"","description_color":"globals\/colors?id=text"}},"elements":[],"isInner":false,"widgetType":"icon-box","elType":"widget"}],"isInner":true,"elType":"column"}],"isInner":true,"elType":"section"},{"id":"54c9b4f6","settings":[],"elements":[],"isInner":false,"widgetType":"spacer","elType":"widget"}],"isInner":false,"elType":"column"}],"isInner":false,"elType":"section"},{"id":"11ea17e6","settings":{"content_width":{"unit":"px","size":1300,"sizes":[]},"background_background":"classic","__globals__":{"background_color":"globals\/colors?id=5ec2ea58"}},"elements":[{"id":"758dfabe","settings":{"_column_size":100,"_inline_size":null},"elements":[{"id":"24ca2714","settings":{"width":{"unit":"px","size":100,"sizes":[]},"look":"line","text":"Divider","weight":{"unit":"px","size":3,"sizes":[]},"gap":{"unit":"px","size":40,"sizes":[]},"__globals__":{"color":"globals\/colors?id=primary"}},"elements":[],"isInner":false,"widgetType":"divider","elType":"widget"},{"id":"723e7569","settings":{"title":"Our team","typography_typography":"custom","typography_font_size":{"unit":"px","size":40,"sizes":[]},"typography_font_weight":"700","typography_line_height":{"unit":"em","size":1.1,"sizes":[]},"_margin":{"unit":"px","top":"0","right":"0","bottom":"12","left":"0","isLinked":false},"typography_letter_spacing":{"unit":"px","size":-1,"sizes":[]}},"elements":[],"isInner":false,"widgetType":"heading","elType":"widget"},{"id":"519908e2","settings":{"editor":"<p>Lorem ipsum dolor sit amet, consectetur elementum.<\/p>","typography_typography":"custom","typography_font_size":{"unit":"px","size":18,"sizes":[]},"typography_font_weight":"500","typography_line_height":{"unit":"em","size":1.7,"sizes":[]},"__globals__":{"text_color":"globals\/colors?id=text"}},"elements":[],"isInner":false,"widgetType":"text-editor","elType":"widget"},{"id":"692bbce7","settings":{"structure":"40","layout":"full_width"},"elements":[{"id":"11617e4d","settings":{"_column_size":25,"_inline_size":null},"elements":[{"id":"21289ede","settings":{"team_image":{"url":"https:\/\/demo01.houzez.co\/wp-content\/uploads\/2016\/06\/Artboard-1team.jpg","id":1630},"team_name":"Kathleen Grant","team_position":"Funder","team_description":"Lorem ipsum dolor sit amet, consectetur adipiscing elit. In malesuada, odio sit amet pharetra vehicula, sapien leo egestas magna, vitae auctor diam magna cursus arcu.","team_social_facebook":"#","team_social_facebook_target":"_self","team_social_twitter":"#","team_social_linkedin":"#","team_social_pinterest":"#","team_social_googleplus":"#"},"elements":[],"isInner":false,"widgetType":"houzez_elementor_team_member","elType":"widget"}],"isInner":true,"elType":"column"},{"id":"2d519ed9","settings":{"_column_size":25,"_inline_size":null},"elements":[{"id":"39665b1d","settings":{"team_image":{"url":"https:\/\/demo01.houzez.co\/wp-content\/uploads\/2016\/06\/Artboard-4team.jpg","id":1633},"team_name":"Keith Bailey","team_position":"CEO","team_description":"Lorem ipsum dolor sit amet, consectetur adipiscing elit. In malesuada, odio sit amet pharetra vehicula, sapien leo egestas magna, vitae auctor diam magna cursus arcu.","team_social_facebook":"#","team_social_facebook_target":"_self","team_social_twitter":"#","team_social_linkedin":"#","team_social_pinterest":"#","team_social_googleplus":"#"},"elements":[],"isInner":false,"widgetType":"houzez_elementor_team_member","elType":"widget"}],"isInner":true,"elType":"column"},{"id":"3329d02a","settings":{"_column_size":25,"_inline_size":null},"elements":[{"id":"41dd799e","settings":{"team_image":{"url":"https:\/\/demo01.houzez.co\/wp-content\/uploads\/2016\/06\/Artboard-2team.jpg","id":1631},"team_name":"Danielle Murray","team_position":"Manager","team_description":"Lorem ipsum dolor sit amet, consectetur adipiscing elit. In malesuada, odio sit amet pharetra vehicula, sapien leo egestas magna, vitae auctor diam magna cursus arcu.","team_social_facebook":"#","team_social_facebook_target":"_self","team_social_twitter":"#","team_social_linkedin":"#","team_social_pinterest":"#","team_social_googleplus":"#"},"elements":[],"isInner":false,"widgetType":"houzez_elementor_team_member","elType":"widget"}],"isInner":true,"elType":"column"},{"id":"46c8a14e","settings":{"_column_size":25,"_inline_size":null},"elements":[{"id":"731ec5cd","settings":{"team_image":{"url":"https:\/\/demo01.houzez.co\/wp-content\/uploads\/2016\/06\/Artboard-3team.jpg","id":1632},"team_name":"Thomas Stevens","team_position":"Manager","team_description":"Lorem ipsum dolor sit amet, consectetur adipiscing elit. In malesuada, odio sit amet pharetra vehicula, sapien leo egestas magna, vitae auctor diam magna cursus arcu.","team_social_facebook":"#","team_social_facebook_target":"_self","team_social_twitter":"#","team_social_linkedin":"#","team_social_pinterest":"#","team_social_googleplus":"#"},"elements":[],"isInner":false,"widgetType":"houzez_elementor_team_member","elType":"widget"}],"isInner":true,"elType":"column"}],"isInner":true,"elType":"section"},{"id":"40282a86","settings":[],"elements":[],"isInner":false,"widgetType":"spacer","elType":"widget"}],"isInner":false,"elType":"column"}],"isInner":false,"elType":"section"},{"id":"12ce3144","settings":{"background_background":"classic","content_width":{"unit":"px","size":1300,"sizes":[]},"__globals__":{"background_color":"globals\/colors?id=5ec2ea58"}},"elements":[{"id":"685125cb","settings":{"_column_size":100,"_inline_size":null},"elements":[{"id":"3e57a5dc","settings":{"width":{"unit":"px","size":100,"sizes":[]},"look":"line","text":"Divider","weight":{"unit":"px","size":3,"sizes":[]},"gap":{"unit":"px","size":40,"sizes":[]},"__globals__":{"color":"globals\/colors?id=primary"}},"elements":[],"isInner":false,"widgetType":"divider","elType":"widget"},{"id":"6f813165","settings":{"title":"Our services","typography_typography":"custom","typography_font_size":{"unit":"px","size":40,"sizes":[]},"typography_font_weight":"700","typography_line_height":{"unit":"em","size":1.1,"sizes":[]},"_margin":{"unit":"px","top":"0","right":"0","bottom":"12","left":"0","isLinked":false},"typography_letter_spacing":{"unit":"px","size":-1,"sizes":[]}},"elements":[],"isInner":false,"widgetType":"heading","elType":"widget"},{"id":"28d6ac41","settings":[],"elements":[],"isInner":false,"widgetType":"spacer","elType":"widget"},{"id":"52b3201e","settings":{"structure":"40","layout":"full_width"},"elements":[{"id":"76fd7845","settings":{"_column_size":25,"_inline_size":null},"elements":[{"id":"45d7aa5a","settings":{"more_text":"More Details","grid_taxonomy":"property_city","tax_city":"miami","more_text_d":"More Details","grid_type":"grid-item-v2","image":{"url":"https:\/\/demo01.houzez.co\/wp-content\/uploads\/2016\/03\/023.jpg","id":16142},"grid_title":"Property Management","grid_subtitle":"Services","more_link":{"url":"#","is_external":true,"nofollow":true,"custom_attributes":""},"grid_title_typography_typography":"custom","grid_title_typography_font_size":{"unit":"px","size":18,"sizes":[]},"properties_text":"Properties","property_text":"Property"},"elements":[],"isInner":false,"widgetType":"Houzez_elementor_grid_builder","elType":"widget"},{"id":"5d390240","settings":{"more_text":"More Details","grid_taxonomy":"property_city","tax_city":"miami","more_text_d":"More Details","grid_type":"grid-item-v2","image":{"url":"https:\/\/demo01.houzez.co\/wp-content\/uploads\/2016\/03\/205.jpg","id":16175},"grid_title":"Financial Reporting","grid_subtitle":"Services","more_link":{"url":"#","is_external":true,"nofollow":true,"custom_attributes":""},"grid_title_typography_typography":"custom","grid_title_typography_font_size":{"unit":"px","size":18,"sizes":[]},"properties_text":"Properties","property_text":"Property"},"elements":[],"isInner":false,"widgetType":"Houzez_elementor_grid_builder","elType":"widget"}],"isInner":true,"elType":"column"},{"id":"e20ac78","settings":{"_column_size":25,"_inline_size":null},"elements":[{"id":"719027d5","settings":{"more_text":"More Details","grid_taxonomy":"property_city","tax_city":"miami","more_text_d":"More Details","grid_type":"grid-item-v2","image":{"url":"https:\/\/demo01.houzez.co\/wp-content\/uploads\/2016\/03\/206.jpg","id":16176},"grid_title":"Capital Improvements","grid_subtitle":"Services","more_link":{"url":"#","is_external":true,"nofollow":true,"custom_attributes":""},"grid_title_typography_typography":"custom","grid_title_typography_font_size":{"unit":"px","size":18,"sizes":[]},"properties_text":"Properties","property_text":"Property"},"elements":[],"isInner":false,"widgetType":"Houzez_elementor_grid_builder","elType":"widget"},{"id":"334979e5","settings":{"more_text":"More Details","grid_taxonomy":"property_city","tax_city":"miami","more_text_d":"More Details","grid_type":"grid-item-v2","image":{"url":"https:\/\/demo01.houzez.co\/wp-content\/uploads\/2016\/03\/007.jpg","id":16148},"grid_title":"Business Development","grid_subtitle":"Services","more_link":{"url":"#","is_external":true,"nofollow":true,"custom_attributes":""},"grid_title_typography_typography":"custom","grid_title_typography_font_size":{"unit":"px","size":18,"sizes":[]},"properties_text":"Properties","property_text":"Property"},"elements":[],"isInner":false,"widgetType":"Houzez_elementor_grid_builder","elType":"widget"}],"isInner":true,"elType":"column"},{"id":"6afe5da3","settings":{"_column_size":25,"_inline_size":null},"elements":[{"id":"5e33d628","settings":{"more_text":"More Details","grid_taxonomy":"property_city","tax_city":"miami","more_text_d":"More Details","grid_type":"grid-item-v3","image":{"url":"https:\/\/demo01.houzez.co\/wp-content\/uploads\/2016\/03\/006.jpg","id":16147},"grid_title":"Finance Real Estate","grid_subtitle":"Services","more_link":{"url":"#","is_external":true,"nofollow":true,"custom_attributes":""},"grid_title_typography_typography":"custom","grid_title_typography_font_size":{"unit":"px","size":18,"sizes":[]},"properties_text":"Properties","property_text":"Property"},"elements":[],"isInner":false,"widgetType":"Houzez_elementor_grid_builder","elType":"widget"}],"isInner":true,"elType":"column"},{"id":"2c9b0416","settings":{"_column_size":25,"_inline_size":null},"elements":[{"id":"31f48125","settings":{"more_text":"More Details","grid_taxonomy":"property_city","tax_city":"miami","more_text_d":"More Details","grid_type":"grid-item-v3","image":{"url":"https:\/\/demo01.houzez.co\/wp-content\/uploads\/2016\/03\/204.jpg","id":16174},"grid_title":"Recover Asset Value","grid_subtitle":"Services","more_link":{"url":"#","is_external":true,"nofollow":true,"custom_attributes":""},"grid_title_typography_typography":"custom","grid_title_typography_font_size":{"unit":"px","size":18,"sizes":[]},"properties_text":"Properties","property_text":"Property"},"elements":[],"isInner":false,"widgetType":"Houzez_elementor_grid_builder","elType":"widget"}],"isInner":true,"elType":"column"}],"isInner":true,"elType":"section"},{"id":"26786af0","settings":[],"elements":[],"isInner":false,"widgetType":"spacer","elType":"widget"}],"isInner":false,"elType":"column"}],"isInner":false,"elType":"section"},{"id":"307af5f7","settings":{"content_width":{"unit":"px","size":1300,"sizes":[]},"background_background":"classic","__globals__":{"background_color":"globals\/colors?id=5ec2ea58"}},"elements":[{"id":"3e7696c5","settings":{"_column_size":100,"_inline_size":null},"elements":[{"id":"2fdc64e1","settings":{"layout":"full_width","gap":"no","structure":"22"},"elements":[{"id":"7daac9e7","settings":{"_column_size":66,"_inline_size":null,"space_between_widgets":0},"elements":[{"id":"614cfd08","settings":{"width":{"unit":"px","size":100,"sizes":[]},"look":"line","text":"Divider","weight":{"unit":"px","size":3,"sizes":[]},"gap":{"unit":"px","size":40,"sizes":[]},"__globals__":{"color":"globals\/colors?id=primary"}},"elements":[],"isInner":false,"widgetType":"divider","elType":"widget"},{"id":"c7fcd9b","settings":{"title":"Read successful stories","typography_typography":"custom","typography_font_size":{"unit":"px","size":40,"sizes":[]},"typography_font_weight":"700","typography_line_height":{"unit":"em","size":1.1,"sizes":[]},"_margin":{"unit":"px","top":"0","right":"0","bottom":"12","left":"0","isLinked":false},"typography_letter_spacing":{"unit":"px","size":-1,"sizes":[]}},"elements":[],"isInner":false,"widgetType":"heading","elType":"widget"},{"id":"150ea777","settings":{"editor":"<p>Lorem ipsum dolor sit amet, consectetur elementum. <strong><a href=\"#\">Read our blog<\/a><\/strong><\/p>","typography_typography":"custom","typography_font_size":{"unit":"px","size":18,"sizes":[]},"typography_font_weight":"500","typography_line_height":{"unit":"em","size":1.7,"sizes":[]},"__globals__":{"text_color":"globals\/colors?id=text"}},"elements":[],"isInner":false,"widgetType":"text-editor","elType":"widget"},{"id":"ec6fb93","settings":[],"elements":[],"isInner":false,"widgetType":"spacer","elType":"widget"}],"isInner":true,"elType":"column"},{"id":"dec7480","settings":{"_column_size":33,"_inline_size":null},"elements":[],"isInner":true,"elType":"column"}],"isInner":true,"elType":"section"},{"id":"340bf9f5","settings":{"grid_style":"style_2","posts_limit":"4","show_author":""},"elements":[],"isInner":false,"widgetType":"houzez_elementor_blog_posts","elType":"widget"},{"id":"1b861062","settings":[],"elements":[],"isInner":false,"widgetType":"spacer","elType":"widget"}],"isInner":false,"elType":"column"}],"isInner":false,"elType":"section"}]}