{"version":"0.4","title":"Search Page","type":"page","content":[{"id":"707622a0","settings":{"background_background":"classic","content_width":{"unit":"px","size":1300,"sizes":[]},"__globals__":{"background_color":"globals\/colors?id=5ec2ea58"}},"elements":[{"id":"252f5881","settings":{"_column_size":100,"_inline_size":null,"space_between_widgets":0},"elements":[{"id":"3332e09","settings":{"height":{"unit":"px","size":50,"sizes":[]}},"elements":[],"isInner":false,"widgetType":"houzez_elementor_space","elType":"widget"},{"id":"1f8be2fa","settings":{"title":"Search for your place to stay","typography_typography":"custom","typography_font_size":{"unit":"px","size":40,"sizes":[]},"typography_font_weight":"700","typography_line_height":{"unit":"em","size":1.1,"sizes":[]},"_margin":{"unit":"px","top":"0","right":"0","bottom":"12","left":"0","isLinked":false},"typography_letter_spacing":{"unit":"px","size":-1,"sizes":[]},"align":"center"},"elements":[],"isInner":false,"widgetType":"heading","elType":"widget"},{"id":"1b8d48ed","settings":{"editor":"<p>Lorem ipsum dolor sit amet, consectetur adipiscing elium elementum.<\/p>","typography_typography":"custom","typography_font_size":{"unit":"px","size":18,"sizes":[]},"typography_font_weight":"500","typography_line_height":{"unit":"em","size":1.7,"sizes":[]},"__globals__":{"text_color":"globals\/colors?id=text"},"align":"center"},"elements":[],"isInner":false,"widgetType":"text-editor","elType":"widget"},{"id":"3fbdd1f4","settings":{"height":{"unit":"px","size":50,"sizes":[]},"height_mobile":{"unit":"px","size":10,"sizes":[]}},"elements":[],"isInner":false,"widgetType":"houzez_elementor_space","elType":"widget"},{"id":"661fac6c","settings":{"background_background":"classic","border_radius":{"unit":"px","top":"30","right":"30","bottom":"30","left":"30","isLinked":true},"padding":{"unit":"px","top":"50","right":"80","bottom":"70","left":"80","isLinked":false},"__globals__":{"background_color":"globals\/colors?id=8336bd7"},"gap":"no","padding_tablet":{"unit":"px","top":"30","right":"40","bottom":"50","left":"40","isLinked":false},"padding_mobile":{"unit":"px","top":"20","right":"0","bottom":"0","left":"0","isLinked":false}},"elements":[{"id":"41b99201","settings":{"_column_size":100,"_inline_size":null},"elements":[{"id":"39f984ff","settings":{"form_fields":[{"_id":"41d963d","field_type":"type[]","field_label":"I'm looking for","placeholder":"I'm looking for...","price_from_text":"From","price_to_text":"To","width":"20","width_tablet":"50","is_multiple":"true","select_all_btns":"","selected_count_text":"items selected"},{"_id":"46ef5ca","field_type":"location[]","field_label":"Where","placeholder":"Where","price_from_text":"From","price_to_text":"To","width":"20","width_tablet":"50","selected_count_text":"items selected"},{"_id":"96b9ca3","field_type":"bedrooms","field_label":"Bedrooms","placeholder":"Bedrooms","price_from_text":"From","price_to_text":"To","width":"20","width_tablet":"50","selected_count_text":"items selected"},{"field_type":"max-price","field_label":"Max price","placeholder":"Max price","price_from_text":"From","price_to_text":"To","width":"20","width_tablet":"50","selected_count_text":"items selected","_id":"1b68b8c"},{"_id":"field-search-btn","field_type":"search-button","field_label":"Search Button","placeholder":"Search","width":"20","price_from_text":"From","price_to_text":"To","width_tablet":"100","selected_count_text":"items selected"}],"input_size":"md","button_size":"md","show_tabs":"yes","status_data":["for-rent","for-sale","new-listing"],"tabs_all_text":"All","form_padding":{"unit":"px","top":"10","right":"5","bottom":"0","left":"5","isLinked":false},"form_radius":{"unit":"px","top":"40","right":"40","bottom":"40","left":"40","isLinked":true},"box_shadow_box_shadow":{"horizontal":0,"vertical":3,"blur":8,"spread":0,"color":"rgba(0, 0, 0, 0.1)"},"field_typography_typography":"custom","field_border_radius":{"unit":"px","top":"40","right":"40","bottom":"40","left":"40","isLinked":true},"search_tabs_typography_typography":"custom","search_tabs_typography_font_family":"Nunito","search_tabs_typography_font_weight":"700","search_tabs_color":"#1E2D41","search_tabs_active_color":"#FFFFFF","search_tabs_bg_color":"#00AEFF00","search_active_tabs_bg_color":"#409FFF","tabs_padding":{"unit":"px","top":"10","right":"20","bottom":"10","left":"20","isLinked":false},"tabs_margin":{"unit":"px","top":"0","right":"0","bottom":"15","left":"0","isLinked":false},"tabs_radius":{"unit":"px","top":"4","right":"4","bottom":"4","left":"4","isLinked":true},"button_background_color":"#409FFF","button_typography_typography":"custom","button_typography_font_family":"Nunito","button_typography_font_size":{"unit":"px","size":18,"sizes":[]},"button_typography_font_weight":"600","button_border_radius":{"unit":"px","top":"30","right":"30","bottom":"30","left":"30","isLinked":true},"__globals__":{"search_tabs_color":"","search_tabs_active_color":"","search_active_tabs_bg_color":"","form_background_color":"globals\/colors?id=5ec2ea58","field_border_color":"","button_background_color":"","_background_color":"globals\/colors?id=8336bd7","border_color":"globals\/colors?id=ee27511","field_text_color":"globals\/colors?id=60c423ee"},"_border_radius":{"unit":"px","top":"40","right":"40","bottom":"40","left":"40","isLinked":true},"_background_color":"#F8F9FB","border_color":"#1E2D410F","box_shadow_box_shadow_type":"yes","field_background_color":"#FFFFFF","form_padding_tablet":{"unit":"px","top":"10","right":"10","bottom":"10","left":"10","isLinked":true},"tabs_padding_mobile":{"unit":"px","top":"5","right":"10","bottom":"5","left":"10","isLinked":false},"form_background_color":"#FFF","field_text_color":"#000","field_border_color":"#F6F3F3"},"elements":[],"isInner":false,"widgetType":"houzez_elementor_search_builder","elType":"widget"}],"isInner":true,"elType":"column"}],"isInner":true,"elType":"section"},{"id":"32330a6","settings":{"height":{"unit":"px","size":50,"sizes":[]}},"elements":[],"isInner":false,"widgetType":"houzez_elementor_space","elType":"widget"}],"isInner":false,"elType":"column"}],"isInner":false,"elType":"section"},{"id":"7258eee9","settings":{"content_width":{"unit":"px","size":1300,"sizes":[]},"background_background":"classic","__globals__":{"background_color":"globals\/colors?id=5ec2ea58"}},"elements":[{"id":"425f3659","settings":{"_column_size":100,"_inline_size":null},"elements":[{"id":"30fbeba3","settings":{"structure":"22","__globals__":{"background_color":"globals\/colors?id=8336bd7"}},"elements":[{"id":"4478f86e","settings":{"_column_size":66,"_inline_size":null,"space_between_widgets":0},"elements":[{"id":"17fcb4ad","settings":{"title":"Featured Cities","typography_typography":"custom","typography_font_size":{"unit":"px","size":30,"sizes":[]},"typography_font_weight":"700","typography_line_height":{"unit":"em","size":1.1,"sizes":[]},"_margin":{"unit":"px","top":"0","right":"0","bottom":"12","left":"0","isLinked":false},"typography_letter_spacing":{"unit":"px","size":-1,"sizes":[]},"align":"left","header_size":"h3"},"elements":[],"isInner":false,"widgetType":"heading","elType":"widget"},{"id":"5b8979c","settings":{"editor":"<p>Lorem ipsum dolor sit amet, consectetur elementum.<\/p>","typography_typography":"custom","typography_font_size":{"unit":"px","size":18,"sizes":[]},"typography_font_weight":"500","typography_line_height":{"unit":"em","size":1.7,"sizes":[]},"__globals__":{"text_color":"globals\/colors?id=text"}},"elements":[],"isInner":false,"widgetType":"text-editor","elType":"widget"},{"id":"55db02e5","settings":{"space":{"unit":"px","size":20,"sizes":[]},"space_mobile":{"unit":"px","size":0,"sizes":[]}},"elements":[],"isInner":false,"widgetType":"spacer","elType":"widget"}],"isInner":true,"elType":"column"},{"id":"1de7cb55","settings":{"_column_size":33,"_inline_size":null,"content_position":"center","margin":{"unit":"px","top":"0","right":"0","bottom":"30","left":"0","isLinked":false}},"elements":[],"isInner":true,"elType":"column"}],"isInner":true,"elType":"section"},{"id":"5c3d437f","settings":{"__globals__":{"background_color":"globals\/colors?id=5ec2ea58"},"structure":"40"},"elements":[{"id":"6565bc2b","settings":{"_column_size":25,"_inline_size":null},"elements":[{"id":"6e75bb12","settings":{"grid_data":"dynamic","more_text":"More Details","grid_taxonomy":"property_city","tax_city":"miami","more_text_d":"More Details","properties_text":"Properties","property_text":"Property","grid_type":"grid-item-v2"},"elements":[],"isInner":false,"widgetType":"Houzez_elementor_grid_builder","elType":"widget"}],"isInner":true,"elType":"column"},{"id":"11686e6","settings":{"_column_size":25,"_inline_size":null},"elements":[{"id":"16e652b7","settings":{"grid_data":"dynamic","more_text":"More Details","grid_taxonomy":"property_city","tax_city":"new-york","more_text_d":"More Details","properties_text":"Properties","property_text":"Property","grid_type":"grid-item-v2"},"elements":[],"isInner":false,"widgetType":"Houzez_elementor_grid_builder","elType":"widget"}],"isInner":true,"elType":"column"},{"id":"71e3adbd","settings":{"_column_size":25,"_inline_size":null},"elements":[{"id":"7dd13c6","settings":{"grid_data":"dynamic","more_text":"More Details","grid_taxonomy":"property_city","tax_city":"los-angeles","more_text_d":"More Details","properties_text":"Properties","property_text":"Property","grid_type":"grid-item-v2"},"elements":[],"isInner":false,"widgetType":"Houzez_elementor_grid_builder","elType":"widget"}],"isInner":true,"elType":"column"},{"id":"5c341488","settings":{"_column_size":25,"_inline_size":null},"elements":[{"id":"21ed1059","settings":{"grid_data":"dynamic","more_text":"More Details","grid_taxonomy":"property_city","tax_city":"chicago","more_text_d":"More Details","properties_text":"Properties","property_text":"Property","grid_type":"grid-item-v2"},"elements":[],"isInner":false,"widgetType":"Houzez_elementor_grid_builder","elType":"widget"}],"isInner":true,"elType":"column"}],"isInner":true,"elType":"section"},{"id":"26177e39","settings":{"space":{"unit":"px","size":30,"sizes":[]}},"elements":[],"isInner":false,"widgetType":"spacer","elType":"widget"}],"isInner":false,"elType":"column"}],"isInner":false,"elType":"section"},{"id":"e0e62f7","settings":{"content_width":{"unit":"px","size":1300,"sizes":[]},"background_background":"classic","__globals__":{"background_color":"globals\/colors?id=5ec2ea58"}},"elements":[{"id":"1df0a6cf","settings":{"_column_size":100,"_inline_size":null},"elements":[{"id":"982b558","settings":{"structure":"22","__globals__":{"background_color":"globals\/colors?id=8336bd7"}},"elements":[{"id":"73a40d6c","settings":{"_column_size":66,"_inline_size":null,"space_between_widgets":0},"elements":[{"id":"4a405dac","settings":{"title":"Listings for sale","typography_typography":"custom","typography_font_size":{"unit":"px","size":30,"sizes":[]},"typography_font_weight":"700","typography_line_height":{"unit":"em","size":1.1,"sizes":[]},"_margin":{"unit":"px","top":"0","right":"0","bottom":"12","left":"0","isLinked":false},"typography_letter_spacing":{"unit":"px","size":-1,"sizes":[]},"align":"left","header_size":"h3"},"elements":[],"isInner":false,"widgetType":"heading","elType":"widget"},{"id":"39f4c6ac","settings":{"editor":"<p>Lorem ipsum dolor sit amet, consectetur elementum.<\/p>","typography_typography":"custom","typography_font_size":{"unit":"px","size":18,"sizes":[]},"typography_font_weight":"500","typography_line_height":{"unit":"em","size":1.7,"sizes":[]},"__globals__":{"text_color":"globals\/colors?id=text"}},"elements":[],"isInner":false,"widgetType":"text-editor","elType":"widget"},{"id":"59c2f492","settings":{"space":{"unit":"px","size":20,"sizes":[]},"space_mobile":{"unit":"px","size":0,"sizes":[]}},"elements":[],"isInner":false,"widgetType":"spacer","elType":"widget"}],"isInner":true,"elType":"column"},{"id":"308f117","settings":{"_column_size":33,"_inline_size":null,"content_position":"center","margin":{"unit":"px","top":"0","right":"0","bottom":"30","left":"0","isLinked":false}},"elements":[{"id":"712efd4e","settings":{"text":"View all","align":"right","size":"md","typography_typography":"custom","typography_font_size":{"unit":"px","size":15,"sizes":[]},"typography_font_weight":"400","__globals__":{"background_color":"globals\/colors?id=primary"},"border_radius":{"unit":"px","top":"40","right":"40","bottom":"40","left":"40","isLinked":true},"button_box_shadow_box_shadow":{"horizontal":0,"vertical":8,"blur":8,"spread":0,"color":"rgba(0, 0, 0, 0.1)"},"link":{"url":"https:\/\/wordpress-432351-1450815.cloudwaysapps.com\/search-results\/?status%5B%5D=for-sale&keyword=","is_external":"","nofollow":"","custom_attributes":""},"selected_icon":{"value":"far fa-arrow-alt-circle-right","library":"fa-regular"},"icon_align":"right","icon_indent":{"unit":"px","size":10,"sizes":[]},"typography_line_height":{"unit":"em","size":1.3,"sizes":[]},"text_padding":{"unit":"px","top":"7","right":"15","bottom":"5","left":"15","isLinked":false},"align_mobile":"left"},"elements":[],"isInner":false,"widgetType":"button","elType":"widget"}],"isInner":true,"elType":"column"}],"isInner":true,"elType":"section"},{"id":"da0ef8f","settings":{"__globals__":{"background_color":"globals\/colors?id=5ec2ea58"}},"elements":[{"id":"51fdb2fd","settings":{"_column_size":100,"_inline_size":null},"elements":[{"id":"2328db8b","settings":{"posts_limit":12},"elements":[],"isInner":false,"widgetType":"houzez_elementor_property-card-v6","elType":"widget"}],"isInner":true,"elType":"column"}],"isInner":true,"elType":"section"},{"id":"34abf658","settings":[],"elements":[],"isInner":false,"widgetType":"spacer","elType":"widget"}],"isInner":false,"elType":"column"}],"isInner":false,"elType":"section"},{"id":"632ba474","settings":{"content_width":{"unit":"px","size":1300,"sizes":[]},"background_background":"classic","__globals__":{"background_color":"globals\/colors?id=5ec2ea58"},"gap":"no"},"elements":[{"id":"474be42","settings":{"_column_size":100,"_inline_size":null},"elements":[{"id":"3e048b9d","settings":{"layout":"full_width","structure":"30","background_background":"classic","padding":{"unit":"px","top":"60","right":"60","bottom":"30","left":"60","isLinked":false},"__globals__":{"background_color":"globals\/colors?id=8336bd7"},"border_radius":{"unit":"px","top":"30","right":"30","bottom":"0","left":"0","isLinked":false},"gap":"no","padding_mobile":{"unit":"px","top":"30","right":"30","bottom":"30","left":"30","isLinked":true}},"elements":[{"id":"6b8c3861","settings":{"_column_size":33,"_inline_size":null},"elements":[{"id":"6ea5a3e7","settings":{"selected_icon":{"value":{"url":"https:\/\/wordpress-432351-1450815.cloudwaysapps.com\/wp-content\/uploads\/2020\/08\/streamline-icon-real-estate-action-building-upload@64x64-1.svg","id":17593},"library":"svg"},"title_text":"Submit your ad","description_text":"Lorem ipsum dolor sit amet, consectetur adipiscing elit. Ut elit tellus, luctus nec ullamcorper mattis leo.","link":{"url":"#","is_external":"","nofollow":"","custom_attributes":""},"primary_color":"#409FFF","icon_space":{"unit":"px","size":20,"sizes":[]},"icon_size":{"unit":"px","size":64,"sizes":[]},"text_align":"left","title_bottom_space":{"unit":"px","size":20,"sizes":[]},"title_typography_typography":"custom","title_typography_font_size":{"unit":"px","size":20,"sizes":[]},"description_typography_typography":"custom","description_typography_font_size":{"unit":"px","size":18,"sizes":[]},"description_typography_line_height":{"unit":"em","size":1.8,"sizes":[]},"__globals__":{"primary_color":"","title_color":"","description_color":"globals\/colors?id=text"},"_margin_mobile":{"unit":"px","top":"0","right":"0","bottom":"30","left":"0","isLinked":false}},"elements":[],"isInner":false,"widgetType":"icon-box","elType":"widget"}],"isInner":true,"elType":"column"},{"id":"2c1ad763","settings":{"_column_size":33,"_inline_size":null},"elements":[{"id":"246db4d0","settings":{"selected_icon":{"value":{"url":"https:\/\/wordpress-432351-1450815.cloudwaysapps.com\/wp-content\/uploads\/2020\/08\/streamline-icon-real-estate-deal-shake-building@64x64.svg","id":17594},"library":"svg"},"title_text":"Get your listing approved","description_text":"Lorem ipsum dolor sit amet, consectetur adipiscing elit. Ut elit, luctus nec ullamcorper mattis, pulvinar dapibus.","link":{"url":"#","is_external":"","nofollow":"","custom_attributes":""},"primary_color":"#409FFF","icon_space":{"unit":"px","size":20,"sizes":[]},"icon_size":{"unit":"px","size":64,"sizes":[]},"text_align":"left","title_bottom_space":{"unit":"px","size":20,"sizes":[]},"title_typography_typography":"custom","title_typography_font_size":{"unit":"px","size":20,"sizes":[]},"description_typography_typography":"custom","description_typography_font_size":{"unit":"px","size":18,"sizes":[]},"description_typography_line_height":{"unit":"em","size":1.8,"sizes":[]},"__globals__":{"primary_color":"","title_color":"","description_color":"globals\/colors?id=text"},"_margin_mobile":{"unit":"px","top":"0","right":"0","bottom":"30","left":"0","isLinked":false}},"elements":[],"isInner":false,"widgetType":"icon-box","elType":"widget"}],"isInner":true,"elType":"column"},{"id":"77b265b0","settings":{"_column_size":33,"_inline_size":null},"elements":[{"id":"6ce94ce6","settings":{"selected_icon":{"value":{"url":"https:\/\/wordpress-432351-1450815.cloudwaysapps.com\/wp-content\/uploads\/2020\/08\/streamline-icon-real-estate-message-chat-building@64x64.svg","id":17595},"library":"svg"},"title_text":"Start receiving proposals","description_text":"Lorem ipsum dolor sit amet, consectetur adipiscing elit. Ut elit tellus, luctus nec ullamcorper mattis, pulvinar.","link":{"url":"#","is_external":"","nofollow":"","custom_attributes":""},"primary_color":"#409FFF","icon_space":{"unit":"px","size":20,"sizes":[]},"icon_size":{"unit":"px","size":64,"sizes":[]},"text_align":"left","title_bottom_space":{"unit":"px","size":20,"sizes":[]},"title_typography_typography":"custom","title_typography_font_size":{"unit":"px","size":20,"sizes":[]},"description_typography_typography":"custom","description_typography_font_size":{"unit":"px","size":18,"sizes":[]},"description_typography_line_height":{"unit":"em","size":1.8,"sizes":[]},"__globals__":{"primary_color":"","title_color":"","description_color":"globals\/colors?id=text"}},"elements":[],"isInner":false,"widgetType":"icon-box","elType":"widget"}],"isInner":true,"elType":"column"}],"isInner":true,"elType":"section"},{"id":"37f1a8f3","settings":{"layout":"full_width","background_background":"classic","__globals__":{"background_color":"globals\/colors?id=8336bd7"},"border_radius":{"unit":"px","top":"0","right":"0","bottom":"30","left":"30","isLinked":false}},"elements":[{"id":"25ee1445","settings":{"_column_size":100,"_inline_size":null},"elements":[{"id":"9774288","settings":{"text":"Create a listing","align":"center","size":"lg","typography_typography":"custom","typography_font_size":{"unit":"px","size":18,"sizes":[]},"typography_font_weight":"400","__globals__":{"background_color":"globals\/colors?id=primary"},"border_radius":{"unit":"px","top":"40","right":"40","bottom":"40","left":"40","isLinked":true},"button_box_shadow_box_shadow_type":"yes","button_box_shadow_box_shadow":{"horizontal":0,"vertical":8,"blur":8,"spread":0,"color":"rgba(0, 0, 0, 0.1)"}},"elements":[],"isInner":false,"widgetType":"button","elType":"widget"},{"id":"b5117e0","settings":{"space":{"unit":"px","size":40,"sizes":[]}},"elements":[],"isInner":false,"widgetType":"spacer","elType":"widget"}],"isInner":true,"elType":"column"}],"isInner":true,"elType":"section"},{"id":"1ad0e8f8","settings":[],"elements":[],"isInner":false,"widgetType":"spacer","elType":"widget"}],"isInner":false,"elType":"column"}],"isInner":false,"elType":"section"},{"id":"31a8b702","settings":{"content_width":{"unit":"px","size":1300,"sizes":[]},"background_background":"classic","__globals__":{"background_color":"globals\/colors?id=5ec2ea58"}},"elements":[{"id":"cd9b9b7","settings":{"_column_size":100,"_inline_size":null},"elements":[{"id":"354e3244","settings":{"structure":"22","__globals__":{"background_color":"globals\/colors?id=8336bd7"}},"elements":[{"id":"7a6672d8","settings":{"_column_size":66,"_inline_size":null,"space_between_widgets":0},"elements":[{"id":"4ccbe3a5","settings":{"title":"Listings for rent","typography_typography":"custom","typography_font_size":{"unit":"px","size":30,"sizes":[]},"typography_font_weight":"700","typography_line_height":{"unit":"em","size":1.1,"sizes":[]},"_margin":{"unit":"px","top":"0","right":"0","bottom":"12","left":"0","isLinked":false},"typography_letter_spacing":{"unit":"px","size":-1,"sizes":[]},"align":"left","header_size":"h3"},"elements":[],"isInner":false,"widgetType":"heading","elType":"widget"},{"id":"7fc9e3a8","settings":{"editor":"<p>Lorem ipsum dolor sit amet, consectetur elementum.<\/p>","typography_typography":"custom","typography_font_size":{"unit":"px","size":18,"sizes":[]},"typography_font_weight":"500","typography_line_height":{"unit":"em","size":1.7,"sizes":[]},"__globals__":{"text_color":"globals\/colors?id=text"}},"elements":[],"isInner":false,"widgetType":"text-editor","elType":"widget"},{"id":"2e7ac061","settings":{"space":{"unit":"px","size":20,"sizes":[]},"space_mobile":{"unit":"px","size":0,"sizes":[]}},"elements":[],"isInner":false,"widgetType":"spacer","elType":"widget"}],"isInner":true,"elType":"column"},{"id":"44b0138a","settings":{"_column_size":33,"_inline_size":null,"content_position":"center","margin":{"unit":"px","top":"0","right":"0","bottom":"30","left":"0","isLinked":false}},"elements":[{"id":"69b918bc","settings":{"text":"View all","align":"right","size":"md","typography_typography":"custom","typography_font_size":{"unit":"px","size":15,"sizes":[]},"typography_font_weight":"400","__globals__":{"background_color":"globals\/colors?id=primary"},"border_radius":{"unit":"px","top":"40","right":"40","bottom":"40","left":"40","isLinked":true},"button_box_shadow_box_shadow":{"horizontal":0,"vertical":8,"blur":8,"spread":0,"color":"rgba(0, 0, 0, 0.1)"},"link":{"url":"https:\/\/wordpress-432351-1450815.cloudwaysapps.com\/search-results\/?status%5B%5D=for-rent&keyword=","is_external":"","nofollow":"","custom_attributes":""},"selected_icon":{"value":"far fa-arrow-alt-circle-right","library":"fa-regular"},"icon_align":"right","icon_indent":{"unit":"px","size":10,"sizes":[]},"typography_line_height":{"unit":"em","size":1.3,"sizes":[]},"text_padding":{"unit":"px","top":"7","right":"15","bottom":"5","left":"15","isLinked":false},"align_mobile":"left"},"elements":[],"isInner":false,"widgetType":"button","elType":"widget"}],"isInner":true,"elType":"column"}],"isInner":true,"elType":"section"},{"id":"6441e769","settings":{"__globals__":{"background_color":"globals\/colors?id=5ec2ea58"}},"elements":[{"id":"6a32a19","settings":{"_column_size":100,"_inline_size":null},"elements":[{"id":"1821929d","settings":{"posts_limit":12},"elements":[],"isInner":false,"widgetType":"houzez_elementor_property-card-v6","elType":"widget"}],"isInner":true,"elType":"column"}],"isInner":true,"elType":"section"},{"id":"5b501b8b","settings":[],"elements":[],"isInner":false,"widgetType":"spacer","elType":"widget"}],"isInner":false,"elType":"column"}],"isInner":false,"elType":"section"}]}