{"content":[{"id":"46003929","settings":{"content_width":{"unit":"px","size":1300,"sizes":[]},"background_background":"classic","background_overlay_background":"classic","background_overlay_color":"#0038B8","height":"min-height","background_image":{"url":"https:\/\/wordpress-432351-3297445.cloudwaysapps.com\/wp-content\/uploads\/2023\/02\/israel_city_02.jpg","id":18888,"alt":"","source":"library","size":""},"background_position":"center center","background_size":"cover","custom_height":{"unit":"px","size":90,"sizes":[]},"stretch_section":"section-stretched","background_repeat":"no-repeat","background_overlay_opacity":{"unit":"px","size":0.65,"sizes":[]}},"elements":[{"id":"a66204b","settings":{"_column_size":100,"_inline_size":null,"z_index":1},"elements":[{"id":"2975aee4","settings":{"title":"\u05e2\u05dc\u05d9\u05e0\u05d5","title_color":"#FFFFFF","typography_typography":"custom","typography_font_size":{"unit":"px","size":34,"sizes":[]},"typography_line_height":{"unit":"em","size":1.1,"sizes":[]},"align":"right","typography_font_size_tablet":{"unit":"px","size":28,"sizes":[]},"typography_font_size_mobile":{"unit":"px","size":24,"sizes":[]}},"elements":[],"isInner":false,"widgetType":"heading","elType":"widget"}],"isInner":false,"elType":"column"}],"isInner":false,"elType":"section"},{"id":"540fd2f9","settings":{"content_width":{"unit":"px","size":1320,"sizes":[]},"padding_tablet":{"unit":"%","top":"0","right":"6","bottom":"0","left":"5","isLinked":false},"padding_mobile":{"unit":"%","top":"","right":"","bottom":"","left":"","isLinked":true}},"elements":[{"id":"26385b57","settings":{"_column_size":100,"_inline_size":null},"elements":[{"id":"18794ad3","settings":{"space_mobile":{"unit":"px","size":10,"sizes":[]},"space":{"unit":"px","size":114,"sizes":[]}},"elements":[],"isInner":false,"widgetType":"spacer","elType":"widget"},{"id":"404d1e15","settings":{"editor":"<p>\u05d9\u05e9\u05e0\u05df \u05d3\u05e8\u05db\u05d9\u05dd \u05e8\u05d1\u05d5\u05ea \u05d5\u05e9\u05d5\u05e0\u05d5\u05ea \u05dc\u05d4\u05e9\u05e7\u05d9\u05e2 \u05d1\u05e0\u05d3\u05dc\u201d\u05df, \u05db\u05d5\u05dc\u05dc \u05e8\u05db\u05d9\u05e9\u05d4 \u05d5\u05d4\u05d7\u05d6\u05e7\u05d4 \u05e9\u05dc \u05e0\u05db\u05e1\u05d9\u05dd \u05dc\u05d4\u05e9\u05db\u05e8\u05d4, \u05d4\u05d9\u05e4\u05d5\u05da \u05d1\u05ea\u05d9\u05dd \u05dc\u05de\u05d8\u05e8\u05d5\u05ea \u05e8\u05d5\u05d5\u05d7 \u05d5\u05d4\u05e9\u05e7\u05e2\u05d4 \u05d1\u05e0\u05d0\u05de\u05e0\u05d5\u05ea \u05dc\u05d4\u05e9\u05e7\u05e2\u05d5\u05ea \u05e0\u05d3\u05dc\u201d\u05df . \u05d4\u05e7\u05d3\u05d9\u05e9\u05d5 \u05d0\u05ea \u05d4\u05d6\u05de\u05df \u05dc\u05d7\u05e7\u05d5\u05e8 \u05db\u05dc \u05d0\u05d7\u05ea \u05de\u05d4\u05d0\u05e4\u05e9\u05e8\u05d5\u05d9\u05d5\u05ea \u05d4\u05dc\u05dc\u05d5 \u05db\u05d3\u05d9 \u05dc\u05e7\u05d1\u05d5\u05e2 \u05d0\u05d9\u05d6\u05d5 \u05de\u05d4\u05df \u05de\u05ea\u05d0\u05d9\u05de\u05d4 \u05dc\u05db\u05dd. \u05d4\u05e9\u05e7\u05e2\u05d4 \u05d1\u05e0\u05d3\u05dc\u201d\u05df \u05d4\u05d9\u05d0 \u05d3\u05e8\u05da \u05d1\u05d3\u05d5\u05e7\u05d4 \u05dc\u05d1\u05e0\u05d5\u05ea \u05e2\u05d5\u05e9\u05e8 \u05dc\u05d0\u05d5\u05e8\u05da \u05d6\u05de\u05df. \u05de\u05d3\u05d5\u05d1\u05e8 \u05d1\u05e1\u05d5\u05d2 \u05e0\u05db\u05e1\u05d9\u05dd \u05e9\u05e7\u05d9\u05d9\u05dd \u05db\u05d1\u05e8 \u05de\u05d0\u05d5\u05ea \u05e9\u05e0\u05d9\u05dd \u05d5\u05e2\u05d6\u05e8 \u05dc\u05d0\u05e0\u05e9\u05d9\u05dd \u05e8\u05d1\u05d9\u05dd \u05dc\u05d4\u05e9\u05d9\u05d2 \u05d7\u05d5\u05e4\u05e9 \u05db\u05dc\u05db\u05dc\u05d9. \u05e2\u05dd \u05d6\u05d0\u05ea, \u05d6\u05d5 \u05dc\u05d0 \u05ea\u05d5\u05db\u05e0\u05d9\u05ea \u05d7\u05e1\u05d9\u05e0\u05ea \u05ea\u05e7\u05dc\u05d5\u05ea \u05d5\u05d3\u05d5\u05e8\u05e9\u05ea \u05e9\u05d9\u05e7\u05d5\u05dc \u05d3\u05e2\u05ea \u05de\u05d3\u05d5\u05e7\u05d3\u05e7 \u05dc\u05e4\u05e0\u05d9 \u05e9\u05e7\u05d5\u05e4\u05e6\u05d9\u05dd \u05e4\u05e0\u05d9\u05de\u05d4. \u05e9\u05d9\u05e7\u05d5\u05dc \u05d7\u05e9\u05d5\u05d1 \u05d0\u05d7\u05d3 \u05d4\u05d5\u05d0 \u05d4\u05d1\u05e0\u05ea \u05d4\u05e1\u05d5\u05d2\u05d9\u05dd \u05d4\u05e9\u05d5\u05e0\u05d9\u05dd \u05e9\u05dc \u05d4\u05e9\u05e7\u05e2\u05d5\u05ea \u05e0\u05d3\u05dc\u201d\u05df. \u05db\u05d0\u05de\u05d5\u05e8, \u05d9\u05e9\u05e0\u05df \u05de\u05e1\u05e4\u05e8 \u05d0\u05e4\u05e9\u05e8\u05d5\u05d9\u05d5\u05ea \u05dc\u05d1\u05d7\u05d9\u05e8\u05d4, \u05db\u05d5\u05dc\u05dc \u05e0\u05db\u05e1\u05d9\u05dd \u05dc\u05d4\u05e9\u05db\u05e8\u05d4, \u05d4\u05d9\u05e4\u05d5\u05da \u05d1\u05ea\u05d9\u05dd \u05d5-REITs. \u05dc\u05db\u05dc \u05d0\u05d7\u05d3 \u05de\u05d4\u05dd \u05d9\u05e9 \u05e7\u05d1\u05d5\u05e6\u05d4 \u05d9\u05d9\u05d7\u05d5\u05d3\u05d9\u05ea \u05de\u05e9\u05dc\u05d5 \u05e9\u05dc \u05d9\u05ea\u05e8\u05d5\u05e0\u05d5\u05ea \u05d5\u05e1\u05d9\u05db\u05d5\u05e0\u05d9\u05dd, \u05dc\u05db\u05df \u05d7\u05e9\u05d5\u05d1 \u05dc\u05d4\u05e7\u05d3\u05d9\u05e9 \u05d6\u05de\u05df \u05dc\u05d7\u05e7\u05d5\u05e8 \u05d5\u05dc\u05e7\u05d1\u05d5\u05e2 \u05d0\u05d9\u05d6\u05d4 \u05de\u05d4\u05dd \u05de\u05ea\u05d0\u05d9\u05dd \u05dc\u05de\u05d8\u05e8\u05d5\u05ea \u05d5\u05dc\u05e1\u05d1\u05d9\u05dc\u05d5\u05ea \u05dc\u05e1\u05d9\u05db\u05d5\u05e0\u05d9\u05dd \u05e9\u05dc\u05da.<\/p><p>\u05dc\u05d0\u05d7\u05e8 \u05e9\u05e7\u05d1\u05e2\u05ea\u05dd \u05d0\u05ea \u05e1\u05d5\u05d2 \u05d4\u05e9\u05e7\u05e2\u05ea \u05d4\u05e0\u05d3\u05dc\u201d\u05df \u05e9\u05d1\u05e8\u05e6\u05d5\u05e0\u05db\u05dd \u05dc\u05d1\u05e6\u05e2, \u05e4\u05ea\u05d7\u05d5 \u05d0\u05e1\u05d8\u05e8\u05d8\u05d2\u05d9\u05d4 \u05e9\u05ea\u05d5\u05d0\u05de\u05ea \u05d0\u05ea \u05d4\u05de\u05d8\u05e8\u05d5\u05ea \u05e9\u05dc\u05db\u05dd. \u05d6\u05d4 \u05e2\u05e9\u05d5\u05d9 \u05dc\u05db\u05dc\u05d5\u05dc \u05d4\u05d2\u05d3\u05e8\u05ea \u05ea\u05e7\u05e6\u05d9\u05d1, \u05d6\u05d9\u05d4\u05d5\u05d9 \u05e0\u05db\u05e1\u05d9 \u05d9\u05e2\u05d3 \u05d0\u05d5 \u05e9\u05d5\u05d5\u05e7\u05d9\u05dd \u05d5\u05e4\u05d9\u05ea\u05d5\u05d7 \u05ea\u05d5\u05db\u05e0\u05d9\u05ea \u05dc\u05e0\u05d9\u05d4\u05d5\u05dc \u05d4\u05d4\u05e9\u05e7\u05e2\u05d5\u05ea \u05e9\u05dc\u05da. \u05e9\u05d9\u05e7\u05d5\u05dc \u05e7\u05e8\u05d9\u05d8\u05d9 \u05e0\u05d5\u05e1\u05e3 \u05d4\u05d5\u05d0 \u05e4\u05d9\u05ea\u05d5\u05d7 \u05d0\u05e1\u05d8\u05e8\u05d8\u05d2\u05d9\u05d9\u05ea \u05d4\u05e9\u05e7\u05e2\u05d5\u05ea \u05e0\u05d3\u05dc\u201d\u05df. \u05dc\u05dc\u05d0 \u05ea\u05d5\u05db\u05e0\u05d9\u05ea \u05d1\u05e8\u05d5\u05e8\u05d4, \u05e7\u05dc \u05dc\u05dc\u05db\u05ea \u05dc\u05d0\u05d9\u05d1\u05d5\u05d3 \u05d1\u05ea\u05d5\u05da \u05d9\u05dd \u05d4\u05e0\u05db\u05e1\u05d9\u05dd \u05d4\u05d6\u05de\u05d9\u05e0\u05d9\u05dd \u05d5\u05dc\u05e7\u05d1\u05dc \u05d4\u05d7\u05dc\u05d8\u05d5\u05ea \u05e9\u05d0\u05d5\u05dc\u05d9 \u05d0\u05d9\u05e0\u05df \u05dc\u05d8\u05d5\u05d1\u05ea\u05da. \u05ea\u05d5\u05db\u05e0\u05d9\u05ea \u05d6\u05d5 \u05e6\u05e8\u05d9\u05db\u05d4 \u05dc\u05db\u05dc\u05d5\u05dc \u05ea\u05e7\u05e6\u05d9\u05d1, \u05d6\u05d9\u05d4\u05d5\u05d9 \u05e9\u05dc \u05e0\u05db\u05e1\u05d9 \u05d9\u05e2\u05d3 \u05d0\u05d5 \u05e9\u05d5\u05d5\u05e7\u05d9\u05dd, \u05d5\u05ea\u05d5\u05db\u05e0\u05d9\u05ea \u05de\u05e4\u05d5\u05e8\u05d8\u05ea \u05dc\u05e0\u05d9\u05d4\u05d5\u05dc \u05d4\u05d4\u05e9\u05e7\u05e2\u05d5\u05ea \u05e9\u05dc\u05da. \u05e9\u05dc\u05d1 \u05e7\u05e8\u05d9\u05d8\u05d9 \u05d1\u05ea\u05d4\u05dc\u05d9\u05da \u05d4\u05d5\u05d0 \u05d1\u05d9\u05e6\u05d5\u05e2 \u05d1\u05d3\u05d9\u05e7\u05ea \u05e0\u05d0\u05d5\u05ea\u05d5\u05ea \u05d9\u05e1\u05d5\u05d3\u05d9\u05ea \u05dc\u05e4\u05e0\u05d9 \u05d1\u05d9\u05e6\u05d5\u05e2 \u05d4\u05e9\u05e7\u05e2\u05d4 \u05db\u05dc\u05e9\u05d4\u05d9. \u05d1\u05d3\u05d9\u05e7\u05ea \u05e0\u05d0\u05d5\u05ea\u05d5\u05ea \u05d6\u05d5 \u05db\u05d5\u05dc\u05dc\u05ea \u05d7\u05e7\u05e8 \u05d4\u05e9\u05d5\u05e7 \u05d4\u05de\u05e7\u05d5\u05de\u05d9 \u05d5\u05e0\u05d9\u05ea\u05d5\u05d7 \u05d4\u05e4\u05d5\u05d8\u05e0\u05e6\u05d9\u05d0\u05dc \u05e9\u05dc \u05d4\u05e0\u05db\u05e1 \u05dc\u05d4\u05db\u05e0\u05e1\u05d5\u05ea \u05de\u05e9\u05db\u05d9\u05e8\u05d5\u05ea \u05d0\u05d5 \u05e9\u05d5\u05d5\u05d9 \u05de\u05db\u05d9\u05e8\u05d4 \u05d7\u05d5\u05d6\u05e8\u05ea. \u05d1\u05e0\u05d5\u05e1\u05e3, \u05d4\u05d5\u05d0 \u05db\u05d5\u05dc\u05dc \u05d1\u05d9\u05e6\u05d5\u05e2 \u05d1\u05d3\u05d9\u05e7\u05d4 \u05de\u05e4\u05d5\u05e8\u05d8\u05ea \u05e9\u05dc \u05d4\u05e0\u05db\u05e1 \u05db\u05d3\u05d9 \u05dc\u05d2\u05dc\u05d5\u05ea \u05d1\u05e2\u05d9\u05d5\u05ea \u05e0\u05e1\u05ea\u05e8\u05d5\u05ea \u05e9\u05e2\u05dc\u05d5\u05dc\u05d5\u05ea \u05dc\u05d2\u05e8\u05d5\u05dd \u05dc\u05d4\u05e4\u05e1\u05d3 \u05db\u05e1\u05e4\u05d9 \u05d1\u05e2\u05ea\u05d9\u05d3.<\/p>","text_columns":"2","column_gap":{"unit":"px","size":100,"sizes":[]},"align":"right","text_color":"#2F2F2F","typography_typography":"custom","typography_font_size":{"unit":"px","size":16,"sizes":[]},"typography_font_size_tablet":{"unit":"px","size":16,"sizes":[]},"typography_font_size_mobile":{"unit":"px","size":16,"sizes":[]},"typography_line_height":{"unit":"em","size":1.7,"sizes":[]},"text_columns_mobile":"1","align_mobile":"center"},"elements":[],"isInner":false,"widgetType":"text-editor","elType":"widget"},{"id":"7a3da284","settings":{"space_mobile":{"unit":"px","size":10,"sizes":[]},"space":{"unit":"px","size":114,"sizes":[]}},"elements":[],"isInner":false,"widgetType":"spacer","elType":"widget"}],"isInner":false,"elType":"column"}],"isInner":false,"elType":"section"},{"id":"5c92cc8a","settings":{"background_color":"#E2E7F6","background_color_b":"#FFFFFF","background_gradient_angle":{"unit":"deg","size":0,"sizes":[]},"padding":{"unit":"%","top":"4","right":"4","bottom":"4","left":"4","isLinked":true},"padding_tablet":{"unit":"%","top":"","right":"","bottom":"","left":"","isLinked":true},"padding_mobile":{"unit":"%","top":"","right":"","bottom":"","left":"","isLinked":true},"content_width":{"unit":"px","size":1320,"sizes":[]},"background_background":"classic","background_color_stop":{"unit":"%","size":50,"sizes":[]},"background_image":{"url":"","id":"","size":"","alt":"","source":"library"},"background_position":"center center","background_attachment":"fixed","background_repeat":"no-repeat","background_size":"cover","background_overlay_color":"#00335A","background_overlay_opacity":{"unit":"px","size":0.86,"sizes":[]},"border_border":"solid","border_width":{"unit":"px","top":"1","right":"0","bottom":"0","left":"0","isLinked":false},"border_color":"#D5E0EC","shape_divider_top_above_content":"yes","margin":{"unit":"px","top":"0","right":0,"bottom":"0","left":0,"isLinked":false},"z_index":1},"elements":[{"id":"5e836834","settings":{"_column_size":100,"_inline_size":null},"elements":[{"id":"6a90eeb0","settings":{"content_width":{"unit":"px","size":1320,"sizes":[]},"layout":"full_width","animation":"fadeIn"},"elements":[{"id":"5d0da286","settings":{"_column_size":100,"_inline_size":null,"_inline_size_tablet":100,"space_between_widgets":5,"padding":{"unit":"%","top":"","right":"","bottom":"","left":"","isLinked":true},"padding_tablet":{"unit":"px","top":"70","right":"70","bottom":"40","left":"70","isLinked":false},"padding_mobile":{"unit":"px","top":"30","right":"30","bottom":"30","left":"30","isLinked":true}},"elements":[{"id":"6423e426","settings":{"width":{"unit":"px","size":208,"sizes":[]},"width_tablet":{"unit":"px","size":"","sizes":[]},"width_mobile":{"unit":"px","size":"","sizes":[]},"align":"center","look":"line_text","text":"\u05d4\u05de\u05dc\u05e6\u05d5\u05ea","color":"#0038B8","text_color":"#0038B8"},"elements":[],"isInner":false,"widgetType":"divider","elType":"widget"},{"id":"1a1877a","settings":{"title":"\u05de\u05d4 \u05d4\u05dc\u05e7\u05d5\u05d7\u05d5\u05ea \u05e9\u05dc\u05e0\u05d5 \u05d0\u05d5\u05de\u05e8\u05d9\u05dd \u05e2\u05dc\u05d9\u05e0\u05d5","size":"large","align":"center","typography_typography":"custom","typography_line_height":{"unit":"em","size":1.5,"sizes":[]},"typography_font_size_mobile":{"unit":"px","size":24,"sizes":[]},"header_size":"h3","typography_font_size":{"unit":"px","size":34,"sizes":[]},"typography_font_size_tablet":{"unit":"px","size":28,"sizes":[]}},"elements":[],"isInner":false,"widgetType":"heading","elType":"widget"},{"id":"4f64b218","settings":{"editor":"<p>\u05d0\u05e0\u05d5 \u05de\u05ea\u05d2\u05d0\u05d9\u05dd \u05d1\u05de\u05ea\u05df \u05e9\u05d9\u05e8\u05d5\u05ea \u05d5\u05ea\u05de\u05d9\u05db\u05d4 \u05d9\u05d5\u05e6\u05d0\u05d9 \u05d3\u05d5\u05e4\u05df \u05dc\u05db\u05dc \u05dc\u05e7\u05d5\u05d7\u05d5\u05ea\u05d9\u05e0\u05d5<\/p>","align":"center","typography_typography":"custom","typography_font_size":{"unit":"px","size":18,"sizes":[]},"typography_font_size_tablet":{"unit":"px","size":18,"sizes":[]},"typography_font_size_mobile":{"unit":"px","size":16,"sizes":[]},"typography_line_height":{"unit":"em","size":1.7,"sizes":[]}},"elements":[],"isInner":false,"widgetType":"text-editor","elType":"widget"}],"isInner":true,"elType":"column"}],"isInner":true,"elType":"section"},{"id":"78833952","settings":{"content_width":{"unit":"px","size":1320,"sizes":[]},"structure":"30","layout":"full_width","animation":"fadeIn"},"elements":[{"id":"3151c028","settings":{"_column_size":33,"_inline_size":null,"_inline_size_tablet":100},"elements":[{"id":"6a0e8904","settings":{"testimonial_content":"\u05d4\u05de\u05ea\u05d5\u05d5\u05da \u05d4\u05d9\u05d4 \u05e1\u05d1\u05dc\u05e0\u05d9 \u05d5\u05d1\u05e2\u05dc \u05d9\u05d3\u05e2, \u05dc\u05d9\u05d5\u05d5\u05d4 \u05d0\u05d5\u05ea\u05d9 \u05d1\u05db\u05dc \u05e9\u05dc\u05d1 \u05d1\u05ea\u05d4\u05dc\u05d9\u05da \u05e8\u05db\u05d9\u05e9\u05ea \u05d4\u05d3\u05d9\u05e8\u05d4 \u05d5\u05e2\u05d6\u05e8 \u05dc\u05d9 \u05dc\u05de\u05e6\u05d5\u05d0 \u05d1\u05d9\u05ea \u05e9\u05de\u05ea\u05d0\u05d9\u05dd \u05d1\u05d3\u05d9\u05d5\u05e7 \u05e2\u05d1\u05d5\u05e8\u05d9. \u05d4\u05dd \u05ea\u05de\u05d9\u05d3 \u05d4\u05d9\u05d5 \u05d6\u05de\u05d9\u05e0\u05d9\u05dd \u05dc\u05e2\u05e0\u05d5\u05ea \u05e2\u05dc \u05d4\u05e9\u05d0\u05dc\u05d5\u05ea \u05e9\u05dc\u05d9 \u05d5\u05e1\u05d9\u05e4\u05e7\u05d5 \u05ea\u05d5\u05d1\u05e0\u05d5\u05ea \u05d7\u05e9\u05d5\u05d1\u05d5\u05ea \u05dc\u05d2\u05d1\u05d9 \u05d4\u05e9\u05d5\u05e7 \u05d4\u05de\u05e7\u05d5\u05de\u05d9.","testimonial_image":{"id":19101,"url":"https:\/\/wordpress-432351-3297445.cloudwaysapps.com\/wp-content\/uploads\/2023\/02\/agent-02.jpg","alt":"","source":"library","size":""},"testimonial_name":"\u0646\u0648\u0631 \u0645\u062d\u0645\u062f","testimonial_job":"\u05e6\u05e8\u05db\u05df","testimonial_alignment":"right","content_typography_typography":"custom","content_typography_font_size":{"unit":"px","size":15,"sizes":[]},"name_typography_typography":"custom","name_typography_font_weight":"600","job_typography_typography":"custom","job_typography_font_weight":"300","_padding":{"unit":"px","top":"30","right":"30","bottom":"30","left":"30","isLinked":true},"_background_background":"classic","_background_color":"#FFFFFF","_border_border":"solid","_border_width":{"unit":"px","top":"0","right":"0","bottom":"5","left":"0","isLinked":false},"_border_color":"#0038B8","_border_radius":{"unit":"px","top":"0","right":"0","bottom":"0","left":"0","isLinked":true},"_box_shadow_box_shadow_type":"yes","_box_shadow_box_shadow":{"horizontal":0,"vertical":15,"blur":60,"spread":0,"color":"rgba(0, 0, 0, 0.15)"}},"elements":[],"isInner":false,"widgetType":"testimonial","elType":"widget"}],"isInner":true,"elType":"column"},{"id":"4d42f294","settings":{"_column_size":33,"_inline_size":null,"_inline_size_tablet":100},"elements":[{"id":"43488dce","settings":{"testimonial_content":"\u05d4\u05de\u05ea\u05d5\u05d5\u05da \u05d4\u05d9\u05d4 \u05e1\u05d1\u05dc\u05e0\u05d9 \u05d5\u05d1\u05e2\u05dc \u05d9\u05d3\u05e2, \u05dc\u05d9\u05d5\u05d5\u05d4 \u05d0\u05d5\u05ea\u05d9 \u05d1\u05db\u05dc \u05e9\u05dc\u05d1 \u05d1\u05ea\u05d4\u05dc\u05d9\u05da \u05e8\u05db\u05d9\u05e9\u05ea \u05d4\u05d3\u05d9\u05e8\u05d4 \u05d5\u05e2\u05d6\u05e8 \u05dc\u05d9 \u05dc\u05de\u05e6\u05d5\u05d0 \u05d1\u05d9\u05ea \u05e9\u05de\u05ea\u05d0\u05d9\u05dd \u05d1\u05d3\u05d9\u05d5\u05e7 \u05e2\u05d1\u05d5\u05e8\u05d9. \u05d4\u05dd \u05ea\u05de\u05d9\u05d3 \u05d4\u05d9\u05d5 \u05d6\u05de\u05d9\u05e0\u05d9\u05dd \u05dc\u05e2\u05e0\u05d5\u05ea \u05e2\u05dc \u05d4\u05e9\u05d0\u05dc\u05d5\u05ea \u05e9\u05dc\u05d9 \u05d5\u05e1\u05d9\u05e4\u05e7\u05d5 \u05ea\u05d5\u05d1\u05e0\u05d5\u05ea \u05d7\u05e9\u05d5\u05d1\u05d5\u05ea \u05dc\u05d2\u05d1\u05d9 \u05d4\u05e9\u05d5\u05e7 \u05d4\u05de\u05e7\u05d5\u05de\u05d9.","testimonial_image":{"id":19099,"url":"https:\/\/wordpress-432351-3297445.cloudwaysapps.com\/wp-content\/uploads\/2023\/02\/agent-04.jpg","alt":"","source":"library","size":""},"testimonial_name":"Maya Cohen","testimonial_job":"\u05e6\u05e8\u05db\u05df","testimonial_alignment":"right","content_typography_typography":"custom","content_typography_font_size":{"unit":"px","size":15,"sizes":[]},"name_typography_typography":"custom","name_typography_font_weight":"600","job_typography_typography":"custom","job_typography_font_weight":"300","_padding":{"unit":"px","top":"30","right":"30","bottom":"30","left":"30","isLinked":true},"_background_background":"classic","_background_color":"#FFFFFF","_border_border":"solid","_border_width":{"unit":"px","top":"0","right":"0","bottom":"5","left":"0","isLinked":false},"_border_color":"#0038B8","_border_radius":{"unit":"px","top":"0","right":"0","bottom":"0","left":"0","isLinked":true},"_box_shadow_box_shadow_type":"yes","_box_shadow_box_shadow":{"horizontal":0,"vertical":15,"blur":60,"spread":0,"color":"rgba(0, 0, 0, 0.15)"}},"elements":[],"isInner":false,"widgetType":"testimonial","elType":"widget"}],"isInner":true,"elType":"column"},{"id":"40e22307","settings":{"_column_size":33,"_inline_size":null,"_inline_size_tablet":100},"elements":[{"id":"79ef3456","settings":{"testimonial_content":"\u05d4\u05de\u05ea\u05d5\u05d5\u05da \u05d4\u05d9\u05d4 \u05e1\u05d1\u05dc\u05e0\u05d9 \u05d5\u05d1\u05e2\u05dc \u05d9\u05d3\u05e2, \u05dc\u05d9\u05d5\u05d5\u05d4 \u05d0\u05d5\u05ea\u05d9 \u05d1\u05db\u05dc \u05e9\u05dc\u05d1 \u05d1\u05ea\u05d4\u05dc\u05d9\u05da \u05e8\u05db\u05d9\u05e9\u05ea \u05d4\u05d3\u05d9\u05e8\u05d4 \u05d5\u05e2\u05d6\u05e8 \u05dc\u05d9 \u05dc\u05de\u05e6\u05d5\u05d0 \u05d1\u05d9\u05ea \u05e9\u05de\u05ea\u05d0\u05d9\u05dd \u05d1\u05d3\u05d9\u05d5\u05e7 \u05e2\u05d1\u05d5\u05e8\u05d9. \u05d4\u05dd \u05ea\u05de\u05d9\u05d3 \u05d4\u05d9\u05d5 \u05d6\u05de\u05d9\u05e0\u05d9\u05dd \u05dc\u05e2\u05e0\u05d5\u05ea \u05e2\u05dc \u05d4\u05e9\u05d0\u05dc\u05d5\u05ea \u05e9\u05dc\u05d9 \u05d5\u05e1\u05d9\u05e4\u05e7\u05d5 \u05ea\u05d5\u05d1\u05e0\u05d5\u05ea \u05d7\u05e9\u05d5\u05d1\u05d5\u05ea \u05dc\u05d2\u05d1\u05d9 \u05d4\u05e9\u05d5\u05e7 \u05d4\u05de\u05e7\u05d5\u05de\u05d9.","testimonial_image":{"id":19102,"url":"https:\/\/wordpress-432351-3297445.cloudwaysapps.com\/wp-content\/uploads\/2023\/02\/agent-01.jpg","alt":"","source":"library","size":""},"testimonial_name":"Avital Levy","testimonial_job":"\u05e6\u05e8\u05db\u05df","testimonial_alignment":"right","content_typography_typography":"custom","content_typography_font_size":{"unit":"px","size":15,"sizes":[]},"name_typography_typography":"custom","name_typography_font_weight":"600","job_typography_typography":"custom","job_typography_font_weight":"300","_padding":{"unit":"px","top":"30","right":"30","bottom":"30","left":"30","isLinked":true},"_background_background":"classic","_background_color":"#FFFFFF","_border_border":"solid","_border_width":{"unit":"px","top":"0","right":"0","bottom":"5","left":"0","isLinked":false},"_border_color":"#0038B8","_border_radius":{"unit":"px","top":"0","right":"0","bottom":"0","left":"0","isLinked":true},"_box_shadow_box_shadow_type":"yes","_box_shadow_box_shadow":{"horizontal":0,"vertical":15,"blur":60,"spread":0,"color":"rgba(0, 0, 0, 0.15)"}},"elements":[],"isInner":false,"widgetType":"testimonial","elType":"widget"}],"isInner":true,"elType":"column"}],"isInner":true,"elType":"section"}],"isInner":false,"elType":"column"}],"isInner":false,"elType":"section"},{"id":"117697bd","settings":{"content_width":{"unit":"px","size":1320,"sizes":[]},"background_color":"#E9F5FD96","background_color_stop":{"unit":"%","size":50,"sizes":[]},"background_color_b":"#FFFFFF","background_gradient_angle":{"unit":"deg","size":0,"sizes":[]},"background_image":{"url":"","id":"","size":"","alt":"","source":"library"},"background_position":"center center","background_attachment":"fixed","background_repeat":"no-repeat","background_size":"cover","background_overlay_color":"#00335A","background_overlay_opacity":{"unit":"px","size":0.86,"sizes":[]},"border_border":"none","border_width":{"unit":"px","top":"1","right":"0","bottom":"0","left":"0","isLinked":false},"border_color":"#D5E0EC","shape_divider_top_above_content":"yes","margin":{"unit":"px","top":"0","right":0,"bottom":"0","left":0,"isLinked":false},"padding":{"unit":"%","top":"4","right":"4","bottom":"4","left":"4","isLinked":true},"padding_tablet":{"unit":"%","top":"","right":"","bottom":"","left":"","isLinked":true},"padding_mobile":{"unit":"%","top":"","right":"","bottom":"","left":"","isLinked":true},"z_index":1},"elements":[{"id":"6c573cbc","settings":{"_column_size":100,"_inline_size":null},"elements":[{"id":"5d37079e","settings":{"layout":"full_width","content_width":{"unit":"px","size":1320,"sizes":[]},"animation":"fadeIn"},"elements":[{"id":"7dde21a7","settings":{"_column_size":100,"_inline_size":null,"padding":{"unit":"%","top":"","right":"","bottom":"","left":"","isLinked":true},"_inline_size_tablet":100,"padding_tablet":{"unit":"px","top":"70","right":"70","bottom":"40","left":"70","isLinked":false},"padding_mobile":{"unit":"px","top":"30","right":"30","bottom":"30","left":"30","isLinked":true},"space_between_widgets":5},"elements":[{"id":"688e299e","settings":{"width":{"unit":"px","size":208,"sizes":[]},"width_tablet":{"unit":"px","size":"","sizes":[]},"width_mobile":{"unit":"px","size":"","sizes":[]},"align":"center","look":"line_text","text":"\u05e6\u05d5\u05e8 \u05e7\u05e9\u05e8","color":"#0038B8","text_color":"#0038B8"},"elements":[],"isInner":false,"widgetType":"divider","elType":"widget"},{"id":"2db7cdeb","settings":{"title":"\u05e6\u05d5\u05e8 \u05e7\u05e9\u05e8 \u05e2\u05dd \u05e6\u05d5\u05d5\u05ea \u05d4\u05e0\u05d3\u05dc\"\u05df \u05d4\u05de\u05d5\u05de\u05d7\u05d4 \u05e9\u05dc\u05e0\u05d5 \u05e2\u05d5\u05d3 \u05d4\u05d9\u05d5\u05dd","size":"large","align":"center","typography_typography":"custom","typography_line_height":{"unit":"em","size":1.5,"sizes":[]},"typography_font_size_mobile":{"unit":"px","size":24,"sizes":[]},"header_size":"h3","typography_font_size":{"unit":"px","size":34,"sizes":[]},"typography_font_size_tablet":{"unit":"px","size":28,"sizes":[]}},"elements":[],"isInner":false,"widgetType":"heading","elType":"widget"},{"id":"4d1b2e5d","settings":{"editor":"<p>\u05d0\u05dc \u05ea\u05d4\u05e1\u05e1 \u05dc\u05e4\u05e0\u05d5\u05ea \u05d0\u05dc\u05d9\u05e0\u05d5 \u05db\u05d3\u05d9 \u05dc\u05dc\u05de\u05d5\u05d3 \u05e2\u05d5\u05d3 \u05e2\u05dc \u05e9\u05d9\u05e8\u05d5\u05ea\u05d9 \u05d4\u05e0\u05d3\u05dc\"\u05df \u05e9\u05dc\u05e0\u05d5 \u05d5\u05db\u05d9\u05e6\u05d3 \u05e0\u05d5\u05db\u05dc \u05dc\u05e2\u05d6\u05d5\u05e8 \u05dc\u05da \u05dc\u05d4\u05e9\u05d9\u05d2 \u05d0\u05ea \u05d4\u05de\u05d8\u05e8\u05d5\u05ea \u05e9\u05dc\u05da.<\/p>","align":"center","typography_typography":"custom","typography_font_size":{"unit":"px","size":18,"sizes":[]},"typography_font_size_tablet":{"unit":"px","size":18,"sizes":[]},"typography_font_size_mobile":{"unit":"px","size":16,"sizes":[]},"typography_line_height":{"unit":"em","size":1.7,"sizes":[]}},"elements":[],"isInner":false,"widgetType":"text-editor","elType":"widget"}],"isInner":true,"elType":"column"}],"isInner":true,"elType":"section"},{"id":"16e037a","settings":{"content_position":"middle","z_index":1,"content_width":{"unit":"px","size":784,"sizes":[]}},"elements":[{"id":"67bfd444","settings":{"_column_size":100,"_inline_size":null,"_inline_size_tablet":100,"padding_tablet":{"unit":"px","top":"0","right":"70","bottom":"40","left":"70","isLinked":false},"padding_mobile":{"unit":"px","top":"10","right":"30","bottom":"30","left":"30","isLinked":false}},"elements":[{"id":"5085c28b","settings":{"form_name":"New Form","form_fields":[{"field_type":"user_type","field_label":"\u05de\u05d9\u05d3\u05e2 \u05d0\u05d9\u05e9\u05d9","placeholder":"\u05d1\u05d7\u05e8","required":"true","field_options":"Property owner\nAgent\n","width":"33","_id":"b66c734"},{"field_type":"first_name","field_label":"&nbsp;","placeholder":"\u05e9\u05dd \u05e4\u05e8\u05d8\u05d9","required":"true","width":"33","_id":"ac32e68"},{"field_type":"last_name","field_label":"&nbsp;","placeholder":"\u05e9\u05dd \u05de\u05e9\u05e4\u05d7\u05d4","required":"true","width":"33","_id":"7304c05"},{"field_type":"email","placeholder":"\u05db\u05ea\u05d5\u05d1\u05ea \u05d3\u05d5\u05d0\"\u05dc","required":"true","width":"66","_id":"7b74074"},{"field_type":"mobile","placeholder":"\u05de\u05e1\u05e4\u05e8 \u05d8\u05dc\u05e4\u05d5\u05df","required":"true","width":"33","_id":"e92d2c5"},{"field_type":"e_meta[property_type]","field_label":"\u05de\u05d9\u05d3\u05e2 \u05e2\u05dc \u05d4\u05e0\u05db\u05e1","placeholder":"\u05d1\u05d7\u05e8","required":"true","width":"33","_id":"08ee178"},{"field_type":"e_meta[zipcode]","field_label":"&nbsp;","placeholder":"\u05de\u05d9\u05e7\u05d5\u05d3","required":"true","width":"33","_id":"cfcfcd6"},{"field_type":"e_meta[city]","field_label":"&nbsp;","placeholder":"\u05e1\u05d9\u05d8\u05d9\u05d3\u05d4","width":"33","_id":"5e7d721"},{"field_type":"e_meta[beds]","placeholder":"\u05de\u05e1\u05e4\u05e8 \u05d7\u05d3\u05e8\u05d9 \u05e9\u05d9\u05e0\u05d4","required":"true","width":"33","_id":"c3053de"},{"field_type":"e_meta[baths]","placeholder":"\u05de\u05e1\u05e4\u05e8 \u05d7\u05d3\u05e8\u05d9 \u05d0\u05de\u05d1\u05d8\u05d9\u05d4","required":"true","width":"33","_id":"ca559d7"},{"field_type":"e_meta[price]","placeholder":"\u05d4\u05ea\u05e7\u05e6\u05d9\u05d1 \u05e9\u05dc\u05da","required":"true","width":"33","_id":"3dbb366"}],"button_text":"\u05e9\u05dc\u05d7","email_to":"hello@favethemes.com","email_subject":"New message from &quot;Houzez - Highly Customizable Real Estate WordPress Theme&quot;","button_background_color":"#0038B8","button_background_hover_color":"#2F5E99","_padding":{"unit":"px","top":"30","right":"30","bottom":"0","left":"30","isLinked":false},"_background_color":"#FFFFFF","input_size":"md","button_size":"md","column_gap":{"unit":"px","size":15,"sizes":[]},"row_gap":{"unit":"px","size":15,"sizes":[]},"label_spacing":{"unit":"px","size":15,"sizes":[]},"label_typography_typography":"custom","label_typography_font_family":"Inter","label_typography_font_size":{"unit":"px","size":14,"sizes":[]},"field_typography_typography":"custom","field_typography_font_size":{"unit":"px","size":14,"sizes":[]},"field_border_color":"#E0E0E0","button_typography_typography":"custom","button_typography_font_size":{"unit":"px","size":14,"sizes":[]},"button_typography_text_transform":"uppercase","button_typography_letter_spacing":{"unit":"px","size":1.9,"sizes":[]},"button_border_radius":{"unit":"px","top":"3","right":"3","bottom":"3","left":"3","isLinked":true},"_box_shadow_box_shadow":{"horizontal":0,"vertical":4,"blur":4,"spread":0,"color":"rgba(0, 0, 0, 0.16)"},"column_gap_mobile":{"unit":"px","size":20,"sizes":[]},"row_gap_mobile":{"unit":"px","size":10,"sizes":[]},"_padding_tablet":{"unit":"px","top":"0","right":"0","bottom":"0","left":"0","isLinked":true}},"elements":[],"isInner":false,"widgetType":"houzez_elementor_inquiry_form","elType":"widget"}],"isInner":true,"elType":"column"}],"isInner":true,"elType":"section"}],"isInner":false,"elType":"column"}],"isInner":false,"elType":"section"},{"id":"15e5928","settings":{"background_color":"#E9F5FD96","background_color_b":"#FFFFFF","background_gradient_angle":{"unit":"deg","size":0,"sizes":[]},"padding":{"unit":"%","top":"4","right":"4","bottom":"4","left":"4","isLinked":true},"padding_tablet":{"unit":"%","top":"","right":"","bottom":"","left":"","isLinked":true},"padding_mobile":{"unit":"%","top":"","right":"","bottom":"","left":"","isLinked":true},"content_width":{"unit":"px","size":1320,"sizes":[]},"background_color_stop":{"unit":"%","size":50,"sizes":[]},"background_image":{"url":"","id":"","size":"","alt":"","source":"library"},"background_position":"center center","background_attachment":"fixed","background_repeat":"no-repeat","background_size":"cover","background_overlay_color":"#00335A","background_overlay_opacity":{"unit":"px","size":0.86,"sizes":[]},"border_border":"solid","border_width":{"unit":"px","top":"1","right":"0","bottom":"0","left":"0","isLinked":false},"border_color":"#D5E0EC","shape_divider_top_above_content":"yes","margin":{"unit":"px","top":"0","right":0,"bottom":"0","left":0,"isLinked":false},"z_index":1},"elements":[{"id":"1fe01716","settings":{"_column_size":100,"_inline_size":null},"elements":[{"id":"79efc34b","settings":{"content_width":{"unit":"px","size":1320,"sizes":[]},"layout":"full_width","animation":"fadeIn"},"elements":[{"id":"87774fb","settings":{"_column_size":100,"_inline_size":null,"_inline_size_tablet":100,"space_between_widgets":5,"padding":{"unit":"%","top":"","right":"","bottom":"","left":"","isLinked":true},"padding_tablet":{"unit":"px","top":"70","right":"70","bottom":"40","left":"70","isLinked":false},"padding_mobile":{"unit":"px","top":"30","right":"30","bottom":"30","left":"30","isLinked":true}},"elements":[{"id":"1b5069ef","settings":{"width":{"unit":"px","size":208,"sizes":[]},"width_tablet":{"unit":"px","size":"","sizes":[]},"width_mobile":{"unit":"px","size":"","sizes":[]},"align":"center","look":"line_text","text":"\u05d1\u05dc\u05d5\u05d2","color":"#0038B8","text_color":"#0038B8"},"elements":[],"isInner":false,"widgetType":"divider","elType":"widget"},{"id":"430e73ca","settings":{"title":"\u05d7\u05e7\u05d5\u05e8 \u05d0\u05ea \u05d4\u05d7\u05d3\u05e9\u05d5\u05ea \u05d5\u05d4\u05d8\u05e8\u05e0\u05d3\u05d9\u05dd \u05d4\u05d0\u05d7\u05e8\u05d5\u05e0\u05d9\u05dd \u05d1\u05e2\u05d5\u05dc\u05dd \u05d4\u05e0\u05d3\u05dc\"\u05df","size":"large","align":"center","typography_typography":"custom","typography_line_height":{"unit":"em","size":1.5,"sizes":[]},"typography_font_size_mobile":{"unit":"px","size":24,"sizes":[]},"header_size":"h3","typography_font_size":{"unit":"px","size":34,"sizes":[]},"typography_font_size_tablet":{"unit":"px","size":28,"sizes":[]}},"elements":[],"isInner":false,"widgetType":"heading","elType":"widget"},{"id":"12bf0a26","settings":{"editor":"<p>\u05d4\u05d1\u05dc\u05d5\u05d2 \u05e9\u05dc\u05e0\u05d5 \u05d4\u05d5\u05d0 \u05d4\u05de\u05e9\u05d0\u05d1 \u05d4\u05e8\u05e6\u05d5\u05d9 \u05e9\u05dc\u05da \u05db\u05d3\u05d9 \u05dc\u05d4\u05d9\u05e9\u05d0\u05e8 \u05de\u05e2\u05d5\u05d3\u05db\u05df \u05d1\u05d7\u05d3\u05e9\u05d5\u05ea \u05d4\u05d0\u05d7\u05e8\u05d5\u05e0\u05d5\u05ea, \u05d4\u05de\u05d2\u05de\u05d5\u05ea \u05d5\u05d4\u05ea\u05d5\u05d1\u05e0\u05d5\u05ea \u05d1\u05e2\u05d5\u05dc\u05dd \u05d4\u05e0\u05d3\u05dc\"\u05df \u05d4\u05de\u05e9\u05ea\u05e0\u05d4 \u05dc\u05dc\u05d0 \u05d4\u05e8\u05e3.<\/p>","align":"center","typography_typography":"custom","typography_font_size":{"unit":"px","size":18,"sizes":[]},"typography_font_size_tablet":{"unit":"px","size":18,"sizes":[]},"typography_font_size_mobile":{"unit":"px","size":16,"sizes":[]},"typography_line_height":{"unit":"em","size":1.7,"sizes":[]}},"elements":[],"isInner":false,"widgetType":"text-editor","elType":"widget"}],"isInner":true,"elType":"column"}],"isInner":true,"elType":"section"},{"id":"43c3d6d6","settings":{"content_width":{"unit":"px","size":1320,"sizes":[]},"layout":"full_width","animation":"fadeIn"},"elements":[{"id":"50991daf","settings":{"_column_size":100,"_inline_size":null,"_inline_size_tablet":100},"elements":[{"id":"478e7e6e","settings":{"posts_limit":4,"grid_style":"style_2"},"elements":[],"isInner":false,"widgetType":"houzez_elementor_blog_posts","elType":"widget"}],"isInner":true,"elType":"column"}],"isInner":true,"elType":"section"}],"isInner":false,"elType":"column"}],"isInner":false,"elType":"section"}],"page_settings":[],"version":"0.4","title":"About us - Demo 31","type":"page"}