{"content":[{"id":"4f571119","settings":{"content_width":{"unit":"px","size":1300,"sizes":[]},"background_background":"classic","background_overlay_background":"classic","background_overlay_color":"#0038B8","height":"min-height","background_image":{"url":"https:\/\/wordpress-432351-3297445.cloudwaysapps.com\/wp-content\/uploads\/2023\/02\/israel_city_02.jpg","id":18888,"alt":"","source":"library","size":""},"background_position":"center center","background_size":"cover","custom_height":{"unit":"px","size":90,"sizes":[]},"stretch_section":"section-stretched","background_repeat":"no-repeat","background_overlay_opacity":{"unit":"px","size":0.65,"sizes":[]}},"elements":[{"id":"178deb2f","settings":{"_column_size":100,"_inline_size":null,"z_index":1},"elements":[{"id":"7bc910be","settings":{"title":"\u05e6\u05d5\u05e8 \u05e7\u05e9\u05e8","title_color":"#FFFFFF","typography_typography":"custom","typography_font_size":{"unit":"px","size":34,"sizes":[]},"typography_line_height":{"unit":"em","size":1.1,"sizes":[]},"align":"center","typography_font_size_tablet":{"unit":"px","size":28,"sizes":[]},"typography_font_size_mobile":{"unit":"px","size":24,"sizes":[]}},"elements":[],"isInner":false,"widgetType":"heading","elType":"widget"}],"isInner":false,"elType":"column"}],"isInner":false,"elType":"section"},{"id":"27a98cab","settings":{"background_background":"classic","background_color":"#FFFFFF","background_image":{"url":"","id":"","alt":"","source":"library"},"border_width":{"unit":"px","top":"1","right":"0","bottom":"0","left":"0","isLinked":false},"border_color":"#D1D1D1","border_radius":{"unit":"px","top":"0","right":"0","bottom":"0","left":"0","isLinked":false},"content_width":{"unit":"px","size":1280,"sizes":[]}},"elements":[{"id":"7ddaf4ee","settings":{"_column_size":100,"_inline_size":null},"elements":[{"id":"52ed752f","settings":{"height":{"unit":"px","size":25,"sizes":[]},"height_mobile":{"unit":"px","size":10,"sizes":[]}},"elements":[],"isInner":false,"widgetType":"houzez_elementor_space","elType":"widget"},{"id":"71f120e6","settings":{"structure":"30","gap":"wider","content_width":{"unit":"px","size":1300,"sizes":[]},"gap_columns_custom":{"unit":"px","size":407,"sizes":[]}},"elements":[{"id":"ee7c764","settings":{"_column_size":33,"_inline_size":null},"elements":[{"id":"3a0fdf6","settings":{"selected_icon":{"value":"fas fa-headset","library":"fa-solid"},"title_text":"(800) 987 6543","description_text":"\u05d0\u05dd \u05d0\u05ea\u05d4 \u05de\u05e2\u05d3\u05d9\u05e3 \u05dc\u05d3\u05d1\u05e8 \u05e2\u05dd \u05de\u05d9\u05e9\u05d4\u05d5 \u05d9\u05e9\u05d9\u05e8\u05d5\u05ea \u05e2\u05dc \u05e6\u05e8\u05db\u05d9 \u05d4\u05e0\u05d3\u05dc\"\u05df \u05e9\u05dc\u05da, \u05d0\u05e0\u05d5 \u05de\u05d6\u05de\u05d9\u05e0\u05d9\u05dd \u05d0\u05d5\u05ea\u05da \u05dc\u05d4\u05ea\u05e7\u05e9\u05e8 \u05d0\u05dc\u05d9\u05e0\u05d5.","text_align":"center","title_bottom_space":{"unit":"px","size":17,"sizes":[]},"title_color":"#000000","title_typography_typography":"custom","title_typography_font_size":{"unit":"px","size":22,"sizes":[]},"title_typography_letter_spacing":{"unit":"px","size":-0.8,"sizes":[]},"description_color":"#2F2F2F","description_typography_typography":"custom","_margin":{"unit":"px","top":"0","right":"0","bottom":"10","left":"0","isLinked":false},"primary_color":"#0038B8"},"elements":[],"isInner":false,"widgetType":"icon-box","elType":"widget"}],"isInner":true,"elType":"column"},{"id":"458eaabc","settings":{"_column_size":33,"_inline_size":null},"elements":[{"id":"47ac52f5","settings":{"selected_icon":{"value":"far fa-comments","library":"fa-regular"},"title_text":"\u05e9\u05dc\u05d7 \u05dc\u05e0\u05d5 \u05d4\u05d5\u05d3\u05e2\u05d4","description_text":"\u05d0\u05dd \u05d9\u05e9 \u05dc\u05da \u05e9\u05d0\u05dc\u05d5\u05ea \u05d0\u05d5 \u05d7\u05e9\u05e9\u05d5\u05ea \u05dc\u05d2\u05d1\u05d9 \u05e9\u05d9\u05e8\u05d5\u05ea\u05d9 \u05d4\u05e0\u05d3\u05dc\"\u05df \u05e9\u05dc\u05e0\u05d5, \u05d0\u05e0\u05d0 \u05d0\u05dc \u05ea\u05d4\u05e1\u05e1 \u05dc\u05e9\u05dc\u05d5\u05d7 \u05dc\u05e0\u05d5 \u05d4\u05d5\u05d3\u05e2\u05d4.","text_align":"center","title_bottom_space":{"unit":"px","size":17,"sizes":[]},"title_color":"#000000","title_typography_typography":"custom","title_typography_font_size":{"unit":"px","size":22,"sizes":[]},"title_typography_letter_spacing":{"unit":"px","size":-0.8,"sizes":[]},"description_color":"#2F2F2F","description_typography_typography":"custom","_margin":{"unit":"px","top":"0","right":"0","bottom":"10","left":"0","isLinked":false},"primary_color":"#0038B8"},"elements":[],"isInner":false,"widgetType":"icon-box","elType":"widget"}],"isInner":true,"elType":"column"},{"id":"6ea8446b","settings":{"_column_size":33,"_inline_size":null},"elements":[{"id":"3ff84518","settings":{"selected_icon":{"value":"far fa-envelope-open","library":"fa-regular"},"title_text":"\u05ea\u05e9\u05d0\u05e8 \u05de\u05d7\u05d5\u05d1\u05e8","description_text":"\u05d0\u05e0\u05d5 \u05de\u05e2\u05e8\u05d9\u05db\u05d9\u05dd \u05d0\u05ea \u05dc\u05e7\u05d5\u05d7\u05d5\u05ea\u05d9\u05e0\u05d5 \u05d5\u05de\u05d7\u05d5\u05d9\u05d1\u05d9\u05dd \u05dc\u05e2\u05d3\u05db\u05df \u05d0\u05d5\u05ea\u05dd \u05e2\u05dc \u05d4\u05d4\u05ea\u05e4\u05ea\u05d7\u05d5\u05d9\u05d5\u05ea \u05d4\u05d0\u05d7\u05e8\u05d5\u05e0\u05d5\u05ea \u05d1\u05e2\u05e0\u05e3 \u05d4\u05e0\u05d3\u05dc\"\u05df.","text_align":"center","title_bottom_space":{"unit":"px","size":17,"sizes":[]},"title_color":"#000000","title_typography_typography":"custom","title_typography_font_size":{"unit":"px","size":22,"sizes":[]},"title_typography_letter_spacing":{"unit":"px","size":-0.8,"sizes":[]},"description_color":"#2F2F2F","description_typography_typography":"custom","_margin":{"unit":"px","top":"0","right":"0","bottom":"10","left":"0","isLinked":false},"primary_color":"#0038B8"},"elements":[],"isInner":false,"widgetType":"icon-box","elType":"widget"}],"isInner":true,"elType":"column"}],"isInner":true,"elType":"section"}],"isInner":false,"elType":"column"}],"isInner":false,"elType":"section"},{"id":"6d93242","settings":{"content_width":{"unit":"px","size":1320,"sizes":[]},"background_background":"classic","background_color":"#FFFFFF","gap":"no","background_color_stop":{"unit":"%","size":60,"sizes":[]},"background_color_b":"#E2DED3","background_color_b_stop":{"unit":"%","size":56,"sizes":[]},"background_gradient_angle":{"unit":"deg","size":270,"sizes":[]},"margin":{"unit":"px","top":"0","right":0,"bottom":"0","left":0,"isLinked":false},"padding":{"unit":"px","top":"0","right":"0","bottom":"100","left":"0","isLinked":false},"z_index":0,"padding_tablet":{"unit":"%","top":"0","right":"05","bottom":"0","left":"05","isLinked":false},"padding_mobile":{"unit":"%","top":"","right":"","bottom":"","left":"","isLinked":true}},"elements":[{"id":"7f3f6d4","settings":{"_column_size":100,"_inline_size":null},"elements":[{"id":"1b8ad32","settings":{"layout":"full_width","content_position":"middle","background_background":"classic","background_color":"#FFFFFF","background_image":{"url":"","id":"","alt":"","source":"library"},"background_position":"center center","background_size":"cover","background_overlay_opacity":{"unit":"px","size":0.07,"sizes":[]},"box_shadow_box_shadow_type":"yes","box_shadow_box_shadow":{"horizontal":0,"vertical":80,"blur":80,"spread":0,"color":"rgba(0, 0, 0, 0.1)"},"margin":{"unit":"px","top":"","right":0,"bottom":"","left":0,"isLinked":true},"background_overlay_background":"classic","background_overlay_image":{"url":"","id":"","alt":"","source":"library"},"z_index":1,"animation":"fadeIn","border_border":"solid","border_width":{"unit":"px","top":"0","right":"0","bottom":"3","left":"0","isLinked":false},"border_color":"#0038B8","border_radius":{"unit":"px","top":"8","right":"8","bottom":"8","left":"8","isLinked":true}},"elements":[{"id":"32ed2d6d","settings":{"_column_size":100,"_inline_size":null,"padding":{"unit":"px","top":"70","right":"70","bottom":"70","left":"70","isLinked":true},"_inline_size_tablet":100,"padding_tablet":{"unit":"px","top":"0","right":"70","bottom":"40","left":"70","isLinked":false},"padding_mobile":{"unit":"px","top":"10","right":"30","bottom":"30","left":"30","isLinked":false}},"elements":[{"id":"2274eb39","settings":{"form_name":"New Form","form_fields":[{"field_type":"user_type","field_label":"\u05de\u05d9\u05d3\u05e2 \u05d0\u05d9\u05e9\u05d9","placeholder":"\u05d1\u05d7\u05e8","required":"true","field_options":"Property owner\nAgent\n","width":"33","_id":"b66c734"},{"field_type":"first_name","field_label":"&nbsp;","placeholder":"\u05e9\u05dd \u05e4\u05e8\u05d8\u05d9","required":"true","width":"33","_id":"ac32e68"},{"field_type":"last_name","field_label":"&nbsp;","placeholder":"\u05e9\u05dd \u05de\u05e9\u05e4\u05d7\u05d4","required":"true","width":"33","_id":"7304c05"},{"field_type":"email","placeholder":"\u05db\u05ea\u05d5\u05d1\u05ea \u05d3\u05d5\u05d0\"\u05dc","required":"true","width":"66","_id":"7b74074"},{"field_type":"mobile","placeholder":"\u05de\u05e1\u05e4\u05e8 \u05d8\u05dc\u05e4\u05d5\u05df","required":"true","width":"33","_id":"e92d2c5"},{"field_type":"e_meta[property_type]","field_label":"\u05de\u05d9\u05d3\u05e2 \u05e2\u05dc \u05d4\u05e0\u05db\u05e1","placeholder":"\u05d1\u05d7\u05e8","required":"true","width":"33","_id":"08ee178"},{"field_type":"e_meta[zipcode]","field_label":"&nbsp;","placeholder":"\u05de\u05d9\u05e7\u05d5\u05d3","required":"true","width":"33","_id":"cfcfcd6"},{"field_type":"e_meta[city]","field_label":"&nbsp;","placeholder":"\u05e1\u05d9\u05d8\u05d9\u05d3\u05d4","width":"33","_id":"5e7d721"},{"field_type":"e_meta[beds]","placeholder":"\u05de\u05e1\u05e4\u05e8 \u05d7\u05d3\u05e8\u05d9 \u05e9\u05d9\u05e0\u05d4","required":"true","width":"33","_id":"c3053de"},{"field_type":"e_meta[baths]","placeholder":"\u05de\u05e1\u05e4\u05e8 \u05d7\u05d3\u05e8\u05d9 \u05d0\u05de\u05d1\u05d8\u05d9\u05d4","required":"true","width":"33","_id":"ca559d7"},{"field_type":"e_meta[price]","placeholder":"\u05d4\u05ea\u05e7\u05e6\u05d9\u05d1 \u05e9\u05dc\u05da","required":"true","width":"33","_id":"3dbb366"}],"button_text":"\u05e9\u05dc\u05d7","email_to":"hello@favethemes.com","email_subject":"New message from &quot;Houzez - Highly Customizable Real Estate WordPress Theme&quot;","button_background_color":"#0038B8","button_background_hover_color":"#2F5E99","_padding":{"unit":"px","top":"30","right":"30","bottom":"0","left":"30","isLinked":false},"_background_color":"#FFFFFF","input_size":"md","button_size":"md","column_gap":{"unit":"px","size":15,"sizes":[]},"row_gap":{"unit":"px","size":15,"sizes":[]},"label_spacing":{"unit":"px","size":15,"sizes":[]},"label_typography_typography":"custom","label_typography_font_family":"Inter","label_typography_font_size":{"unit":"px","size":14,"sizes":[]},"field_typography_typography":"custom","field_typography_font_size":{"unit":"px","size":14,"sizes":[]},"field_border_color":"#E0E0E0","button_typography_typography":"custom","button_typography_font_size":{"unit":"px","size":14,"sizes":[]},"button_typography_text_transform":"uppercase","button_typography_letter_spacing":{"unit":"px","size":1.9,"sizes":[]},"button_border_radius":{"unit":"px","top":"3","right":"3","bottom":"3","left":"3","isLinked":true},"_box_shadow_box_shadow":{"horizontal":0,"vertical":4,"blur":4,"spread":0,"color":"rgba(0, 0, 0, 0.16)"},"column_gap_mobile":{"unit":"px","size":20,"sizes":[]},"row_gap_mobile":{"unit":"px","size":10,"sizes":[]},"_padding_tablet":{"unit":"px","top":"0","right":"0","bottom":"0","left":"0","isLinked":true}},"elements":[],"isInner":false,"widgetType":"houzez_elementor_inquiry_form","elType":"widget"}],"isInner":true,"elType":"column"}],"isInner":true,"elType":"section"}],"isInner":false,"elType":"column"}],"isInner":false,"elType":"section"}],"page_settings":[],"version":"0.4","title":"Contact us - Demo 31","type":"page"}