{"content":[{"id":"2e3a1063","settings":{"gap":"no","background_background":"slideshow","background_color":"#FFFFFF","padding":{"unit":"%","top":"0","right":"4","bottom":"0","left":"4","isLinked":false},"custom_height":{"unit":"vh","size":100,"sizes":[]},"background_image":{"url":"","id":"","alt":"","source":"library","size":""},"background_position":"top center","background_size":"cover","background_overlay_color":"#0038B8","background_overlay_color_b":"#000000","background_overlay_gradient_angle":{"unit":"deg","size":330,"sizes":[]},"background_overlay_opacity":{"unit":"px","size":0.65,"sizes":[]},"content_width":{"unit":"px","size":1120,"sizes":[]},"layout":"full_width","padding_tablet":{"unit":"%","top":"","right":"","bottom":"","left":"","isLinked":true},"padding_mobile":{"unit":"%","top":"18","right":"4","bottom":"4","left":"4","isLinked":false},"background_attachment":"scroll","background_repeat":"no-repeat","background_slideshow_gallery":[{"id":18888,"url":"https:\/\/wordpress-432351-3297445.cloudwaysapps.com\/wp-content\/uploads\/2023\/02\/israel_city_02.jpg"},{"id":18887,"url":"https:\/\/wordpress-432351-3297445.cloudwaysapps.com\/wp-content\/uploads\/2023\/02\/israel_city_03.jpg"},{"id":18886,"url":"https:\/\/wordpress-432351-3297445.cloudwaysapps.com\/wp-content\/uploads\/2023\/02\/israel_city_04.jpg"}],"background_slideshow_background_size":"cover","background_slideshow_background_position":"center center","background_slideshow_ken_burns":"yes","background_slideshow_ken_burns_zoom_direction":"out","background_overlay_background":"classic","height":"min-height","custom_height_tablet":{"unit":"vh","size":"","sizes":[]},"custom_height_mobile":{"unit":"vh","size":100,"sizes":[]}},"elements":[{"id":"39a2dcfe","settings":{"_column_size":100},"elements":[{"id":"529b9fd2","settings":{"content_width":{"unit":"px","size":1320,"sizes":[]},"content_position":"middle","background_background":"classic","background_position":"center center","background_repeat":"no-repeat","background_size":"cover","background_overlay_color":"#07425D","background_overlay_opacity":{"unit":"px","size":0.65,"sizes":[]},"border_radius":{"unit":"px","top":"8","right":"8","bottom":"8","left":"8","isLinked":true},"margin_mobile":{"unit":"px","top":"","right":0,"bottom":"","left":0,"isLinked":true},"custom_height_inner":{"unit":"px","size":680,"sizes":[]},"background_image":{"url":"","id":"","alt":"","source":"library","size":""},"background_slideshow_slide_duration":3000,"background_slideshow_transition_duration":1000,"background_slideshow_ken_burns":"yes","box_shadow_box_shadow":{"horizontal":0,"vertical":30,"blur":60,"spread":0,"color":"rgba(0, 0, 0, 0.16)"},"z_index":1,"background_overlay_color_b":"#FFFFFF00","padding_tablet":{"unit":"%","top":"5","right":"5","bottom":"5","left":"5","isLinked":true},"padding_mobile":{"unit":"%","top":"5","right":"5","bottom":"5","left":"5","isLinked":true},"overlay_blend_mode":"multiply","custom_height_inner_tablet":{"unit":"px","size":427,"sizes":[]},"custom_height_inner_mobile":{"unit":"px","size":844,"sizes":[]},"structure":"22"},"elements":[{"id":"612fd91d","settings":{"_column_size":66,"_inline_size":null,"space_between_widgets":10,"_inline_size_tablet":100},"elements":[{"id":"74012508","settings":{"title":"\u05de\u05e6\u05d0 \u05d0\u05ea \u05d1\u05d9\u05ea \u05d4\u05d7\u05dc\u05d5\u05de\u05d5\u05ea \u05e9\u05dc\u05da \u05d1\u05d9\u05e9\u05e8\u05d0\u05dc","title_color":"#FFFFFF","typography_typography":"custom","typography_font_size":{"unit":"px","size":48,"sizes":[]},"header_size":"h1","typography_letter_spacing":{"unit":"px","size":0,"sizes":[]},"align":"right","typography_font_size_tablet":{"unit":"px","size":30,"sizes":[]},"typography_font_size_mobile":{"unit":"px","size":25,"sizes":[]},"typography_line_height_mobile":{"unit":"em","size":1.4,"sizes":[]},"typography_line_height_tablet":{"unit":"px","size":"","sizes":[]},"_animation":"fadeIn","_margin":{"unit":"px","top":"0","right":"0","bottom":"10","left":"0","isLinked":false},"align_tablet":"center"},"elements":[],"isInner":false,"widgetType":"heading","elType":"widget"},{"id":"37f99c2","settings":{"title":"\u05d9\u05e8\u05d5\u05e9\u05dc\u05d9\u05dd \u2022 \u05ea\u05dc \u05d0\u05d1\u05d9\u05d1 \u2022 \u05d7\u05d9\u05e4\u05d4 \u2022 \u05d0\u05d9\u05dc\u05ea","header_size":"div","align":"right","title_color":"#FFFFFF","typography_typography":"custom","typography_font_size":{"unit":"px","size":24,"sizes":[]},"typography_text_transform":"uppercase","typography_letter_spacing":{"unit":"px","size":4,"sizes":[]},"_margin":{"unit":"px","top":"0","right":"0","bottom":"20","left":"0","isLinked":false},"typography_font_weight":"300","_animation":"fadeIn","_animation_delay":250,"typography_line_height_mobile":{"unit":"em","size":1.7,"sizes":[]},"align_tablet":"center"},"elements":[],"isInner":false,"widgetType":"heading","elType":"widget"},{"id":"85cc422","settings":{"form_fields":[{"_id":"95424d9","field_type":"type[]","field_label":"\u05e1\u05d5\u05d2 \u05e0\u05db\u05e1","placeholder":"\u05d1\u05d7\u05e8","price_from_text":"From","price_to_text":"To","width":"20","selected_count_text":"items selected"},{"field_type":"location[]","field_label":"\u05de\u05e7\u05d5\u05dd","placeholder":"\u05e2\u05b4\u05d9\u05e8","price_from_text":"From","price_to_text":"To","width":"20","selected_count_text":"items selected","_id":"6b0017d"},{"_id":"2b2fccd","field_type":"bedrooms","field_label":"\u05d7\u05d3\u05e8\u05d9 \u05e9\u05d9\u05e0\u05d4","placeholder":"\u05d1\u05d7\u05e8","price_from_text":"From","price_to_text":"To","width":"20","selected_count_text":"items selected"},{"_id":"1bb28f6","field_type":"max-price","field_label":"\u05de\u05d7\u05d9\u05e8","placeholder":"\u05d1\u05d7\u05e8","price_from_text":"From","price_to_text":"To","width":"20","selected_count_text":"items selected"},{"_id":"field-search-btn","field_type":"search-button","field_label":"Search Button","placeholder":"\u05dc\u05d7\u05e4\u05e9","width":"20","price_from_text":"From","price_to_text":"To","selected_count_text":"items selected"}],"show_tabs":"yes","status_data":["%d7%9c%d7%94%d7%a9%d7%9b%d7%a8%d7%94","%d7%9c%d7%9e%d7%9b%d7%99%d7%a8%d7%94"],"tabs_all_text":"\u05d0\u05ea \u05db\u05dc","form_background_color":"#FFFFFF","form_padding":{"unit":"px","top":"16","right":"20","bottom":"16","left":"20","isLinked":false},"form_radius":{"unit":"px","top":"8","right":"0","bottom":"8","left":"8","isLinked":false},"search_tabs_bg_color":"#0038B880","tabs_margin":{"unit":"px","top":"0","right":"-5","bottom":"0","left":"5","isLinked":false},"button_background_color":"#0038B8","button_background_hover_color":"#0038B8BF","city_data":["belleair","deland"],"tabs_radius":{"unit":"px","top":"4","right":"4","bottom":"0","left":"0","isLinked":false},"search_active_tabs_bg_color":"#FFFFFF","field_border_radius":{"unit":"px","top":"4","right":"4","bottom":"4","left":"4","isLinked":true},"search_tabs_typography_typography":"custom","search_tabs_typography_font_size":{"unit":"px","size":16,"sizes":[]},"search_tabs_typography_font_weight":"normal","search_tabs_typography_text_transform":"uppercase","search_tabs_typography_letter_spacing":{"unit":"px","size":2,"sizes":[]},"tabs_padding":{"unit":"px","top":"12","right":"20","bottom":"12","left":"20","isLinked":false},"button_border_radius":{"unit":"px","top":"4","right":"4","bottom":"4","left":"4","isLinked":true},"_animation":"fadeInUp","_animation_delay":500,"form_padding_mobile":{"unit":"px","top":"-1","right":"-1","bottom":"-1","left":"-1","isLinked":true},"search_tabs_typography_font_size_mobile":{"unit":"px","size":12,"sizes":[]},"tabs_padding_mobile":{"unit":"px","top":"3","right":"14","bottom":"4","left":"14","isLinked":false},"label_typography_typography":"custom","box_shadow_box_shadow_type":"yes","box_shadow_box_shadow":{"horizontal":0,"vertical":40,"blur":40,"spread":0,"color":"rgba(0, 0, 0, 0.15)"},"search_tabs_color":"#FFFFFF","houzez_search_tabs_align":"","_margin":{"unit":"px","top":"0","right":"0","bottom":"0","left":"0","isLinked":false},"show_labels":"true","label_spacing":{"unit":"px","size":9,"sizes":[]},"input_size":"md","button_size":"md","_element_custom_width":{"unit":"%","size":86,"sizes":[]},"form_padding_tablet":{"unit":"px","top":"12","right":"12","bottom":"8","left":"12","isLinked":false},"tabs_padding_tablet":{"unit":"px","top":"12","right":"024","bottom":"12","left":"24","isLinked":false}},"elements":[],"isInner":false,"widgetType":"houzez_elementor_search_builder","elType":"widget"}],"isInner":true,"elType":"column"},{"id":"1f3d0acb","settings":{"_column_size":33,"_inline_size":null},"elements":[],"isInner":true,"elType":"column"}],"isInner":true,"elType":"section"}],"isInner":false,"elType":"column"}],"isInner":false,"elType":"section"},{"id":"1b657a47","settings":{"layout":"full_width","background_color":"#0038B8","background_color_b":"#E6EBF080","background_gradient_angle":{"unit":"deg","size":0,"sizes":[]},"padding":{"unit":"%","top":"4","right":"0","bottom":"2","left":"0","isLinked":false},"padding_tablet":{"unit":"%","top":"","right":"","bottom":"","left":"","isLinked":true},"padding_mobile":{"unit":"%","top":"","right":"","bottom":"","left":"","isLinked":true},"background_image":{"url":"","id":"","size":"","alt":"","source":"library"},"background_position":"center center","background_attachment":"fixed","background_repeat":"no-repeat","background_size":"cover","background_overlay_color":"#FFFFFF","background_overlay_color_stop":{"unit":"%","size":72,"sizes":[]},"background_overlay_color_b":"#0038B8","background_overlay_color_b_stop":{"unit":"%","size":0,"sizes":[]},"background_overlay_gradient_angle":{"unit":"deg","size":125,"sizes":[]},"background_overlay_opacity":{"unit":"px","size":1,"sizes":[]}},"elements":[{"id":"473f283e","settings":{"_column_size":100,"_inline_size":null},"elements":[{"id":"341f936b","settings":{"content_width":{"unit":"px","size":1320,"sizes":[]},"animation":"fadeIn","content_position":"middle","structure":"20"},"elements":[{"id":"1dbf93b","settings":{"_column_size":50,"_inline_size":null,"space_between_widgets":0},"elements":[{"id":"5f51cede","settings":{"width":{"unit":"px","size":150,"sizes":[]},"align":"right","look":"line_text","text":"\u05de\u05d5\u05de\u05dc\u05e6\u05d9\u05dd","color":"#0038B8","gap":{"unit":"px","size":10,"sizes":[]},"text_color":"#0038B8","text_align":"right","width_tablet":{"unit":"px","size":"","sizes":[]},"width_mobile":{"unit":"px","size":"","sizes":[]}},"elements":[],"isInner":false,"widgetType":"divider","elType":"widget"},{"id":"1f816dbd","settings":{"title":"\u05d4\u05e0\u05db\u05e1\u05d9\u05dd \u05d4\u05de\u05d5\u05de\u05dc\u05e6\u05d9\u05dd \u05e9\u05dc\u05e0\u05d5","title_color":"#000000","typography_typography":"custom","typography_font_size":{"unit":"px","size":34,"sizes":[]},"typography_line_height":{"unit":"em","size":1.1,"sizes":[]},"align":"right","typography_font_size_tablet":{"unit":"px","size":28,"sizes":[]},"typography_font_size_mobile":{"unit":"px","size":24,"sizes":[]},"_margin":{"unit":"px","top":"0","right":"0","bottom":"20","left":"0","isLinked":false}},"elements":[],"isInner":false,"widgetType":"heading","elType":"widget"}],"isInner":true,"elType":"column"},{"id":"6d5244d8","settings":{"_column_size":50,"_inline_size":null},"elements":[{"id":"6ec0bbd","settings":{"text":"\u05e8\u05d0\u05d4 \u05e2\u05d5\u05d3","align":"left","selected_icon":{"value":"fas fa-long-arrow-alt-left","library":"fa-solid"},"icon_indent":{"unit":"px","size":11,"sizes":[]},"button_text_color":"#0038B8","background_color":"#FFFFFF00","hover_color":"#00BCD1","text_padding":{"unit":"px","top":"0","right":"0","bottom":"0","left":"10","isLinked":false},"link":{"url":"https:\/\/wordpress-432351-3297445.cloudwaysapps.com\/with-half-map\/","is_external":"","nofollow":"","custom_attributes":""},"align_mobile":"right"},"elements":[],"isInner":false,"widgetType":"button","elType":"widget"}],"isInner":true,"elType":"column"}],"isInner":true,"elType":"section"},{"id":"12d67bba","settings":{"gap":"extended","content_width":{"unit":"px","size":1320,"sizes":[]},"background_overlay_color":"#FFFFFF","background_overlay_color_stop":{"unit":"%","size":69,"sizes":[]},"background_overlay_color_b":"#36AA71","background_overlay_color_b_stop":{"unit":"%","size":26,"sizes":[]},"background_overlay_gradient_angle":{"unit":"deg","size":135,"sizes":[]},"background_overlay_opacity":{"unit":"px","size":1,"sizes":[]}},"elements":[{"id":"6cf27980","settings":{"_column_size":100,"_inline_size":null,"_inline_size_tablet":100,"space_between_widgets":0},"elements":[{"id":"21620655","settings":{"slides_to_show":"4","auto_speed":"3000","property_city":["%d7%90%d7%99%d7%9c%d7%aa","%d7%97%d7%99%d7%a4%d7%94","%d7%99%d7%a8%d7%95%d7%a9%d7%9c%d7%99%d7%9d","%d7%aa%d7%9c-%d7%90%d7%91%d7%99%d7%91-%d7%99%d7%a4%d7%95"],"slide_auto":"true","hide_compare":"none","hide_favorite":"none","hide_preview":"none","hide_status":"none","hz_property_title_typography":"custom","hz_property_title_font_size":{"unit":"px","size":0,"sizes":[]},"hz_prop_address_typography":"custom","hz_title_margin_bottom":{"unit":"px","size":0,"sizes":[]},"hz_address_margin_bottom":{"unit":"px","size":7,"sizes":[]},"hz_content_padding":{"unit":"px","top":"12","right":"20","bottom":"17","left":"20","isLinked":false},"price_color":"#0038B8","np_bg_color":"#0038B8","np_color":"#FFFFFF"},"elements":[],"isInner":false,"widgetType":"houzez_elementor_properties_carousel_v7","elType":"widget"}],"isInner":true,"elType":"column"}],"isInner":true,"elType":"section"}],"isInner":false,"elType":"column"}],"isInner":false,"elType":"section"},{"id":"7a7c4ccd","settings":{"background_background":"classic","background_color":"#FFFFFF80","background_color_b":"#E6EBF080","background_gradient_angle":{"unit":"deg","size":0,"sizes":[]},"padding":{"unit":"%","top":"0","right":"0","bottom":"0","left":"0","isLinked":false},"padding_tablet":{"unit":"%","top":"","right":"","bottom":"","left":"","isLinked":true},"padding_mobile":{"unit":"%","top":"","right":"","bottom":"","left":"","isLinked":true},"content_width":{"unit":"px","size":1300,"sizes":[]},"background_image":{"url":"","id":"","size":"","alt":"","source":"library"},"background_position":"center center","background_repeat":"no-repeat","background_size":"cover","background_overlay_color":"#0000008A","background_overlay_color_stop":{"unit":"%","size":63,"sizes":[]},"background_overlay_color_b":"#0038B8","background_overlay_color_b_stop":{"unit":"%","size":0,"sizes":[]},"background_overlay_gradient_angle":{"unit":"deg","size":239,"sizes":[]},"background_overlay_opacity":{"unit":"px","size":1,"sizes":[]}},"elements":[{"id":"562c44e9","settings":{"_column_size":100,"_inline_size":null},"elements":[{"id":"45b0ce5e","settings":{"content_width":{"unit":"px","size":1320,"sizes":[]},"animation":"fadeIn","content_position":"middle","structure":"21","layout":"full_width","background_background":"classic","background_image":{"url":"https:\/\/wordpress-432351-3297445.cloudwaysapps.com\/wp-content\/uploads\/2023\/02\/israel_city_04.jpg","id":18886,"size":"","alt":"","source":"library"},"background_position":"center center","background_attachment":"scroll","background_size":"cover","background_overlay_background":"gradient","background_overlay_color":"#0000004D","background_overlay_color_stop":{"unit":"%","size":43,"sizes":[]},"background_overlay_color_b":"#0038B8","background_overlay_color_b_stop":{"unit":"%","size":0,"sizes":[]},"background_overlay_gradient_angle":{"unit":"deg","size":127,"sizes":[]},"background_overlay_opacity":{"unit":"px","size":1,"sizes":[]},"border_radius":{"unit":"px","top":"16","right":"16","bottom":"16","left":"16","isLinked":true},"box_shadow_box_shadow_type":"yes","box_shadow_box_shadow":{"horizontal":0,"vertical":40,"blur":40,"spread":0,"color":"rgba(0, 0, 0, 0.15)"},"padding":{"unit":"%","top":"3","right":"6","bottom":"3","left":"6","isLinked":false},"padding_tablet":{"unit":"%","top":"","right":"","bottom":"","left":"","isLinked":true},"padding_mobile":{"unit":"%","top":"","right":"","bottom":"","left":"","isLinked":true},"z_index":1},"elements":[{"id":"496e5954","settings":{"_column_size":33,"_inline_size":40,"space_between_widgets":0},"elements":[{"id":"19d73ba8","settings":{"width":{"unit":"%","size":25,"sizes":[]},"align":"right","look":"line_text","text":"\u05de\u05d5\u05de\u05dc\u05e6\u05d9\u05dd","color":"#0038B8","gap":{"unit":"px","size":2,"sizes":[]},"text_color":"#0038B8","text_align":"right"},"elements":[],"isInner":false,"widgetType":"divider","elType":"widget"},{"id":"6f2dbc8e","settings":{"title":"\u05de\u05d5\u05db\u05e0\u05d9\u05dd \u05dc\u05de\u05e6\u05d5\u05d0 \u05d0\u05ea \u05e0\u05db\u05e1 \u05d4\u05d7\u05dc\u05d5\u05de\u05d5\u05ea \u05e9\u05dc\u05db\u05dd \u05d1\u05d9\u05e9\u05e8\u05d0\u05dc?","title_color":"#FFFFFF","typography_typography":"custom","typography_font_size":{"unit":"px","size":34,"sizes":[]},"typography_line_height":{"unit":"em","size":1.5,"sizes":[]},"align":"right","typography_font_size_tablet":{"unit":"px","size":28,"sizes":[]},"typography_font_size_mobile":{"unit":"px","size":24,"sizes":[]},"_margin":{"unit":"px","top":"0","right":"0","bottom":"0","left":"0","isLinked":false}},"elements":[],"isInner":false,"widgetType":"heading","elType":"widget"},{"id":"23eff780","settings":{"editor":"<p>\u05e6\u05d5\u05e8 \u05d0\u05d9\u05ea\u05e0\u05d5 \u05e7\u05e9\u05e8 \u05e2\u05d5\u05d3 \u05d4\u05d9\u05d5\u05dd \u05db\u05d3\u05d9 \u05dc\u05dc\u05de\u05d5\u05d3 \u05e2\u05d5\u05d3 \u05db\u05d9\u05e6\u05d3 \u05e0\u05d5\u05db\u05dc \u05dc\u05e2\u05d6\u05d5\u05e8 \u05dc\u05da \u05dc\u05e0\u05d5\u05d5\u05d8 \u05d1\u05e9\u05d5\u05e7 \u05d4\u05e0\u05d3\u05dc\"\u05df \u05d4\u05de\u05e7\u05d5\u05de\u05d9 \u05d5\u05dc\u05de\u05e6\u05d5\u05d0 \u05d0\u05ea \u05d4\u05d1\u05d9\u05ea \u05d4\u05de\u05d5\u05e9\u05dc\u05dd \u05e2\u05d1\u05d5\u05e8\u05da.<\/p>","text_color":"#FFFFFF"},"elements":[],"isInner":false,"widgetType":"text-editor","elType":"widget"},{"id":"719230d6","settings":{"text":"\u05dc\u05d7\u05e5 \u05db\u05d0\u05df","size":"md","typography_typography":"custom","background_color":"#0038B8","hover_color":"#0038B8","button_background_hover_color":"#FFFFFF","border_border":"solid","border_width":{"unit":"px","top":"1","right":"1","bottom":"1","left":"1","isLinked":true},"border_color":"#FFFFFF","border_radius":{"unit":"px","top":"4","right":"4","bottom":"4","left":"4","isLinked":true},"link":{"url":"https:\/\/wordpress-432351-3297445.cloudwaysapps.com\/contact\/","is_external":"","nofollow":"","custom_attributes":""}},"elements":[],"isInner":false,"widgetType":"button","elType":"widget"}],"isInner":true,"elType":"column"},{"id":"71bc003d","settings":{"_column_size":66,"_inline_size":59.666},"elements":[],"isInner":true,"elType":"column"}],"isInner":true,"elType":"section"},{"id":"35a1e330","settings":{"height":{"unit":"px","size":50,"sizes":[]}},"elements":[],"isInner":false,"widgetType":"houzez_elementor_space","elType":"widget"}],"isInner":false,"elType":"column"}],"isInner":false,"elType":"section"},{"id":"12bf044d","settings":{"layout":"full_width","background_color":"#FFFFFF","background_color_b":"#E6EBF080","background_gradient_angle":{"unit":"deg","size":0,"sizes":[]},"padding":{"unit":"%","top":"0","right":"0","bottom":"04","left":"0","isLinked":false},"padding_tablet":{"unit":"%","top":"","right":"","bottom":"","left":"","isLinked":true},"padding_mobile":{"unit":"%","top":"","right":"","bottom":"","left":"","isLinked":true}},"elements":[{"id":"d87dcd1","settings":{"_column_size":100,"_inline_size":null},"elements":[{"id":"2eba7dc0","settings":{"content_width":{"unit":"px","size":1320,"sizes":[]},"animation":"fadeIn","content_position":"middle","structure":"20"},"elements":[{"id":"61d08fbb","settings":{"_column_size":50,"_inline_size":null,"space_between_widgets":0},"elements":[{"id":"5e31586a","settings":{"width":{"unit":"px","size":150,"sizes":[]},"align":"right","look":"line_text","text":"\u05de\u05d5\u05de\u05dc\u05e6\u05d9\u05dd","color":"#0038B8","gap":{"unit":"px","size":10,"sizes":[]},"text_color":"#0038B8","text_align":"right","width_tablet":{"unit":"px","size":"","sizes":[]},"width_mobile":{"unit":"px","size":"","sizes":[]}},"elements":[],"isInner":false,"widgetType":"divider","elType":"widget"},{"id":"3144ba9c","settings":{"title":"\u05d4\u05e0\u05db\u05e1\u05d9\u05dd \u05d4\u05de\u05d5\u05de\u05dc\u05e6\u05d9\u05dd \u05e9\u05dc\u05e0\u05d5","title_color":"#000000","typography_typography":"custom","typography_font_size":{"unit":"px","size":34,"sizes":[]},"typography_line_height":{"unit":"em","size":1.1,"sizes":[]},"align":"right","typography_font_size_tablet":{"unit":"px","size":28,"sizes":[]},"typography_font_size_mobile":{"unit":"px","size":24,"sizes":[]},"_margin":{"unit":"px","top":"0","right":"0","bottom":"20","left":"0","isLinked":false}},"elements":[],"isInner":false,"widgetType":"heading","elType":"widget"}],"isInner":true,"elType":"column"},{"id":"e96b036","settings":{"_column_size":50,"_inline_size":null},"elements":[{"id":"574771b8","settings":{"text":"\u05e8\u05d0\u05d4 \u05e2\u05d5\u05d3","align":"left","selected_icon":{"value":"fas fa-long-arrow-alt-left","library":"fa-solid"},"icon_indent":{"unit":"px","size":11,"sizes":[]},"button_text_color":"#0038B8","background_color":"#FFFFFF00","hover_color":"#00BCD1","text_padding":{"unit":"px","top":"0","right":"0","bottom":"0","left":"10","isLinked":false},"link":{"url":"https:\/\/wordpress-432351-3297445.cloudwaysapps.com\/with-half-map\/","is_external":"","nofollow":"","custom_attributes":""},"align_mobile":"right"},"elements":[],"isInner":false,"widgetType":"button","elType":"widget"}],"isInner":true,"elType":"column"}],"isInner":true,"elType":"section"},{"id":"617d6ccd","settings":{"gap":"extended","content_width":{"unit":"px","size":1320,"sizes":[]},"background_overlay_color":"#FFFFFF","background_overlay_color_stop":{"unit":"%","size":69,"sizes":[]},"background_overlay_color_b":"#36AA71","background_overlay_color_b_stop":{"unit":"%","size":26,"sizes":[]},"background_overlay_gradient_angle":{"unit":"deg","size":135,"sizes":[]},"background_overlay_opacity":{"unit":"px","size":1,"sizes":[]}},"elements":[{"id":"5ffc28c2","settings":{"_column_size":100,"_inline_size":null,"_inline_size_tablet":100,"space_between_widgets":0},"elements":[{"id":"3d28662b","settings":{"module_type":"grid_4_cols","sort_by":"featured_top","posts_limit":4,"hz_property_title_typography":"custom","hide_compare":"none","hide_favorite":"none","hide_preview":"none","hide_status":"none","hz_property_title_font_size":{"unit":"px","size":0,"sizes":[]},"hz_prop_address_typography":"custom","hz_title_margin_bottom":{"unit":"px","size":0,"sizes":[]},"hz_address_margin_bottom":{"unit":"px","size":7,"sizes":[]},"hz_content_padding":{"unit":"px","top":"12","right":"20","bottom":"17","left":"20","isLinked":false},"price_color":"#0038B8"},"elements":[],"isInner":false,"widgetType":"houzez_elementor_property-card-v7","elType":"widget"}],"isInner":true,"elType":"column"}],"isInner":true,"elType":"section"}],"isInner":false,"elType":"column"}],"isInner":false,"elType":"section"},{"id":"5ffa8735","settings":{"layout":"full_width","background_color":"#0038B826","background_color_b":"#E6EBF000","padding":{"unit":"%","top":"4","right":"0","bottom":"1","left":"0","isLinked":false},"padding_tablet":{"unit":"%","top":"","right":"","bottom":"","left":"","isLinked":true},"padding_mobile":{"unit":"%","top":"","right":"","bottom":"","left":"","isLinked":true},"background_image":{"url":"","id":"","size":"","alt":"","source":"library"},"background_position":"center center","background_attachment":"fixed","background_repeat":"no-repeat","background_size":"cover","background_overlay_color_stop":{"unit":"%","size":50,"sizes":[]},"background_overlay_color_b":"#0038B8","background_overlay_color_b_stop":{"unit":"%","size":0,"sizes":[]},"background_overlay_gradient_angle":{"unit":"deg","size":307,"sizes":[]},"background_overlay_opacity":{"unit":"px","size":0.15,"sizes":[]},"background_background":"gradient","background_overlay_image":{"url":"","id":"","size":"","alt":"","source":"library"},"shape_divider_top":"arrow","shape_divider_top_width":{"unit":"%","size":175,"sizes":[]},"shape_divider_top_height":{"unit":"px","size":23,"sizes":[]}},"elements":[{"id":"3b7b95c9","settings":{"_column_size":100,"_inline_size":null},"elements":[{"id":"29098b01","settings":{"content_width":{"unit":"px","size":1320,"sizes":[]},"animation":"fadeIn","content_position":"bottom","structure":"40","gap":"wider"},"elements":[{"id":"3e1d8e8b","settings":{"_column_size":25,"_inline_size":null,"space_between_widgets":0,"_inline_size_tablet":50},"elements":[{"id":"7da85f89","settings":{"width":{"unit":"px","size":150,"sizes":[]},"align":"right","look":"line_text","text":"\u05de\u05d5\u05de\u05dc\u05e6\u05d9\u05dd","color":"#0038B8","gap":{"unit":"px","size":10,"sizes":[]},"text_color":"#0038B8","text_align":"right","width_tablet":{"unit":"px","size":"","sizes":[]},"width_mobile":{"unit":"px","size":"","sizes":[]}},"elements":[],"isInner":false,"widgetType":"divider","elType":"widget"},{"id":"645e3073","settings":{"title":"\u05d4\u05de\u05d3\u05e8\u05d9\u05da \u05e9\u05dc\u05da \u05dc\u05e0\u05d3\u05dc\"\u05df \u05d1\u05d9\u05e9\u05e8\u05d0\u05dc","title_color":"#000000","typography_typography":"custom","typography_font_size":{"unit":"px","size":34,"sizes":[]},"typography_line_height":{"unit":"em","size":1.1,"sizes":[]},"align":"right","typography_font_size_tablet":{"unit":"px","size":28,"sizes":[]},"typography_font_size_mobile":{"unit":"px","size":24,"sizes":[]},"_margin":{"unit":"px","top":"0","right":"0","bottom":"30","left":"0","isLinked":false}},"elements":[],"isInner":false,"widgetType":"heading","elType":"widget"},{"id":"ad67a46","settings":{"grid_data":"dynamic","more_text":"More Details","grid_taxonomy":"property_city","tax_city":"%d7%90%d7%99%d7%9c%d7%aa","more_text_d":"\u05e4\u05e8\u05d8\u05d9\u05dd \u05e0\u05d5\u05e1\u05e4\u05d9\u05dd","properties_text":"\u05e0\u05b0\u05db\u05b8\u05e1\u05b4\u05d9\u05dd","property_text":"\u05e0\u05b0\u05db\u05b8\u05e1\u05b4\u05d9\u05dd","grid_item_margin":{"unit":"px","size":30,"sizes":[]},"grid_title_typography_font_family":"Quicksand","grid_title_typography_font_weight":"700","grid_subtitle_typography_font_family":"Quicksand","grid_subtitle_typography_font_weight":"700","grid_item_margin_tablet":{"unit":"px","size":0,"sizes":[]},"grid_item_margin_mobile":{"unit":"px","size":0,"sizes":[]},"image":{"id":18274,"url":"https:\/\/wordpress-432351-3297445.cloudwaysapps.com\/wp-content\/uploads\/2023\/01\/placeholder-4.png"},"tax_custom_image":{"id":18275,"url":"https:\/\/wordpress-432351-3297445.cloudwaysapps.com\/wp-content\/uploads\/2023\/01\/placeholder-5.png"},"grid_type":"grid-item-v3","grid_v3_height":{"unit":"%","size":148,"sizes":[]},"grid_v3_height_tablet":{"unit":"%","size":50,"sizes":[]},"_box_shadow_box_shadow_type":"yes","_box_shadow_box_shadow":{"horizontal":0,"vertical":30,"blur":60,"spread":0,"color":"rgba(0, 0, 0, 0.16)"},"_animation":"fadeInUp","grid_v3_height_mobile":{"unit":"%","size":45,"sizes":[]},"_animation_delay":250},"elements":[],"isInner":false,"widgetType":"Houzez_elementor_grid_builder","elType":"widget"}],"isInner":true,"elType":"column"},{"id":"e26da5c","settings":{"_column_size":25,"_inline_size":null,"_inline_size_tablet":50},"elements":[{"id":"2649cf12","settings":{"grid_data":"dynamic","more_text":"More Details","grid_taxonomy":"property_city","tax_city":"%d7%97%d7%99%d7%a4%d7%94","more_text_d":"\u05e4\u05e8\u05d8\u05d9\u05dd \u05e0\u05d5\u05e1\u05e4\u05d9\u05dd","properties_text":"\u05e0\u05b0\u05db\u05b8\u05e1\u05b4\u05d9\u05dd","property_text":"\u05e0\u05b0\u05db\u05b8\u05e1\u05b4\u05d9\u05dd","grid_item_margin":{"unit":"px","size":30,"sizes":[]},"grid_title_typography_font_family":"Quicksand","grid_title_typography_font_weight":"700","grid_subtitle_typography_font_family":"Quicksand","grid_subtitle_typography_font_weight":"700","grid_item_margin_tablet":{"unit":"px","size":0,"sizes":[]},"grid_item_margin_mobile":{"unit":"px","size":20,"sizes":[]},"image":{"id":18276,"url":"https:\/\/wordpress-432351-3297445.cloudwaysapps.com\/wp-content\/uploads\/2023\/01\/placeholder-6.png"},"tax_custom_image":{"id":18277,"url":"https:\/\/wordpress-432351-3297445.cloudwaysapps.com\/wp-content\/uploads\/2023\/01\/placeholder-7.png"},"grid_type":"grid-item-v3","grid_v3_height":{"unit":"%","size":148,"sizes":[]},"grid_v3_height_tablet":{"unit":"%","size":50,"sizes":[]},"_box_shadow_box_shadow_type":"yes","_box_shadow_box_shadow":{"horizontal":0,"vertical":30,"blur":60,"spread":0,"color":"rgba(0, 0, 0, 0.16)"},"_animation":"fadeInUp","_animation_delay":250,"grid_v3_height_mobile":{"unit":"%","size":45,"sizes":[]}},"elements":[],"isInner":false,"widgetType":"Houzez_elementor_grid_builder","elType":"widget"},{"id":"30056823","settings":{"editor":"<p>\u05e6\u05d5\u05d5\u05ea \u05d4\u05e1\u05d5\u05db\u05e0\u05d9\u05dd \u05d4\u05de\u05e0\u05d5\u05e1\u05d9\u05dd \u05e9\u05dc\u05e0\u05d5 \u05de\u05d5\u05e7\u05d3\u05e9 \u05dc\u05e2\u05d6\u05d5\u05e8 \u05dc\u05db\u05dd \u05dc\u05de\u05e6\u05d5\u05d0 \u05d0\u05ea \u05e0\u05db\u05e1 \u05d4\u05d7\u05dc\u05d5\u05de\u05d5\u05ea \u05e9\u05dc\u05db\u05dd, \u05d1\u05d9\u05df \u05d0\u05dd \u05d0\u05ea\u05dd \u05de\u05d7\u05e4\u05e9\u05d9\u05dd \u05d3\u05d9\u05e8\u05d4 \u05e0\u05e2\u05d9\u05de\u05d4 \u05d1\u05e2\u05d9\u05e8 \u05d0\u05d5 \u05d5\u05d9\u05dc\u05d4 \u05de\u05e8\u05d5\u05d5\u05d7\u05ea \u05d1\u05e4\u05e8\u05d1\u05e8\u05d9\u05dd.<\/p>","typography_typography":"custom"},"elements":[],"isInner":false,"widgetType":"text-editor","elType":"widget"}],"isInner":true,"elType":"column"},{"id":"29f456ce","settings":{"_column_size":25,"_inline_size":null,"_inline_size_tablet":50},"elements":[{"id":"b659bba","settings":{"grid_data":"dynamic","more_text":"More Details","grid_taxonomy":"property_city","tax_city":"%d7%99%d7%a8%d7%95%d7%a9%d7%9c%d7%99%d7%9d","more_text_d":"\u05e4\u05e8\u05d8\u05d9\u05dd \u05e0\u05d5\u05e1\u05e4\u05d9\u05dd","properties_text":"\u05e0\u05b0\u05db\u05b8\u05e1\u05b4\u05d9\u05dd","property_text":"\u05e0\u05b0\u05db\u05b8\u05e1\u05b4\u05d9\u05dd","grid_type":"grid-item-v3","grid_v3_height":{"unit":"%","size":148,"sizes":[]},"grid_item_margin":{"unit":"px","size":30,"sizes":[]},"grid_title_typography_font_family":"Quicksand","grid_title_typography_font_weight":"700","grid_subtitle_typography_font_family":"Quicksand","grid_subtitle_typography_font_weight":"700","grid_v3_height_tablet":{"unit":"%","size":50,"sizes":[]},"grid_item_margin_tablet":{"unit":"px","size":0,"sizes":[]},"grid_item_margin_mobile":{"unit":"px","size":0,"sizes":[]},"image":{"id":18270,"url":"https:\/\/wordpress-432351-3297445.cloudwaysapps.com\/wp-content\/uploads\/2023\/01\/placeholder.png"},"tax_custom_image":{"id":18271,"url":"https:\/\/wordpress-432351-3297445.cloudwaysapps.com\/wp-content\/uploads\/2023\/01\/placeholder-1.png"},"_box_shadow_box_shadow_type":"yes","_box_shadow_box_shadow":{"horizontal":0,"vertical":30,"blur":60,"spread":0,"color":"rgba(0, 0, 0, 0.16)"},"_animation":"fadeInUp","_animation_delay":250,"grid_v3_height_mobile":{"unit":"%","size":45,"sizes":[]}},"elements":[],"isInner":false,"widgetType":"Houzez_elementor_grid_builder","elType":"widget"}],"isInner":true,"elType":"column"},{"id":"743b4e98","settings":{"_column_size":25,"_inline_size":null,"_inline_size_tablet":50},"elements":[{"id":"1746f3cf","settings":{"grid_data":"dynamic","more_text":"More Details","grid_taxonomy":"property_city","tax_city":"%d7%aa%d7%9c-%d7%90%d7%91%d7%99%d7%91-%d7%99%d7%a4%d7%95","more_text_d":"\u05e4\u05e8\u05d8\u05d9\u05dd \u05e0\u05d5\u05e1\u05e4\u05d9\u05dd","properties_text":"\u05e0\u05b0\u05db\u05b8\u05e1\u05b4\u05d9\u05dd","property_text":"\u05e0\u05b0\u05db\u05b8\u05e1\u05b4\u05d9\u05dd","grid_item_margin":{"unit":"px","size":30,"sizes":[]},"grid_title_typography_font_family":"Quicksand","grid_title_typography_font_weight":"700","grid_subtitle_typography_font_family":"Quicksand","grid_subtitle_typography_font_weight":"700","grid_item_margin_tablet":{"unit":"px","size":0,"sizes":[]},"grid_item_margin_mobile":{"unit":"px","size":20,"sizes":[]},"image":{"id":18272,"url":"https:\/\/wordpress-432351-3297445.cloudwaysapps.com\/wp-content\/uploads\/2023\/01\/placeholder-2.png"},"tax_custom_image":{"id":18273,"url":"https:\/\/wordpress-432351-3297445.cloudwaysapps.com\/wp-content\/uploads\/2023\/01\/placeholder-3.png"},"grid_type":"grid-item-v3","grid_v3_height":{"unit":"%","size":148,"sizes":[]},"grid_v3_height_tablet":{"unit":"%","size":50,"sizes":[]},"_box_shadow_box_shadow_type":"yes","_box_shadow_box_shadow":{"horizontal":0,"vertical":30,"blur":60,"spread":0,"color":"rgba(0, 0, 0, 0.16)"},"_animation":"fadeInUp","_animation_delay":250,"grid_v3_height_mobile":{"unit":"%","size":45,"sizes":[]}},"elements":[],"isInner":false,"widgetType":"Houzez_elementor_grid_builder","elType":"widget"},{"id":"5343890c","settings":{"editor":"<p>\u05e6\u05d5\u05d5\u05ea \u05d4\u05e1\u05d5\u05db\u05e0\u05d9\u05dd \u05d4\u05de\u05e0\u05d5\u05e1\u05d9\u05dd \u05e9\u05dc\u05e0\u05d5 \u05de\u05d5\u05e7\u05d3\u05e9 \u05dc\u05e2\u05d6\u05d5\u05e8 \u05dc\u05db\u05dd \u05dc\u05de\u05e6\u05d5\u05d0 \u05d0\u05ea \u05e0\u05db\u05e1 \u05d4\u05d7\u05dc\u05d5\u05de\u05d5\u05ea \u05e9\u05dc\u05db\u05dd, \u05d1\u05d9\u05df \u05d0\u05dd \u05d0\u05ea\u05dd \u05de\u05d7\u05e4\u05e9\u05d9\u05dd \u05d3\u05d9\u05e8\u05d4 \u05e0\u05e2\u05d9\u05de\u05d4 \u05d1\u05e2\u05d9\u05e8 \u05d0\u05d5 \u05d5\u05d9\u05dc\u05d4 \u05de\u05e8\u05d5\u05d5\u05d7\u05ea \u05d1\u05e4\u05e8\u05d1\u05e8\u05d9\u05dd.<\/p>","typography_typography":"custom"},"elements":[],"isInner":false,"widgetType":"text-editor","elType":"widget"}],"isInner":true,"elType":"column"}],"isInner":true,"elType":"section"},{"id":"6d35f87b","settings":{"height":{"unit":"px","size":50,"sizes":[]}},"elements":[],"isInner":false,"widgetType":"houzez_elementor_space","elType":"widget"}],"isInner":false,"elType":"column"}],"isInner":false,"elType":"section"},{"id":"6f33a10b","settings":{"background_background":"classic","background_color":"#FFFFFF80","background_color_b":"#E6EBF080","background_gradient_angle":{"unit":"deg","size":0,"sizes":[]},"padding":{"unit":"%","top":"0","right":"0","bottom":"0","left":"0","isLinked":false},"padding_tablet":{"unit":"%","top":"","right":"","bottom":"","left":"","isLinked":true},"padding_mobile":{"unit":"%","top":"","right":"","bottom":"","left":"","isLinked":true},"content_width":{"unit":"px","size":1300,"sizes":[]},"background_image":{"url":"","id":"","size":"","alt":"","source":"library"},"background_position":"center center","background_repeat":"no-repeat","background_size":"cover","background_overlay_color":"#0000008A","background_overlay_color_stop":{"unit":"%","size":63,"sizes":[]},"background_overlay_color_b":"#0038B8","background_overlay_color_b_stop":{"unit":"%","size":0,"sizes":[]},"background_overlay_gradient_angle":{"unit":"deg","size":239,"sizes":[]},"background_overlay_opacity":{"unit":"px","size":1,"sizes":[]}},"elements":[{"id":"36fd543a","settings":{"_column_size":100,"_inline_size":null},"elements":[{"id":"3b9e9038","settings":{"content_width":{"unit":"px","size":1320,"sizes":[]},"animation":"fadeIn","content_position":"middle","structure":"21","layout":"full_width","background_background":"classic","background_image":{"url":"https:\/\/wordpress-432351-3297445.cloudwaysapps.com\/wp-content\/uploads\/2023\/02\/israel_city_03.jpg","id":18887,"size":"","alt":"","source":"library"},"background_position":"center center","background_attachment":"scroll","background_size":"cover","background_overlay_background":"gradient","background_overlay_color":"#0000004D","background_overlay_color_stop":{"unit":"%","size":43,"sizes":[]},"background_overlay_color_b":"#0038B8","background_overlay_color_b_stop":{"unit":"%","size":0,"sizes":[]},"background_overlay_gradient_angle":{"unit":"deg","size":54,"sizes":[]},"background_overlay_opacity":{"unit":"px","size":1,"sizes":[]},"border_radius":{"unit":"px","top":"16","right":"16","bottom":"16","left":"16","isLinked":true},"box_shadow_box_shadow_type":"yes","box_shadow_box_shadow":{"horizontal":0,"vertical":40,"blur":40,"spread":0,"color":"rgba(0, 0, 0, 0.15)"},"padding":{"unit":"%","top":"3","right":"6","bottom":"3","left":"6","isLinked":false},"padding_tablet":{"unit":"%","top":"","right":"","bottom":"","left":"","isLinked":true},"padding_mobile":{"unit":"%","top":"","right":"","bottom":"","left":"","isLinked":true},"z_index":1,"shape_divider_top_width":{"unit":"%","size":100,"sizes":[]},"shape_divider_top_height":{"unit":"px","size":137,"sizes":[]},"shape_divider_bottom_height":{"unit":"px","size":65,"sizes":[]}},"elements":[{"id":"2c933de1","settings":{"_column_size":33,"_inline_size":40,"space_between_widgets":0},"elements":[{"id":"6382f258","settings":{"width":{"unit":"%","size":25,"sizes":[]},"align":"right","look":"line_text","text":"\u05de\u05d5\u05de\u05dc\u05e6\u05d9\u05dd","color":"#0038B8","gap":{"unit":"px","size":2,"sizes":[]},"text_color":"#0038B8","text_align":"right"},"elements":[],"isInner":false,"widgetType":"divider","elType":"widget"},{"id":"32107ff9","settings":{"title":"\u05de\u05d5\u05db\u05e0\u05d9\u05dd \u05dc\u05de\u05e6\u05d5\u05d0 \u05d0\u05ea \u05e0\u05db\u05e1 \u05d4\u05d7\u05dc\u05d5\u05de\u05d5\u05ea \u05e9\u05dc\u05db\u05dd \u05d1\u05d9\u05e9\u05e8\u05d0\u05dc?","title_color":"#FFFFFF","typography_typography":"custom","typography_font_size":{"unit":"px","size":34,"sizes":[]},"typography_line_height":{"unit":"em","size":1.5,"sizes":[]},"align":"right","typography_font_size_tablet":{"unit":"px","size":28,"sizes":[]},"typography_font_size_mobile":{"unit":"px","size":24,"sizes":[]},"_margin":{"unit":"px","top":"0","right":"0","bottom":"0","left":"0","isLinked":false}},"elements":[],"isInner":false,"widgetType":"heading","elType":"widget"},{"id":"7dadad89","settings":{"editor":"<p>\u05e6\u05d5\u05e8 \u05d0\u05d9\u05ea\u05e0\u05d5 \u05e7\u05e9\u05e8 \u05e2\u05d5\u05d3 \u05d4\u05d9\u05d5\u05dd \u05db\u05d3\u05d9 \u05dc\u05dc\u05de\u05d5\u05d3 \u05e2\u05d5\u05d3 \u05db\u05d9\u05e6\u05d3 \u05e0\u05d5\u05db\u05dc \u05dc\u05e2\u05d6\u05d5\u05e8 \u05dc\u05da \u05dc\u05e0\u05d5\u05d5\u05d8 \u05d1\u05e9\u05d5\u05e7 \u05d4\u05e0\u05d3\u05dc\"\u05df \u05d4\u05de\u05e7\u05d5\u05de\u05d9 \u05d5\u05dc\u05de\u05e6\u05d5\u05d0 \u05d0\u05ea \u05d4\u05d1\u05d9\u05ea \u05d4\u05de\u05d5\u05e9\u05dc\u05dd \u05e2\u05d1\u05d5\u05e8\u05da.<\/p>","text_color":"#FFFFFF"},"elements":[],"isInner":false,"widgetType":"text-editor","elType":"widget"},{"id":"5f0e56e1","settings":{"text":"\u05dc\u05d7\u05e5 \u05db\u05d0\u05df","size":"md","typography_typography":"custom","background_color":"#0038B8","hover_color":"#0038B8","button_background_hover_color":"#FFFFFF","border_border":"solid","border_width":{"unit":"px","top":"1","right":"1","bottom":"1","left":"1","isLinked":true},"border_color":"#FFFFFF","border_radius":{"unit":"px","top":"4","right":"4","bottom":"4","left":"4","isLinked":true},"link":{"url":"https:\/\/wordpress-432351-3297445.cloudwaysapps.com\/contact\/","is_external":"","nofollow":"","custom_attributes":""}},"elements":[],"isInner":false,"widgetType":"button","elType":"widget"}],"isInner":true,"elType":"column"},{"id":"32dfa5","settings":{"_column_size":66,"_inline_size":59.666},"elements":[],"isInner":true,"elType":"column"}],"isInner":true,"elType":"section"},{"id":"a94b88b","settings":{"height":{"unit":"px","size":50,"sizes":[]}},"elements":[],"isInner":false,"widgetType":"houzez_elementor_space","elType":"widget"}],"isInner":false,"elType":"column"}],"isInner":false,"elType":"section"},{"id":"7fff4c25","settings":{"layout":"full_width","background_color":"#0038B8","background_color_b":"#E6EBF080","background_gradient_angle":{"unit":"deg","size":0,"sizes":[]},"padding":{"unit":"%","top":"2","right":"0","bottom":"4","left":"0","isLinked":false},"padding_tablet":{"unit":"%","top":"","right":"","bottom":"","left":"","isLinked":true},"padding_mobile":{"unit":"%","top":"","right":"","bottom":"","left":"","isLinked":true},"background_image":{"url":"","id":"","size":"","alt":"","source":"library"},"background_position":"center center","background_attachment":"fixed","background_repeat":"no-repeat","background_size":"cover","background_overlay_color":"#FFFFFF","background_overlay_color_stop":{"unit":"%","size":77,"sizes":[]},"background_overlay_color_b":"#0038B8","background_overlay_color_b_stop":{"unit":"%","size":0,"sizes":[]},"background_overlay_gradient_angle":{"unit":"deg","size":125,"sizes":[]},"background_overlay_opacity":{"unit":"px","size":1,"sizes":[]}},"elements":[{"id":"29f94f6f","settings":{"_column_size":100,"_inline_size":null},"elements":[{"id":"19776b3e","settings":{"content_width":{"unit":"px","size":1320,"sizes":[]},"animation":"fadeIn","content_position":"middle","structure":"20"},"elements":[{"id":"a9990d2","settings":{"_column_size":50,"_inline_size":null,"space_between_widgets":0},"elements":[{"id":"7ce84a2a","settings":{"width":{"unit":"px","size":150,"sizes":[]},"align":"right","look":"line_text","text":"\u05e7\u05b0\u05d1\u05d5\u05bc\u05e6\u05b8\u05d4","color":"#0038B8","gap":{"unit":"px","size":10,"sizes":[]},"text_color":"#0038B8","text_align":"right","width_tablet":{"unit":"px","size":"","sizes":[]},"width_mobile":{"unit":"px","size":"","sizes":[]}},"elements":[],"isInner":false,"widgetType":"divider","elType":"widget"},{"id":"450e3604","settings":{"title":"\u05d4\u05db\u05d9\u05e8\u05d5 \u05d0\u05ea \u05e1\u05d5\u05db\u05e0\u05d9 \u05d4\u05e0\u05d3\u05dc\"\u05df \u05e9\u05dc\u05e0\u05d5","title_color":"#000000","typography_typography":"custom","typography_font_size":{"unit":"px","size":34,"sizes":[]},"typography_line_height":{"unit":"em","size":1.1,"sizes":[]},"align":"right","typography_font_size_tablet":{"unit":"px","size":28,"sizes":[]},"typography_font_size_mobile":{"unit":"px","size":24,"sizes":[]},"_margin":{"unit":"px","top":"0","right":"0","bottom":"20","left":"0","isLinked":false}},"elements":[],"isInner":false,"widgetType":"heading","elType":"widget"}],"isInner":true,"elType":"column"},{"id":"24655700","settings":{"_column_size":50,"_inline_size":null},"elements":[{"id":"1901b185","settings":{"text":"\u05e8\u05d0\u05d4 \u05e2\u05d5\u05d3","align":"left","selected_icon":{"value":"fas fa-long-arrow-alt-left","library":"fa-solid"},"icon_indent":{"unit":"px","size":11,"sizes":[]},"button_text_color":"#0038B8","background_color":"#FFFFFF00","hover_color":"#00BCD1","text_padding":{"unit":"px","top":"0","right":"0","bottom":"0","left":"10","isLinked":false},"link":{"url":"https:\/\/wordpress-432351-3297445.cloudwaysapps.com\/agents-2\/","is_external":"","nofollow":"","custom_attributes":""},"align_mobile":"right"},"elements":[],"isInner":false,"widgetType":"button","elType":"widget"}],"isInner":true,"elType":"column"}],"isInner":true,"elType":"section"},{"id":"1d52815b","settings":{"gap":"extended","content_width":{"unit":"px","size":1320,"sizes":[]},"background_overlay_color":"#FFFFFF","background_overlay_color_stop":{"unit":"%","size":69,"sizes":[]},"background_overlay_color_b":"#36AA71","background_overlay_color_b_stop":{"unit":"%","size":26,"sizes":[]},"background_overlay_gradient_angle":{"unit":"deg","size":135,"sizes":[]},"background_overlay_opacity":{"unit":"px","size":1,"sizes":[]}},"elements":[{"id":"44372c80","settings":{"_column_size":100,"_inline_size":null,"_inline_size_tablet":100,"space_between_widgets":0},"elements":[{"id":"7af6fe60","settings":{"columns":"4","posts_limit":"4","agent_box_border_border":"none","agent_box_shadow_box_shadow_type":"yes","agent_box_shadow_box_shadow":{"horizontal":0,"vertical":40,"blur":40,"spread":0,"color":"rgba(0, 0, 0, 0.1)"},"hide_separator":"none","agent_position_typography":"custom","agent_position_font_size":{"unit":"px","size":16,"sizes":[]},"view_button_color":"#0038B8","view_button_hover_bg":"#0038B8"},"elements":[],"isInner":false,"widgetType":"houzez_elementor_agents_grid","elType":"widget"}],"isInner":true,"elType":"column"}],"isInner":true,"elType":"section"}],"isInner":false,"elType":"column"}],"isInner":false,"elType":"section"},{"id":"1f9262eb","settings":{"layout":"full_width","background_color":"#FFFFFF","background_color_b":"#E6EBF080","background_gradient_angle":{"unit":"deg","size":0,"sizes":[]},"padding":{"unit":"%","top":"0","right":"0","bottom":"6","left":"0","isLinked":false},"padding_tablet":{"unit":"%","top":"","right":"","bottom":"","left":"","isLinked":true},"padding_mobile":{"unit":"%","top":"","right":"","bottom":"","left":"","isLinked":true}},"elements":[{"id":"55c96679","settings":{"_column_size":100,"_inline_size":null},"elements":[{"id":"19e0edea","settings":{"content_width":{"unit":"px","size":1320,"sizes":[]},"animation":"fadeIn","content_position":"middle","structure":"20"},"elements":[{"id":"21e36522","settings":{"_column_size":50,"_inline_size":null,"space_between_widgets":0},"elements":[{"id":"d6b227","settings":{"width":{"unit":"px","size":150,"sizes":[]},"align":"right","look":"line_text","text":"\u05d1\u05dc\u05d5\u05d2","color":"#0038B8","gap":{"unit":"px","size":10,"sizes":[]},"text_color":"#0038B8","text_align":"right","width_tablet":{"unit":"px","size":"","sizes":[]},"width_mobile":{"unit":"px","size":"","sizes":[]}},"elements":[],"isInner":false,"widgetType":"divider","elType":"widget"},{"id":"13013376","settings":{"title":"\u05de\u05d3\u05e8\u05d9\u05da \u05dc\u05e7\u05d5\u05e0\u05d9\u05dd \u05d5\u05dc\u05de\u05d5\u05db\u05e8\u05d9\u05dd","title_color":"#000000","typography_typography":"custom","typography_font_size":{"unit":"px","size":34,"sizes":[]},"typography_line_height":{"unit":"em","size":1.1,"sizes":[]},"align":"right","typography_font_size_tablet":{"unit":"px","size":28,"sizes":[]},"typography_font_size_mobile":{"unit":"px","size":24,"sizes":[]},"_margin":{"unit":"px","top":"0","right":"0","bottom":"20","left":"0","isLinked":false}},"elements":[],"isInner":false,"widgetType":"heading","elType":"widget"}],"isInner":true,"elType":"column"},{"id":"6ed1aa17","settings":{"_column_size":50,"_inline_size":null},"elements":[{"id":"602c777c","settings":{"text":"\u05e8\u05d0\u05d4 \u05e2\u05d5\u05d3","align":"left","selected_icon":{"value":"fas fa-long-arrow-alt-left","library":"fa-solid"},"icon_indent":{"unit":"px","size":11,"sizes":[]},"button_text_color":"#0038B8","background_color":"#FFFFFF00","hover_color":"#00BCD1","text_padding":{"unit":"px","top":"0","right":"0","bottom":"0","left":"10","isLinked":false},"link":{"url":"https:\/\/wordpress-432351-3297445.cloudwaysapps.com\/blog\/","is_external":"","nofollow":"","custom_attributes":""},"align_mobile":"right"},"elements":[],"isInner":false,"widgetType":"button","elType":"widget"}],"isInner":true,"elType":"column"}],"isInner":true,"elType":"section"},{"id":"77246102","settings":{"gap":"extended","content_width":{"unit":"px","size":1320,"sizes":[]},"background_overlay_color":"#FFFFFF","background_overlay_color_stop":{"unit":"%","size":69,"sizes":[]},"background_overlay_color_b":"#36AA71","background_overlay_color_b_stop":{"unit":"%","size":26,"sizes":[]},"background_overlay_gradient_angle":{"unit":"deg","size":135,"sizes":[]},"background_overlay_opacity":{"unit":"px","size":1,"sizes":[]}},"elements":[{"id":"76343f14","settings":{"_column_size":100,"_inline_size":null,"_inline_size_tablet":100,"space_between_widgets":0},"elements":[{"id":"1590a54c","settings":{"posts_limit":4,"show_author":"","box_padding_top":{"unit":"px","size":0,"sizes":[]},"box_padding_bottom":{"unit":"px","size":0,"sizes":[]},"image_margin":{"unit":"px","size":0,"sizes":[]},"title_typo_typography":"custom","title_typo_font_size":{"unit":"px","size":16,"sizes":[]},"title_typo_font_weight":"600","title_margin_top":{"unit":"px","size":10,"sizes":[]},"title_margin_bottom":{"unit":"px","size":0,"sizes":[]},"content_typo_typography":"custom","content_typo_font_size":{"unit":"px","size":14,"sizes":[]},"content_margin_bottom":{"unit":"px","size":0,"sizes":[]},"postmeta_typo_typography":"custom","postmeta_typo_font_size":{"unit":"px","size":13,"sizes":[]},"postmeta_margin_top":{"unit":"px","size":7,"sizes":[]},"author_padding":{"unit":"px","top":"20","right":"30","bottom":"0","left":"30","isLinked":false},"box_margin_bottom":{"unit":"px","size":0,"sizes":[]},"title_typo_line_height":{"unit":"em","size":1.7,"sizes":[]},"content_typo_line_height":{"unit":"em","size":1.7,"sizes":[]},"content_padding_pst":{"unit":"px","top":"13","right":"30","bottom":"0","left":"0","isLinked":false},"grid_style":"style_2"},"elements":[],"isInner":false,"widgetType":"houzez_elementor_blog_posts","elType":"widget"}],"isInner":true,"elType":"column"}],"isInner":true,"elType":"section"}],"isInner":false,"elType":"column"}],"isInner":false,"elType":"section"},{"id":"dbd9377","settings":{"layout":"full_width","background_color":"#E2E7F6","background_color_b":"#E6EBF080","background_gradient_angle":{"unit":"deg","size":0,"sizes":[]},"padding":{"unit":"%","top":"6","right":"0","bottom":"2","left":"0","isLinked":false},"padding_tablet":{"unit":"%","top":"","right":"","bottom":"","left":"","isLinked":true},"padding_mobile":{"unit":"%","top":"","right":"","bottom":"","left":"","isLinked":true},"background_background":"classic","background_image":{"url":"","id":"","size":"","alt":"","source":"library"},"background_position":"center center","background_attachment":"fixed","background_repeat":"no-repeat","background_size":"cover","background_overlay_color":"#FFFFFF","background_overlay_color_stop":{"unit":"%","size":77,"sizes":[]},"background_overlay_color_b":"#0038B8","background_overlay_color_b_stop":{"unit":"%","size":0,"sizes":[]},"background_overlay_gradient_angle":{"unit":"deg","size":125,"sizes":[]},"background_overlay_opacity":{"unit":"px","size":1,"sizes":[]},"border_border":"solid","border_width":{"unit":"px","top":"0","right":"0","bottom":"1","left":"0","isLinked":false},"border_color":"#C9D2ED","shape_divider_top":"mountains","shape_divider_top_height":{"unit":"px","size":67,"sizes":[]}},"elements":[{"id":"2b63c869","settings":{"_column_size":100,"_inline_size":null},"elements":[{"id":"2a0ab433","settings":{"content_width":{"unit":"px","size":1320,"sizes":[]},"animation":"fadeIn","content_position":"middle","structure":"20"},"elements":[{"id":"6f7baa7","settings":{"_column_size":50,"_inline_size":null,"space_between_widgets":0,"_inline_size_tablet":100},"elements":[{"id":"53f35227","settings":{"width":{"unit":"px","size":150,"sizes":[]},"align":"right","look":"line_text","text":"\u05e9\u05de\u05d5\u05e8 \u05e2\u05dc \u05e7\u05e9\u05e8","color":"#0038B8","gap":{"unit":"px","size":10,"sizes":[]},"text_color":"#0038B8","text_align":"right","width_tablet":{"unit":"px","size":"","sizes":[]},"width_mobile":{"unit":"px","size":"","sizes":[]}},"elements":[],"isInner":false,"widgetType":"divider","elType":"widget"},{"id":"3d248c6b","settings":{"title":"\u05d4\u05e8\u05e9\u05de\u05d4 \u05dc\u05e0\u05d9\u05d5\u05d6\u05dc\u05d8\u05e8","typography_typography":"custom","typography_font_size":{"unit":"px","size":34,"sizes":[]},"typography_line_height":{"unit":"em","size":1.1,"sizes":[]},"align":"right","typography_font_size_tablet":{"unit":"px","size":28,"sizes":[]},"typography_font_size_mobile":{"unit":"px","size":24,"sizes":[]},"_margin":{"unit":"px","top":"0","right":"0","bottom":"20","left":"0","isLinked":false}},"elements":[],"isInner":false,"widgetType":"heading","elType":"widget"}],"isInner":true,"elType":"column"},{"id":"507b2124","settings":{"_column_size":50,"_inline_size":null,"_inline_size_tablet":100},"elements":[{"id":"6c222e3b","settings":{"form_name":"New Form","form_fields":[{"_id":"email","field_type":"email","required":"true","field_label":"Email","placeholder":"\u05d4\u05db\u05e0\u05e1 \u05d0\u05ea \u05d4\u05d0\u05d9\u05de\u05d9\u05d9\u05dc \u05e9\u05dc\u05da","width":"75"}],"input_size":"lg","show_labels":"","button_text":"\u05dc\u05b0\u05d4\u05b7\u05d2\u05b4\u05d9\u05e9\u05c1","button_size":"lg","button_width":"25","email_to":"hello@favethemes.com","email_subject":"New message from &quot;Houzez&quot;","row_gap":{"unit":"px","size":0,"sizes":[]},"field_border_radius":{"unit":"px","top":"32","right":"32","bottom":"32","left":"32","isLinked":true},"button_background_color":"#0038B8","button_border_border":"solid","button_border_width":{"unit":"px","top":"1","right":"1","bottom":"1","left":"1","isLinked":true},"button_border_color":"#0038B8","button_border_radius":{"unit":"px","top":"32","right":"32","bottom":"32","left":"32","isLinked":true},"button_background_hover_color":"#004EC4","button_hover_color":"#FFFFFF","button_hover_border_color":"#004EC4","column_gap_mobile":{"unit":"px","size":0,"sizes":[]},"row_gap_mobile":{"unit":"px","size":12,"sizes":[]}},"elements":[],"isInner":false,"widgetType":"houzez_elementor_contact_form","elType":"widget"}],"isInner":true,"elType":"column"}],"isInner":true,"elType":"section"}],"isInner":false,"elType":"column"}],"isInner":false,"elType":"section"}],"page_settings":{"background_color":"#FFFFFF"},"version":"0.4","title":"Homepage 02 - Demo 31","type":"page"}