{"content":[{"id":"22fbc504","settings":{"height":"min-height","background_background":"classic","background_color":"#3F3F3F","custom_height":{"unit":"vh","size":46,"sizes":[]},"custom_height_tablet":{"unit":"vh","size":"","sizes":[]},"custom_height_mobile":{"unit":"vh","size":25,"sizes":[]},"background_image":{"url":"https:\/\/demo24.houzez.co\/wp-content\/uploads\/2022\/03\/about-02.jpg","id":43941,"alt":"","source":"library"},"background_position":"center center","background_repeat":"no-repeat","background_size":"cover","background_overlay_background":"classic","background_overlay_color":"#000000","animation":"fadeIn","animation_duration":"slow","background_overlay_opacity":{"unit":"px","size":0.65,"sizes":[]}},"elements":[{"id":"7f54962d","settings":{"_column_size":100,"_inline_size":null},"elements":[],"isInner":false,"elType":"column"}],"isInner":false,"elType":"section"},{"id":"79ba345b","settings":{"margin":{"unit":"px","top":"-150","right":0,"bottom":"0","left":0,"isLinked":false},"z_index":1},"elements":[{"id":"4141b18a","settings":{"_column_size":100,"_inline_size":null},"elements":[{"id":"6d6faeba","settings":{"structure":"30","reverse_order_mobile":"reverse-mobile"},"elements":[{"id":"645d5e2b","settings":{"_column_size":33,"_inline_size":null},"elements":[{"id":"48e157bf","settings":{"address":"135 Bradley Pl, Palm Beach, FL 33480","zoom":{"unit":"px","size":14,"sizes":[]},"_box_shadow_box_shadow_type":"yes","_box_shadow_box_shadow":{"horizontal":0,"vertical":40,"blur":40,"spread":0,"color":"rgba(0, 0, 0, 0.1)"}},"elements":[],"isInner":false,"widgetType":"google_maps","elType":"widget"},{"id":"1ea8f75e","settings":{"icon_list":[{"_id":"d41f7db","text":"135 Bradley Pl, Palm Beach, FL 33480","selected_icon":{"value":{"url":"https:\/\/demo24.houzez.co\/wp-content\/uploads\/2022\/03\/pin.svg","id":44016},"library":"svg"}},{"text":"(987) 654 3210","selected_icon":{"value":{"url":"https:\/\/demo24.houzez.co\/wp-content\/uploads\/2022\/03\/whatsapp.svg","id":43910},"library":"svg"},"_id":"519e0a7","link":{"url":"tel:9876543210","is_external":"","nofollow":"","custom_attributes":""}},{"text":"adam@email.com","selected_icon":{"value":{"url":"https:\/\/demo24.houzez.co\/wp-content\/uploads\/2022\/03\/email.svg","id":43911},"library":"svg"},"_id":"3ef7db1","link":{"url":"email:adam@email.com","is_external":"","nofollow":"","custom_attributes":""}}],"space_between":{"unit":"px","size":5,"sizes":[]},"icon_size":{"unit":"px","size":20,"sizes":[]},"_animation":"fadeInUp","animation_duration":"slow","_margin_mobile":{"unit":"px","top":"0","right":"0","bottom":"50","left":"0","isLinked":false}},"elements":[],"isInner":false,"widgetType":"icon-list","elType":"widget"}],"isInner":true,"elType":"column"},{"id":"3b052b41","settings":{"_column_size":33,"_inline_size":8.689},"elements":[],"isInner":true,"elType":"column"},{"id":"1fec5e6","settings":{"_column_size":33,"_inline_size":57.643},"elements":[{"id":"7e9f2b3b","settings":{"space":{"unit":"px","size":172,"sizes":[]},"space_mobile":{"unit":"px","size":160,"sizes":[]}},"elements":[],"isInner":false,"widgetType":"spacer","elType":"widget"},{"id":"69ec3e99","settings":{"title":"Contacts","align":"left","typography_typography":"custom","header_size":"div","title_color":"#A89D74","typography_font_size":{"unit":"px","size":14,"sizes":[]},"typography_font_weight":"400","typography_text_transform":"uppercase","typography_letter_spacing":{"unit":"px","size":5,"sizes":[]},"typography_font_family":"Jost","typography_line_height":{"unit":"em","size":1.5,"sizes":[]},"_margin":{"unit":"px","top":"0","right":"0","bottom":"15","left":"0","isLinked":false},"_animation":"fadeInUp","animation_duration":"slow","align_mobile":"center"},"elements":[],"isInner":false,"widgetType":"heading","elType":"widget"},{"id":"3f774105","settings":{"title":"Get in touch","align":"left","typography_typography":"custom","title_color":"#000000","typography_font_size":{"unit":"px","size":30,"sizes":[]},"typography_font_weight":"400","typography_text_transform":"uppercase","typography_letter_spacing":{"unit":"px","size":5,"sizes":[]},"_margin":{"unit":"px","top":"0","right":"0","bottom":"16","left":"0","isLinked":false},"_animation":"fadeInUp","animation_duration":"slow","align_mobile":"center","typography_font_size_mobile":{"unit":"px","size":23,"sizes":[]},"typography_line_height_mobile":{"unit":"em","size":1.5,"sizes":[]}},"elements":[],"isInner":false,"widgetType":"heading","elType":"widget"},{"id":"3c0ecd16","settings":{"editor":"<p>If you have any questions about the post or the blog, please feel free to contact us and we will do our best to answer your questions.<\/p>","text_color":"#393939","_animation":"fadeInUp","animation_duration":"slow","align_mobile":"center"},"elements":[],"isInner":false,"widgetType":"text-editor","elType":"widget"},{"id":"5bd319ae","settings":{"form_name":"New Form","form_fields":[{"_id":"ba74d26","field_type":"user_type","field_label":"Type","placeholder":"Select","field_options":"I want to buy\nI want to sell\n"},{"_id":"name","field_type":"name","field_label":"Name","placeholder":"Name"},{"_id":"email","field_type":"email","required":"true","field_label":"Email","placeholder":"Email","width":"50"},{"field_type":"mobile","field_label":"Phone","placeholder":"Phone","width":"50","_id":"ac2e031"},{"_id":"message","field_type":"message","field_label":"Message","placeholder":"Message"}],"show_labels":"","gdpr_agreement":"yes","gdpr_label":"GDPR Agreement","gdpr_required":"true","gdpr_text":"I consent to having this website store my submitted information","button_text":"Submit","email_to":"hello@favethemes.com","email_subject":"New message from &quot;Houzez - Highly Customizable Real Estate WordPress Theme&quot;","field_typography_typography":"custom","field_gdpr_color":"#7A7A7A","gdpr_typography_typography":"custom","gdpr_typography_font_size":{"unit":"px","size":14,"sizes":[]},"_background_color":"#FFFFFF","con_google_recaptcha":"yes","input_size":"md","button_size":"md","gdpr_typography_font_weight":"500","button_background_color":"#A89D74","button_typography_typography":"custom","button_typography_font_weight":"500","button_background_hover_color":"#000000","_margin_mobile":{"unit":"px","top":"30","right":"0","bottom":"0","left":"0","isLinked":false},"button_typography_text_transform":"uppercase","button_border_radius":{"unit":"px","top":"0","right":"0","bottom":"0","left":"0","isLinked":true}},"elements":[],"isInner":false,"widgetType":"houzez_elementor_contact_form","elType":"widget"},{"id":"78c5dfef","settings":{"space":{"unit":"px","size":35,"sizes":[]}},"elements":[],"isInner":false,"widgetType":"spacer","elType":"widget"}],"isInner":true,"elType":"column"}],"isInner":true,"elType":"section"}],"isInner":false,"elType":"column"}],"isInner":false,"elType":"section"},{"id":"4fcc0630","settings":{"layout":"full_width","gap":"no"},"elements":[{"id":"e3d28fe","settings":{"_column_size":100,"_inline_size":null},"elements":[{"id":"3b99fbce","settings":{"structure":"20","layout":"full_width","height_inner":"min-height","custom_height_inner":{"unit":"px","size":780,"sizes":[]},"content_position":"middle"},"elements":[{"id":"63d5c931","settings":{"_column_size":50,"_inline_size":null,"padding":{"unit":"px","top":"150","right":"150","bottom":"150","left":"150","isLinked":true},"background_color":"#454545","background_background":"classic","padding_tablet":{"unit":"px","top":"50","right":"50","bottom":"50","left":"50","isLinked":true},"background_image":{"url":"https:\/\/demo24.houzez.co\/wp-content\/uploads\/2022\/03\/bg-01.jpg","id":43942,"alt":"","source":"library"},"background_overlay_background":"classic","background_overlay_color":"#000000","background_overlay_opacity":{"unit":"px","size":0.65,"sizes":[]},"background_position_mobile":"center left"},"elements":[{"id":"7befbbd8","settings":{"title":"For Sellers","align":"center","typography_typography":"custom","header_size":"div","title_color":"#FFFFFF","typography_font_size":{"unit":"px","size":14,"sizes":[]},"typography_font_weight":"400","typography_text_transform":"uppercase","typography_letter_spacing":{"unit":"px","size":5,"sizes":[]},"typography_font_family":"Jost","typography_line_height":{"unit":"em","size":1.5,"sizes":[]},"_margin":{"unit":"px","top":"0","right":"0","bottom":"15","left":"0","isLinked":false},"_animation":"fadeInUp","animation_duration":"slow"},"elements":[],"isInner":false,"widgetType":"heading","elType":"widget"},{"id":"5af30a61","settings":{"title":"Are you selling your home?","align":"center","typography_typography":"custom","title_color":"#FFFFFF","typography_font_size":{"unit":"px","size":30,"sizes":[]},"typography_font_weight":"400","typography_text_transform":"uppercase","typography_letter_spacing":{"unit":"px","size":5,"sizes":[]},"_margin":{"unit":"px","top":"0","right":"0","bottom":"16","left":"0","isLinked":false},"typography_line_height":{"unit":"em","size":1.5,"sizes":[]},"_animation":"fadeInUp","animation_duration":"slow","align_mobile":"center","typography_font_size_mobile":{"unit":"px","size":23,"sizes":[]},"typography_line_height_mobile":{"unit":"em","size":1.5,"sizes":[]}},"elements":[],"isInner":false,"widgetType":"heading","elType":"widget"},{"id":"103b70c3","settings":{"text":"Get Estimation","align":"center","typography_typography":"custom","typography_font_size":{"unit":"px","size":13,"sizes":[]},"typography_text_transform":"uppercase","typography_line_height":{"unit":"em","size":1.5,"sizes":[]},"typography_letter_spacing":{"unit":"px","size":5,"sizes":[]},"background_color":"#FFFFFF00","hover_color":"#000000","button_background_hover_color":"#FFFFFF","border_border":"solid","border_width":{"unit":"px","top":"1","right":"1","bottom":"1","left":"1","isLinked":true},"border_radius":{"unit":"px","top":"0","right":"0","bottom":"0","left":"0","isLinked":true},"_margin":{"unit":"px","top":"10","right":"0","bottom":"0","left":"0","isLinked":false},"typography_font_family":"Jost","typography_font_weight":"400","_animation":"fadeInUp","animation_duration":"slow","link":{"url":"https:\/\/demo24.houzez.co\/how-much-is-my-home-worth\/","is_external":"","nofollow":"","custom_attributes":""}},"elements":[],"isInner":false,"widgetType":"button","elType":"widget"}],"isInner":true,"elType":"column"},{"id":"6c8290e4","settings":{"_column_size":50,"_inline_size":null,"padding":{"unit":"px","top":"150","right":"150","bottom":"150","left":"150","isLinked":true},"background_color":"#454545","background_background":"classic","padding_tablet":{"unit":"px","top":"50","right":"50","bottom":"50","left":"50","isLinked":true},"background_image":{"url":"https:\/\/demo24.houzez.co\/wp-content\/uploads\/2022\/03\/bg-03.jpg","id":43944,"alt":"","source":"library"},"background_overlay_background":"classic","background_overlay_color":"#000000","background_overlay_opacity":{"unit":"px","size":0.65,"sizes":[]},"background_position_mobile":"center left"},"elements":[{"id":"29817c2d","settings":{"title":"For Buyers","align":"center","typography_typography":"custom","header_size":"div","title_color":"#FFFFFF","typography_font_size":{"unit":"px","size":14,"sizes":[]},"typography_font_weight":"400","typography_text_transform":"uppercase","typography_letter_spacing":{"unit":"px","size":5,"sizes":[]},"typography_font_family":"Jost","typography_line_height":{"unit":"em","size":1.5,"sizes":[]},"_margin":{"unit":"px","top":"0","right":"0","bottom":"15","left":"0","isLinked":false},"_animation":"fadeInUp","animation_duration":"slow"},"elements":[],"isInner":false,"widgetType":"heading","elType":"widget"},{"id":"401e352c","settings":{"title":"Do you want to buy a home?","align":"center","typography_typography":"custom","title_color":"#FFFFFF","typography_font_size":{"unit":"px","size":30,"sizes":[]},"typography_font_weight":"400","typography_text_transform":"uppercase","typography_letter_spacing":{"unit":"px","size":5,"sizes":[]},"_margin":{"unit":"px","top":"0","right":"0","bottom":"16","left":"0","isLinked":false},"typography_line_height":{"unit":"em","size":1.5,"sizes":[]},"_animation":"fadeInUp","animation_duration":"slow","align_mobile":"center","typography_font_size_mobile":{"unit":"px","size":23,"sizes":[]},"typography_line_height_mobile":{"unit":"em","size":1.5,"sizes":[]}},"elements":[],"isInner":false,"widgetType":"heading","elType":"widget"},{"id":"455bb33a","settings":{"text":"Explore listings","align":"center","typography_typography":"custom","typography_font_size":{"unit":"px","size":13,"sizes":[]},"typography_text_transform":"uppercase","typography_line_height":{"unit":"em","size":1.5,"sizes":[]},"typography_letter_spacing":{"unit":"px","size":5,"sizes":[]},"background_color":"#FFFFFF00","hover_color":"#000000","button_background_hover_color":"#FFFFFF","border_border":"solid","border_width":{"unit":"px","top":"1","right":"1","bottom":"1","left":"1","isLinked":true},"border_radius":{"unit":"px","top":"0","right":"0","bottom":"0","left":"0","isLinked":true},"_margin":{"unit":"px","top":"10","right":"0","bottom":"0","left":"0","isLinked":false},"typography_font_family":"Jost","typography_font_weight":"400","_animation":"fadeInUp","animation_duration":"slow","link":{"url":"https:\/\/demo24.houzez.co\/mls-search\/","is_external":"","nofollow":"","custom_attributes":""}},"elements":[],"isInner":false,"widgetType":"button","elType":"widget"}],"isInner":true,"elType":"column"}],"isInner":true,"elType":"section"}],"isInner":false,"elType":"column"}],"isInner":false,"elType":"section"}],"page_settings":{"background_color":"#FFFFFF"},"version":"0.4","title":"Demo 24 - Contact","type":"page"}