{"content":[{"id":"3364a2d3","settings":{"layout":"full_width","gap":"no","background_background":"classic","background_color":"#838383","padding":{"unit":"px","top":"0","right":"15","bottom":"0","left":"15","isLinked":false},"height":"min-height","custom_height":{"unit":"px","size":1070,"sizes":[]},"background_image":{"url":"https:\/\/demo24.houzez.co\/wp-content\/uploads\/2022\/03\/estimation.jpg","id":44068,"alt":"","source":"library"},"background_position":"center center","background_size":"cover","background_overlay_color":"#000000","background_overlay_color_b":"#000000","background_overlay_gradient_angle":{"unit":"deg","size":340,"sizes":[]},"background_overlay_opacity":{"unit":"px","size":0.6,"sizes":[]},"shape_divider_bottom_width":{"unit":"%","size":100,"sizes":[]},"shape_divider_bottom_height":{"unit":"px","size":75,"sizes":[]},"shape_divider_bottom_negative":"yes","background_overlay_background":"classic","shape_divider_bottom_flip":"yes","shape_divider_bottom":"triangle","custom_height_tablet":{"unit":"vh","size":100,"sizes":[]},"custom_height_mobile":{"unit":"vh","size":"","sizes":[]},"padding_tablet":{"unit":"px","top":"100","right":"100","bottom":"100","left":"100","isLinked":false},"padding_mobile":{"unit":"px","top":"70","right":"20","bottom":"20","left":"20","isLinked":false}},"elements":[{"id":"5e171d17","settings":{"_column_size":100,"_inline_size":null},"elements":[{"id":"54fe48db","settings":{"content_width":{"unit":"px","size":1300,"sizes":[]},"content_position":"middle","structure":"30"},"elements":[{"id":"3cd04c29","settings":{"_column_size":33,"_inline_size":41.651,"_inline_size_tablet":100},"elements":[{"id":"2987d630","settings":{"title":"How Much Is My House Worth?\u200b","title_color":"#FFFFFF","typography_typography":"custom","typography_font_size":{"unit":"px","size":30,"sizes":[]},"typography_line_height":{"unit":"em","size":1.5,"sizes":[]},"header_size":"h1","typography_letter_spacing":{"unit":"px","size":5,"sizes":[]},"align":"left","typography_font_size_mobile":{"unit":"px","size":23,"sizes":[]},"typography_line_height_mobile":{"unit":"em","size":1.5,"sizes":[]},"align_mobile":"center","typography_font_weight":"400","typography_text_transform":"uppercase","_margin":{"unit":"px","top":"0","right":"0","bottom":"16","left":"0","isLinked":false},"_animation":"fadeInUp","animation_duration":"slow"},"elements":[],"isInner":false,"widgetType":"heading","elType":"widget"},{"id":"3a5b77fd","settings":{"editor":"<p>Our team of experts can help you sell your house. Get a free estimate on house value and learn more about selling your home.<\/p>","align":"left","typography_typography":"custom","typography_font_size":{"unit":"px","size":20,"sizes":[]},"typography_line_height":{"unit":"em","size":1.5,"sizes":[]},"text_color":"#FFFFFF","typography_font_size_tablet":{"unit":"px","size":18,"sizes":[]},"align_mobile":"center","_animation":"fadeInUp","animation_duration":"slow"},"elements":[],"isInner":false,"widgetType":"text-editor","elType":"widget"}],"isInner":true,"elType":"column"},{"id":"73941ff5","settings":{"_column_size":33,"_inline_size":12.987,"_inline_size_tablet":100},"elements":[],"isInner":true,"elType":"column"},{"id":"6498ca44","settings":{"_column_size":33,"_inline_size":45,"space_between_widgets":0,"background_background":"classic","background_color":"#FFFFFF","padding":{"unit":"px","top":"50","right":"50","bottom":"20","left":"50","isLinked":false},"_inline_size_tablet":100,"padding_mobile":{"unit":"px","top":"30","right":"30","bottom":"0","left":"30","isLinked":false}},"elements":[{"id":"26f3ed84","settings":{"title":"Get your home estimation","title_color":"#000000","typography_typography":"custom","typography_font_size":{"unit":"px","size":24,"sizes":[]},"typography_line_height":{"unit":"em","size":1.5,"sizes":[]},"align":"left","typography_letter_spacing":{"unit":"px","size":3,"sizes":[]},"_margin":{"unit":"px","top":"0","right":"0","bottom":"10","left":"0","isLinked":false},"align_mobile":"center","typography_text_transform":"uppercase"},"elements":[],"isInner":false,"widgetType":"heading","elType":"widget"},{"id":"4e51b589","settings":{"editor":"<p>This form is easy to use and can be customized to work with Houzez CRM.<\/p>","align":"left","typography_typography":"custom","typography_font_size":{"unit":"px","size":18,"sizes":[]},"typography_line_height":{"unit":"em","size":1.5,"sizes":[]},"text_color":"#2F2F2F","align_mobile":"center"},"elements":[],"isInner":false,"widgetType":"text-editor","elType":"widget"},{"id":"21eac1a8","settings":{"form_name":"New Form","form_fields":[{"field_type":"enquiry_type","field_label":"Inquiry Type","placeholder":"Select","required":"true","_id":"ba6c34c"},{"field_type":"user_type","field_label":"Information","placeholder":"I'm a ","required":"true","field_options":"I'm a real estate agent\nI'm a property owner","_id":"b7fe77d"},{"field_type":"first_name","placeholder":"First Name","required":"true","width":"50","_id":"cc6b92f"},{"field_type":"last_name","placeholder":"Last Name","width":"50","_id":"3cc124e"},{"field_type":"email","placeholder":"Email Address","required":"true","width":"50","_id":"932d82c"},{"field_type":"e_meta[zipcode]","placeholder":"Zip Code","required":"true","width":"50","_id":"304b68f"}],"input_size":"md","button_text":"Submit","button_size":"md","email_to":"hello@favethemes.com","email_subject":"New message from &quot;Houzez 01&quot;","_background_color":"#FFFFFF","gdpr_agreement":"yes","gdpr_label":"GDPR Agreement","gdpr_text":"I consent to having this website store my submitted information","gdpr_required":"true","con_google_recaptcha":"yes","label_spacing":{"unit":"px","size":10,"sizes":[]},"field_typography_typography":"custom","field_gdpr_color":"#7A7A7A","gdpr_typography_typography":"custom","gdpr_typography_font_size":{"unit":"px","size":14,"sizes":[]},"gdpr_typography_font_weight":"500","button_background_color":"#A89D74","button_typography_typography":"custom","button_typography_font_weight":"bold","button_background_hover_color":"#000000","_margin_mobile":{"unit":"px","top":"30","right":"0","bottom":"0","left":"0","isLinked":false},"_padding":{"unit":"px","top":"0","right":"0","bottom":"0","left":"0","isLinked":true},"_background_background":"classic"},"elements":[],"isInner":false,"widgetType":"houzez_elementor_inquiry_form","elType":"widget"}],"isInner":true,"elType":"column"}],"isInner":true,"elType":"section"}],"isInner":false,"elType":"column"}],"isInner":false,"elType":"section"},{"id":"4e08662c","settings":{"layout":"full_width","background_background":"classic","background_color":"#FFFFFF"},"elements":[{"id":"5f64b3cb","settings":{"_column_size":100,"_inline_size":null},"elements":[{"id":"488827a1","settings":{"height":{"unit":"px","size":25,"sizes":[]},"height_mobile":{"unit":"px","size":10,"sizes":[]}},"elements":[],"isInner":false,"widgetType":"houzez_elementor_space","elType":"widget"},{"id":"2a92f129","settings":{"content_width":{"unit":"px","size":708,"sizes":[]}},"elements":[{"id":"70f3ac7f","settings":{"_column_size":100,"_inline_size":null},"elements":[{"id":"6238c355","settings":{"title":"Free report","align":"center","typography_typography":"custom","header_size":"div","title_color":"#A89D74","typography_font_size":{"unit":"px","size":14,"sizes":[]},"typography_font_weight":"400","typography_text_transform":"uppercase","typography_letter_spacing":{"unit":"px","size":5,"sizes":[]},"typography_font_family":"Jost","typography_line_height":{"unit":"em","size":1.5,"sizes":[]},"_margin":{"unit":"px","top":"0","right":"0","bottom":"15","left":"0","isLinked":false},"_animation":"fadeInUp","animation_duration":"slow"},"elements":[],"isInner":false,"widgetType":"heading","elType":"widget"},{"id":"158de93b","settings":{"title":"Get a free property report for local insights","title_color":"#000000","typography_typography":"custom","typography_font_size":{"unit":"px","size":30,"sizes":[]},"typography_line_height":{"unit":"em","size":1.5,"sizes":[]},"header_size":"h1","typography_letter_spacing":{"unit":"px","size":5,"sizes":[]},"align":"center","align_mobile":"center","typography_font_size_mobile":{"unit":"px","size":23,"sizes":[]},"typography_font_weight":"400","typography_text_transform":"uppercase","typography_line_height_mobile":{"unit":"em","size":1.5,"sizes":[]},"_margin":{"unit":"px","top":"0","right":"0","bottom":"16","left":"0","isLinked":false},"_animation":"fadeInUp","animation_duration":"slow"},"elements":[],"isInner":false,"widgetType":"heading","elType":"widget"},{"id":"66ee2cb7","settings":[],"elements":[],"isInner":false,"widgetType":"spacer","elType":"widget"}],"isInner":true,"elType":"column"}],"isInner":true,"elType":"section"},{"id":"69f83afb","settings":{"structure":"30","gap":"wider","content_width":{"unit":"px","size":1015,"sizes":[]},"gap_columns_custom":{"unit":"px","size":407,"sizes":[]},"animation":"fadeIn","animation_duration":"slow"},"elements":[{"id":"7843b63b","settings":{"_column_size":33,"_inline_size":null},"elements":[{"id":"169fccad","settings":{"selected_icon":{"value":{"url":"https:\/\/demo24.houzez.co\/wp-content\/uploads\/2022\/03\/market.svg","id":44072},"library":"svg"},"title_text":"Market conditions","description_text":"Our analysts provide market trends to help you be the expert in your own home.","text_align":"center","title_bottom_space":{"unit":"px","size":17,"sizes":[]},"title_color":"#000000","title_typography_typography":"custom","title_typography_font_size":{"unit":"px","size":22,"sizes":[]},"title_typography_letter_spacing":{"unit":"px","size":3,"sizes":[]},"description_color":"#2F2F2F","description_typography_typography":"custom","_margin":{"unit":"px","top":"0","right":"0","bottom":"10","left":"0","isLinked":false},"title_typography_text_transform":"uppercase","description_typography_font_size":{"unit":"px","size":16,"sizes":[]}},"elements":[],"isInner":false,"widgetType":"icon-box","elType":"widget"}],"isInner":true,"elType":"column"},{"id":"2e7fcfd7","settings":{"_column_size":33,"_inline_size":null},"elements":[{"id":"48ba2b97","settings":{"selected_icon":{"value":{"url":"https:\/\/demo24.houzez.co\/wp-content\/uploads\/2022\/03\/sold-1.svg","id":44073},"library":"svg"},"title_text":"Recently Sold","description_text":"Find expert opinion on homes recently sold to help make decisions on your purchase.","text_align":"center","title_bottom_space":{"unit":"px","size":17,"sizes":[]},"title_color":"#000000","title_typography_typography":"custom","title_typography_font_size":{"unit":"px","size":22,"sizes":[]},"title_typography_letter_spacing":{"unit":"px","size":3,"sizes":[]},"description_color":"#2F2F2F","description_typography_typography":"custom","_margin":{"unit":"px","top":"0","right":"0","bottom":"10","left":"0","isLinked":false},"title_typography_text_transform":"uppercase","description_typography_font_size":{"unit":"px","size":16,"sizes":[]}},"elements":[],"isInner":false,"widgetType":"icon-box","elType":"widget"}],"isInner":true,"elType":"column"},{"id":"21d32b3","settings":{"_column_size":33,"_inline_size":null},"elements":[{"id":"2b6450ab","settings":{"selected_icon":{"value":{"url":"https:\/\/demo24.houzez.co\/wp-content\/uploads\/2022\/03\/calendar.svg","id":44070},"library":"svg"},"title_text":"days on market","description_text":"Compare your home to the average home and get the average days on market with our experts.","text_align":"center","title_bottom_space":{"unit":"px","size":17,"sizes":[]},"title_color":"#000000","title_typography_typography":"custom","title_typography_font_size":{"unit":"px","size":22,"sizes":[]},"title_typography_letter_spacing":{"unit":"px","size":3,"sizes":[]},"description_color":"#2F2F2F","description_typography_typography":"custom","_margin":{"unit":"px","top":"0","right":"0","bottom":"10","left":"0","isLinked":false},"title_typography_text_transform":"uppercase","description_typography_font_size":{"unit":"px","size":16,"sizes":[]}},"elements":[],"isInner":false,"widgetType":"icon-box","elType":"widget"}],"isInner":true,"elType":"column"}],"isInner":true,"elType":"section"},{"id":"254505ca","settings":{"height":{"unit":"px","size":50,"sizes":[]}},"elements":[],"isInner":false,"widgetType":"houzez_elementor_space","elType":"widget"}],"isInner":false,"elType":"column"}],"isInner":false,"elType":"section"},{"id":"24d43821","settings":{"background_color":"#FFFFFF","background_background":"classic","content_width":{"unit":"px","size":693,"sizes":[]}},"elements":[{"id":"5ad0fc67","settings":{"_column_size":100,"_inline_size":null},"elements":[{"id":"431627e3","settings":{"style":"curved","width":{"unit":"px","size":59,"sizes":[]},"width_tablet":{"unit":"px","size":"","sizes":[]},"width_mobile":{"unit":"px","size":"","sizes":[]},"align":"center","text":"Divider","color":"#A89D74","weight":{"unit":"px","size":4.7,"sizes":[]},"pattern_height":{"unit":"px","size":31.4,"sizes":[]},"pattern_size":{"unit":"px","size":29.3,"sizes":[]},"gap":{"unit":"px","size":12,"sizes":[]},"_animation":"fadeInUp","animation_duration":"slow"},"elements":[],"isInner":false,"widgetType":"divider","elType":"widget"},{"id":"256d3fec","settings":{"height":{"unit":"px","size":30,"sizes":[]},"height_mobile":{"unit":"px","size":10,"sizes":[]}},"elements":[],"isInner":false,"widgetType":"houzez_elementor_space","elType":"widget"},{"id":"4c36caf6","settings":{"content_width":{"unit":"px","size":988,"sizes":[]},"layout":"full_width"},"elements":[{"id":"7560380f","settings":{"_column_size":100,"_inline_size":null},"elements":[{"id":"7a8cf6ee","settings":{"title":"Here are the most frequently asked questions about selling your home","title_color":"#000000","typography_typography":"custom","typography_font_size":{"unit":"px","size":30,"sizes":[]},"typography_line_height":{"unit":"em","size":1.5,"sizes":[]},"header_size":"h1","typography_letter_spacing":{"unit":"px","size":5,"sizes":[]},"align":"center","align_mobile":"center","typography_font_size_mobile":{"unit":"px","size":23,"sizes":[]},"typography_font_weight":"400","typography_text_transform":"uppercase","typography_line_height_mobile":{"unit":"em","size":1.5,"sizes":[]},"_margin":{"unit":"px","top":"0","right":"0","bottom":"16","left":"0","isLinked":false},"_animation":"fadeInUp","animation_duration":"slow"},"elements":[],"isInner":false,"widgetType":"heading","elType":"widget"},{"id":"20dc89bd","settings":{"space":{"unit":"px","size":30,"sizes":[]}},"elements":[],"isInner":false,"widgetType":"spacer","elType":"widget"}],"isInner":true,"elType":"column"}],"isInner":true,"elType":"section"},{"id":"605f49fd","settings":{"gap":"extended","layout":"full_width","content_width":{"unit":"px","size":988,"sizes":[]},"animation":"fadeIn","animation_duration":"slow"},"elements":[{"id":"1c38e84f","settings":{"_column_size":100,"_inline_size":null},"elements":[{"id":"ef75e51","settings":{"align":"left","text":"Divider","color":"#C8C8C8","gap":{"unit":"px","size":2,"sizes":[]}},"elements":[],"isInner":false,"widgetType":"divider","elType":"widget"},{"id":"27580fba","settings":{"tabs":[{"tab_title":"Do I have a good chance of selling my house?","tab_content":"<p>Lorem ipsum dolor sit amet, consectetur adipiscing elit. Integer ut libero non lacus tincidunt pulvinar. Aliquam quam diam, tempor ut sapien id, tristique pulvinar turpis. In placerat a nisl et dapibus. Vestibulum convallis, lacus id aliquam rutrum, nibh elit sagittis tortor, sit amet luctus metus nulla eget tellus. Vivamus aliquam sollicitudin tristique. Etiam ultricies elit in egestas convallis. Aliquam vel lectus quam. Vivamus pharetra quam in mi posuere, quis venenatis felis semper. Sed ultrices eget elit quis tempus. Donec auctor nisl est, ac ultrices elit bibendum nec.<\/p>","_id":"6bc3efb"},{"tab_title":"What information should I provide to buyers?","tab_content":"<p>Lorem ipsum dolor sit amet, consectetur adipiscing elit. Integer ut libero non lacus tincidunt pulvinar. Aliquam quam diam, tempor ut sapien id, tristique pulvinar turpis. In placerat a nisl et dapibus. Vestibulum convallis, lacus id aliquam rutrum, nibh elit sagittis tortor, sit amet luctus metus nulla eget tellus. Vivamus aliquam sollicitudin tristique. Etiam ultricies elit in egestas convallis. Aliquam vel lectus quam. Vivamus pharetra quam in mi posuere, quis venenatis felis semper. Sed ultrices eget elit quis tempus. Donec auctor nisl est, ac ultrices elit bibendum nec.<\/p>","_id":"abb28f8"},{"tab_title":"How much does a home inspection cost?","tab_content":"<p>Lorem ipsum dolor sit amet, consectetur adipiscing elit. Integer ut libero non lacus tincidunt pulvinar. Aliquam quam diam, tempor ut sapien id, tristique pulvinar turpis. In placerat a nisl et dapibus. Vestibulum convallis, lacus id aliquam rutrum, nibh elit sagittis tortor, sit amet luctus metus nulla eget tellus. Vivamus aliquam sollicitudin tristique. Etiam ultricies elit in egestas convallis. Aliquam vel lectus quam. Vivamus pharetra quam in mi posuere, quis venenatis felis semper. Sed ultrices eget elit quis tempus. Donec auctor nisl est, ac ultrices elit bibendum nec.<\/p>","_id":"9bc7ebd"}],"border_width":{"unit":"px","size":1,"sizes":[]},"space_between":{"unit":"px","size":15,"sizes":[]},"title_typography_typography":"custom","title_typography_font_size":{"unit":"px","size":18,"sizes":[]},"title_padding":{"unit":"px","top":"20","right":"0","bottom":"40","left":"0","isLinked":false},"icon_color":"#A89D74","icon_space":{"unit":"px","size":10,"sizes":[]},"title_typography_line_height_mobile":{"unit":"em","size":1.5,"sizes":[]},"icon_space_mobile":{"unit":"px","size":0,"sizes":[]}},"elements":[],"isInner":false,"widgetType":"toggle","elType":"widget"}],"isInner":true,"elType":"column"}],"isInner":true,"elType":"section"},{"id":"23ec1f20","settings":[],"elements":[],"isInner":false,"widgetType":"spacer","elType":"widget"}],"isInner":false,"elType":"column"}],"isInner":false,"elType":"section"}],"page_settings":[],"version":"0.4","title":"Demo 24 - Home Estimation","type":"page"}