{"content":[{"id":"7bb32e2d","settings":{"height":"min-height","background_background":"slideshow","background_color":"#3F3F3F","custom_height":{"unit":"vh","size":100,"sizes":[]},"custom_height_tablet":{"unit":"vh","size":"","sizes":[]},"custom_height_mobile":{"unit":"vh","size":100,"sizes":[]},"background_image":{"url":"https:\/\/demo24.houzez.co\/wp-content\/uploads\/2022\/03\/home-01.jpg","id":43963,"alt":"","source":"library"},"background_position":"center center","background_repeat":"no-repeat","background_size":"cover","background_slideshow_gallery":[{"id":43970,"url":"https:\/\/demo24.houzez.co\/wp-content\/uploads\/2022\/03\/home-04.jpg"},{"id":43963,"url":"https:\/\/demo24.houzez.co\/wp-content\/uploads\/2022\/03\/home-01.jpg"},{"id":43974,"url":"https:\/\/demo24.houzez.co\/wp-content\/uploads\/2022\/03\/home-06.jpg"},{"id":43975,"url":"https:\/\/demo24.houzez.co\/wp-content\/uploads\/2022\/03\/home-05.jpg"}],"background_slideshow_ken_burns":"yes","background_overlay_background":"classic","background_overlay_color":"#000000","background_overlay_opacity":{"unit":"px","size":0.65,"sizes":[]}},"elements":[{"id":"19c1e51a","settings":{"_column_size":100,"_inline_size":null},"elements":[{"id":"440ba516","settings":[],"elements":[{"id":"20cf637e","settings":{"_column_size":100,"_inline_size":null},"elements":[{"id":"a5c1891","settings":{"style":"curved","width":{"unit":"px","size":59,"sizes":[]},"width_tablet":{"unit":"px","size":"","sizes":[]},"width_mobile":{"unit":"px","size":"","sizes":[]},"align":"center","text":"Divider","color":"#A89D74","weight":{"unit":"px","size":4.7,"sizes":[]},"pattern_height":{"unit":"px","size":31.4,"sizes":[]},"pattern_size":{"unit":"px","size":29.3,"sizes":[]},"gap":{"unit":"px","size":12,"sizes":[]},"_animation":"fadeInDown","animation_duration":"slow"},"elements":[],"isInner":false,"widgetType":"divider","elType":"widget"},{"id":"5117b3bd","settings":{"title":"Welcome to","align":"center","typography_typography":"custom","header_size":"div","title_color":"#FFFFFF","typography_font_size":{"unit":"px","size":13,"sizes":[]},"typography_font_weight":"400","typography_text_transform":"uppercase","typography_letter_spacing":{"unit":"px","size":5,"sizes":[]},"typography_font_family":"Jost","typography_line_height":{"unit":"em","size":1.5,"sizes":[]},"_animation":"fadeInDown","animation_duration":"slow","_margin_mobile":{"unit":"px","top":"0","right":"0","bottom":"05","left":"0","isLinked":false}},"elements":[],"isInner":false,"widgetType":"heading","elType":"widget"},{"id":"5d493491","settings":{"title":"Adam WaiNey","align":"center","typography_typography":"custom","header_size":"h1","title_color":"#FFFFFF","typography_font_size":{"unit":"px","size":60,"sizes":[]},"typography_text_transform":"uppercase","typography_letter_spacing":{"unit":"px","size":10,"sizes":[]},"typography_font_family":"Jost","typography_font_weight":"300","_animation":"fadeInUp","typography_font_size_tablet":{"unit":"px","size":40,"sizes":[]},"typography_font_size_mobile":{"unit":"px","size":30,"sizes":[]},"typography_letter_spacing_mobile":{"unit":"px","size":9,"sizes":[]}},"elements":[],"isInner":false,"widgetType":"heading","elType":"widget"},{"id":"373c3f2d","settings":{"title":"Real Estate Broker in South Florida","header_size":"p","align":"center","title_color":"#FFFFFF","typography_typography":"custom","typography_font_family":"Baskervville","typography_font_size":{"unit":"px","size":24,"sizes":[]},"typography_font_weight":"300","typography_font_style":"italic","typography_letter_spacing":{"unit":"px","size":1,"sizes":[]},"_animation":"fadeInUp","animation_duration":"slow","typography_font_size_tablet":{"unit":"px","size":18,"sizes":[]},"typography_font_size_mobile":{"unit":"px","size":20,"sizes":[]},"typography_line_height_mobile":{"unit":"em","size":1.5,"sizes":[]},"typography_letter_spacing_mobile":{"unit":"px","size":3,"sizes":[]}},"elements":[],"isInner":false,"widgetType":"heading","elType":"widget"},{"id":"3b6482cf","settings":{"text":"View all listings","align":"center","typography_typography":"custom","typography_font_size":{"unit":"px","size":13,"sizes":[]},"typography_text_transform":"uppercase","typography_line_height":{"unit":"em","size":1.5,"sizes":[]},"typography_letter_spacing":{"unit":"px","size":5,"sizes":[]},"background_color":"#FFFFFF00","hover_color":"#000000","button_background_hover_color":"#FFFFFF","border_border":"solid","border_width":{"unit":"px","top":"1","right":"1","bottom":"1","left":"1","isLinked":true},"border_radius":{"unit":"px","top":"0","right":"0","bottom":"0","left":"0","isLinked":true},"_margin":{"unit":"px","top":"10","right":"0","bottom":"0","left":"0","isLinked":false},"typography_font_family":"Jost","typography_font_weight":"400","_animation":"fadeIn","animation_duration":"slow","_animation_delay":1000,"link":{"url":"https:\/\/demo24.houzez.co\/mls-search\/","is_external":"","nofollow":"","custom_attributes":""}},"elements":[],"isInner":false,"widgetType":"button","elType":"widget"}],"isInner":true,"elType":"column"}],"isInner":true,"elType":"section"}],"isInner":false,"elType":"column"}],"isInner":false,"elType":"section"},{"id":"338f5f0d","settings":{"layout":"full_width","gap":"no"},"elements":[{"id":"3ff396e","settings":{"_column_size":100,"_inline_size":null},"elements":[{"id":"3804df11","settings":{"structure":"22","layout":"full_width"},"elements":[{"id":"42118080","settings":{"_column_size":66,"_inline_size":null,"padding":{"unit":"px","top":"150","right":"150","bottom":"150","left":"150","isLinked":true},"background_color":"#FFFFFF","padding_tablet":{"unit":"px","top":"50","right":"50","bottom":"50","left":"50","isLinked":true},"padding_mobile":{"unit":"px","top":"30","right":"30","bottom":"30","left":"30","isLinked":true}},"elements":[{"id":"70ad27f2","settings":{"title":"About","align":"left","typography_typography":"custom","header_size":"div","title_color":"#A89D74","typography_font_size":{"unit":"px","size":14,"sizes":[]},"typography_font_weight":"400","typography_text_transform":"uppercase","typography_letter_spacing":{"unit":"px","size":5,"sizes":[]},"typography_font_family":"Jost","typography_line_height":{"unit":"em","size":1.5,"sizes":[]},"_margin":{"unit":"px","top":"0","right":"0","bottom":"15","left":"0","isLinked":false},"_animation":"fadeInLeft","animation_duration":"slow","align_mobile":"center"},"elements":[],"isInner":false,"widgetType":"heading","elType":"widget"},{"id":"186e54f9","settings":{"title":"Adam Wainey","align":"left","typography_typography":"custom","title_color":"#000000","typography_font_size":{"unit":"px","size":30,"sizes":[]},"typography_font_weight":"400","typography_text_transform":"uppercase","typography_letter_spacing":{"unit":"px","size":5,"sizes":[]},"_margin":{"unit":"px","top":"0","right":"0","bottom":"16","left":"0","isLinked":false},"_animation":"fadeInLeft","animation_duration":"slow","align_mobile":"center","typography_font_size_mobile":{"unit":"px","size":23,"sizes":[]},"typography_line_height_mobile":{"unit":"em","size":1.5,"sizes":[]}},"elements":[],"isInner":false,"widgetType":"heading","elType":"widget"},{"id":"7584042","settings":{"editor":"<p>Adam Wainey is a real estate broker located in Palm Beach County and Miami-Dade County. This real estate broker was established back in 2006 with the goal of building a team of like-minded professionals that are committed to delivering the best customer service to all clients.<\/p><p>After 25 years of industry experience, Adam Wainey has learned that it is the relationships he creates with his clients that matter most. He believes that the people you work with make all the difference and he wants to be one of those people for you!<\/p>","text_color":"#393939","_animation":"fadeInLeft","animation_duration":"slow","align_mobile":"center"},"elements":[],"isInner":false,"widgetType":"text-editor","elType":"widget"},{"id":"16933ba1","settings":{"text":"View More","align":"left","typography_typography":"custom","typography_font_size":{"unit":"px","size":13,"sizes":[]},"typography_text_transform":"uppercase","typography_line_height":{"unit":"em","size":1.5,"sizes":[]},"typography_letter_spacing":{"unit":"px","size":5,"sizes":[]},"background_color":"#FFFFFF00","hover_color":"#FFFFFF","button_background_hover_color":"#000000","border_border":"solid","border_width":{"unit":"px","top":"1","right":"1","bottom":"1","left":"1","isLinked":true},"border_radius":{"unit":"px","top":"0","right":"0","bottom":"0","left":"0","isLinked":true},"_margin":{"unit":"px","top":"4","right":"0","bottom":"0","left":"0","isLinked":false},"typography_font_family":"Jost","typography_font_weight":"400","button_text_color":"#000000","border_color":"#000000","_animation":"fadeInLeft","animation_duration":"slow","align_mobile":"center","link":{"url":"https:\/\/demo24.houzez.co\/about\/","is_external":"","nofollow":"","custom_attributes":""}},"elements":[],"isInner":false,"widgetType":"button","elType":"widget"}],"isInner":true,"elType":"column"},{"id":"10139afa","settings":{"_column_size":33,"_inline_size":null,"background_background":"classic","background_color":"#CBCBCB","background_image":{"url":"https:\/\/demo24.houzez.co\/wp-content\/uploads\/2022\/03\/realtor.jpg","id":43919,"alt":"","source":"library"},"background_position":"center center","background_repeat":"no-repeat","background_size":"cover"},"elements":[],"isInner":true,"elType":"column"}],"isInner":true,"elType":"section"}],"isInner":false,"elType":"column"}],"isInner":false,"elType":"section"},{"id":"3846fc94","settings":{"content_width":{"unit":"px","size":1400,"sizes":[]},"background_background":"classic","background_color":"#FFFFFF"},"elements":[{"id":"31bb3ef1","settings":{"_column_size":100,"_inline_size":null},"elements":[{"id":"188e6bbf","settings":{"space":{"unit":"px","size":70,"sizes":[]}},"elements":[],"isInner":false,"widgetType":"spacer","elType":"widget"},{"id":"698b1c19","settings":{"content_width":{"unit":"px","size":865,"sizes":[]}},"elements":[{"id":"7a70c69a","settings":{"_column_size":100,"_inline_size":null},"elements":[{"id":"7031faf3","settings":{"style":"curved","width":{"unit":"px","size":59,"sizes":[]},"width_tablet":{"unit":"px","size":"","sizes":[]},"width_mobile":{"unit":"px","size":"","sizes":[]},"align":"center","text":"Divider","color":"#A89D74","weight":{"unit":"px","size":4.7,"sizes":[]},"pattern_height":{"unit":"px","size":31.4,"sizes":[]},"pattern_size":{"unit":"px","size":29.3,"sizes":[]},"gap":{"unit":"px","size":12,"sizes":[]},"_animation":"fadeInUp","animation_duration":"slow"},"elements":[],"isInner":false,"widgetType":"divider","elType":"widget"},{"id":"369ecaf9","settings":{"title":"Homes in South Florida","align":"center","typography_typography":"custom","title_color":"#000000","typography_font_size":{"unit":"px","size":30,"sizes":[]},"typography_font_weight":"400","typography_text_transform":"uppercase","typography_letter_spacing":{"unit":"px","size":5,"sizes":[]},"_margin":{"unit":"px","top":"0","right":"0","bottom":"10","left":"0","isLinked":false},"_animation":"fadeInUp","animation_duration":"slow","align_mobile":"center","typography_font_size_mobile":{"unit":"px","size":23,"sizes":[]},"typography_line_height_mobile":{"unit":"em","size":1.5,"sizes":[]}},"elements":[],"isInner":false,"widgetType":"heading","elType":"widget"},{"id":"63a6717d","settings":{"editor":"<p>This demo is showing real estate listings by using Houzez IDX\/MLS Sync by Realtyna. <a href=\"https:\/\/demo24.houzez.co\/about-this-demo\/\" target=\"_blank\" rel=\"noopener\">Read more about this demo<\/a><\/p>","text_color":"#5A5A5A","_animation":"fadeInUp","animation_duration":"slow","align_mobile":"center","align":"center","typography_typography":"custom","typography_font_size":{"unit":"px","size":18,"sizes":[]},"typography_font_weight":"400","typography_line_height":{"unit":"em","size":1.7,"sizes":[]},"typography_letter_spacing":{"unit":"px","size":2,"sizes":[]}},"elements":[],"isInner":false,"widgetType":"text-editor","elType":"widget"},{"id":"6669ed9f","settings":{"space":{"unit":"px","size":30,"sizes":[]}},"elements":[],"isInner":false,"widgetType":"spacer","elType":"widget"}],"isInner":true,"elType":"column"}],"isInner":true,"elType":"section"},{"id":"4f532b74","settings":{"layout":"full_width","animation":"fadeIn","animation_duration":"slow"},"elements":[{"id":"4cb9295d","settings":{"_column_size":100,"_inline_size":null},"elements":[{"id":"20b5e34f","settings":{"show_tabs_icon":"","tabs_items":[{"tab_title":"All","_id":"10f19ea","tabs_icon_type":"none","tab_icon_image":{"id":43705,"url":"https:\/\/demo24.houzez.co\/wp-content\/uploads\/2022\/03\/placeholder-20.png"},"property_type":["commercial-sale","residential","residential-lease"]},{"tab_title":"Apollo Beach","_id":"185af0a","property_city":["apollo-beach"],"tab_icon_image":{"id":43706,"url":"https:\/\/demo24.houzez.co\/wp-content\/uploads\/2022\/03\/placeholder-21.png"},"property_type":[],"property_status":[]},{"tab_title":"Bradenton","_id":"02d03a1","property_city":["bradenton"],"tab_icon_image":{"id":43707,"url":"https:\/\/demo24.houzez.co\/wp-content\/uploads\/2022\/03\/placeholder-22.png"},"property_type":[],"property_status":[]},{"_id":"8c02065","tab_title":"Deland","property_city":["deland"],"tab_icon_image":{"id":43708,"url":"https:\/\/demo24.houzez.co\/wp-content\/uploads\/2022\/03\/placeholder-23.png"},"property_type":[]},{"_id":"693094a","tab_title":"Deltona","property_city":["deltona"],"tab_icon_image":{"id":43709,"url":"https:\/\/demo24.houzez.co\/wp-content\/uploads\/2022\/03\/placeholder-24.png"}},{"_id":"7951336","tab_title":"North Port","property_city":["north-port"],"tab_icon_image":{"id":43710,"url":"https:\/\/demo24.houzez.co\/wp-content\/uploads\/2022\/03\/placeholder-25.png"}},{"_id":"6ec1232","tab_title":"Port Charlotte","property_city":["port-charlotte"],"tab_icon_image":{"id":43711,"url":"https:\/\/demo24.houzez.co\/wp-content\/uploads\/2022\/03\/placeholder-26.png"}},{"_id":"5a26083","tab_title":"Punta Gorda","property_city":["punta-gorda"],"tab_icon_image":{"id":43712,"url":"https:\/\/demo24.houzez.co\/wp-content\/uploads\/2022\/03\/placeholder-27.png"}}],"module_type":"grid_4_cols","posts_limit":8,"tab_title_border":"#A89D74","tabs_typography_typography":"custom","tabs_typography_font_size":{"unit":"px","size":14,"sizes":[]},"tabs_typography_text_transform":"uppercase","houzez_tabs_style":"property-nav-tabs-v5","grid_style":"cards-v3","tab_title_color_hover":"#A89D74","tabs_typography_font_weight":"300","hide_compare":"none","hide_favorite":"none","hide_preview":"none","hide_featured_label":"none","hide_status":"none","hide_label":"none","hide_button":"none","hide_author_date":"none","tab_title_color":"#000000","tabs_typography_font_family":"Jost","tabs_typography_letter_spacing":{"unit":"px","size":3,"sizes":[]},"pagination_type":"none","_animation":"fadeIn","animation_duration":"slow","tabs_typography_letter_spacing_tablet":{"unit":"px","size":1,"sizes":[]}},"elements":[],"isInner":false,"widgetType":"houzez_properties_tabs","elType":"widget"},{"id":"6e1d9626","settings":{"space":{"unit":"px","size":20,"sizes":[]}},"elements":[],"isInner":false,"widgetType":"spacer","elType":"widget"},{"id":"67ba9848","settings":{"text":"View all listings","align":"center","size":"md","typography_typography":"custom","typography_font_size":{"unit":"px","size":13,"sizes":[]},"typography_text_transform":"uppercase","typography_line_height":{"unit":"em","size":1.5,"sizes":[]},"typography_letter_spacing":{"unit":"px","size":5,"sizes":[]},"background_color":"#FFFFFF00","hover_color":"#FFFFFF","button_background_hover_color":"#000000","border_border":"solid","border_width":{"unit":"px","top":"1","right":"1","bottom":"1","left":"1","isLinked":true},"border_radius":{"unit":"px","top":"0","right":"0","bottom":"0","left":"0","isLinked":true},"_margin":{"unit":"px","top":"4","right":"0","bottom":"0","left":"0","isLinked":false},"typography_font_family":"Jost","typography_font_weight":"400","button_text_color":"#000000","border_color":"#000000","link":{"url":"https:\/\/demo24.houzez.co\/mls-search\/","is_external":"","nofollow":"","custom_attributes":""}},"elements":[],"isInner":false,"widgetType":"button","elType":"widget"}],"isInner":true,"elType":"column"}],"isInner":true,"elType":"section"},{"id":"5d96508d","settings":{"space":{"unit":"px","size":70,"sizes":[]}},"elements":[],"isInner":false,"widgetType":"spacer","elType":"widget"}],"isInner":false,"elType":"column"}],"isInner":false,"elType":"section"},{"id":"50a30027","settings":{"layout":"full_width","background_color":"#FFFFFF","background_color_b":"#F2295B00","background_background":"classic"},"elements":[{"id":"4acd488","settings":{"_column_size":100,"_inline_size":null},"elements":[{"id":"64924978","settings":{"space":{"unit":"px","size":21,"sizes":[]}},"elements":[],"isInner":false,"widgetType":"spacer","elType":"widget"},{"id":"105fe13","settings":[],"elements":[{"id":"13cab829","settings":{"_column_size":100,"_inline_size":null},"elements":[{"id":"483a9c9b","settings":{"title":"Testimonials","align":"center","typography_typography":"custom","header_size":"div","title_color":"#A89D74","typography_font_size":{"unit":"px","size":14,"sizes":[]},"typography_font_weight":"400","typography_text_transform":"uppercase","typography_letter_spacing":{"unit":"px","size":5,"sizes":[]},"typography_font_family":"Jost","typography_line_height":{"unit":"em","size":1.5,"sizes":[]},"_margin":{"unit":"px","top":"0","right":"0","bottom":"15","left":"0","isLinked":false},"_animation":"fadeInUp","animation_duration":"slow"},"elements":[],"isInner":false,"widgetType":"heading","elType":"widget"},{"id":"15b87b79","settings":{"title":"What customers are saying","align":"center","typography_typography":"custom","title_color":"#000000","typography_font_size":{"unit":"px","size":30,"sizes":[]},"typography_font_weight":"400","typography_text_transform":"uppercase","typography_letter_spacing":{"unit":"px","size":5,"sizes":[]},"_margin":{"unit":"px","top":"0","right":"0","bottom":"16","left":"0","isLinked":false},"_animation":"fadeInUp","animation_duration":"slow","align_mobile":"center","typography_font_size_mobile":{"unit":"px","size":23,"sizes":[]},"typography_line_height_mobile":{"unit":"em","size":1.5,"sizes":[]}},"elements":[],"isInner":false,"widgetType":"heading","elType":"widget"},{"id":"7c3a3d1f","settings":{"space":{"unit":"px","size":10,"sizes":[]}},"elements":[],"isInner":false,"widgetType":"spacer","elType":"widget"}],"isInner":true,"elType":"column"}],"isInner":true,"elType":"section"},{"id":"5f7e3a9e","settings":{"structure":"30","animation":"fadeIn","animation_duration":"slow"},"elements":[{"id":"1dfa8a48","settings":{"_column_size":33,"_inline_size":null},"elements":[{"id":"27b3c7e8","settings":{"testimonial_content":"Lorem ipsum dolor sit amet, consectetur adipiscing elit. Ut elit tellus, luctus nec ullam corper mattis, pulvinar.","testimonial_image":{"id":43547,"url":"https:\/\/demo24.houzez.co\/wp-content\/uploads\/2022\/02\/44.jpg","alt":"","source":"library"},"testimonial_name":"Rita Roy","testimonial_job":"Home buyer","testimonial_alignment":"left","content_typography_typography":"custom","content_typography_font_size":{"unit":"px","size":17,"sizes":[]},"name_typography_typography":"custom","name_typography_font_weight":"bold","job_text_color":"#808080","job_typography_typography":"custom","job_typography_font_size":{"unit":"px","size":15,"sizes":[]},"job_typography_line_height":{"unit":"em","size":1.5,"sizes":[]},"_padding":{"unit":"px","top":"30","right":"30","bottom":"30","left":"30","isLinked":true},"_background_background":"classic","_background_color":"#FFFFFF","_border_width":{"unit":"px","top":"1","right":"1","bottom":"1","left":"1","isLinked":true},"_border_color":"#DDDDDD","_border_radius":{"unit":"px","top":"0","right":"0","bottom":"0","left":"0","isLinked":true},"_padding_tablet":{"unit":"px","top":"20","right":"20","bottom":"20","left":"20","isLinked":true},"_border_border":"solid"},"elements":[],"isInner":false,"widgetType":"testimonial","elType":"widget"}],"isInner":true,"elType":"column"},{"id":"212d3e46","settings":{"_column_size":33,"_inline_size":null},"elements":[{"id":"6d064df3","settings":{"testimonial_content":"Lorem ipsum dolor sit amet, consectetur adipiscing elit. Ut elit tellus, luctus nec ullam corper mattis, pulvinar.","testimonial_image":{"id":43545,"url":"https:\/\/demo24.houzez.co\/wp-content\/uploads\/2022\/02\/64.jpg","alt":"","source":"library"},"testimonial_name":"John Siy","testimonial_job":"Home owner","testimonial_alignment":"left","content_typography_typography":"custom","content_typography_font_size":{"unit":"px","size":17,"sizes":[]},"name_typography_typography":"custom","name_typography_font_weight":"bold","job_text_color":"#808080","job_typography_typography":"custom","job_typography_font_size":{"unit":"px","size":15,"sizes":[]},"job_typography_line_height":{"unit":"em","size":1.5,"sizes":[]},"_padding":{"unit":"px","top":"30","right":"30","bottom":"30","left":"30","isLinked":true},"_background_background":"classic","_background_color":"#FFFFFF","_border_width":{"unit":"px","top":"1","right":"1","bottom":"1","left":"1","isLinked":true},"_border_color":"#DDDDDD","_border_radius":{"unit":"px","top":"0","right":"0","bottom":"0","left":"0","isLinked":true},"_padding_tablet":{"unit":"px","top":"20","right":"20","bottom":"20","left":"20","isLinked":true},"_border_border":"solid"},"elements":[],"isInner":false,"widgetType":"testimonial","elType":"widget"}],"isInner":true,"elType":"column"},{"id":"50d2dd3a","settings":{"_column_size":33,"_inline_size":null},"elements":[{"id":"586add6d","settings":{"testimonial_content":"Lorem ipsum dolor sit amet, consectetur adipiscing elit. Ut elit tellus, luctus nec ullam corper mattis, pulvinar.","testimonial_image":{"id":43546,"url":"https:\/\/demo24.houzez.co\/wp-content\/uploads\/2022\/02\/95.jpg","alt":"","source":"library"},"testimonial_name":"Kalye Moore","testimonial_job":"Home buyer","testimonial_alignment":"left","content_typography_typography":"custom","content_typography_font_size":{"unit":"px","size":17,"sizes":[]},"name_typography_typography":"custom","name_typography_font_weight":"bold","job_text_color":"#808080","job_typography_typography":"custom","job_typography_font_size":{"unit":"px","size":15,"sizes":[]},"job_typography_line_height":{"unit":"em","size":1.5,"sizes":[]},"_padding":{"unit":"px","top":"30","right":"30","bottom":"30","left":"30","isLinked":true},"_background_background":"classic","_background_color":"#FFFFFF","_border_width":{"unit":"px","top":"1","right":"1","bottom":"1","left":"1","isLinked":true},"_border_color":"#DDDDDD","_border_radius":{"unit":"px","top":"0","right":"0","bottom":"0","left":"0","isLinked":true},"_padding_tablet":{"unit":"px","top":"20","right":"20","bottom":"20","left":"20","isLinked":true},"_border_border":"solid"},"elements":[],"isInner":false,"widgetType":"testimonial","elType":"widget"}],"isInner":true,"elType":"column"}],"isInner":true,"elType":"section"}],"isInner":false,"elType":"column"}],"isInner":false,"elType":"section"},{"id":"61b5a503","settings":{"layout":"full_width","background_background":"classic","background_color":"#FFFFFF","background_color_b":"#F2295B00"},"elements":[{"id":"2854b7d0","settings":{"_column_size":100,"_inline_size":null},"elements":[{"id":"7174ea16","settings":{"height":{"unit":"px","size":50,"sizes":[]},"height_mobile":{"unit":"px","size":10,"sizes":[]}},"elements":[],"isInner":false,"widgetType":"houzez_elementor_space","elType":"widget"},{"id":"13dea4bc","settings":[],"elements":[{"id":"28ec2553","settings":{"_column_size":100,"_inline_size":null},"elements":[{"id":"608e72b0","settings":{"title":"Communities","align":"center","typography_typography":"custom","header_size":"div","title_color":"#A89D74","typography_font_size":{"unit":"px","size":14,"sizes":[]},"typography_font_weight":"400","typography_text_transform":"uppercase","typography_letter_spacing":{"unit":"px","size":5,"sizes":[]},"typography_font_family":"Jost","typography_line_height":{"unit":"em","size":1.5,"sizes":[]},"_margin":{"unit":"px","top":"0","right":"0","bottom":"15","left":"0","isLinked":false},"_animation":"fadeInUp","animation_duration":"slow"},"elements":[],"isInner":false,"widgetType":"heading","elType":"widget"},{"id":"23e3bb74","settings":{"title":"Explore the neighborhood\n","align":"center","typography_typography":"custom","title_color":"#000000","typography_font_size":{"unit":"px","size":30,"sizes":[]},"typography_font_weight":"400","typography_text_transform":"uppercase","typography_letter_spacing":{"unit":"px","size":5,"sizes":[]},"_margin":{"unit":"px","top":"0","right":"0","bottom":"16","left":"0","isLinked":false},"_animation":"fadeInUp","animation_duration":"slow","align_mobile":"center","typography_font_size_mobile":{"unit":"px","size":23,"sizes":[]},"typography_line_height_mobile":{"unit":"em","size":1.5,"sizes":[]}},"elements":[],"isInner":false,"widgetType":"heading","elType":"widget"},{"id":"31cd0f59","settings":{"space":{"unit":"px","size":30,"sizes":[]}},"elements":[],"isInner":false,"widgetType":"spacer","elType":"widget"}],"isInner":true,"elType":"column"}],"isInner":true,"elType":"section"},{"id":"40cac72e","settings":{"content_width":{"unit":"px","size":1380,"sizes":[]},"animation":"fadeIn","animation_duration":"slow"},"elements":[{"id":"3c8e438b","settings":{"_column_size":100,"_inline_size":null},"elements":[{"id":"274f19c9","settings":{"houzez_grid_type":"grid_v4","houzez_grid_from":"property_city","property_city":[],"houzez_hide_count":"1","grid_title_typography_typography":"custom","grid_title_typography_font_family":"","grid_title_typography_font_size":{"unit":"px","size":18,"sizes":[]},"grid_title_typography_font_weight":"400","grid_title_typography_letter_spacing":{"unit":"px","size":5,"sizes":[]},"_animation":"none","animation_duration":"slow"},"elements":[],"isInner":false,"widgetType":"houzez_elementor_grids","elType":"widget"}],"isInner":true,"elType":"column"}],"isInner":true,"elType":"section"},{"id":"4c8c257b","settings":{"height":{"unit":"px","size":100,"sizes":[]}},"elements":[],"isInner":false,"widgetType":"houzez_elementor_space","elType":"widget"}],"isInner":false,"elType":"column"}],"isInner":false,"elType":"section"},{"id":"309fed0d","settings":{"background_color":"#FFFFFF","background_color_b":"#F2295B00","content_width":{"unit":"px","size":1380,"sizes":[]}},"elements":[{"id":"2e2b4c5","settings":{"_column_size":100,"_inline_size":null},"elements":[{"id":"2b46bd0d","settings":{"space":{"unit":"px","size":77,"sizes":[]}},"elements":[],"isInner":false,"widgetType":"spacer","elType":"widget"},{"id":"7c2723f3","settings":[],"elements":[{"id":"30fa5da0","settings":{"_column_size":100,"_inline_size":null},"elements":[{"id":"2827b971","settings":{"style":"curved","width":{"unit":"px","size":59,"sizes":[]},"width_tablet":{"unit":"px","size":"","sizes":[]},"width_mobile":{"unit":"px","size":"","sizes":[]},"align":"center","text":"Divider","color":"#A89D74","weight":{"unit":"px","size":4.7,"sizes":[]},"pattern_height":{"unit":"px","size":31.4,"sizes":[]},"pattern_size":{"unit":"px","size":29.3,"sizes":[]},"gap":{"unit":"px","size":12,"sizes":[]},"_animation":"fadeInUp","animation_duration":"slow"},"elements":[],"isInner":false,"widgetType":"divider","elType":"widget"},{"id":"3f1382a9","settings":{"title":"My blog","align":"center","typography_typography":"custom","title_color":"#000000","typography_font_size":{"unit":"px","size":30,"sizes":[]},"typography_font_weight":"400","typography_text_transform":"uppercase","typography_letter_spacing":{"unit":"px","size":5,"sizes":[]},"_margin":{"unit":"px","top":"0","right":"0","bottom":"16","left":"0","isLinked":false},"_animation":"fadeInUp","animation_duration":"slow","align_mobile":"center","typography_font_size_mobile":{"unit":"px","size":23,"sizes":[]},"typography_line_height_mobile":{"unit":"em","size":1.5,"sizes":[]}},"elements":[],"isInner":false,"widgetType":"heading","elType":"widget"},{"id":"57565cba","settings":{"space":{"unit":"px","size":10,"sizes":[]}},"elements":[],"isInner":false,"widgetType":"spacer","elType":"widget"}],"isInner":true,"elType":"column"}],"isInner":true,"elType":"section"},{"id":"4d9b9c1f","settings":{"content_width":{"unit":"px","size":1600,"sizes":[]},"animation":"fadeIn","animation_duration":"slow"},"elements":[{"id":"470d2574","settings":{"_column_size":100,"_inline_size":null},"elements":[{"id":"43fb1771","settings":{"posts_limit":4,"show_author":"","box_padding_top":{"unit":"px","size":30,"sizes":[]},"box_padding_bottom":{"unit":"px","size":11,"sizes":[]},"image_margin":{"unit":"px","size":30,"sizes":[]},"title_typo_typography":"custom","title_typo_font_size":{"unit":"px","size":18,"sizes":[]},"title_typo_font_weight":"bold","title_margin_top":{"unit":"px","size":10,"sizes":[]},"title_margin_bottom":{"unit":"px","size":0,"sizes":[]},"content_typo_typography":"custom","content_typo_font_size":{"unit":"px","size":15,"sizes":[]},"content_margin_bottom":{"unit":"px","size":0,"sizes":[]},"postmeta_typo_typography":"custom","postmeta_typo_font_size":{"unit":"px","size":15,"sizes":[]},"postmeta_margin_top":{"unit":"px","size":7,"sizes":[]},"author_padding":{"unit":"px","top":"20","right":"30","bottom":"0","left":"30","isLinked":false}},"elements":[],"isInner":false,"widgetType":"houzez_elementor_blog_posts","elType":"widget"},{"id":"1bbc6fd3","settings":{"space":{"unit":"px","size":20,"sizes":[]}},"elements":[],"isInner":false,"widgetType":"spacer","elType":"widget"},{"id":"1f18e14b","settings":{"text":"Read my blog","align":"center","size":"md","typography_typography":"custom","typography_font_size":{"unit":"px","size":13,"sizes":[]},"typography_text_transform":"uppercase","typography_line_height":{"unit":"em","size":1.5,"sizes":[]},"typography_letter_spacing":{"unit":"px","size":5,"sizes":[]},"background_color":"#FFFFFF00","hover_color":"#FFFFFF","button_background_hover_color":"#000000","border_border":"solid","border_width":{"unit":"px","top":"1","right":"1","bottom":"1","left":"1","isLinked":true},"border_radius":{"unit":"px","top":"0","right":"0","bottom":"0","left":"0","isLinked":true},"_margin":{"unit":"px","top":"4","right":"0","bottom":"0","left":"0","isLinked":false},"typography_font_family":"Jost","typography_font_weight":"400","button_text_color":"#000000","border_color":"#000000","link":{"url":"https:\/\/demo24.houzez.co\/blog\/","is_external":"","nofollow":"","custom_attributes":""}},"elements":[],"isInner":false,"widgetType":"button","elType":"widget"}],"isInner":true,"elType":"column"}],"isInner":true,"elType":"section"},{"id":"41f852b1","settings":{"space":{"unit":"px","size":100,"sizes":[]}},"elements":[],"isInner":false,"widgetType":"spacer","elType":"widget"}],"isInner":false,"elType":"column"}],"isInner":false,"elType":"section"},{"id":"15b81bbd","settings":{"layout":"full_width","gap":"no"},"elements":[{"id":"fea7620","settings":{"_column_size":100,"_inline_size":null},"elements":[{"id":"13439838","settings":{"structure":"20","layout":"full_width","height_inner":"min-height","custom_height_inner":{"unit":"px","size":780,"sizes":[]},"content_position":"middle"},"elements":[{"id":"45f702d8","settings":{"_column_size":50,"_inline_size":null,"padding":{"unit":"px","top":"150","right":"150","bottom":"150","left":"150","isLinked":true},"background_color":"#454545","background_background":"classic","padding_tablet":{"unit":"px","top":"50","right":"50","bottom":"50","left":"50","isLinked":true},"background_image":{"url":"https:\/\/demo24.houzez.co\/wp-content\/uploads\/2022\/03\/bg-01.jpg","id":43942,"alt":"","source":"library"},"background_overlay_background":"classic","background_overlay_color":"#000000","background_overlay_opacity":{"unit":"px","size":0.65,"sizes":[]},"background_position_mobile":"center left"},"elements":[{"id":"5b98e47c","settings":{"title":"For Sellers","align":"center","typography_typography":"custom","header_size":"div","title_color":"#FFFFFF","typography_font_size":{"unit":"px","size":14,"sizes":[]},"typography_font_weight":"400","typography_text_transform":"uppercase","typography_letter_spacing":{"unit":"px","size":5,"sizes":[]},"typography_font_family":"Jost","typography_line_height":{"unit":"em","size":1.5,"sizes":[]},"_margin":{"unit":"px","top":"0","right":"0","bottom":"15","left":"0","isLinked":false},"_animation":"fadeInUp","animation_duration":"slow"},"elements":[],"isInner":false,"widgetType":"heading","elType":"widget"},{"id":"2a91a9fb","settings":{"title":"Are you selling your home?","align":"center","typography_typography":"custom","title_color":"#FFFFFF","typography_font_size":{"unit":"px","size":30,"sizes":[]},"typography_font_weight":"400","typography_text_transform":"uppercase","typography_letter_spacing":{"unit":"px","size":5,"sizes":[]},"_margin":{"unit":"px","top":"0","right":"0","bottom":"16","left":"0","isLinked":false},"typography_line_height":{"unit":"em","size":1.5,"sizes":[]},"_animation":"fadeInUp","animation_duration":"slow","align_mobile":"center","typography_font_size_mobile":{"unit":"px","size":23,"sizes":[]},"typography_line_height_mobile":{"unit":"em","size":1.5,"sizes":[]}},"elements":[],"isInner":false,"widgetType":"heading","elType":"widget"},{"id":"336b76a","settings":{"text":"Get Estimation","align":"center","typography_typography":"custom","typography_font_size":{"unit":"px","size":13,"sizes":[]},"typography_text_transform":"uppercase","typography_line_height":{"unit":"em","size":1.5,"sizes":[]},"typography_letter_spacing":{"unit":"px","size":5,"sizes":[]},"background_color":"#FFFFFF00","hover_color":"#000000","button_background_hover_color":"#FFFFFF","border_border":"solid","border_width":{"unit":"px","top":"1","right":"1","bottom":"1","left":"1","isLinked":true},"border_radius":{"unit":"px","top":"0","right":"0","bottom":"0","left":"0","isLinked":true},"_margin":{"unit":"px","top":"10","right":"0","bottom":"0","left":"0","isLinked":false},"typography_font_family":"Jost","typography_font_weight":"400","_animation":"fadeInUp","animation_duration":"slow","link":{"url":"https:\/\/demo24.houzez.co\/how-much-is-my-home-worth\/","is_external":"","nofollow":"","custom_attributes":""}},"elements":[],"isInner":false,"widgetType":"button","elType":"widget"}],"isInner":true,"elType":"column"},{"id":"1cd4f79b","settings":{"_column_size":50,"_inline_size":null,"padding":{"unit":"px","top":"150","right":"150","bottom":"150","left":"150","isLinked":true},"background_color":"#454545","background_background":"classic","padding_tablet":{"unit":"px","top":"50","right":"50","bottom":"50","left":"50","isLinked":true},"background_image":{"url":"https:\/\/demo24.houzez.co\/wp-content\/uploads\/2022\/03\/bg-03.jpg","id":43944,"alt":"","source":"library"},"background_overlay_background":"classic","background_overlay_color":"#000000","background_overlay_opacity":{"unit":"px","size":0.65,"sizes":[]},"background_position_mobile":"center left"},"elements":[{"id":"69df26ee","settings":{"title":"For Buyers","align":"center","typography_typography":"custom","header_size":"div","title_color":"#FFFFFF","typography_font_size":{"unit":"px","size":14,"sizes":[]},"typography_font_weight":"400","typography_text_transform":"uppercase","typography_letter_spacing":{"unit":"px","size":5,"sizes":[]},"typography_font_family":"Jost","typography_line_height":{"unit":"em","size":1.5,"sizes":[]},"_margin":{"unit":"px","top":"0","right":"0","bottom":"15","left":"0","isLinked":false},"_animation":"fadeInUp","animation_duration":"slow"},"elements":[],"isInner":false,"widgetType":"heading","elType":"widget"},{"id":"6983f880","settings":{"title":"Do you want to buy a home?","align":"center","typography_typography":"custom","title_color":"#FFFFFF","typography_font_size":{"unit":"px","size":30,"sizes":[]},"typography_font_weight":"400","typography_text_transform":"uppercase","typography_letter_spacing":{"unit":"px","size":5,"sizes":[]},"_margin":{"unit":"px","top":"0","right":"0","bottom":"16","left":"0","isLinked":false},"typography_line_height":{"unit":"em","size":1.5,"sizes":[]},"_animation":"fadeInUp","animation_duration":"slow","align_mobile":"center","typography_font_size_mobile":{"unit":"px","size":23,"sizes":[]},"typography_line_height_mobile":{"unit":"em","size":1.5,"sizes":[]}},"elements":[],"isInner":false,"widgetType":"heading","elType":"widget"},{"id":"680bc821","settings":{"text":"Explore listings","align":"center","typography_typography":"custom","typography_font_size":{"unit":"px","size":13,"sizes":[]},"typography_text_transform":"uppercase","typography_line_height":{"unit":"em","size":1.5,"sizes":[]},"typography_letter_spacing":{"unit":"px","size":5,"sizes":[]},"background_color":"#FFFFFF00","hover_color":"#000000","button_background_hover_color":"#FFFFFF","border_border":"solid","border_width":{"unit":"px","top":"1","right":"1","bottom":"1","left":"1","isLinked":true},"border_radius":{"unit":"px","top":"0","right":"0","bottom":"0","left":"0","isLinked":true},"_margin":{"unit":"px","top":"10","right":"0","bottom":"0","left":"0","isLinked":false},"typography_font_family":"Jost","typography_font_weight":"400","_animation":"fadeInUp","animation_duration":"slow","link":{"url":"https:\/\/demo24.houzez.co\/mls-search\/","is_external":"","nofollow":"","custom_attributes":""}},"elements":[],"isInner":false,"widgetType":"button","elType":"widget"}],"isInner":true,"elType":"column"}],"isInner":true,"elType":"section"}],"isInner":false,"elType":"column"}],"isInner":false,"elType":"section"}],"page_settings":{"background_color":"#FFFFFF"},"version":"0.4","title":"Demo 24 - Homepage","type":"page"}