{"version":"0.4","title":"Demo 11 &#8211; About us","type":"page","content":[{"id":"b9cfa2d","settings":{"background_background":"classic","background_color":"#FFFFFF"},"elements":[{"id":"37bc7ccd","settings":{"_column_size":100,"_inline_size":null,"background_color":"#FFFFFF","box_shadow_box_shadow":{"horizontal":0,"vertical":20,"blur":40,"spread":0,"color":"rgba(0, 0, 0, 0.1)"}},"elements":[{"id":"7ccf2752","settings":[],"elements":[],"isInner":false,"widgetType":"spacer","elType":"widget"},{"id":"766208d8","settings":{"hz_section_title":"Your Vision Unrestricted\n","section_title_typography_typography":"custom","section_title_typography_font_size":{"unit":"px","size":25,"sizes":[]},"section_title_typography_font_weight":"300","section_subtitle_typography_typography":"custom","houzez_section_title_margin_bottom":{"unit":"px","size":10,"sizes":[]},"_animation":"fadeIn","animation_duration":"slow","houzez_section_title_color":"#000000","houzez_section_subtitle_color":"#7A7A7A","section_title_typography_font_size_mobile":{"unit":"px","size":25,"sizes":[]},"section_subtitle_typography_font_size_mobile":{"unit":"px","size":16,"sizes":[]},"houzez_section_title_align":"left"},"elements":[],"isInner":false,"widgetType":"houzez_elementor_section_title","elType":"widget"},{"id":"41a27fea","settings":{"editor":"<p><strong>Houzez is a premium WordPress theme for real estate agents and agencies<\/strong> where modern aesthetics are combined with a tasteful simplicity and where the ease of use is achieved without compromise in your ability to customize the design.<\/p><p>Whether you are a real estate agent looking to build a website for your company or a web developer seeking a perfect WordPress theme for your next project, you are certain to appreciate the numerous features and benefits that our theme provides.<\/p><p>Houzez is also a WordPress-based property management system which allows you to own and maintain a real estate marketplace, coordinate your agents, accept submissions and offer membership packages.<\/p><p>Unlike many other real estate themes which confine you to a handful of predefined layouts, <b>Houzez offers a limitless array of possibilities to structure and style your content.<\/b> All of the customization options are logically organized in your WordPress admin panel and thorough customization in the provided documentation.<\/p>","align":"left","text_color":"#54595F","typography_typography":"custom","typography_font_size":{"unit":"px","size":16,"sizes":[]},"typography_line_height":{"unit":"em","size":1.7,"sizes":[]},"text_columns":"2","column_gap":{"unit":"px","size":40,"sizes":[]}},"elements":[],"isInner":false,"widgetType":"text-editor","elType":"widget"},{"id":"5a5c066","settings":[],"elements":[],"isInner":false,"widgetType":"spacer","elType":"widget"}],"isInner":false,"elType":"column"}],"isInner":false,"elType":"section"},{"id":"25b70d9a","settings":[],"elements":[{"id":"6f3cf25","settings":{"_column_size":100,"_inline_size":null},"elements":[{"id":"3d6db71c","settings":[],"elements":[],"isInner":false,"widgetType":"spacer","elType":"widget"},{"id":"18b62a38","settings":{"hz_section_title":"Meet our Team","section_title_typography_typography":"custom","section_title_typography_font_size":{"unit":"px","size":35,"sizes":[]},"section_title_typography_font_weight":"300","section_subtitle_typography_typography":"custom","houzez_section_title_margin_bottom":{"unit":"px","size":20,"sizes":[]},"_animation":"fadeIn","animation_duration":"slow","hz_section_subtitle":"Lorem ipsum dolor sit amet, consectetur adipisicing elit","houzez_section_title_color":"#000000","houzez_section_subtitle_color":"#7A7A7A","section_title_typography_font_size_mobile":{"unit":"px","size":25,"sizes":[]},"section_subtitle_typography_font_size_mobile":{"unit":"px","size":16,"sizes":[]},"houzez_section_title_align":"left"},"elements":[],"isInner":false,"widgetType":"houzez_elementor_section_title","elType":"widget"},{"id":"52d5948b","settings":{"structure":"40"},"elements":[{"id":"3a75dbe","settings":{"_column_size":25,"_inline_size":null},"elements":[{"id":"412e4d11","settings":{"team_image":{"id":7821,"url":"https:\/\/demo11.houzez.co\/wp-content\/uploads\/2020\/03\/Artboard-1team.jpg"},"team_name":"Kathleen Grant","team_position":"Funder","team_description":"Lorem ipsum dolor sit amet, consectetur adipiscing elit. In malesuada, odio sit amet pharetra vehicula, sapien leo egestas magna, vitae auctor diam magna cursus arcu.","team_social_facebook":"#","team_social_facebook_target":"_self","team_social_twitter":"#","team_social_linkedin":"#","team_social_pinterest":"#","team_social_googleplus":"#"},"elements":[],"isInner":false,"widgetType":"houzez_elementor_team_member","elType":"widget"}],"isInner":true,"elType":"column"},{"id":"6240b90f","settings":{"_column_size":25,"_inline_size":null},"elements":[{"id":"5b86f78e","settings":{"team_image":{"id":7822,"url":"https:\/\/demo11.houzez.co\/wp-content\/uploads\/2020\/03\/Artboard-4team.jpg"},"team_name":"Keith Bailey","team_position":"CEO","team_description":"Lorem ipsum dolor sit amet, consectetur adipiscing elit. In malesuada, odio sit amet pharetra vehicula, sapien leo egestas magna, vitae auctor diam magna cursus arcu.","team_social_facebook":"#","team_social_facebook_target":"_self","team_social_twitter":"#","team_social_linkedin":"#","team_social_pinterest":"#","team_social_googleplus":"#"},"elements":[],"isInner":false,"widgetType":"houzez_elementor_team_member","elType":"widget"}],"isInner":true,"elType":"column"},{"id":"50a5a93a","settings":{"_column_size":25,"_inline_size":null},"elements":[{"id":"f99dc99","settings":{"team_image":{"id":7823,"url":"https:\/\/demo11.houzez.co\/wp-content\/uploads\/2020\/03\/Artboard-2team.jpg"},"team_name":"Danielle Murray","team_position":"Manager","team_description":"Lorem ipsum dolor sit amet, consectetur adipiscing elit. In malesuada, odio sit amet pharetra vehicula, sapien leo egestas magna, vitae auctor diam magna cursus arcu.","team_social_facebook":"#","team_social_facebook_target":"_self","team_social_twitter":"#","team_social_linkedin":"#","team_social_pinterest":"#","team_social_googleplus":"#"},"elements":[],"isInner":false,"widgetType":"houzez_elementor_team_member","elType":"widget"}],"isInner":true,"elType":"column"},{"id":"535ccaad","settings":{"_column_size":25,"_inline_size":null},"elements":[{"id":"25aead27","settings":{"team_image":{"id":7824,"url":"https:\/\/demo11.houzez.co\/wp-content\/uploads\/2020\/03\/Artboard-3team.jpg"},"team_name":"Thomas Stevens","team_position":"Manager","team_description":"Lorem ipsum dolor sit amet, consectetur adipiscing elit. In malesuada, odio sit amet pharetra vehicula, sapien leo egestas magna, vitae auctor diam magna cursus arcu.","team_social_facebook":"#","team_social_facebook_target":"_self","team_social_twitter":"#","team_social_linkedin":"#","team_social_pinterest":"#","team_social_googleplus":"#"},"elements":[],"isInner":false,"widgetType":"houzez_elementor_team_member","elType":"widget"}],"isInner":true,"elType":"column"}],"isInner":true,"elType":"section"},{"id":"53e93b87","settings":[],"elements":[],"isInner":false,"widgetType":"spacer","elType":"widget"}],"isInner":false,"elType":"column"}],"isInner":false,"elType":"section"},{"id":"2a88bb72","settings":{"background_background":"classic","background_color":"#FFFFFF"},"elements":[{"id":"727b2330","settings":{"_column_size":100,"_inline_size":null},"elements":[{"id":"45d58acd","settings":[],"elements":[],"isInner":false,"widgetType":"spacer","elType":"widget"},{"id":"3e5312e8","settings":{"hz_section_title":"Services","section_title_typography_typography":"custom","section_title_typography_font_size":{"unit":"px","size":35,"sizes":[]},"section_title_typography_font_weight":"300","section_subtitle_typography_typography":"custom","houzez_section_title_margin_bottom":{"unit":"px","size":20,"sizes":[]},"_animation":"fadeIn","animation_duration":"slow","hz_section_subtitle":"Lorem ipsum dolor sit amet, consectetur adipisicing elit","houzez_section_title_color":"#000000","houzez_section_subtitle_color":"#7A7A7A","section_title_typography_font_size_mobile":{"unit":"px","size":25,"sizes":[]},"section_subtitle_typography_font_size_mobile":{"unit":"px","size":16,"sizes":[]},"houzez_section_title_align":"left"},"elements":[],"isInner":false,"widgetType":"houzez_elementor_section_title","elType":"widget"},{"id":"72cc3ea5","settings":{"structure":"40"},"elements":[{"id":"7eb64444","settings":{"_column_size":25,"_inline_size":null},"elements":[{"id":"30271952","settings":{"more_text":"More Details","grid_taxonomy":"property_city","tax_city":"miami","more_text_d":"More Details","grid_type":"grid-item-v2","image":{"id":7820,"url":"https:\/\/demo11.houzez.co\/wp-content\/uploads\/2020\/03\/023.jpg"},"grid_title":"Property Management","grid_subtitle":"Services","more_link":{"url":"#","is_external":true,"nofollow":true,"custom_attributes":""},"grid_title_typography_typography":"custom","grid_title_typography_font_size":{"unit":"px","size":18,"sizes":[]},"tax_custom_image":{"id":7825,"url":"https:\/\/demo11.houzez.co\/wp-content\/uploads\/2020\/03\/placeholder.png"}},"elements":[],"isInner":false,"widgetType":"Houzez_elementor_grid_builder","elType":"widget"},{"id":"29c9616d","settings":{"more_text":"More Details","grid_taxonomy":"property_city","tax_city":"miami","more_text_d":"More Details","grid_type":"grid-item-v2","image":{"id":7826,"url":"https:\/\/demo11.houzez.co\/wp-content\/uploads\/2020\/03\/205.jpg"},"grid_title":"Financial Reporting","grid_subtitle":"Services","more_link":{"url":"#","is_external":true,"nofollow":true,"custom_attributes":""},"grid_title_typography_typography":"custom","grid_title_typography_font_size":{"unit":"px","size":18,"sizes":[]},"tax_custom_image":{"id":7825,"url":"https:\/\/demo11.houzez.co\/wp-content\/uploads\/2020\/03\/placeholder.png"}},"elements":[],"isInner":false,"widgetType":"Houzez_elementor_grid_builder","elType":"widget"}],"isInner":true,"elType":"column"},{"id":"691b1e1d","settings":{"_column_size":25,"_inline_size":null},"elements":[{"id":"6821236","settings":{"more_text":"More Details","grid_taxonomy":"property_city","tax_city":"miami","more_text_d":"More Details","grid_type":"grid-item-v2","image":{"id":7827,"url":"https:\/\/demo11.houzez.co\/wp-content\/uploads\/2020\/03\/206.jpg"},"grid_title":"Capital Improvements","grid_subtitle":"Services","more_link":{"url":"#","is_external":true,"nofollow":true,"custom_attributes":""},"grid_title_typography_typography":"custom","grid_title_typography_font_size":{"unit":"px","size":18,"sizes":[]},"tax_custom_image":{"id":7825,"url":"https:\/\/demo11.houzez.co\/wp-content\/uploads\/2020\/03\/placeholder.png"}},"elements":[],"isInner":false,"widgetType":"Houzez_elementor_grid_builder","elType":"widget"},{"id":"be170ca","settings":{"more_text":"More Details","grid_taxonomy":"property_city","tax_city":"miami","more_text_d":"More Details","grid_type":"grid-item-v2","image":{"id":7828,"url":"https:\/\/demo11.houzez.co\/wp-content\/uploads\/2020\/03\/007.jpg"},"grid_title":"Business Development","grid_subtitle":"Services","more_link":{"url":"#","is_external":true,"nofollow":true,"custom_attributes":""},"grid_title_typography_typography":"custom","grid_title_typography_font_size":{"unit":"px","size":18,"sizes":[]},"tax_custom_image":{"id":7825,"url":"https:\/\/demo11.houzez.co\/wp-content\/uploads\/2020\/03\/placeholder.png"}},"elements":[],"isInner":false,"widgetType":"Houzez_elementor_grid_builder","elType":"widget"}],"isInner":true,"elType":"column"},{"id":"7c6a35cd","settings":{"_column_size":25,"_inline_size":null},"elements":[{"id":"70063b77","settings":{"more_text":"More Details","grid_taxonomy":"property_city","tax_city":"miami","more_text_d":"More Details","grid_type":"grid-item-v3","image":{"id":7829,"url":"https:\/\/demo11.houzez.co\/wp-content\/uploads\/2020\/03\/006.jpg"},"grid_title":"Finance Real Estate","grid_subtitle":"Services","more_link":{"url":"#","is_external":true,"nofollow":true,"custom_attributes":""},"grid_title_typography_typography":"custom","grid_title_typography_font_size":{"unit":"px","size":18,"sizes":[]},"tax_custom_image":{"id":7825,"url":"https:\/\/demo11.houzez.co\/wp-content\/uploads\/2020\/03\/placeholder.png"}},"elements":[],"isInner":false,"widgetType":"Houzez_elementor_grid_builder","elType":"widget"}],"isInner":true,"elType":"column"},{"id":"6cd562c9","settings":{"_column_size":25,"_inline_size":null},"elements":[{"id":"60ad977d","settings":{"more_text":"More Details","grid_taxonomy":"property_city","tax_city":"miami","more_text_d":"More Details","grid_type":"grid-item-v3","image":{"id":7830,"url":"https:\/\/demo11.houzez.co\/wp-content\/uploads\/2020\/03\/204.jpg"},"grid_title":"Recover Asset Value","grid_subtitle":"Services","more_link":{"url":"#","is_external":true,"nofollow":true,"custom_attributes":""},"grid_title_typography_typography":"custom","grid_title_typography_font_size":{"unit":"px","size":18,"sizes":[]},"tax_custom_image":{"id":7825,"url":"https:\/\/demo11.houzez.co\/wp-content\/uploads\/2020\/03\/placeholder.png"}},"elements":[],"isInner":false,"widgetType":"Houzez_elementor_grid_builder","elType":"widget"}],"isInner":true,"elType":"column"}],"isInner":true,"elType":"section"},{"id":"22501767","settings":[],"elements":[],"isInner":false,"widgetType":"spacer","elType":"widget"}],"isInner":false,"elType":"column"}],"isInner":false,"elType":"section"},{"id":"432a14a4","settings":[],"elements":[{"id":"515c17b5","settings":{"_column_size":100,"_inline_size":null},"elements":[{"id":"2ded1195","settings":[],"elements":[],"isInner":false,"widgetType":"spacer","elType":"widget"},{"id":"2fe8da4c","settings":{"hz_section_title":"Read From Our Blog","section_title_typography_typography":"custom","section_title_typography_font_size":{"unit":"px","size":35,"sizes":[]},"section_title_typography_font_weight":"300","section_subtitle_typography_typography":"custom","houzez_section_title_margin_bottom":{"unit":"px","size":20,"sizes":[]},"_animation":"fadeIn","animation_duration":"slow","hz_section_subtitle":"Lorem ipsum dolor sit amet, consectetur adipisicing elit","houzez_section_title_color":"#000000","houzez_section_subtitle_color":"#7A7A7A","section_title_typography_font_size_mobile":{"unit":"px","size":25,"sizes":[]},"section_subtitle_typography_font_size_mobile":{"unit":"px","size":16,"sizes":[]},"houzez_section_title_align":"left"},"elements":[],"isInner":false,"widgetType":"houzez_elementor_section_title","elType":"widget"},{"id":"3390380a","settings":{"background_color":"#FFFFFF","box_shadow_box_shadow":{"horizontal":0,"vertical":20,"blur":40,"spread":0,"color":"rgba(0, 0, 0, 0.1)"}},"elements":[{"id":"6f1b5ea6","settings":{"_column_size":100,"_inline_size":null},"elements":[{"id":"433ee5aa","settings":{"posts_limit":"4"},"elements":[],"isInner":false,"widgetType":"houzez_elementor_blog_posts","elType":"widget"}],"isInner":true,"elType":"column"}],"isInner":true,"elType":"section"},{"id":"1ec5dd38","settings":[],"elements":[],"isInner":false,"widgetType":"spacer","elType":"widget"}],"isInner":false,"elType":"column"}],"isInner":false,"elType":"section"},{"id":"10c98b31","settings":{"custom_height":{"unit":"px","size":760,"sizes":[]},"content_position":"middle","background_color":"#FFFFFF","background_position":"center center","background_repeat":"no-repeat","background_size":"cover","background_overlay_background":"classic","background_overlay_opacity":{"unit":"px","size":0.2,"sizes":[]},"css_filters_blur":{"unit":"px","size":2,"sizes":[]},"stretch_section":"section-stretched","layout":"full_width","gap":"wide","css_filters_css_filter":"custom","background_background":"classic"},"elements":[{"id":"67f82898","settings":{"_column_size":100,"_inline_size":null},"elements":[{"id":"6f6b8673","settings":[],"elements":[],"isInner":false,"widgetType":"houzez_elementor_space","elType":"widget"},{"id":"4af40064","settings":{"gap":"extended"},"elements":[{"id":"42411afe","settings":{"_column_size":100,"_inline_size":null,"content_position":"bottom"},"elements":[{"id":"770ac4dc","settings":{"hz_section_title":"Testimonials","section_title_typography_typography":"custom","section_title_typography_font_size":{"unit":"px","size":35,"sizes":[]},"section_title_typography_font_weight":"300","section_subtitle_typography_typography":"custom","houzez_section_title_margin_bottom":{"unit":"px","size":20,"sizes":[]},"_animation":"fadeIn","animation_duration":"slow","hz_section_subtitle":"Lorem ipsum dolor sit amet, consectetur adipisicing elit","houzez_section_title_color":"#000000","houzez_section_subtitle_color":"#7A7A7A","section_title_typography_font_size_mobile":{"unit":"px","size":25,"sizes":[]},"section_title_typography_line_height_mobile":{"unit":"em","size":1.4,"sizes":[]},"section_subtitle_typography_font_size_mobile":{"unit":"px","size":16,"sizes":[]}},"elements":[],"isInner":false,"widgetType":"houzez_elementor_section_title","elType":"widget"},{"id":"1686df51","settings":{"posts_limit":"3","houzez_testi_v2_text_color":"#000000","houzez_testi_v2_bg_color":"#F6F6F6","_animation":"fadeIn","animation_duration":"slow"},"elements":[],"isInner":false,"widgetType":"houzez_elementor_testimonials_v2","elType":"widget"}],"isInner":true,"elType":"column"}],"isInner":true,"elType":"section"},{"id":"1d7aae76","settings":{"height":{"unit":"px","size":70,"sizes":[]}},"elements":[],"isInner":false,"widgetType":"houzez_elementor_space","elType":"widget"}],"isInner":false,"elType":"column"}],"isInner":false,"elType":"section"}]}