{"version":"0.4","title":"Demo 09 &#8211; Homepage","type":"page","content":[{"id":"3706ffa5","settings":{"animation":"fadeIn","box_shadow_box_shadow_type":"yes","box_shadow_box_shadow":{"horizontal":0,"vertical":20,"blur":40,"spread":-20,"color":"rgba(0, 0, 0, 0.1)"},"box_shadow_box_shadow_position":"inset"},"elements":[{"id":"79919f15","settings":{"_column_size":100},"elements":[{"id":"424e53ed","settings":[],"elements":[],"isInner":false,"widgetType":"houzez_elementor_space","elType":"widget"},{"id":"342f7361","settings":{"title":"Featured Luxury Property","size":"large","align":"center","title_color":"#000000","typography_typography":"custom","typography_font_family":"Prata","typography_font_weight":"300","typography_line_height":{"unit":"em","size":1.1,"sizes":[]},"_margin":{"unit":"px","top":"0","right":"0","bottom":"0","left":"0","isLinked":false}},"elements":[],"isInner":false,"widgetType":"heading","elType":"widget"},{"id":"767d8603","settings":{"title":"Create property listings with all the features you\u2019d expect","size":"medium","align":"center","title_color":"#000000","typography_typography":"custom","typography_font_family":"Lato","typography_font_weight":"300","typography_line_height":{"unit":"em","size":0,"sizes":[]},"_margin":{"unit":"px","top":"0","right":"0","bottom":"0","left":"0","isLinked":false},"header_size":"p","typography_font_size":{"unit":"px","size":17,"sizes":[]},"typography_letter_spacing":{"unit":"px","size":0.6,"sizes":[]}},"elements":[],"isInner":false,"widgetType":"heading","elType":"widget"}],"isInner":false,"elType":"column"}],"isInner":false,"elType":"section"},{"id":"78107d0b","settings":[],"elements":[{"id":"4bae9eaf","settings":{"_column_size":100,"_inline_size":null},"elements":[{"id":"6824d2eb","settings":{"space":{"unit":"px","size":11,"sizes":[]}},"elements":[],"isInner":false,"widgetType":"spacer","elType":"widget"}],"isInner":false,"elType":"column"}],"isInner":false,"elType":"section"},{"id":"5e6a1b8","settings":[],"elements":[{"id":"310f0cbb","settings":{"_column_size":100,"_inline_size":null},"elements":[{"id":"645dbd7","settings":{"posts_limit":"6","featured_prop":"yes","pagination_type":"none"},"elements":[],"isInner":false,"widgetType":"houzez_elementor_property-card-v6","elType":"widget"}],"isInner":false,"elType":"column"}],"isInner":false,"elType":"section"},{"id":"3ac9e294","settings":{"content_width":{"unit":"px","size":814,"sizes":[]},"animation":"fadeIn"},"elements":[{"id":"28466b75","settings":{"_column_size":100},"elements":[{"id":"6725e681","settings":[],"elements":[],"isInner":false,"widgetType":"houzez_elementor_space","elType":"widget"},{"id":"37fc2e8","settings":{"title":"Discover Luxury Homes","size":"large","align":"center","title_color":"#000000","typography_typography":"custom","typography_font_family":"Prata","typography_font_weight":"300","typography_line_height":{"unit":"em","size":1.8,"sizes":[]}},"elements":[],"isInner":false,"widgetType":"heading","elType":"widget"},{"id":"71f32dcd","settings":{"editor":"<div class=\"wpb_text_column wpb_content_element \"><div class=\"wpb_wrapper\"><p style=\"text-align: center;\">Luxury real estate is the real estate market niche targeted to high-net-worth individuals. These individuals tend to own multiple homes in numerous locations across the world.\u00a0The characteristics that define luxury real estate differ among countries.\u00a0However, the location largely defines the property\u2019s value, especially with respect to whether it offers views or amenities such as proximity to golf courses, school districts, and the downtown district.<\/p><\/div><\/div>","typography_typography":"custom","typography_font_family":"Lato","typography_font_weight":"300","typography_line_height":{"unit":"em","size":1.6,"sizes":[]},"typography_font_size":{"unit":"px","size":16,"sizes":[]}},"elements":[],"isInner":false,"widgetType":"text-editor","elType":"widget"},{"id":"32c7809d","settings":[],"elements":[],"isInner":false,"widgetType":"houzez_elementor_space","elType":"widget"},{"id":"43bd9b56","settings":{"structure":"30"},"elements":[{"id":"2532ad05","settings":{"_column_size":33,"_inline_size":null},"elements":[{"id":"38d26111","settings":{"editor":"<a href=\"#\">Private Brokerage<\/a>","align":"center","typography_typography":"custom","typography_font_family":"Prata","typography_font_size":{"unit":"px","size":18,"sizes":[]}},"elements":[],"isInner":false,"widgetType":"text-editor","elType":"widget"}],"isInner":true,"elType":"column"},{"id":"7255168d","settings":{"_column_size":33,"_inline_size":null},"elements":[{"id":"56aaa1db","settings":{"editor":"<a href=\"#\">Business Development<\/a>","align":"center","typography_typography":"custom","typography_font_family":"Prata","typography_font_size":{"unit":"px","size":18,"sizes":[]}},"elements":[],"isInner":false,"widgetType":"text-editor","elType":"widget"}],"isInner":true,"elType":"column"},{"id":"7462097e","settings":{"_column_size":33,"_inline_size":null},"elements":[{"id":"747f1e41","settings":{"editor":"<a href=\"#\">Customer Care<\/a>","align":"center","typography_typography":"custom","typography_font_family":"Prata","typography_font_size":{"unit":"px","size":18,"sizes":[]}},"elements":[],"isInner":false,"widgetType":"text-editor","elType":"widget"}],"isInner":true,"elType":"column"}],"isInner":true,"elType":"section"}],"isInner":false,"elType":"column"}],"isInner":false,"elType":"section"},{"id":"34df808b","settings":{"animation":"fadeIn"},"elements":[{"id":"5b202523","settings":{"_column_size":100},"elements":[{"id":"5ceebc61","settings":[],"elements":[],"isInner":false,"widgetType":"houzez_elementor_space","elType":"widget"},{"id":"42548c8","settings":{"title":"Exclusive Life Style","size":"large","align":"center","title_color":"#000000","typography_typography":"custom","typography_font_family":"Prata","typography_font_weight":"300","typography_line_height":{"unit":"em","size":1.8,"sizes":[]}},"elements":[],"isInner":false,"widgetType":"heading","elType":"widget"},{"id":"7ef1f7da","settings":{"houzez_grid_type":"grid_v2"},"elements":[],"isInner":false,"widgetType":"houzez_elementor_grids","elType":"widget"},{"id":"72a6ceb0","settings":[],"elements":[],"isInner":false,"widgetType":"houzez_elementor_space","elType":"widget"}],"isInner":false,"elType":"column"}],"isInner":false,"elType":"section"},{"id":"17001826","settings":{"content_width":{"unit":"px","size":814,"sizes":[]},"animation":"fadeIn"},"elements":[{"id":"3a95eee0","settings":{"_column_size":100},"elements":[{"id":"441868dc","settings":{"title":"Real Estate Market Value","size":"large","align":"center","title_color":"#000000","typography_typography":"custom","typography_font_family":"Prata","typography_font_weight":"300","typography_line_height":{"unit":"em","size":1.8,"sizes":[]}},"elements":[],"isInner":false,"widgetType":"heading","elType":"widget"},{"id":"1d6e7911","settings":{"editor":"<div class=\"wpb_text_column wpb_content_element \"><div class=\"wpb_wrapper\"><p style=\"text-align: center;\">Residential real estate is a type of property, containing either a single family or multifamily structure, that is available for occupation for non-business purposes.<\/p><\/div><\/div>","typography_typography":"custom","typography_font_family":"Lato","typography_font_weight":"300","typography_line_height":{"unit":"em","size":1.6,"sizes":[]},"text_columns":"1","column_gap":{"unit":"px","size":0,"sizes":[]}},"elements":[],"isInner":false,"widgetType":"text-editor","elType":"widget"},{"id":"690ef3ec","settings":[],"elements":[],"isInner":false,"widgetType":"houzez_elementor_space","elType":"widget"}],"isInner":false,"elType":"column"}],"isInner":false,"elType":"section"},{"id":"1e0d1254","settings":{"structure":"20"},"elements":[{"id":"62aeb6d6","settings":{"_column_size":50,"_inline_size":null},"elements":[{"id":"2015f391","settings":{"title":"Housing Stock","header_size":"h3","align":"center","title_color":"#000000","typography_typography":"custom","typography_font_family":"Prata","typography_font_weight":"300"},"elements":[],"isInner":false,"widgetType":"heading","elType":"widget"},{"id":"22bac1cb","settings":{"image":{"url":"https:\/\/wordpress-248995-779808.cloudwaysapps.com\/wp-content\/uploads\/2019\/03\/Screen-Shot-2019-03-12-at-4.00.48-PM.png","id":2422}},"elements":[],"isInner":false,"widgetType":"image","elType":"widget"}],"isInner":false,"elType":"column"},{"id":"13bdc391","settings":{"_column_size":50,"_inline_size":null},"elements":[{"id":"1826709c","settings":{"title":"Household Incomes","header_size":"h3","align":"center","title_color":"#000000","typography_typography":"custom","typography_font_family":"Prata","typography_font_weight":"300"},"elements":[],"isInner":false,"widgetType":"heading","elType":"widget"},{"id":"29009da2","settings":{"image":{"url":"https:\/\/wordpress-248995-779808.cloudwaysapps.com\/wp-content\/uploads\/2019\/03\/Screen-Shot-2019-03-12-at-4.00.40-PM.png","id":2423}},"elements":[],"isInner":false,"widgetType":"image","elType":"widget"}],"isInner":false,"elType":"column"}],"isInner":false,"elType":"section"},{"id":"3532ed27","settings":{"animation":"fadeIn","content_width":{"unit":"px","size":920,"sizes":[]},"background_image":{"url":"https:\/\/demo09.houzez.co\/wp-content\/uploads\/2016\/10\/shutterstock_471499091.jpg","id":2190},"background_position":"center center","background_attachment":"fixed","background_repeat":"no-repeat","background_size":"cover","background_overlay_color":"#000000","background_overlay_opacity":{"unit":"px","size":0.35,"sizes":[]}},"elements":[{"id":"500fe78a","settings":{"_column_size":100},"elements":[{"id":"10268423","settings":[],"elements":[],"isInner":false,"widgetType":"houzez_elementor_space","elType":"widget"},{"id":"173d8679","settings":{"title":"Requests Your property valuation","size":"large","align":"center","title_color":"#000000","typography_typography":"custom","typography_font_family":"Prata","typography_font_weight":"300","typography_line_height":{"unit":"em","size":1.8,"sizes":[]}},"elements":[],"isInner":false,"widgetType":"heading","elType":"widget"},{"id":"10004022","settings":{"form_name":"New Form","form_fields":[{"field_type":"user_type","field_label":"Personal Information","placeholder":"Select","required":"true","field_options":"Property owner\nAgent\n","width":"33","width_tablet":"","width_mobile":"","rows":4,"_id":"b66c734"},{"field_type":"first_name","field_label":"&nbsp;","placeholder":"First name","required":"true","field_options":"","width":"33","width_tablet":"","width_mobile":"","rows":4,"_id":"ac32e68"},{"field_type":"last_name","field_label":"&nbsp;","placeholder":"Last name","required":"true","field_options":"","width":"33","width_tablet":"","width_mobile":"","rows":4,"_id":"7304c05"},{"field_type":"email","field_label":"","placeholder":"Email address","required":"true","field_options":"","width":"66","width_tablet":"","width_mobile":"","rows":4,"_id":"7b74074"},{"field_type":"mobile","field_label":"","placeholder":"Phone number","required":"true","field_options":"","width":"33","width_tablet":"","width_mobile":"","rows":4,"_id":"e92d2c5"},{"field_type":"e_meta[property_type]","field_label":"Property Information","placeholder":"Type","required":"true","field_options":"","width":"33","width_tablet":"","width_mobile":"","rows":4,"_id":"08ee178"},{"field_type":"e_meta[zipcode]","field_label":"&nbsp;","placeholder":"Zip code","required":"true","field_options":"","width":"33","width_tablet":"","width_mobile":"","rows":4,"_id":"cfcfcd6"},{"field_type":"e_meta[city]","field_label":"&nbsp;","placeholder":"City","required":"","field_options":"","width":"33","width_tablet":"","width_mobile":"","rows":4,"_id":"5e7d721"},{"field_type":"e_meta[beds]","field_label":"","placeholder":"N. of bedrooms","required":"true","field_options":"","width":"33","width_tablet":"","width_mobile":"","rows":4,"_id":"c3053de"},{"field_type":"e_meta[baths]","field_label":"","placeholder":"N. of bathrooms","required":"true","field_options":"","width":"33","width_tablet":"","width_mobile":"","rows":4,"_id":"ca559d7"},{"field_type":"e_meta[price]","field_label":"","placeholder":"Your budget","required":"true","field_options":"","width":"33","width_tablet":"","width_mobile":"","rows":4,"_id":"3dbb366"}],"button_text":"Submit","email_to":"hello@favethemes.com","email_subject":"New message from &quot;Houzez - Highly Customizable Real Estate WordPress Theme&quot;","button_background_color":"#5B8B8B","button_background_hover_color":"rgba(91, 139, 139, 0.85)","_padding":{"unit":"px","top":"50","right":"50","bottom":"30","left":"50","isLinked":false},"_background_background":"classic","_background_color":"#FFFFFF"},"elements":[],"isInner":false,"widgetType":"houzez_elementor_inquiry_form","elType":"widget"},{"id":"42ee04c1","settings":[],"elements":[],"isInner":false,"widgetType":"houzez_elementor_space","elType":"widget"}],"isInner":false,"elType":"column"}],"isInner":false,"elType":"section"}]}