{"version":"0.4","title":"Demo 03 &#8211; Homepage","type":"page","content":[{"id":"16b7fbe2","settings":{"background_color":"#FFFFFF","padding":{"unit":"px","top":"10","right":"10","bottom":"10","left":"10","isLinked":true},"box_shadow_box_shadow_type":"yes","box_shadow_box_shadow":{"horizontal":0,"vertical":20,"blur":40,"spread":-40,"color":"rgba(0, 0, 0, 0.2)"},"box_shadow_box_shadow_position":"inset"},"elements":[{"id":"128a4bd9","settings":{"_column_size":100,"_inline_size":null},"elements":[{"id":"6eaa0e8b","settings":{"space":{"unit":"px","size":10,"sizes":[]}},"elements":[],"isInner":false,"widgetType":"spacer","elType":"widget"},{"id":"55a01085","settings":{"gap":"wide"},"elements":[{"id":"3dd95874","settings":{"_column_size":100,"_inline_size":null},"elements":[{"id":"2a0101fd","settings":{"hz_section_title":"Welcome To Houzez","section_title_typography_typography":"custom","section_title_typography_font_size":{"unit":"px","size":35,"sizes":[]},"section_title_typography_font_weight":"300","section_subtitle_typography_typography":"custom","houzez_section_title_margin_bottom":{"unit":"px","size":20,"sizes":[]},"_animation":"fadeIn","animation_duration":"slow","hz_section_subtitle":"Lorem ipsum dolor sit amet, consectetur adipiscing ","houzez_section_subtitle_color":"#7A7A7A","section_title_typography_font_family":"Lora","section_title_typography_font_size_mobile":{"unit":"px","size":28,"sizes":[]},"section_title_typography_line_height_mobile":{"unit":"em","size":1.4,"sizes":[]},"section_subtitle_typography_font_size_mobile":{"unit":"px","size":16,"sizes":[]}},"elements":[],"isInner":false,"widgetType":"houzez_elementor_section_title","elType":"widget"}],"isInner":true,"elType":"column"}],"isInner":true,"elType":"section"},{"id":"2a9465bc","settings":{"gap":"wide","structure":"30"},"elements":[{"id":"24c7e6ca","settings":{"_column_size":33,"_inline_size":null},"elements":[{"id":"47cd93dc","settings":{"image":{"url":"https:\/\/demo01.houzez.co\/wp-content\/uploads\/2016\/03\/204.jpg","id":16174},"thumbnail_size":"houzez-item-image-1","title_text":"Renting","description_text":"Lorem ipsum dolor sit amet, consectetur adipiscing elit. Ut elit tellus, luctus nec ullamcorper mattis, pulvinar dapibus leo.","image_space":{"unit":"px","size":27,"sizes":[]},"image_size":{"unit":"%","size":100,"sizes":[]},"hover_animation":"shrink","text_align":"center","title_bottom_space":{"unit":"px","size":20,"sizes":[]},"title_color":"#000000","title_typography_typography":"custom","title_typography_font_family":"Lora","title_typography_font_weight":"400","description_color":"#7A7A7A","_padding":{"unit":"px","top":"30","right":"30","bottom":"30","left":"30","isLinked":true},"_background_background":"classic","_background_color":"#FFFFFF","_border_radius":{"unit":"px","top":"4","right":"4","bottom":"4","left":"4","isLinked":true},"_box_shadow_box_shadow_type":"yes","_box_shadow_box_shadow":{"horizontal":0,"vertical":20,"blur":40,"spread":0,"color":"rgba(0, 0, 0, 0.1)"},"_animation":"fadeIn","animation_duration":"slow"},"elements":[],"isInner":false,"widgetType":"image-box","elType":"widget"}],"isInner":true,"elType":"column"},{"id":"6cd0fe17","settings":{"_column_size":33,"_inline_size":null},"elements":[{"id":"53a401af","settings":{"image":{"url":"https:\/\/demo01.houzez.co\/wp-content\/uploads\/2016\/03\/023.jpg","id":16142},"thumbnail_size":"houzez-item-image-1","title_text":"Buying","description_text":"Lorem ipsum dolor sit amet, consectetur adipiscing elit. Ut elit tellus, luctus nec ullamcorper mattis, pulvinar dapibus leo.","image_space":{"unit":"px","size":27,"sizes":[]},"image_size":{"unit":"%","size":100,"sizes":[]},"hover_animation":"shrink","text_align":"center","title_bottom_space":{"unit":"px","size":20,"sizes":[]},"title_color":"#000000","title_typography_typography":"custom","title_typography_font_family":"Lora","title_typography_font_weight":"400","description_color":"#7A7A7A","_padding":{"unit":"px","top":"30","right":"30","bottom":"30","left":"30","isLinked":true},"_background_background":"classic","_background_color":"#FFFFFF","_border_radius":{"unit":"px","top":"4","right":"4","bottom":"4","left":"4","isLinked":true},"_box_shadow_box_shadow_type":"yes","_box_shadow_box_shadow":{"horizontal":0,"vertical":20,"blur":40,"spread":0,"color":"rgba(0, 0, 0, 0.1)"},"_animation":"fadeIn","animation_duration":"slow"},"elements":[],"isInner":false,"widgetType":"image-box","elType":"widget"}],"isInner":true,"elType":"column"},{"id":"10fc73b5","settings":{"_column_size":33,"_inline_size":null},"elements":[{"id":"1f9bf798","settings":{"image":{"url":"https:\/\/demo01.houzez.co\/wp-content\/uploads\/2016\/03\/205.jpg","id":16175},"thumbnail_size":"houzez-item-image-1","title_text":"Selling","description_text":"Lorem ipsum dolor sit amet, consectetur adipiscing elit. Ut elit tellus, luctus nec ullamcorper mattis, pulvinar dapibus leo.","image_space":{"unit":"px","size":27,"sizes":[]},"image_size":{"unit":"%","size":100,"sizes":[]},"hover_animation":"shrink","text_align":"center","title_bottom_space":{"unit":"px","size":20,"sizes":[]},"title_color":"#000000","title_typography_typography":"custom","title_typography_font_family":"Lora","title_typography_font_weight":"400","description_color":"#7A7A7A","_padding":{"unit":"px","top":"30","right":"30","bottom":"30","left":"30","isLinked":true},"_background_background":"classic","_background_color":"#FFFFFF","_border_radius":{"unit":"px","top":"4","right":"4","bottom":"4","left":"4","isLinked":true},"_box_shadow_box_shadow_type":"yes","_box_shadow_box_shadow":{"horizontal":0,"vertical":20,"blur":40,"spread":0,"color":"rgba(0, 0, 0, 0.1)"},"_animation":"fadeIn","animation_duration":"slow"},"elements":[],"isInner":false,"widgetType":"image-box","elType":"widget"}],"isInner":true,"elType":"column"}],"isInner":true,"elType":"section"},{"id":"686ca6fa","settings":[],"elements":[],"isInner":false,"widgetType":"spacer","elType":"widget"}],"isInner":false,"elType":"column"}],"isInner":false,"elType":"section"},{"id":"2323890e","settings":{"background_background":"classic","background_color":"#FFFFFF","background_overlay_color":"#FFFFFF","css_filters_blur":{"unit":"px","size":2,"sizes":[]}},"elements":[{"id":"6470adcd","settings":{"_column_size":100,"_inline_size":null},"elements":[{"id":"20df1be9","settings":[],"elements":[{"id":"15e7d9a3","settings":{"_column_size":100,"_inline_size":null},"elements":[{"id":"7aa65c72","settings":[],"elements":[],"isInner":false,"widgetType":"spacer","elType":"widget"},{"id":"58bc9b42","settings":{"hz_section_title":"Check Our Featured Listings ","section_title_typography_typography":"custom","section_title_typography_font_size":{"unit":"px","size":35,"sizes":[]},"section_title_typography_font_weight":"300","section_subtitle_typography_typography":"custom","houzez_section_title_margin_bottom":{"unit":"px","size":20,"sizes":[]},"_animation":"fadeIn","animation_duration":"slow","hz_section_subtitle":"Lorem ipsum dolor sit amet, consectetur adipiscing ","houzez_section_subtitle_color":"#7A7A7A","section_title_typography_font_family":"Lora","section_title_typography_font_size_mobile":{"unit":"px","size":28,"sizes":[]},"section_title_typography_line_height_mobile":{"unit":"em","size":1.4,"sizes":[]}},"elements":[],"isInner":false,"widgetType":"houzez_elementor_section_title","elType":"widget"},{"id":"66861147","settings":{"auto_speed":"3000","property_type":["residential"],"property_status":["for-rent"],"sort_by":"featured_top","hz_property_title_typography":"custom","hz_property_title_font_family":"Lora","hz_property_title_font_size":{"unit":"px","size":18,"sizes":[]},"hz_meta_labels_typography":"custom","hz_title_margin_bottom":{"unit":"px","size":5,"sizes":[]},"hz_address_margin_bottom":{"unit":"px","size":5,"sizes":[]},"hz_meta_icons":{"unit":"px","size":18,"sizes":[]},"box_shadow_box_shadow_type":"yes","box_shadow_box_shadow":{"horizontal":0,"vertical":1,"blur":2,"spread":0,"color":"rgba(0, 0, 0, 0.1)"},"np_bg_color":"rgba(0, 0, 0, 0.2)","np_color":"#FFFFFF","np_bg_color_hover":"#00AEFF","np_color_hover":"#FFFFFF","_animation":"fadeIn","animation_duration":"slow"},"elements":[],"isInner":false,"widgetType":"houzez_elementor_properties_carousel_v2n","elType":"widget"},{"id":"5b426131","settings":[],"elements":[],"isInner":false,"widgetType":"spacer","elType":"widget"}],"isInner":true,"elType":"column"}],"isInner":true,"elType":"section"}],"isInner":false,"elType":"column"}],"isInner":false,"elType":"section"},{"id":"511f238e","settings":{"custom_height":{"unit":"px","size":760,"sizes":[]},"content_position":"bottom","background_color":"#FFFFFF","background_position":"center left","background_repeat":"repeat","background_size":"cover","background_overlay_background":"classic","css_filters_blur":{"unit":"px","size":2,"sizes":[]},"stretch_section":"section-stretched","gap":"no","background_background":"classic","background_bg_width":{"unit":"%","size":15,"sizes":[]},"background_image":{"url":"https:\/\/demo01.houzez.co\/wp-content\/uploads\/2016\/03\/205.jpg","id":16175},"background_overlay_color":"rgba(0, 51, 90, 0.94)","background_attachment":"fixed","content_width":{"unit":"px","size":1280,"sizes":[]},"height":"min-height","background_overlay_color_stop":{"unit":"%","size":76,"sizes":[]},"background_overlay_color_b":"rgba(242, 41, 91, 0)","background_overlay_color_b_stop":{"unit":"%","size":76,"sizes":[]},"background_overlay_gradient_angle":{"unit":"deg","size":90,"sizes":[]},"background_overlay_opacity":{"unit":"px","size":1,"sizes":[]},"padding":{"unit":"px","top":"50","right":"0","bottom":"50","left":"0","isLinked":false}},"elements":[{"id":"30b150da","settings":{"_column_size":100,"_inline_size":null},"elements":[{"id":"52188cef","settings":{"height":{"unit":"px","size":70,"sizes":[]}},"elements":[],"isInner":false,"widgetType":"houzez_elementor_space","elType":"widget"},{"id":"68b27c94","settings":{"gap":"wider","structure":"30","layout":"full_width"},"elements":[{"id":"11a6476e","settings":{"_column_size":33,"_inline_size":30,"content_position":"bottom"},"elements":[{"id":"c6eb09f","settings":{"hz_section_title":"Why Houzez Is The Perfect Choice?","section_title_typography_typography":"custom","section_title_typography_font_size":{"unit":"px","size":31,"sizes":[]},"section_title_typography_font_weight":"300","section_subtitle_typography_typography":"custom","houzez_section_title_align":"left","section_subtitle_typography_line_height":{"unit":"em","size":1.5,"sizes":[]},"houzez_section_title_color":"#FFFFFF","houzez_section_subtitle_color":"#7A7A7A","homey_main_title_spacing":{"unit":"px","size":15,"sizes":[]},"_animation":"fadeIn","animation_duration":"slow","section_title_typography_line_height":{"unit":"em","size":1.6,"sizes":[]},"_offset_x":{"size":0,"unit":"px"},"_offset_y":{"size":58,"unit":"px"},"section_title_typography_font_family":"Lora"},"elements":[],"isInner":false,"widgetType":"houzez_elementor_section_title","elType":"widget"},{"id":"44e86785","settings":{"width":{"unit":"%","size":30,"sizes":[]},"text":"Divider","color":"rgba(255, 255, 255, 0.35)"},"elements":[],"isInner":false,"widgetType":"divider","elType":"widget"},{"id":"4898d50a","settings":{"title":"01.","header_size":"div","title_color":"#FFFFFF","typography_typography":"custom","typography_font_family":"Noto Serif JP","typography_font_size":{"unit":"px","size":40,"sizes":[]},"typography_font_weight":"300","_animation":"fadeIn","animation_duration":"slow"},"elements":[],"isInner":false,"widgetType":"heading","elType":"widget"},{"id":"27875061","settings":{"hz_section_title":"Perfect Solution For Designers And Agents","hz_section_subtitle":"Never miss a sale! It's never been easier to turn leads into real customers","section_title_typography_typography":"custom","section_title_typography_font_size":{"unit":"px","size":25,"sizes":[]},"section_title_typography_font_weight":"300","section_subtitle_typography_typography":"custom","houzez_section_title_align":"left","section_subtitle_typography_line_height":{"unit":"em","size":1.5,"sizes":[]},"houzez_section_title_color":"#FFFFFF","houzez_section_subtitle_color":"rgba(255, 255, 255, 0.63)","homey_main_title_spacing":{"unit":"px","size":15,"sizes":[]},"_animation":"fadeIn","animation_duration":"slow","section_title_typography_line_height":{"unit":"em","size":1.4,"sizes":[]},"section_title_typography_letter_spacing":{"unit":"px","size":0,"sizes":[]},"section_title_typography_font_family":"Lora"},"elements":[],"isInner":false,"widgetType":"houzez_elementor_section_title","elType":"widget"},{"id":"485c4109","settings":{"width":{"unit":"%","size":30,"sizes":[]},"text":"Divider","color":"rgba(255, 255, 255, 0.35)"},"elements":[],"isInner":false,"widgetType":"divider","elType":"widget"}],"isInner":true,"elType":"column"},{"id":"194bed07","settings":{"_column_size":33,"_inline_size":30,"content_position":"bottom"},"elements":[{"id":"277d572d","settings":{"title":"02.","header_size":"div","title_color":"#FFFFFF","typography_typography":"custom","typography_font_family":"Noto Serif JP","typography_font_size":{"unit":"px","size":40,"sizes":[]},"typography_font_weight":"300","_animation":"fadeIn","animation_duration":"slow"},"elements":[],"isInner":false,"widgetType":"heading","elType":"widget"},{"id":"667545be","settings":{"hz_section_title":"Design Custom Leads Capture Forms","hz_section_subtitle":"Someone asked a question? Get back to them right away","section_title_typography_typography":"custom","section_title_typography_font_size":{"unit":"px","size":25,"sizes":[]},"section_title_typography_font_weight":"300","section_subtitle_typography_typography":"custom","houzez_section_title_align":"left","section_subtitle_typography_line_height":{"unit":"em","size":1.5,"sizes":[]},"houzez_section_title_color":"#FFFFFF","houzez_section_subtitle_color":"rgba(255, 255, 255, 0.63)","homey_main_title_spacing":{"unit":"px","size":15,"sizes":[]},"_animation":"fadeIn","animation_duration":"slow","section_title_typography_line_height":{"unit":"em","size":1.4,"sizes":[]},"section_title_typography_letter_spacing":{"unit":"px","size":0,"sizes":[]},"section_title_typography_font_family":"Lora"},"elements":[],"isInner":false,"widgetType":"houzez_elementor_section_title","elType":"widget"},{"id":"5055fa","settings":{"width":{"unit":"%","size":30,"sizes":[]},"text":"Divider","color":"rgba(255, 255, 255, 0.35)"},"elements":[],"isInner":false,"widgetType":"divider","elType":"widget"},{"id":"517e592a","settings":{"title":"03.","header_size":"div","title_color":"#FFFFFF","typography_typography":"custom","typography_font_family":"Noto Serif JP","typography_font_size":{"unit":"px","size":40,"sizes":[]},"typography_font_weight":"300","_animation":"fadeIn","animation_duration":"slow"},"elements":[],"isInner":false,"widgetType":"heading","elType":"widget"},{"id":"244e9e32","settings":{"hz_section_title":"Customer Relationship Management","hz_section_subtitle":"Keep track of your leads without having to pay for an external CRM","section_title_typography_typography":"custom","section_title_typography_font_size":{"unit":"px","size":25,"sizes":[]},"section_title_typography_font_weight":"300","section_subtitle_typography_typography":"custom","houzez_section_title_align":"left","section_subtitle_typography_line_height":{"unit":"em","size":1.5,"sizes":[]},"houzez_section_title_color":"#FFFFFF","houzez_section_subtitle_color":"rgba(255, 255, 255, 0.63)","homey_main_title_spacing":{"unit":"px","size":15,"sizes":[]},"_animation":"fadeIn","animation_duration":"slow","section_title_typography_line_height":{"unit":"em","size":1.4,"sizes":[]},"section_title_typography_letter_spacing":{"unit":"px","size":0,"sizes":[]},"section_title_typography_font_family":"Lora"},"elements":[],"isInner":false,"widgetType":"houzez_elementor_section_title","elType":"widget"},{"id":"55f0667f","settings":{"width":{"unit":"%","size":30,"sizes":[]},"text":"Divider","color":"rgba(255, 255, 255, 0.35)"},"elements":[],"isInner":false,"widgetType":"divider","elType":"widget"}],"isInner":true,"elType":"column"},{"id":"61ceb1e","settings":{"_column_size":33,"_inline_size":39.666,"content_position":"center","space_between_widgets":0,"background_background":"classic","background_color":"#FFFFFF","padding":{"unit":"px","top":"50","right":"50","bottom":"30","left":"50","isLinked":false}},"elements":[{"id":"491684fc","settings":{"hz_section_title":"Real Estate Inquiry Form","section_title_typography_typography":"custom","section_title_typography_font_size":{"unit":"px","size":25,"sizes":[]},"section_title_typography_font_weight":"300","section_subtitle_typography_typography":"custom","houzez_section_title_margin_bottom":{"unit":"px","size":20,"sizes":[]},"_animation":"fadeIn","animation_duration":"slow","hz_section_subtitle":"Design custom lead capture forms that integrate with the Houzez CRM","houzez_section_subtitle_color":"#7A7A7A","section_title_typography_font_family":"Lora","section_title_typography_font_size_mobile":{"unit":"px","size":28,"sizes":[]},"section_title_typography_line_height_mobile":{"unit":"em","size":1.4,"sizes":[]},"houzez_section_title_align":"left"},"elements":[],"isInner":false,"widgetType":"houzez_elementor_section_title","elType":"widget"},{"id":"2994682e","settings":{"form_name":"New Form","form_fields":[{"field_type":"enquiry_type","field_label":"Inquiry Type","placeholder":"Select","required":"true","field_options":"","width":"100","width_tablet":"","width_mobile":"","rows":4,"_id":"ba6c34c"},{"field_type":"user_type","field_label":"Information","placeholder":"I'm a ","required":"true","field_options":"Select\nI'm a real estate agent\nI'm a property owner","width":"100","width_tablet":"","width_mobile":"","rows":4,"_id":"b7fe77d"},{"field_type":"first_name","field_label":"","placeholder":"First Name","required":"true","field_options":"","width":"50","width_tablet":"","width_mobile":"","rows":4,"_id":"cc6b92f"},{"field_type":"last_name","field_label":"","placeholder":"Last Name","required":"","field_options":"","width":"50","width_tablet":"","width_mobile":"","rows":4,"_id":"3cc124e"},{"field_type":"email","field_label":"","placeholder":"Email Address","required":"true","field_options":"","width":"100","width_tablet":"","width_mobile":"","rows":4,"_id":"932d82c"},{"field_type":"e_meta[city]","field_label":"Location","placeholder":"Select City","required":"true","field_options":"","width":"50","width_tablet":"","width_mobile":"","rows":4,"_id":"2eaf20d"},{"field_type":"e_meta[zipcode]","field_label":"&nbsp;","placeholder":"Zip Code","required":"true","field_options":"","width":"50","width_tablet":"","width_mobile":"","rows":4,"_id":"f0ee6fc"},{"field_type":"e_meta[property_type]","field_label":"Property","placeholder":"Select type","required":"true","field_options":"","width":"100","width_tablet":"","width_mobile":"","rows":4,"_id":"3180222"},{"field_type":"e_meta[price]","field_label":"","placeholder":"Max price","required":"true","field_options":"","width":"50","width_tablet":"","width_mobile":"","rows":4,"_id":"c549d17"},{"field_type":"e_meta[area-size]","field_label":"","placeholder":"Minimum size (Sq Ft)","required":"true","field_options":"","width":"50","width_tablet":"","width_mobile":"","rows":4,"_id":"e08cbcb"},{"field_type":"e_meta[beds]","field_label":"","placeholder":"Number of beds","required":"true","field_options":"","width":"50","width_tablet":"","width_mobile":"","rows":4,"_id":"66cc0de"},{"field_type":"e_meta[baths]","field_label":"","placeholder":"Number of baths","required":"true","field_options":"","width":"50","width_tablet":"","width_mobile":"","rows":4,"_id":"dea086f"}],"input_size":"md","button_text":"Submit","button_size":"md","email_to":"hello@favethemes.com","email_subject":"New message from &quot;Houzez 01&quot;","field_border_width":{"unit":"px","top":"2","right":"2","bottom":"2","left":"2","isLinked":true}},"elements":[],"isInner":false,"widgetType":"houzez_elementor_inquiry_form","elType":"widget"}],"isInner":true,"elType":"column"}],"isInner":true,"elType":"section"},{"id":"3a90dbe3","settings":{"height":{"unit":"px","size":70,"sizes":[]}},"elements":[],"isInner":false,"widgetType":"houzez_elementor_space","elType":"widget"}],"isInner":false,"elType":"column"}],"isInner":false,"elType":"section"},{"id":"4ece79ed","settings":{"background_background":"classic","background_color":"#FFFFFF"},"elements":[{"id":"3bbf9ca2","settings":{"_column_size":100,"_inline_size":null},"elements":[{"id":"4d1b27bc","settings":[],"elements":[],"isInner":false,"widgetType":"spacer","elType":"widget"},{"id":"2707e132","settings":[],"elements":[{"id":"2def5e04","settings":{"_column_size":100,"_inline_size":null},"elements":[{"id":"47694cbc","settings":{"hz_section_title":"Explore Lifestyles","section_title_typography_typography":"custom","section_title_typography_font_size":{"unit":"px","size":35,"sizes":[]},"section_title_typography_font_weight":"300","section_subtitle_typography_typography":"custom","houzez_section_title_margin_bottom":{"unit":"px","size":20,"sizes":[]},"_animation":"fadeIn","animation_duration":"slow","hz_section_subtitle":"Lorem ipsum dolor sit amet, consectetur adipiscing ","houzez_section_subtitle_color":"#7A7A7A","section_title_typography_font_family":"Lora","section_title_typography_font_size_mobile":{"unit":"px","size":28,"sizes":[]},"section_title_typography_line_height_mobile":{"unit":"em","size":1.4,"sizes":[]}},"elements":[],"isInner":false,"widgetType":"houzez_elementor_section_title","elType":"widget"},{"id":"4bc58001","settings":{"houzez_grid_type":"grid_v4","property_type":["office","shop","apartment","condo","single-family-home","studio","villa"],"houzez_show_child":"1","_animation":"fadeIn","animation_duration":"slow","grid_title_typography_typography":"custom","grid_title_typography_font_family":"Lora","grid_title_typography_font_size":{"unit":"px","size":20,"sizes":[]}},"elements":[],"isInner":false,"widgetType":"houzez_elementor_grids","elType":"widget"},{"id":"25d7c2fe","settings":[],"elements":[],"isInner":false,"widgetType":"spacer","elType":"widget"}],"isInner":true,"elType":"column"}],"isInner":true,"elType":"section"}],"isInner":false,"elType":"column"}],"isInner":false,"elType":"section"},{"id":"6c27ce3e","settings":{"background_color":"#FFFFFF"},"elements":[{"id":"3f6e9000","settings":{"_column_size":100,"_inline_size":null},"elements":[{"id":"b788eff","settings":[],"elements":[],"isInner":false,"widgetType":"spacer","elType":"widget"},{"id":"23cb8d35","settings":[],"elements":[{"id":"17e73f9e","settings":{"_column_size":100,"_inline_size":null},"elements":[{"id":"5ee325b0","settings":{"hz_section_title":"Properties For Sale","section_title_typography_typography":"custom","section_title_typography_font_size":{"unit":"px","size":35,"sizes":[]},"section_title_typography_font_weight":"300","section_subtitle_typography_typography":"custom","houzez_section_title_margin_bottom":{"unit":"px","size":20,"sizes":[]},"_animation":"fadeIn","animation_duration":"slow","hz_section_subtitle":"Lorem ipsum dolor sit amet, consectetur adipiscing ","houzez_section_subtitle_color":"#7A7A7A","section_title_typography_font_family":"Lora","section_title_typography_font_size_mobile":{"unit":"px","size":28,"sizes":[]},"section_title_typography_line_height_mobile":{"unit":"em","size":1.4,"sizes":[]}},"elements":[],"isInner":false,"widgetType":"houzez_elementor_section_title","elType":"widget"},{"id":"20e706dc","settings":{"auto_speed":"3000","property_type":[],"property_status":["for-sale"],"sort_by":"featured_top"},"elements":[],"isInner":false,"widgetType":"houzez_elementor_properties_carousel_v2n","elType":"widget"}],"isInner":true,"elType":"column"}],"isInner":true,"elType":"section"},{"id":"697fdbe6","settings":{"space":{"unit":"px","size":53,"sizes":[]}},"elements":[],"isInner":false,"widgetType":"spacer","elType":"widget"}],"isInner":false,"elType":"column"}],"isInner":false,"elType":"section"},{"id":"51b62d5f","settings":{"background_background":"classic","background_color":"#FFFFFF"},"elements":[{"id":"5166dfce","settings":{"_column_size":100,"_inline_size":null},"elements":[{"id":"7b262355","settings":[],"elements":[],"isInner":false,"widgetType":"spacer","elType":"widget"},{"id":"76ebb22e","settings":[],"elements":[{"id":"386a4058","settings":{"_column_size":100,"_inline_size":null},"elements":[{"id":"66ebe72d","settings":{"hz_section_title":"Explore Cities","section_title_typography_typography":"custom","section_title_typography_font_size":{"unit":"px","size":35,"sizes":[]},"section_title_typography_font_weight":"300","section_subtitle_typography_typography":"custom","houzez_section_title_margin_bottom":{"unit":"px","size":20,"sizes":[]},"_animation":"fadeIn","animation_duration":"slow","hz_section_subtitle":"Lorem ipsum dolor sit amet, consectetur adipiscing ","houzez_section_subtitle_color":"#7A7A7A","section_title_typography_font_family":"Lora","section_title_typography_font_size_mobile":{"unit":"px","size":28,"sizes":[]},"section_title_typography_line_height_mobile":{"unit":"em","size":1.4,"sizes":[]}},"elements":[],"isInner":false,"widgetType":"houzez_elementor_section_title","elType":"widget"},{"id":"529d13fc","settings":{"houzez_grid_type":"grid_v3","houzez_grid_from":"property_city","property_type":["office","shop","apartment","condo","single-family-home","studio","villa"],"houzez_show_child":"1","_animation":"fadeIn","animation_duration":"slow","grid_title_typography_typography":"custom","grid_title_typography_font_family":"Lora","grid_title_typography_font_size":{"unit":"px","size":20,"sizes":[]}},"elements":[],"isInner":false,"widgetType":"houzez_elementor_grids","elType":"widget"},{"id":"7b76794f","settings":[],"elements":[],"isInner":false,"widgetType":"spacer","elType":"widget"}],"isInner":true,"elType":"column"}],"isInner":true,"elType":"section"}],"isInner":false,"elType":"column"}],"isInner":false,"elType":"section"},{"id":"2a74b9b","settings":{"background_color":"#FFFFFF"},"elements":[{"id":"79d3d74d","settings":{"_column_size":100,"_inline_size":null},"elements":[{"id":"4002372a","settings":[],"elements":[],"isInner":false,"widgetType":"spacer","elType":"widget"},{"id":"8846958","settings":[],"elements":[{"id":"358c23df","settings":{"_column_size":100,"_inline_size":null},"elements":[{"id":"7afb47fc","settings":{"hz_section_title":"Get in touch with us","section_title_typography_typography":"custom","section_title_typography_font_size":{"unit":"px","size":35,"sizes":[]},"section_title_typography_font_weight":"300","section_subtitle_typography_typography":"custom","houzez_section_title_margin_bottom":{"unit":"px","size":20,"sizes":[]},"_animation":"fadeIn","animation_duration":"slow","hz_section_subtitle":"Lorem ipsum dolor sit amet, consectetur adipiscing ","houzez_section_subtitle_color":"#7A7A7A","section_title_typography_font_family":"Lora","section_title_typography_font_size_mobile":{"unit":"px","size":28,"sizes":[]},"section_title_typography_line_height_mobile":{"unit":"em","size":1.4,"sizes":[]}},"elements":[],"isInner":false,"widgetType":"houzez_elementor_section_title","elType":"widget"},{"id":"57d3187d","settings":{"columns":"4","posts_limit":"9","_animation":"fadeIn","animation_duration":"slow"},"elements":[],"isInner":false,"widgetType":"houzez_elementor_agents","elType":"widget"},{"id":"28b4b3bf","settings":[],"elements":[],"isInner":false,"widgetType":"spacer","elType":"widget"}],"isInner":true,"elType":"column"}],"isInner":true,"elType":"section"}],"isInner":false,"elType":"column"}],"isInner":false,"elType":"section"},{"id":"1001071e","settings":{"background_background":"classic","background_color":"#FFFFFF","structure":"50","padding":{"unit":"px","top":"15","right":"0","bottom":"15","left":"0","isLinked":false},"hide_tablet":"hidden-tablet","hide_mobile":"hidden-phone"},"elements":[{"id":"4599574e","settings":{"_column_size":20,"_inline_size":null},"elements":[{"id":"4fedb614","settings":{"image":{"url":"https:\/\/demo01.houzez.co\/wp-content\/uploads\/2016\/03\/partner-01-e1582734705113.jpg","id":1118}},"elements":[],"isInner":false,"widgetType":"image","elType":"widget"}],"isInner":false,"elType":"column"},{"id":"7ddd1418","settings":{"_column_size":20,"_inline_size":null},"elements":[{"id":"287f0e99","settings":{"image":{"url":"https:\/\/demo01.houzez.co\/wp-content\/uploads\/2016\/03\/partner-02-e1582734691936.jpg","id":1119}},"elements":[],"isInner":false,"widgetType":"image","elType":"widget"}],"isInner":false,"elType":"column"},{"id":"643eab3b","settings":{"_column_size":20,"_inline_size":null},"elements":[{"id":"6ca13880","settings":{"image":{"url":"https:\/\/demo01.houzez.co\/wp-content\/uploads\/2016\/03\/partner-04-e1582734649458.jpg","id":1121}},"elements":[],"isInner":false,"widgetType":"image","elType":"widget"}],"isInner":false,"elType":"column"},{"id":"7819c780","settings":{"_column_size":20,"_inline_size":null},"elements":[{"id":"4cab8e06","settings":{"image":{"url":"https:\/\/demo01.houzez.co\/wp-content\/uploads\/2016\/03\/partner-03-e1582734671602.jpg","id":1120}},"elements":[],"isInner":false,"widgetType":"image","elType":"widget"}],"isInner":false,"elType":"column"},{"id":"6d9294e2","settings":{"_column_size":20,"_inline_size":null},"elements":[{"id":"4321d0eb","settings":{"image":{"url":"https:\/\/demo01.houzez.co\/wp-content\/uploads\/2016\/03\/partner-05-e1582734603812.jpg","id":1122}},"elements":[],"isInner":false,"widgetType":"image","elType":"widget"}],"isInner":false,"elType":"column"}],"isInner":false,"elType":"section"}]}