{"content":[{"id":"7b92df17","settings":{"content_width":{"unit":"px","size":1300,"sizes":[]},"background_background":"classic","background_overlay_background":"classic","background_overlay_color":"#000000","height":"min-height","background_image":{"url":"https:\/\/wordpress-432351-3304931.cloudwaysapps.com\/wp-content\/uploads\/2023\/02\/header-tehran-01.jpg","id":18831,"alt":"","source":"library","size":""},"background_position":"center center","background_size":"cover","custom_height":{"unit":"px","size":270,"sizes":[]},"stretch_section":"section-stretched","background_repeat":"no-repeat","background_overlay_opacity":{"unit":"px","size":0.35,"sizes":[]},"overlay_blend_mode":"multiply","structure":"20"},"elements":[{"id":"7a233a20","settings":{"_column_size":50,"_inline_size":null,"z_index":1},"elements":[{"id":"303249fa","settings":{"title":"\u0628\u0627 \u0645\u0627 \u062a\u0645\u0627\u0633 \u0628\u06af\u06cc\u0631\u06cc\u062f","title_color":"#FFFFFF","typography_typography":"custom","typography_font_size":{"unit":"px","size":50,"sizes":[]},"header_size":"h1","typography_letter_spacing":{"unit":"px","size":0,"sizes":[]},"align":"right","typography_font_size_tablet":{"unit":"px","size":30,"sizes":[]},"typography_font_size_mobile":{"unit":"px","size":25,"sizes":[]},"typography_line_height_mobile":{"unit":"em","size":1.4,"sizes":[]},"typography_line_height_tablet":{"unit":"px","size":"","sizes":[]},"_animation":"fadeIn"},"elements":[],"isInner":false,"widgetType":"heading","elType":"widget"},{"id":"4b44f6ae","settings":{"title":"\u062a\u0639\u0647\u062f \u0645\u0627 \u0628\u0647 \u0627\u0631\u0627\u0626\u0647 \u062e\u062f\u0645\u0627\u062a \u0627\u0633\u062a\u062b\u0646\u0627\u06cc\u06cc \u0627\u0645\u0644\u0627\u06a9 \u0648 \u0645\u0633\u062a\u063a\u0644\u0627\u062a \u0628\u0647 \u0645\u0634\u062a\u0631\u06cc\u0627\u0646 \u062e\u0648\u062f \u0631\u0627 \u06a9\u0634\u0641 \u06a9\u0646\u06cc\u062f","header_size":"div","align":"right","title_color":"#FFFFFF","typography_typography":"custom","typography_font_size":{"unit":"px","size":20,"sizes":[]},"typography_text_transform":"uppercase","typography_letter_spacing":{"unit":"px","size":6,"sizes":[]},"_margin":{"unit":"px","top":"0","right":"0","bottom":"0","left":"0","isLinked":false},"typography_font_weight":"200","_animation":"fadeIn","_animation_delay":250,"typography_line_height_mobile":{"unit":"em","size":1.7,"sizes":[]},"typography_line_height":{"unit":"em","size":1.3,"sizes":[]}},"elements":[],"isInner":false,"widgetType":"heading","elType":"widget"}],"isInner":false,"elType":"column"},{"id":"5a40c79f","settings":{"_column_size":50,"_inline_size":null},"elements":[],"isInner":false,"elType":"column"}],"isInner":false,"elType":"section"},{"id":"343db6ec","settings":{"content_width":{"unit":"px","size":1300,"sizes":[]},"padding_tablet":{"unit":"%","top":"0","right":"6","bottom":"0","left":"5","isLinked":false},"padding_mobile":{"unit":"%","top":"","right":"","bottom":"","left":"","isLinked":true}},"elements":[{"id":"54f8f863","settings":{"_column_size":100,"_inline_size":null},"elements":[{"id":"5e725ace","settings":{"space_mobile":{"unit":"px","size":10,"sizes":[]}},"elements":[],"isInner":false,"widgetType":"spacer","elType":"widget"},{"id":"72eef3ed","settings":{"editor":"<p>\u062f\u0631 \u0646\u0627\u0645 \u0634\u0631\u06a9\u062a\u060c \u0645\u0627 \u0645\u0641\u062a\u062e\u0631\u06cc\u0645 \u06a9\u0647 \u06cc\u06a9\u06cc \u0627\u0632 \u067e\u06cc\u0634\u0631\u0648\u062a\u0631\u06cc\u0646 \u0634\u0631\u06a9\u062a \u0647\u0627\u06cc \u0627\u0645\u0644\u0627\u06a9 \u062f\u0631 \u062a\u0647\u0631\u0627\u0646 \u0647\u0633\u062a\u06cc\u0645 \u0648 \u0637\u06cc\u0641 \u06a9\u0627\u0645\u0644\u06cc \u0627\u0632 \u062e\u062f\u0645\u0627\u062a \u0631\u0627 \u0628\u0647 \u0645\u0634\u062a\u0631\u06cc\u0627\u0646 \u062e\u0648\u062f \u0627\u0631\u0627\u0626\u0647 \u0645\u06cc \u062f\u0647\u06cc\u0645. \u0628\u0627 \u0633\u0627\u0644\u0647\u0627 \u062a\u062c\u0631\u0628\u0647 \u0648 \u062f\u0631\u06a9 \u0639\u0645\u06cc\u0642 \u0627\u0632 \u0628\u0627\u0632\u0627\u0631 \u0645\u062d\u0644\u06cc\u060c \u0645\u0627 \u0645\u062a\u0639\u0647\u062f \u0647\u0633\u062a\u06cc\u0645 \u06a9\u0647 \u0628\u0647 \u0645\u0634\u062a\u0631\u06cc\u0627\u0646 \u062e\u0648\u062f \u062f\u0631 \u062a\u0635\u0645\u06cc\u0645 \u06af\u06cc\u0631\u06cc \u0622\u06af\u0627\u0647\u0627\u0646\u0647 \u0648 \u062f\u0633\u062a\u06cc\u0627\u0628\u06cc \u0628\u0647 \u0627\u0647\u062f\u0627\u0641 \u0627\u0645\u0644\u0627\u06a9 \u0648 \u0645\u0633\u062a\u063a\u0644\u0627\u062a \u06a9\u0645\u06a9 \u06a9\u0646\u06cc\u0645.<\/p><p>\u062a\u06cc\u0645 \u0645\u0627 \u0645\u062a\u0634\u06a9\u0644 \u0627\u0632 \u0645\u062a\u062e\u0635\u0635\u0627\u0646 \u0628\u0627\u062a\u062c\u0631\u0628\u0647 \u0627\u0645\u0644\u0627\u06a9 \u0648 \u0645\u0633\u062a\u063a\u0644\u0627\u062a \u0628\u0647 \u0627\u0631\u0627\u0626\u0647 \u062e\u062f\u0645\u0627\u062a \u0627\u0633\u062a\u062b\u0646\u0627\u06cc\u06cc \u0628\u0647 \u0645\u0634\u062a\u0631\u06cc\u0627\u0646 \u0648 \u0627\u0631\u0627\u0626\u0647 \u0646\u062a\u0627\u06cc\u062c\u06cc \u0641\u0631\u0627\u062a\u0631 \u0627\u0632 \u0627\u0646\u062a\u0638\u0627\u0631\u0627\u062a \u0645\u0634\u062a\u0631\u06cc\u0627\u0646 \u0645\u0627 \u0627\u062e\u062a\u0635\u0627\u0635 \u062f\u0627\u0631\u062f. \u0627\u0632 \u062e\u0631\u06cc\u062f \u0648 \u0641\u0631\u0648\u0634 \u0645\u0644\u06a9 \u06af\u0631\u0641\u062a\u0647 \u062a\u0627 \u0645\u062f\u06cc\u0631\u06cc\u062a \u0627\u0645\u0644\u0627\u06a9 \u0627\u062c\u0627\u0631\u0647 \u0648 \u0645\u0634\u0627\u0648\u0631\u0647 \u0627\u0645\u0644\u0627\u06a9\u060c \u0645\u0627 \u0627\u06cc\u0646\u062c\u0627 \u0647\u0633\u062a\u06cc\u0645 \u062a\u0627 \u062f\u0631 \u0647\u0631 \u0645\u0631\u062d\u0644\u0647 \u0628\u0647 \u0645\u0634\u062a\u0631\u06cc\u0627\u0646 \u062e\u0648\u062f \u06a9\u0645\u06a9 \u06a9\u0646\u06cc\u0645.<\/p><p>\u0645\u0627 \u062f\u0631\u06a9 \u0645\u06cc \u06a9\u0646\u06cc\u0645 \u06a9\u0647 \u062e\u0631\u06cc\u062f\u060c \u0641\u0631\u0648\u0634 \u06cc\u0627 \u0627\u062c\u0627\u0631\u0647 \u0645\u0644\u06a9 \u0645\u06cc \u062a\u0648\u0627\u0646\u062f \u06cc\u06a9 \u0641\u0631\u0622\u06cc\u0646\u062f \u067e\u06cc\u0686\u06cc\u062f\u0647 \u0648 \u0686\u0627\u0644\u0634 \u0628\u0631\u0627\u0646\u06af\u06cc\u0632 \u0628\u0627\u0634\u062f. \u0628\u0647 \u0647\u0645\u06cc\u0646 \u062f\u0644\u06cc\u0644 \u0627\u0633\u062a \u06a9\u0647 \u0645\u0627 \u0648\u0638\u06cc\u0641\u0647 \u062e\u0648\u062f \u0631\u0627 \u0633\u0627\u062f\u0647 \u0633\u0627\u0632\u06cc \u0641\u0631\u0622\u06cc\u0646\u062f \u0648 \u0627\u0631\u0627\u0626\u0647 \u067e\u0634\u062a\u06cc\u0628\u0627\u0646\u06cc \u0645\u0634\u062a\u0631\u06cc\u0627\u0646 \u062e\u0648\u062f \u0628\u0631\u0627\u06cc \u062a\u0635\u0645\u06cc\u0645 \u06af\u06cc\u0631\u06cc \u0622\u06af\u0627\u0647\u0627\u0646\u0647 \u0642\u0631\u0627\u0631 \u062f\u0627\u062f\u0647 \u0627\u06cc\u0645. \u0628\u0627 \u062a\u0645\u0631\u06a9\u0632 \u0628\u0631 \u06cc\u06a9\u067e\u0627\u0631\u0686\u06af\u06cc\u060c \u062d\u0631\u0641\u0647 \u0627\u06cc \u0628\u0648\u062f\u0646 \u0648 \u0628\u0631\u062a\u0631\u06cc\u060c \u0645\u0627 \u0627\u06cc\u0646\u062c\u0627 \u0647\u0633\u062a\u06cc\u0645 \u062a\u0627 \u0628\u0647 \u0645\u0634\u062a\u0631\u06cc\u0627\u0646 \u062e\u0648\u062f \u06a9\u0645\u06a9 \u06a9\u0646\u06cc\u0645 \u062a\u0627 \u062f\u0631 \u0686\u0634\u0645 \u0627\u0646\u062f\u0627\u0632 \u062f\u0627\u0626\u0645\u06cc \u062f\u0631 \u062d\u0627\u0644 \u062a\u063a\u06cc\u06cc\u0631 \u0627\u0645\u0644\u0627\u06a9 \u0648 \u0645\u0633\u062a\u063a\u0644\u0627\u062a \u062d\u0631\u06a9\u062a \u06a9\u0646\u0646\u062f \u0648 \u0628\u0647 \u0627\u0647\u062f\u0627\u0641 \u062e\u0648\u062f \u0628\u0631\u0633\u0646\u062f.<\/p>","text_columns":"3","column_gap":{"unit":"px","size":47,"sizes":[]},"align":"right","text_color":"#2F2F2F","typography_typography":"custom","typography_font_size":{"unit":"px","size":16,"sizes":[]},"typography_font_size_tablet":{"unit":"px","size":16,"sizes":[]},"typography_font_size_mobile":{"unit":"px","size":16,"sizes":[]},"typography_line_height":{"unit":"em","size":1.7,"sizes":[]},"text_columns_mobile":"1","align_mobile":"center"},"elements":[],"isInner":false,"widgetType":"text-editor","elType":"widget"},{"id":"4a60828f","settings":{"space_mobile":{"unit":"px","size":10,"sizes":[]},"space":{"unit":"px","size":30,"sizes":[]}},"elements":[],"isInner":false,"widgetType":"spacer","elType":"widget"}],"isInner":false,"elType":"column"}],"isInner":false,"elType":"section"},{"id":"3c649e05","settings":{"layout":"full_width","background_color":"#09ABB512","background_color_b":"#E6EBF080","background_gradient_angle":{"unit":"deg","size":0,"sizes":[]},"padding":{"unit":"%","top":"3","right":"0","bottom":"3","left":"0","isLinked":false},"padding_tablet":{"unit":"%","top":"0","right":"05","bottom":"0","left":"05","isLinked":false},"padding_mobile":{"unit":"%","top":"","right":"","bottom":"","left":"","isLinked":true},"background_background":"classic"},"elements":[{"id":"775f40cd","settings":{"_column_size":100,"_inline_size":null},"elements":[{"id":"3df6bb82","settings":{"content_width":{"unit":"px","size":1300,"sizes":[]},"animation":"fadeIn","content_position":"middle"},"elements":[{"id":"6b7f6ea9","settings":{"_column_size":100,"_inline_size":null},"elements":[{"id":"7d3d6652","settings":{"title":"\u062e\u062f\u0645\u0627\u062a \u0645\u0627","title_color":"#000000","typography_typography":"custom","typography_font_size":{"unit":"px","size":34,"sizes":[]},"typography_line_height":{"unit":"em","size":1.5,"sizes":[]},"typography_font_size_tablet":{"unit":"px","size":28,"sizes":[]},"typography_font_size_mobile":{"unit":"px","size":24,"sizes":[]},"typography_font_weight":"bold"},"elements":[],"isInner":false,"widgetType":"heading","elType":"widget"},{"id":"68248e51","settings":{"editor":"<p>\u0631\u0627\u0647 \u062d\u0644 \u0647\u0627\u06cc \u0645\u0646\u0627\u0633\u0628 \u0628\u0631\u0627\u06cc \u0627\u0645\u0644\u0627\u06a9 \u0648 \u0645\u0633\u062a\u063a\u0644\u0627\u062a \u0628\u0631\u0627\u06cc \u0628\u0631\u0622\u0648\u0631\u062f\u0647 \u06a9\u0631\u062f\u0646 \u0646\u06cc\u0627\u0632\u0647\u0627 \u0648 \u0627\u0647\u062f\u0627\u0641 \u0645\u0646\u062d\u0635\u0631 \u0628\u0647 \u0641\u0631\u062f \u0634\u0645\u0627<\/p>","typography_typography":"custom","typography_font_size":{"unit":"px","size":18,"sizes":[]},"typography_line_height":{"unit":"em","size":1.7,"sizes":[]},"text_color":"#2F2F2F","typography_font_size_tablet":{"unit":"px","size":18,"sizes":[]},"typography_font_size_mobile":{"unit":"px","size":16,"sizes":[]}},"elements":[],"isInner":false,"widgetType":"text-editor","elType":"widget"}],"isInner":true,"elType":"column"}],"isInner":true,"elType":"section"},{"id":"779f3ccc","settings":{"gap":"wide","content_width":{"unit":"px","size":1300,"sizes":[]},"background_overlay_color":"#FFFFFF","background_overlay_color_stop":{"unit":"%","size":69,"sizes":[]},"background_overlay_color_b":"#36AA71","background_overlay_color_b_stop":{"unit":"%","size":26,"sizes":[]},"background_overlay_gradient_angle":{"unit":"deg","size":135,"sizes":[]},"background_overlay_opacity":{"unit":"px","size":1,"sizes":[]},"structure":"30","z_index":1},"elements":[{"id":"7f603cab","settings":{"_column_size":33,"_inline_size":null,"_inline_size_tablet":100,"space_between_widgets":30},"elements":[{"id":"2787da84","settings":{"image":{"url":"https:\/\/wordpress-432351-3304931.cloudwaysapps.com\/wp-content\/uploads\/2023\/02\/header-tehran-01.jpg","id":18831,"size":"","alt":"","source":"library"},"thumbnail_size":"custom","thumbnail_custom_dimension":{"width":"200","height":"200"},"title_text":"\u062e\u0631\u06cc\u062f \u0648 \u0641\u0631\u0648\u0634 \u0645\u0644\u06a9","description_text":"\u0628\u0631\u0627\u06cc \u062a\u063a\u06cc\u06cc\u0631 \u0627\u06cc\u0646 \u0645\u062a\u0646 \u0628\u0631 \u0631\u0648\u06cc \u062f\u06a9\u0645\u0647 \u0648\u06cc\u0631\u0627\u06cc\u0634 \u06a9\u0644\u06cc\u06a9 \u06a9\u0646\u06cc\u062f. \u0644\u0648\u0631\u0645 \u0627\u06cc\u067e\u0633\u0648\u0645 \u0645\u062a\u0646 \u0633\u0627\u062e\u062a\u06af\u06cc \u0628\u0627 \u062a\u0648\u0644\u06cc\u062f \u0633\u0627\u062f\u06af\u06cc \u0646\u0627\u0645\u0641\u0647\u0648\u0645 \u0627\u0632 \u0635\u0646\u0639\u062a \u0686\u0627\u067e \u0648 \u0628\u0627 \u0627\u0633\u062a\u0641\u0627\u062f\u0647 \u0627\u0632 \u0637\u0631\u0627\u062d\u0627\u0646 \u06af\u0631\u0627\u0641\u06cc\u06a9 \u0627\u0633\u062a.","position":"right","image_space":{"unit":"px","size":30,"sizes":[]},"image_size":{"unit":"%","size":57,"sizes":[]},"image_border_border":"none","image_border_width":{"unit":"px","top":"0","right":"0","bottom":"0","left":"0","isLinked":true},"image_border_color":"#09ABB5","image_border_radius":{"unit":"px","size":4,"sizes":[]},"text_align":"right","title_typography_typography":"custom","title_typography_font_size":{"unit":"px","size":24,"sizes":[]},"title_typography_font_weight":"bold","description_color":"#606060"},"elements":[],"isInner":false,"widgetType":"image-box","elType":"widget"}],"isInner":true,"elType":"column"},{"id":"71673e53","settings":{"_column_size":33,"_inline_size":null,"_inline_size_tablet":100,"space_between_widgets":30},"elements":[{"id":"f617cda","settings":{"image":{"url":"https:\/\/wordpress-432351-3304931.cloudwaysapps.com\/wp-content\/uploads\/2023\/02\/single-home-0010.jpg","id":18811,"size":"","alt":"","source":"library"},"thumbnail_size":"custom","thumbnail_custom_dimension":{"width":"200","height":"200"},"title_text":"\u0645\u062f\u06cc\u0631\u06cc\u062a \u0627\u0645\u0644\u0627\u06a9 \u0627\u062c\u0627\u0631\u0647 \u0627\u06cc","description_text":"\u0628\u0631\u0627\u06cc \u062a\u063a\u06cc\u06cc\u0631 \u0627\u06cc\u0646 \u0645\u062a\u0646 \u0628\u0631 \u0631\u0648\u06cc \u062f\u06a9\u0645\u0647 \u0648\u06cc\u0631\u0627\u06cc\u0634 \u06a9\u0644\u06cc\u06a9 \u06a9\u0646\u06cc\u062f. \u0644\u0648\u0631\u0645 \u0627\u06cc\u067e\u0633\u0648\u0645 \u0645\u062a\u0646 \u0633\u0627\u062e\u062a\u06af\u06cc \u0628\u0627 \u062a\u0648\u0644\u06cc\u062f \u0633\u0627\u062f\u06af\u06cc \u0646\u0627\u0645\u0641\u0647\u0648\u0645 \u0627\u0632 \u0635\u0646\u0639\u062a \u0686\u0627\u067e \u0648 \u0628\u0627 \u0627\u0633\u062a\u0641\u0627\u062f\u0647 \u0627\u0632 \u0637\u0631\u0627\u062d\u0627\u0646 \u06af\u0631\u0627\u0641\u06cc\u06a9 \u0627\u0633\u062a.","position":"right","image_space":{"unit":"px","size":30,"sizes":[]},"image_size":{"unit":"%","size":57,"sizes":[]},"image_border_border":"none","image_border_width":{"unit":"px","top":"0","right":"0","bottom":"0","left":"0","isLinked":true},"image_border_color":"#09ABB5","image_border_radius":{"unit":"px","size":4,"sizes":[]},"text_align":"right","title_typography_typography":"custom","title_typography_font_size":{"unit":"px","size":24,"sizes":[]},"title_typography_font_weight":"bold","description_color":"#606060"},"elements":[],"isInner":false,"widgetType":"image-box","elType":"widget"}],"isInner":true,"elType":"column"},{"id":"b898ca1","settings":{"_column_size":33,"_inline_size":null,"_inline_size_tablet":100,"space_between_widgets":30},"elements":[{"id":"7fe684a1","settings":{"image":{"url":"https:\/\/wordpress-432351-3304931.cloudwaysapps.com\/wp-content\/uploads\/2023\/02\/single-home-0003.jpg","id":18812,"size":"","alt":"","source":"library"},"thumbnail_size":"custom","thumbnail_custom_dimension":{"width":"200","height":"200"},"title_text":"\u062e\u062f\u0645\u0627\u062a \u0645\u0634\u0627\u0648\u0631\u0647 \u0627\u0645\u0644\u0627\u06a9","description_text":"\u0628\u0631\u0627\u06cc \u062a\u063a\u06cc\u06cc\u0631 \u0627\u06cc\u0646 \u0645\u062a\u0646 \u0628\u0631 \u0631\u0648\u06cc \u062f\u06a9\u0645\u0647 \u0648\u06cc\u0631\u0627\u06cc\u0634 \u06a9\u0644\u06cc\u06a9 \u06a9\u0646\u06cc\u062f. \u0644\u0648\u0631\u0645 \u0627\u06cc\u067e\u0633\u0648\u0645 \u0645\u062a\u0646 \u0633\u0627\u062e\u062a\u06af\u06cc \u0628\u0627 \u062a\u0648\u0644\u06cc\u062f \u0633\u0627\u062f\u06af\u06cc \u0646\u0627\u0645\u0641\u0647\u0648\u0645 \u0627\u0632 \u0635\u0646\u0639\u062a \u0686\u0627\u067e \u0648 \u0628\u0627 \u0627\u0633\u062a\u0641\u0627\u062f\u0647 \u0627\u0632 \u0637\u0631\u0627\u062d\u0627\u0646 \u06af\u0631\u0627\u0641\u06cc\u06a9 \u0627\u0633\u062a.","position":"right","image_space":{"unit":"px","size":30,"sizes":[]},"image_size":{"unit":"%","size":57,"sizes":[]},"image_border_border":"none","image_border_width":{"unit":"px","top":"0","right":"0","bottom":"0","left":"0","isLinked":true},"image_border_color":"#09ABB5","image_border_radius":{"unit":"px","size":4,"sizes":[]},"text_align":"right","title_typography_typography":"custom","title_typography_font_size":{"unit":"px","size":24,"sizes":[]},"title_typography_font_weight":"bold","description_color":"#606060"},"elements":[],"isInner":false,"widgetType":"image-box","elType":"widget"}],"isInner":true,"elType":"column"}],"isInner":true,"elType":"section"},{"id":"78c2ef3e","settings":{"gap":"wide","content_width":{"unit":"px","size":1300,"sizes":[]},"background_overlay_color":"#FFFFFF","background_overlay_color_stop":{"unit":"%","size":69,"sizes":[]},"background_overlay_color_b":"#36AA71","background_overlay_color_b_stop":{"unit":"%","size":26,"sizes":[]},"background_overlay_gradient_angle":{"unit":"deg","size":135,"sizes":[]},"background_overlay_opacity":{"unit":"px","size":1,"sizes":[]},"structure":"30","z_index":1},"elements":[{"id":"1950f8f4","settings":{"_column_size":33,"_inline_size":null,"_inline_size_tablet":100,"space_between_widgets":30},"elements":[{"id":"6a2da269","settings":{"image":{"url":"https:\/\/wordpress-432351-3304931.cloudwaysapps.com\/wp-content\/uploads\/2023\/02\/single-home-0012.jpg","id":18809,"size":"","alt":"","source":"library"},"thumbnail_size":"custom","thumbnail_custom_dimension":{"width":"200","height":"200"},"title_text":"\u062a\u062d\u0644\u06cc\u0644 \u0627\u0645\u0648\u0627\u0644 \u0633\u0631\u0645\u0627\u06cc\u0647 \u06af\u0630\u0627\u0631\u06cc","description_text":"\u0628\u0631\u0627\u06cc \u062a\u063a\u06cc\u06cc\u0631 \u0627\u06cc\u0646 \u0645\u062a\u0646 \u0628\u0631 \u0631\u0648\u06cc \u062f\u06a9\u0645\u0647 \u0648\u06cc\u0631\u0627\u06cc\u0634 \u06a9\u0644\u06cc\u06a9 \u06a9\u0646\u06cc\u062f. \u0644\u0648\u0631\u0645 \u0627\u06cc\u067e\u0633\u0648\u0645 \u0645\u062a\u0646 \u0633\u0627\u062e\u062a\u06af\u06cc \u0628\u0627 \u062a\u0648\u0644\u06cc\u062f \u0633\u0627\u062f\u06af\u06cc \u0646\u0627\u0645\u0641\u0647\u0648\u0645 \u0627\u0632 \u0635\u0646\u0639\u062a \u0686\u0627\u067e \u0648 \u0628\u0627 \u0627\u0633\u062a\u0641\u0627\u062f\u0647 \u0627\u0632 \u0637\u0631\u0627\u062d\u0627\u0646 \u06af\u0631\u0627\u0641\u06cc\u06a9 \u0627\u0633\u062a.","position":"right","image_space":{"unit":"px","size":30,"sizes":[]},"image_size":{"unit":"%","size":57,"sizes":[]},"image_border_border":"none","image_border_width":{"unit":"px","top":"0","right":"0","bottom":"0","left":"0","isLinked":true},"image_border_color":"#09ABB5","image_border_radius":{"unit":"px","size":4,"sizes":[]},"text_align":"right","title_typography_typography":"custom","title_typography_font_size":{"unit":"px","size":24,"sizes":[]},"title_typography_font_weight":"bold","description_color":"#606060"},"elements":[],"isInner":false,"widgetType":"image-box","elType":"widget"}],"isInner":true,"elType":"column"},{"id":"2c80564d","settings":{"_column_size":33,"_inline_size":null,"_inline_size_tablet":100,"space_between_widgets":30},"elements":[{"id":"384baca3","settings":{"image":{"url":"https:\/\/wordpress-432351-3304931.cloudwaysapps.com\/wp-content\/uploads\/2023\/02\/studio-0001.jpg","id":18767,"size":"","alt":"","source":"library"},"thumbnail_size":"custom","thumbnail_custom_dimension":{"width":"200","height":"200"},"title_text":"\u0645\u0631\u062d\u0644\u0647 \u0628\u0646\u062f\u06cc \u0627\u0645\u0644\u0627\u06a9 \u0648 \u0628\u0627\u0632\u0627\u0631\u06cc\u0627\u0628\u06cc","description_text":"\u0628\u0631\u0627\u06cc \u062a\u063a\u06cc\u06cc\u0631 \u0627\u06cc\u0646 \u0645\u062a\u0646 \u0628\u0631 \u0631\u0648\u06cc \u062f\u06a9\u0645\u0647 \u0648\u06cc\u0631\u0627\u06cc\u0634 \u06a9\u0644\u06cc\u06a9 \u06a9\u0646\u06cc\u062f. \u0644\u0648\u0631\u0645 \u0627\u06cc\u067e\u0633\u0648\u0645 \u0645\u062a\u0646 \u0633\u0627\u062e\u062a\u06af\u06cc \u0628\u0627 \u062a\u0648\u0644\u06cc\u062f \u0633\u0627\u062f\u06af\u06cc \u0646\u0627\u0645\u0641\u0647\u0648\u0645 \u0627\u0632 \u0635\u0646\u0639\u062a \u0686\u0627\u067e \u0648 \u0628\u0627 \u0627\u0633\u062a\u0641\u0627\u062f\u0647 \u0627\u0632 \u0637\u0631\u0627\u062d\u0627\u0646 \u06af\u0631\u0627\u0641\u06cc\u06a9 \u0627\u0633\u062a.","position":"right","image_space":{"unit":"px","size":30,"sizes":[]},"image_size":{"unit":"%","size":57,"sizes":[]},"image_border_border":"none","image_border_width":{"unit":"px","top":"0","right":"0","bottom":"0","left":"0","isLinked":true},"image_border_color":"#09ABB5","image_border_radius":{"unit":"px","size":4,"sizes":[]},"text_align":"right","title_typography_typography":"custom","title_typography_font_size":{"unit":"px","size":24,"sizes":[]},"title_typography_font_weight":"bold","description_color":"#606060"},"elements":[],"isInner":false,"widgetType":"image-box","elType":"widget"}],"isInner":true,"elType":"column"},{"id":"5a2213e4","settings":{"_column_size":33,"_inline_size":null,"_inline_size_tablet":100,"space_between_widgets":30},"elements":[{"id":"4bafbb21","settings":{"image":{"url":"https:\/\/wordpress-432351-3304931.cloudwaysapps.com\/wp-content\/uploads\/2023\/02\/single-home-0002.jpg","id":18813,"size":"","alt":"","source":"library"},"thumbnail_size":"custom","thumbnail_custom_dimension":{"width":"200","height":"200"},"title_text":"\u0646\u06af\u0647\u062f\u0627\u0631\u06cc \u0648 \u062a\u0639\u0645\u06cc\u0631\u0627\u062a \u0627\u0645\u0648\u0627\u0644","description_text":"\u0628\u0631\u0627\u06cc \u062a\u063a\u06cc\u06cc\u0631 \u0627\u06cc\u0646 \u0645\u062a\u0646 \u0628\u0631 \u0631\u0648\u06cc \u062f\u06a9\u0645\u0647 \u0648\u06cc\u0631\u0627\u06cc\u0634 \u06a9\u0644\u06cc\u06a9 \u06a9\u0646\u06cc\u062f. \u0644\u0648\u0631\u0645 \u0627\u06cc\u067e\u0633\u0648\u0645 \u0645\u062a\u0646 \u0633\u0627\u062e\u062a\u06af\u06cc \u0628\u0627 \u062a\u0648\u0644\u06cc\u062f \u0633\u0627\u062f\u06af\u06cc \u0646\u0627\u0645\u0641\u0647\u0648\u0645 \u0627\u0632 \u0635\u0646\u0639\u062a \u0686\u0627\u067e \u0648 \u0628\u0627 \u0627\u0633\u062a\u0641\u0627\u062f\u0647 \u0627\u0632 \u0637\u0631\u0627\u062d\u0627\u0646 \u06af\u0631\u0627\u0641\u06cc\u06a9 \u0627\u0633\u062a.","position":"right","image_space":{"unit":"px","size":30,"sizes":[]},"image_size":{"unit":"%","size":57,"sizes":[]},"image_border_border":"none","image_border_width":{"unit":"px","top":"0","right":"0","bottom":"0","left":"0","isLinked":true},"image_border_color":"#09ABB5","image_border_radius":{"unit":"px","size":4,"sizes":[]},"text_align":"right","title_typography_typography":"custom","title_typography_font_size":{"unit":"px","size":24,"sizes":[]},"title_typography_font_weight":"bold","description_color":"#606060"},"elements":[],"isInner":false,"widgetType":"image-box","elType":"widget"}],"isInner":true,"elType":"column"}],"isInner":true,"elType":"section"}],"isInner":false,"elType":"column"}],"isInner":false,"elType":"section"},{"id":"53fd16e1","settings":{"layout":"full_width","background_color":"#FFFFFF","background_color_b":"#E6EBF080","background_gradient_angle":{"unit":"deg","size":0,"sizes":[]},"padding":{"unit":"%","top":"3","right":"0","bottom":"3","left":"0","isLinked":false},"padding_tablet":{"unit":"%","top":"0","right":"05","bottom":"0","left":"05","isLinked":false},"padding_mobile":{"unit":"%","top":"","right":"","bottom":"","left":"","isLinked":true}},"elements":[{"id":"79db810e","settings":{"_column_size":100,"_inline_size":null},"elements":[{"id":"1b0c9ac9","settings":{"content_width":{"unit":"px","size":1280,"sizes":[]},"animation":"fadeIn"},"elements":[{"id":"1d4b1bfa","settings":{"_column_size":100,"_inline_size":null},"elements":[{"id":"6ca15f83","settings":{"title":"\u0622\u0646\u0686\u0647 \u0645\u0634\u062a\u0631\u06cc\u0627\u0646 \u0645\u0627 \u0645\u06cc \u06af\u0648\u06cc\u0646\u062f","title_color":"#000000","typography_typography":"custom","typography_font_size":{"unit":"px","size":34,"sizes":[]},"typography_line_height":{"unit":"em","size":1.5,"sizes":[]},"typography_font_size_tablet":{"unit":"px","size":28,"sizes":[]},"typography_font_size_mobile":{"unit":"px","size":24,"sizes":[]},"typography_font_weight":"bold"},"elements":[],"isInner":false,"widgetType":"heading","elType":"widget"},{"id":"6bd633c0","settings":{"editor":"<p>\u0628\u0627 \u0646\u0645\u0627\u06cc\u0646\u062f\u06af\u0627\u0646 \u0645\u0627 \u062e\u0627\u0646\u0647 \u062e\u0648\u062f \u0631\u0627 \u0628\u062e\u0631\u06cc\u062f \u06cc\u0627 \u0628\u0641\u0631\u0648\u0634\u06cc\u062f. \u0646\u0645\u0627\u06cc\u0646\u062f\u06af\u0627\u0646 \u0645\u0627 \u0622\u06af\u0627\u0647\u060c \u062d\u0631\u0641\u0647 \u0627\u06cc \u0648 \u0628\u0631\u0627\u06cc \u0631\u0636\u0627\u06cc\u062a \u0647\u0645\u0647 \u0647\u0633\u062a\u0646\u062f<\/p>","typography_typography":"custom","typography_font_size":{"unit":"px","size":18,"sizes":[]},"typography_line_height":{"unit":"em","size":1.7,"sizes":[]},"text_color":"#2F2F2F","typography_font_size_tablet":{"unit":"px","size":18,"sizes":[]},"typography_font_size_mobile":{"unit":"px","size":16,"sizes":[]}},"elements":[],"isInner":false,"widgetType":"text-editor","elType":"widget"}],"isInner":true,"elType":"column"}],"isInner":true,"elType":"section"},{"id":"7728c48f","settings":{"gap":"wide","content_width":{"unit":"px","size":1320,"sizes":[]},"background_overlay_color":"#FFFFFF","background_overlay_color_stop":{"unit":"%","size":69,"sizes":[]},"background_overlay_color_b":"#36AA71","background_overlay_color_b_stop":{"unit":"%","size":26,"sizes":[]},"background_overlay_gradient_angle":{"unit":"deg","size":135,"sizes":[]},"background_overlay_opacity":{"unit":"px","size":1,"sizes":[]},"structure":"30","z_index":1},"elements":[{"id":"208bf2d9","settings":{"_column_size":33,"_inline_size":null,"_inline_size_tablet":100},"elements":[{"id":"31d1c892","settings":{"testimonial_content":"\u0628\u0631\u0627\u06cc \u062a\u063a\u06cc\u06cc\u0631 \u0627\u06cc\u0646 \u0645\u062a\u0646 \u0628\u0631 \u0631\u0648\u06cc \u062f\u06a9\u0645\u0647 \u0648\u06cc\u0631\u0627\u06cc\u0634 \u06a9\u0644\u06cc\u06a9 \u06a9\u0646\u06cc\u062f. \u0644\u0648\u0631\u0645 \u0627\u06cc\u067e\u0633\u0648\u0645 \u0645\u062a\u0646 \u0633\u0627\u062e\u062a\u06af\u06cc \u0628\u0627 \u062a\u0648\u0644\u06cc\u062f \u0633\u0627\u062f\u06af\u06cc \u0646\u0627\u0645\u0641\u0647\u0648\u0645 \u0627\u0632 \u0635\u0646\u0639\u062a \u0686\u0627\u067e \u0648 \u0628\u0627 \u0627\u0633\u062a\u0641\u0627\u062f\u0647 \u0627\u0632 \u0637\u0631\u0627\u062d\u0627\u0646 \u06af\u0631\u0627\u0641\u06cc\u06a9 \u0627\u0633\u062a.","testimonial_image":{"url":"https:\/\/wordpress-432351-3304931.cloudwaysapps.com\/wp-content\/uploads\/2023\/01\/ts-03.jpg","id":18436,"alt":"","source":"library"},"testimonial_name":"Ali Bin Saleh","testimonial_job":"\u0645\u0634\u062a\u0631\u06cc","testimonial_alignment":"right","content_typography_typography":"custom","content_typography_font_size":{"unit":"px","size":15,"sizes":[]},"name_typography_typography":"custom","name_typography_font_weight":"600","job_typography_typography":"custom","job_typography_font_weight":"300","_padding":{"unit":"px","top":"30","right":"30","bottom":"30","left":"30","isLinked":true},"_background_background":"classic","_background_color":"#FFFFFF","_border_border":"solid","_border_width":{"unit":"px","top":"0","right":"0","bottom":"3","left":"0","isLinked":false},"_border_color":"#09ABB5","_border_radius":{"unit":"px","top":"8","right":"8","bottom":"8","left":"8","isLinked":true},"_box_shadow_box_shadow_type":"yes","_box_shadow_box_shadow":{"horizontal":0,"vertical":15,"blur":60,"spread":0,"color":"rgba(0, 0, 0, 0.15)"}},"elements":[],"isInner":false,"widgetType":"testimonial","elType":"widget"}],"isInner":true,"elType":"column"},{"id":"7cc40c72","settings":{"_column_size":33,"_inline_size":null,"_inline_size_tablet":100},"elements":[{"id":"14b823ac","settings":{"testimonial_content":"\u0628\u0631\u0627\u06cc \u062a\u063a\u06cc\u06cc\u0631 \u0627\u06cc\u0646 \u0645\u062a\u0646 \u0628\u0631 \u0631\u0648\u06cc \u062f\u06a9\u0645\u0647 \u0648\u06cc\u0631\u0627\u06cc\u0634 \u06a9\u0644\u06cc\u06a9 \u06a9\u0646\u06cc\u062f. \u0644\u0648\u0631\u0645 \u0627\u06cc\u067e\u0633\u0648\u0645 \u0645\u062a\u0646 \u0633\u0627\u062e\u062a\u06af\u06cc \u0628\u0627 \u062a\u0648\u0644\u06cc\u062f \u0633\u0627\u062f\u06af\u06cc \u0646\u0627\u0645\u0641\u0647\u0648\u0645 \u0627\u0632 \u0635\u0646\u0639\u062a \u0686\u0627\u067e \u0648 \u0628\u0627 \u0627\u0633\u062a\u0641\u0627\u062f\u0647 \u0627\u0632 \u0637\u0631\u0627\u062d\u0627\u0646 \u06af\u0631\u0627\u0641\u06cc\u06a9 \u0627\u0633\u062a.","testimonial_image":{"url":"https:\/\/wordpress-432351-3304931.cloudwaysapps.com\/wp-content\/uploads\/2023\/01\/ts-02.jpg","id":18437,"alt":"","source":"library"},"testimonial_name":"Lina Kamal-Eddin","testimonial_job":"\u0645\u0634\u062a\u0631\u06cc","testimonial_alignment":"right","content_typography_typography":"custom","content_typography_font_size":{"unit":"px","size":15,"sizes":[]},"name_typography_typography":"custom","name_typography_font_weight":"600","job_typography_typography":"custom","job_typography_font_weight":"300","_padding":{"unit":"px","top":"30","right":"30","bottom":"30","left":"30","isLinked":true},"_background_background":"classic","_background_color":"#FFFFFF","_border_border":"solid","_border_width":{"unit":"px","top":"0","right":"0","bottom":"3","left":"0","isLinked":false},"_border_color":"#09ABB5","_border_radius":{"unit":"px","top":"8","right":"8","bottom":"8","left":"8","isLinked":true},"_box_shadow_box_shadow_type":"yes","_box_shadow_box_shadow":{"horizontal":0,"vertical":15,"blur":60,"spread":0,"color":"rgba(0, 0, 0, 0.15)"}},"elements":[],"isInner":false,"widgetType":"testimonial","elType":"widget"}],"isInner":true,"elType":"column"},{"id":"1393e44c","settings":{"_column_size":33,"_inline_size":null,"_inline_size_tablet":100},"elements":[{"id":"48b9783e","settings":{"testimonial_content":"\u0628\u0631\u0627\u06cc \u062a\u063a\u06cc\u06cc\u0631 \u0627\u06cc\u0646 \u0645\u062a\u0646 \u0628\u0631 \u0631\u0648\u06cc \u062f\u06a9\u0645\u0647 \u0648\u06cc\u0631\u0627\u06cc\u0634 \u06a9\u0644\u06cc\u06a9 \u06a9\u0646\u06cc\u062f. \u0644\u0648\u0631\u0645 \u0627\u06cc\u067e\u0633\u0648\u0645 \u0645\u062a\u0646 \u0633\u0627\u062e\u062a\u06af\u06cc \u0628\u0627 \u062a\u0648\u0644\u06cc\u062f \u0633\u0627\u062f\u06af\u06cc \u0646\u0627\u0645\u0641\u0647\u0648\u0645 \u0627\u0632 \u0635\u0646\u0639\u062a \u0686\u0627\u067e \u0648 \u0628\u0627 \u0627\u0633\u062a\u0641\u0627\u062f\u0647 \u0627\u0632 \u0637\u0631\u0627\u062d\u0627\u0646 \u06af\u0631\u0627\u0641\u06cc\u06a9 \u0627\u0633\u062a.","testimonial_image":{"url":"https:\/\/wordpress-432351-3304931.cloudwaysapps.com\/wp-content\/uploads\/2023\/01\/ts-01.jpg","id":18438,"alt":"","source":"library"},"testimonial_name":"Nour Mohamed","testimonial_job":"\u0645\u0634\u062a\u0631\u06cc","testimonial_alignment":"right","content_typography_typography":"custom","content_typography_font_size":{"unit":"px","size":15,"sizes":[]},"name_typography_typography":"custom","name_typography_font_weight":"600","job_typography_typography":"custom","job_typography_font_weight":"300","_padding":{"unit":"px","top":"30","right":"30","bottom":"30","left":"30","isLinked":true},"_background_background":"classic","_background_color":"#FFFFFF","_border_border":"solid","_border_width":{"unit":"px","top":"0","right":"0","bottom":"3","left":"0","isLinked":false},"_border_color":"#09ABB5","_border_radius":{"unit":"px","top":"8","right":"8","bottom":"8","left":"8","isLinked":true},"_box_shadow_box_shadow_type":"yes","_box_shadow_box_shadow":{"horizontal":0,"vertical":15,"blur":60,"spread":0,"color":"rgba(0, 0, 0, 0.15)"}},"elements":[],"isInner":false,"widgetType":"testimonial","elType":"widget"}],"isInner":true,"elType":"column"}],"isInner":true,"elType":"section"}],"isInner":false,"elType":"column"}],"isInner":false,"elType":"section"},{"id":"1b9a7695","settings":{"layout":"full_width","background_color":"#09ABB512","background_color_b":"#E6EBF080","background_gradient_angle":{"unit":"deg","size":0,"sizes":[]},"padding":{"unit":"%","top":"3","right":"0","bottom":"3","left":"0","isLinked":false},"padding_tablet":{"unit":"%","top":"0","right":"05","bottom":"0","left":"05","isLinked":false},"padding_mobile":{"unit":"%","top":"","right":"","bottom":"","left":"","isLinked":true},"background_background":"classic"},"elements":[{"id":"1a84e48a","settings":{"_column_size":100,"_inline_size":null},"elements":[{"id":"363fc7fb","settings":{"content_width":{"unit":"px","size":1300,"sizes":[]},"animation":"fadeIn","content_position":"middle"},"elements":[{"id":"4867e729","settings":{"_column_size":100,"_inline_size":null},"elements":[{"id":"2bb9d58b","settings":{"title":"\u0648\u0628\u0644\u0627\u06af","title_color":"#000000","typography_typography":"custom","typography_font_size":{"unit":"px","size":34,"sizes":[]},"typography_line_height":{"unit":"em","size":1.5,"sizes":[]},"typography_font_size_tablet":{"unit":"px","size":28,"sizes":[]},"typography_font_size_mobile":{"unit":"px","size":24,"sizes":[]},"typography_font_weight":"bold"},"elements":[],"isInner":false,"widgetType":"heading","elType":"widget"},{"id":"5ae9b657","settings":{"editor":"<p>\u0628\u06cc\u0646\u0634 \u0647\u0627\u060c \u0646\u06a9\u0627\u062a \u0648 \u0627\u062e\u0628\u0627\u0631 \u062a\u062e\u0635\u0635\u06cc \u0645\u0627 \u0631\u0627 \u0627\u0632 \u062f\u0646\u06cc\u0627\u06cc \u0627\u0645\u0644\u0627\u06a9 \u0648 \u0645\u0633\u062a\u063a\u0644\u0627\u062a \u06a9\u0627\u0648\u0634 \u06a9\u0646\u06cc\u062f<\/p>","typography_typography":"custom","typography_font_size":{"unit":"px","size":18,"sizes":[]},"typography_line_height":{"unit":"em","size":1.7,"sizes":[]},"text_color":"#2F2F2F","typography_font_size_tablet":{"unit":"px","size":18,"sizes":[]},"typography_font_size_mobile":{"unit":"px","size":16,"sizes":[]}},"elements":[],"isInner":false,"widgetType":"text-editor","elType":"widget"}],"isInner":true,"elType":"column"}],"isInner":true,"elType":"section"},{"id":"432707b2","settings":{"gap":"wide","content_width":{"unit":"px","size":1300,"sizes":[]},"background_overlay_color":"#FFFFFF","background_overlay_color_stop":{"unit":"%","size":69,"sizes":[]},"background_overlay_color_b":"#36AA71","background_overlay_color_b_stop":{"unit":"%","size":26,"sizes":[]},"background_overlay_gradient_angle":{"unit":"deg","size":135,"sizes":[]},"background_overlay_opacity":{"unit":"px","size":1,"sizes":[]},"z_index":1},"elements":[{"id":"3426241b","settings":{"_column_size":100,"_inline_size":null,"_inline_size_tablet":100,"space_between_widgets":30},"elements":[{"id":"5e740251","settings":{"grid_style":"style_2","posts_limit":4,"show_author":"","show_date":""},"elements":[],"isInner":false,"widgetType":"houzez_elementor_blog_posts","elType":"widget"}],"isInner":true,"elType":"column"}],"isInner":true,"elType":"section"}],"isInner":false,"elType":"column"}],"isInner":false,"elType":"section"}],"page_settings":[],"version":"0.4","title":"About us - Demo 32","type":"page"}