{"content":[{"id":"15b103d1","settings":{"gap":"no","background_background":"classic","background_color":"#FFFFFF","padding":{"unit":"%","top":"0","right":"4","bottom":"0","left":"4","isLinked":false},"custom_height":{"unit":"vh","size":80,"sizes":[]},"background_image":{"url":"","id":"","alt":"","source":"library","size":""},"background_position":"center center","background_size":"cover","background_overlay_color":"#000000","background_overlay_color_b":"#000000","background_overlay_gradient_angle":{"unit":"deg","size":330,"sizes":[]},"background_overlay_opacity":{"unit":"px","size":0.35,"sizes":[]},"content_width":{"unit":"px","size":1120,"sizes":[]},"layout":"full_width","padding_tablet":{"unit":"%","top":"","right":"","bottom":"","left":"","isLinked":true},"padding_mobile":{"unit":"%","top":"0","right":"4","bottom":"0","left":"4","isLinked":false},"custom_height_tablet":{"unit":"vh","size":"","sizes":[]},"custom_height_mobile":{"unit":"vh","size":"","sizes":[]},"border_border":"none","border_width":{"unit":"px","top":"0","right":"0","bottom":"4","left":"0","isLinked":false},"border_color":"#09ABB5","border_radius":{"unit":"px","top":"0","right":"0","bottom":"0","left":"0","isLinked":false},"shape_divider_bottom_height":{"unit":"px","size":44,"sizes":[]},"shape_divider_bottom_flip":"yes","z_index":1},"elements":[{"id":"5f62b367","settings":{"_column_size":100},"elements":[{"id":"79d25620","settings":{"content_width":{"unit":"px","size":890,"sizes":[]},"content_position":"middle","background_position":"center center","background_repeat":"no-repeat","background_size":"cover","background_overlay_color":"#07425D","background_overlay_opacity":{"unit":"px","size":0.65,"sizes":[]},"border_radius":{"unit":"px","top":"8","right":"8","bottom":"8","left":"8","isLinked":true},"margin_mobile":{"unit":"px","top":"","right":0,"bottom":"","left":0,"isLinked":true},"custom_height_inner":{"unit":"px","size":600,"sizes":[]},"background_image":{"url":"https:\/\/wordpress-432351-3304931.cloudwaysapps.com\/wp-content\/uploads\/2023\/02\/header-tehran-01.jpg","id":18831,"alt":"","source":"library","size":""},"background_slideshow_slide_duration":3000,"background_slideshow_transition_duration":1000,"background_slideshow_ken_burns":"yes","box_shadow_box_shadow":{"horizontal":0,"vertical":30,"blur":60,"spread":0,"color":"rgba(0, 0, 0, 0.16)"},"z_index":1,"background_overlay_color_b":"#FFFFFF00","padding_tablet":{"unit":"%","top":"5","right":"5","bottom":"5","left":"5","isLinked":true},"padding_mobile":{"unit":"%","top":"5","right":"5","bottom":"5","left":"5","isLinked":true},"overlay_blend_mode":"multiply","background_background":"classic","padding":{"unit":"%","top":"12","right":"0","bottom":"12","left":"0","isLinked":false}},"elements":[{"id":"7d44493d","settings":{"_column_size":100,"_inline_size":null,"space_between_widgets":10},"elements":[{"id":"121279fe","settings":{"title":"\u062e\u0627\u0646\u0647 \u0631\u0648\u06cc\u0627\u06cc\u06cc \u062e\u0648\u062f \u0631\u0627 \u062f\u0631 \u062a\u0647\u0631\u0627\u0646 \u067e\u06cc\u062f\u0627 \u06a9\u0646\u06cc\u062f","title_color":"#FFFFFF","typography_typography":"custom","typography_font_size":{"unit":"px","size":54,"sizes":[]},"header_size":"h1","typography_letter_spacing":{"unit":"px","size":0,"sizes":[]},"align":"center","typography_font_size_tablet":{"unit":"px","size":30,"sizes":[]},"typography_font_size_mobile":{"unit":"px","size":33,"sizes":[]},"typography_line_height_mobile":{"unit":"em","size":1.4,"sizes":[]},"typography_line_height_tablet":{"unit":"px","size":"","sizes":[]},"_animation":"fadeIn","_margin":{"unit":"px","top":"0","right":"0","bottom":"10","left":"0","isLinked":false}},"elements":[],"isInner":false,"widgetType":"heading","elType":"widget"},{"id":"73f47cc8","settings":{"title":"\u0628\u0627 \u0628\u0647\u062a\u0631\u06cc\u0646 \u0641\u0631\u0635\u062a \u0647\u0627\u06cc \u0645\u0644\u06a9\u06cc \u062f\u0631 \u0642\u0644\u0628 \u067e\u0627\u06cc\u062a\u062e\u062a \u0627\u06cc\u0631\u0627\u0646 \u0622\u0634\u0646\u0627 \u0634\u0648\u06cc\u062f","header_size":"div","align":"center","title_color":"#FFFFFF","typography_typography":"custom","typography_font_size":{"unit":"px","size":26,"sizes":[]},"_margin":{"unit":"px","top":"0","right":"0","bottom":"20","left":"0","isLinked":false},"_animation":"fadeIn","_animation_delay":250,"typography_line_height_mobile":{"unit":"em","size":1.7,"sizes":[]},"typography_font_size_mobile":{"unit":"px","size":20,"sizes":[]},"typography_font_weight":"200"},"elements":[],"isInner":false,"widgetType":"heading","elType":"widget"},{"id":"16c48a5f","settings":{"form_fields":[{"_id":"710a680","field_type":"keyword","field_label":"\u062c\u0633\u062a\u062c\u0648 \u06a9\u0631\u062f\u0646","placeholder":"\u06cc\u06a9 \u06a9\u0644\u0645\u0647 \u06a9\u0644\u06cc\u062f\u06cc \u0648\u0627\u0631\u062f \u06a9\u0646\u06cc\u062f","price_from_text":"From","price_to_text":"To","width":"50","selected_count_text":"items selected"},{"_id":"95424d9","field_type":"type[]","field_label":"Type","placeholder":"\u0646\u0648\u0639 \u0634\u0646\u0627\u0633\u06cc","price_from_text":"From","price_to_text":"To","width":"30","selected_count_text":"items selected"},{"_id":"field-search-btn","field_type":"search-button","field_label":"Search Button","placeholder":"\u0646\u0632\u062f\u06cc\u06a9","width":"20","price_from_text":"From","price_to_text":"To","selected_count_text":"items selected"},{"_id":"2b2fccd","field_type":"bedrooms","field_label":"Bedrooms","placeholder":"\u0627\u062a\u0627\u0642 \u062e\u0648\u0627\u0628 \u0647\u0627","price_from_text":"From","price_to_text":"To","width":"33","selected_count_text":"items selected"},{"_id":"f286ac7","field_type":"bathrooms","field_label":"Bathrooms","placeholder":"\u062d\u0645\u0627\u0645 \u0647\u0627","price_from_text":"From","price_to_text":"To","width":"33","selected_count_text":"items selected"},{"_id":"1bb28f6","field_type":"max-price","field_label":"Max Price","placeholder":"\u062d\u062f\u0627\u06a9\u062b\u0631 \u0642\u06cc\u0645\u062a","price_from_text":"From","price_to_text":"To","width":"33","selected_count_text":"items selected"}],"show_tabs":"yes","status_data":["%d8%a8%d8%b1%d8%a7%db%8c-%d8%a7%d8%ac%d8%a7%d8%b1%d9%87","%d8%a8%d8%b1%d8%a7%db%8c-%d9%81%d8%b1%d9%88%d8%b4"],"tabs_all_text":"\u0647\u0645\u0647","tabs_margin":{"unit":"px","top":"0","right":"5","bottom":"10","left":"5","isLinked":false},"button_background_color":"#09ABB5","city_data":["belleair","deland"],"tabs_radius":{"unit":"px","top":"4","right":"4","bottom":"4","left":"4","isLinked":true},"field_border_radius":{"unit":"px","top":"4","right":"4","bottom":"4","left":"4","isLinked":true},"button_border_radius":{"unit":"px","top":"4","right":"4","bottom":"4","left":"4","isLinked":true},"input_size":"md","button_size":"md","field_text_color":"#000000","field_typography_typography":"custom","field_typography_font_size":{"unit":"px","size":18,"sizes":[]},"search_tabs_typography_typography":"custom","search_tabs_typography_font_size":{"unit":"px","size":16,"sizes":[]},"button_background_hover_color":"#08C5D1","button_typography_typography":"custom","button_typography_font_size":{"unit":"px","size":15,"sizes":[]},"search_tabs_color":"#000000","search_tabs_active_color":"#FFFFFF","search_tabs_bg_color":"#FFFFFF","search_active_tabs_bg_color":"#09ABB5","tabs_padding_mobile":{"unit":"px","top":"6","right":"16","bottom":"6","left":"16","isLinked":false}},"elements":[],"isInner":false,"widgetType":"houzez_elementor_search_builder","elType":"widget"}],"isInner":true,"elType":"column"}],"isInner":true,"elType":"section"}],"isInner":false,"elType":"column"}],"isInner":false,"elType":"section"},{"id":"7e5bcb6c","settings":{"layout":"full_width","background_color_b":"#E6EBF080","background_gradient_angle":{"unit":"deg","size":0,"sizes":[]},"padding":{"unit":"%","top":"3","right":"0","bottom":"3","left":"0","isLinked":false},"padding_tablet":{"unit":"%","top":"0","right":"05","bottom":"0","left":"05","isLinked":false},"padding_mobile":{"unit":"%","top":"","right":"","bottom":"","left":"","isLinked":true},"background_background":"classic"},"elements":[{"id":"471933a2","settings":{"_column_size":100,"_inline_size":null},"elements":[{"id":"41cbac7b","settings":{"gap":"wide","content_width":{"unit":"px","size":1300,"sizes":[]},"background_overlay_color":"#FFFFFF","background_overlay_color_stop":{"unit":"%","size":69,"sizes":[]},"background_overlay_color_b":"#36AA71","background_overlay_color_b_stop":{"unit":"%","size":26,"sizes":[]},"background_overlay_gradient_angle":{"unit":"deg","size":135,"sizes":[]},"background_overlay_opacity":{"unit":"px","size":1,"sizes":[]},"structure":"30","z_index":0},"elements":[{"id":"1626fb42","settings":{"_column_size":33,"_inline_size":null,"_inline_size_tablet":33,"space_between_widgets":30},"elements":[{"id":"49760585","settings":{"image":{"url":"https:\/\/wordpress-432351-3304931.cloudwaysapps.com\/wp-content\/uploads\/2023\/02\/modern.svg","id":19191,"size":"","alt":"","source":"library"},"thumbnail_size":"custom","thumbnail_custom_dimension":{"width":"200","height":"200"},"title_text":"\u0622\u067e\u0627\u0631\u062a\u0645\u0627\u0646 \u0647\u0627\u06cc \u0644\u0648\u06a9\u0633","description_text":"\u0628\u0627 \u0622\u067e\u0627\u0631\u062a\u0645\u0627\u0646 \u0647\u0627\u06cc \u0644\u0648\u06a9\u0633 \u0645\u0627 \u062a\u062c\u0631\u0628\u0647 \u0632\u0646\u062f\u06af\u06cc \u0646\u0647\u0627\u06cc\u06cc \u0631\u0627 \u062a\u062c\u0631\u0628\u0647 \u06a9\u0646\u06cc\u062f. \u0647\u0631 \u0648\u0627\u062d\u062f \u0628\u0627 \u0628\u0647\u062a\u0631\u06cc\u0646 \u067e\u0631\u062f\u0627\u062e\u062a \u0647\u0627 \u0648 \u0627\u0645\u06a9\u0627\u0646\u0627\u062a \u0637\u0631\u0627\u062d\u06cc \u0634\u062f\u0647 \u0627\u0633\u062a \u06a9\u0647 \u0633\u0637\u062d \u0628\u06cc \u0646\u0638\u06cc\u0631\u06cc \u0627\u0632 \u0631\u0627\u062d\u062a\u06cc \u0648 \u067e\u06cc\u0686\u06cc\u062f\u06af\u06cc \u0631\u0627 \u0627\u0631\u0627\u0626\u0647 \u0645\u06cc \u062f\u0647\u062f.","image_space":{"unit":"px","size":30,"sizes":[]},"image_size":{"unit":"%","size":25,"sizes":[]},"image_border_border":"none","image_border_width":{"unit":"px","top":"0","right":"0","bottom":"0","left":"0","isLinked":true},"image_border_color":"#09ABB5","image_border_radius":{"unit":"px","size":4,"sizes":[]},"text_align":"center","title_typography_typography":"custom","title_typography_font_size":{"unit":"px","size":24,"sizes":[]},"title_typography_font_weight":"bold","description_color":"#606060","_padding":{"unit":"%","top":"14","right":"14","bottom":"14","left":"14","isLinked":true},"_padding_tablet":{"unit":"%","top":"","right":"","bottom":"","left":"","isLinked":true},"_padding_mobile":{"unit":"%","top":"","right":"","bottom":"","left":"","isLinked":true},"_background_background":"classic","_background_color":"#EBF6F7","_border_radius":{"unit":"px","top":"8","right":"8","bottom":"8","left":"8","isLinked":true},"link":{"url":"https:\/\/wordpress-432351-3304931.cloudwaysapps.com\/search-results\/?status%5B%5D=&keyword=&type%5B%5D=&bedrooms=&bathrooms=&max-price=","is_external":"","nofollow":"","custom_attributes":""},"_border_border":"solid","_border_width":{"unit":"px","top":"0","right":"0","bottom":"4","left":"0","isLinked":false},"_border_color":"#09ABB5","_box_shadow_box_shadow_type":"yes","_box_shadow_box_shadow":{"horizontal":0,"vertical":40,"blur":40,"spread":0,"color":"rgba(0, 0, 0, 0.1)"}},"elements":[],"isInner":false,"widgetType":"image-box","elType":"widget"}],"isInner":true,"elType":"column"},{"id":"7f89d7e6","settings":{"_column_size":33,"_inline_size":null,"_inline_size_tablet":33,"space_between_widgets":30},"elements":[{"id":"2f53f225","settings":{"image":{"url":"https:\/\/wordpress-432351-3304931.cloudwaysapps.com\/wp-content\/uploads\/2023\/02\/house.svg","id":19192,"size":"","alt":"","source":"library"},"thumbnail_size":"custom","thumbnail_custom_dimension":{"width":"200","height":"200"},"title_text":"\u062e\u0627\u0646\u0647 \u0647\u0627\u06cc \u062a\u06a9 \u062e\u0627\u0646\u0648\u0627\u062f\u0647","description_text":"\u062e\u0627\u0646\u0647 \u062e\u0627\u0646\u0648\u0627\u062f\u06af\u06cc \u0645\u0646\u0627\u0633\u0628 \u062e\u0648\u062f \u0631\u0627 \u0628\u0627 \u0627\u0646\u062a\u062e\u0627\u0628 \u062e\u0627\u0646\u0647 \u0647\u0627\u06cc \u062a\u06a9 \u062e\u0627\u0646\u0648\u0627\u062f\u0647 \u0645\u0627 \u0628\u06cc\u0627\u0628\u06cc\u062f. \u0627\u0632 \u0686\u06cc\u062f\u0645\u0627\u0646 \u0647\u0627\u06cc \u062c\u0627\u062f\u0627\u0631 \u06af\u0631\u0641\u062a\u0647 \u062a\u0627 \u0648\u06cc\u0698\u06af\u06cc \u0647\u0627\u06cc \u0645\u0646\u0627\u0633\u0628 \u062e\u0627\u0646\u0648\u0627\u062f\u0647\u060c \u062e\u0627\u0646\u0647 \u0647\u0627\u06cc \u0645\u0627 \u0628\u0647 \u06af\u0648\u0646\u0647 \u0627\u06cc \u0637\u0631\u0627\u062d\u06cc \u0634\u062f\u0647 \u0627\u0646\u062f \u06a9\u0647 \u0647\u0631 \u0646\u06cc\u0627\u0632 \u0634\u0645\u0627 \u0631\u0627 \u0628\u0631\u0622\u0648\u0631\u062f\u0647 \u06a9\u0646\u062f.","image_space":{"unit":"px","size":30,"sizes":[]},"image_size":{"unit":"%","size":25,"sizes":[]},"image_border_border":"none","image_border_width":{"unit":"px","top":"0","right":"0","bottom":"0","left":"0","isLinked":true},"image_border_color":"#09ABB5","image_border_radius":{"unit":"px","size":4,"sizes":[]},"text_align":"center","title_typography_typography":"custom","title_typography_font_size":{"unit":"px","size":24,"sizes":[]},"title_typography_font_weight":"bold","description_color":"#606060","_padding":{"unit":"%","top":"14","right":"14","bottom":"14","left":"14","isLinked":true},"_padding_tablet":{"unit":"%","top":"","right":"","bottom":"","left":"","isLinked":true},"_padding_mobile":{"unit":"%","top":"","right":"","bottom":"","left":"","isLinked":true},"_background_background":"classic","_background_color":"#EBF6F7","_border_radius":{"unit":"px","top":"8","right":"8","bottom":"8","left":"8","isLinked":true},"link":{"url":"https:\/\/wordpress-432351-3304931.cloudwaysapps.com\/search-results\/?status%5B%5D=&keyword=&type%5B%5D=&bedrooms=&bathrooms=&max-price=","is_external":"","nofollow":"","custom_attributes":""},"_border_border":"solid","_border_width":{"unit":"px","top":"0","right":"0","bottom":"4","left":"0","isLinked":false},"_border_color":"#09ABB5","_box_shadow_box_shadow_type":"yes","_box_shadow_box_shadow":{"horizontal":0,"vertical":40,"blur":40,"spread":0,"color":"rgba(0, 0, 0, 0.1)"}},"elements":[],"isInner":false,"widgetType":"image-box","elType":"widget"}],"isInner":true,"elType":"column"},{"id":"7fea34c5","settings":{"_column_size":33,"_inline_size":null,"_inline_size_tablet":33,"space_between_widgets":30},"elements":[{"id":"1191e383","settings":{"image":{"url":"https:\/\/wordpress-432351-3304931.cloudwaysapps.com\/wp-content\/uploads\/2023\/02\/condo.svg","id":19190,"size":"","alt":"","source":"library"},"thumbnail_size":"custom","thumbnail_custom_dimension":{"width":"200","height":"200"},"title_text":"\u0622\u067e\u0627\u0631\u062a\u0645\u0627\u0646 \u0647\u0627\u06cc \u0646\u0648\u0633\u0627\u0632","description_text":"\u062f\u0631 \u0622\u067e\u0627\u0631\u062a\u0645\u0627\u0646 \u0647\u0627\u06cc \u062c\u062f\u06cc\u062f \u0645\u0627 \u0632\u0646\u062f\u06af\u06cc \u0645\u062f\u0631\u0646 \u0631\u0627 \u062f\u0631 \u0628\u0647\u062a\u0631\u06cc\u0646 \u062d\u0627\u0644\u062a \u062e\u0648\u062f \u062a\u062c\u0631\u0628\u0647 \u06a9\u0646\u06cc\u062f. \u0647\u0631 \u0648\u0627\u062d\u062f \u062f\u0627\u0631\u0627\u06cc \u062c\u062f\u06cc\u062f\u062a\u0631\u06cc\u0646 \u0627\u0645\u06a9\u0627\u0646\u0627\u062a \u0648 \u062a\u0632\u0626\u06cc\u0646\u0627\u062a \u0627\u0633\u062a \u06a9\u0647 \u0633\u0637\u062d \u0628\u06cc \u0646\u0638\u06cc\u0631\u06cc \u0627\u0632 \u0631\u0627\u062d\u062a\u06cc \u0648 \u0633\u0628\u06a9 \u0631\u0627 \u0627\u0631\u0627\u0626\u0647 \u0645\u06cc \u062f\u0647\u062f.","image_space":{"unit":"px","size":30,"sizes":[]},"image_size":{"unit":"%","size":25,"sizes":[]},"image_border_border":"none","image_border_width":{"unit":"px","top":"0","right":"0","bottom":"0","left":"0","isLinked":true},"image_border_color":"#09ABB5","image_border_radius":{"unit":"px","size":4,"sizes":[]},"text_align":"center","title_typography_typography":"custom","title_typography_font_size":{"unit":"px","size":24,"sizes":[]},"title_typography_font_weight":"bold","description_color":"#606060","_padding":{"unit":"%","top":"14","right":"14","bottom":"14","left":"14","isLinked":true},"_padding_tablet":{"unit":"%","top":"","right":"","bottom":"","left":"","isLinked":true},"_padding_mobile":{"unit":"%","top":"","right":"","bottom":"","left":"","isLinked":true},"_background_background":"classic","_background_color":"#EBF6F7","_border_radius":{"unit":"px","top":"8","right":"8","bottom":"8","left":"8","isLinked":true},"link":{"url":"https:\/\/wordpress-432351-3304931.cloudwaysapps.com\/search-results\/?status%5B%5D=&keyword=&type%5B%5D=&bedrooms=&bathrooms=&max-price=","is_external":"","nofollow":"","custom_attributes":""},"_border_border":"solid","_border_width":{"unit":"px","top":"0","right":"0","bottom":"4","left":"0","isLinked":false},"_border_color":"#09ABB5","_box_shadow_box_shadow_type":"yes","_box_shadow_box_shadow":{"horizontal":0,"vertical":40,"blur":40,"spread":0,"color":"rgba(0, 0, 0, 0.1)"}},"elements":[],"isInner":false,"widgetType":"image-box","elType":"widget"}],"isInner":true,"elType":"column"}],"isInner":true,"elType":"section"}],"isInner":false,"elType":"column"}],"isInner":false,"elType":"section"},{"id":"10ee0b36","settings":{"content_width":{"unit":"px","size":1300,"sizes":[]},"padding":{"unit":"%","top":"0","right":"0","bottom":"4","left":"0","isLinked":false},"padding_tablet":{"unit":"%","top":"","right":"","bottom":"","left":"","isLinked":true},"padding_mobile":{"unit":"%","top":"","right":"","bottom":"","left":"","isLinked":true}},"elements":[{"id":"1177a2c1","settings":{"_column_size":100,"_inline_size":null},"elements":[{"id":"7f56e079","settings":{"content_width":{"unit":"px","size":745,"sizes":[]}},"elements":[{"id":"4883ff6","settings":{"_column_size":100,"_inline_size":null,"space_between_widgets":10},"elements":[{"id":"7d1c7399","settings":{"title":"\u0644\u06cc\u0633\u062a \u0647\u0627\u06cc \u0628\u0631\u062c\u0633\u062a\u0647","typography_typography":"custom","typography_font_size":{"unit":"px","size":40,"sizes":[]},"header_size":"h1","typography_letter_spacing":{"unit":"px","size":0,"sizes":[]},"align":"center","typography_font_size_tablet":{"unit":"px","size":30,"sizes":[]},"typography_font_size_mobile":{"unit":"px","size":25,"sizes":[]},"typography_line_height_mobile":{"unit":"em","size":1.4,"sizes":[]},"typography_line_height_tablet":{"unit":"px","size":"","sizes":[]},"_animation":"fadeIn","_margin":{"unit":"px","top":"0","right":"0","bottom":"10","left":"0","isLinked":false},"typography_font_weight":"bold"},"elements":[],"isInner":false,"widgetType":"heading","elType":"widget"},{"id":"7ac8d706","settings":{"title":"\u0645\u062c\u0645\u0648\u0639\u0647 \u0627\u0646\u062a\u062e\u0627\u0628 \u0634\u062f\u0647 \u0645\u0627 \u0627\u0632 \u062e\u0627\u0646\u0647 \u0647\u0627\u06cc \u0627\u0633\u062a\u062b\u0646\u0627\u06cc\u06cc \u0648 \u0641\u0631\u0635\u062a \u0647\u0627\u06cc \u0633\u0631\u0645\u0627\u06cc\u0647 \u06af\u0630\u0627\u0631\u06cc \u0631\u0627 \u06a9\u0634\u0641 \u06a9\u0646\u06cc\u062f","header_size":"div","align":"center","typography_typography":"custom","typography_font_size":{"unit":"px","size":20,"sizes":[]},"typography_text_transform":"uppercase","_margin":{"unit":"px","top":"0","right":"0","bottom":"0","left":"0","isLinked":false},"typography_font_weight":"200","_animation":"fadeIn","_animation_delay":250,"typography_line_height_mobile":{"unit":"em","size":1.7,"sizes":[]},"typography_line_height":{"unit":"em","size":1.3,"sizes":[]}},"elements":[],"isInner":false,"widgetType":"heading","elType":"widget"}],"isInner":true,"elType":"column"}],"isInner":true,"elType":"section"},{"id":"31bfee83","settings":{"layout":"full_width"},"elements":[{"id":"840cd58","settings":{"_column_size":100,"_inline_size":null},"elements":[{"id":"322401da","settings":{"houzez_tabs_style":"property-nav-tabs-v5","tabs_spacer":{"unit":"px","size":0,"sizes":[]},"tabs_items":[{"tab_title":"\u062e\u0627\u0646\u0647 \u0645\u062c\u0631\u062f\u06cc","tabs_icon_type":"none","tabs_icon_icon":{"value":"","library":""},"property_type":["%d8%ae%d8%a7%d9%86%d9%87-%d9%85%d8%ac%d8%b1%d8%af%db%8c"],"_id":"5deadc8"},{"tab_title":"\u0622\u067e\u0627\u0631\u062a\u0645\u0627\u0646","tabs_icon_type":"none","tabs_icon_icon":{"value":"","library":""},"property_type":["%d8%a2%d9%be%d8%a7%d8%b1%d8%aa%d9%85%d8%a7%d9%86"],"_id":"ca61010"},{"tab_title":"\u0648\u06cc\u0644\u0627","tabs_icon_type":"none","tabs_icon_icon":{"value":"","library":""},"property_type":["%d9%88%db%8c%d9%84%d8%a7"],"_id":"c94e0e9"},{"tab_title":"\u0627\u0633\u062a\u0648\u062f\u06cc\u0648","tabs_icon_type":"none","tabs_icon_icon":{"value":"","library":""},"property_type":["%d8%a7%d8%b3%d8%aa%d9%88%d8%af%db%8c%d9%88"],"_id":"fabc864"}],"grid_style":"cards-v7","module_type":"grid_4_cols","sort_by":"featured_top","posts_limit":4,"tab_title_color":"#000000","tab_title_border":"#09ABB5","tabs_typography_typography":"custom","tabs_typography_font_size":{"unit":"px","size":18,"sizes":[]}},"elements":[],"isInner":false,"widgetType":"houzez_properties_tabs","elType":"widget"}],"isInner":true,"elType":"column"}],"isInner":true,"elType":"section"}],"isInner":false,"elType":"column"}],"isInner":false,"elType":"section"},{"id":"3119ef9a","settings":{"background_color":"#09ABB512","background_color_b":"#E6EBF080","background_gradient_angle":{"unit":"deg","size":0,"sizes":[]},"padding":{"unit":"%","top":"0","right":"0","bottom":"4","left":"0","isLinked":false},"padding_tablet":{"unit":"%","top":"0","right":"05","bottom":"0","left":"05","isLinked":false},"padding_mobile":{"unit":"%","top":"","right":"","bottom":"","left":"","isLinked":true},"content_width":{"unit":"px","size":1300,"sizes":[]},"shape_divider_top_height":{"unit":"px","size":38,"sizes":[]}},"elements":[{"id":"baa2e85","settings":{"_column_size":100,"_inline_size":null},"elements":[{"id":"566bfe66","settings":{"gap":"no","content_width":{"unit":"px","size":1300,"sizes":[]},"background_overlay_color":"#000000","background_overlay_color_stop":{"unit":"%","size":69,"sizes":[]},"background_overlay_color_b":"#36AA71","background_overlay_color_b_stop":{"unit":"%","size":26,"sizes":[]},"background_overlay_gradient_angle":{"unit":"deg","size":135,"sizes":[]},"background_overlay_opacity":{"unit":"px","size":0.2,"sizes":[]},"structure":"20","z_index":1,"layout":"full_width","background_background":"classic","background_color":"#EBF6F7","border_radius":{"unit":"px","top":"8","right":"8","bottom":"8","left":"8","isLinked":true},"padding":{"unit":"%","top":"0","right":"0","bottom":"0","left":"0","isLinked":true},"padding_tablet":{"unit":"%","top":"","right":"","bottom":"","left":"","isLinked":true},"padding_mobile":{"unit":"%","top":"","right":"","bottom":"","left":"","isLinked":true},"content_position":"middle","overflow":"hidden","background_image":{"url":"https:\/\/wordpress-432351-3304931.cloudwaysapps.com\/wp-content\/uploads\/2023\/02\/header-tehran-01.jpg","id":18831,"size":"","alt":"","source":"library"},"background_position":"center right","background_overlay_background":"classic","border_border":"solid","border_width":{"unit":"px","top":"0","right":"0","bottom":"4","left":"0","isLinked":false},"border_color":"#09ABB5","box_shadow_box_shadow_type":"yes","box_shadow_box_shadow":{"horizontal":0,"vertical":40,"blur":40,"spread":0,"color":"rgba(0, 0, 0, 0.1)"}},"elements":[{"id":"584db1de","settings":{"_column_size":50,"_inline_size":60,"_inline_size_tablet":100,"space_between_widgets":10,"padding":{"unit":"%","top":"11","right":"11","bottom":"11","left":"11","isLinked":true},"padding_tablet":{"unit":"%","top":"","right":"","bottom":"","left":"","isLinked":true},"padding_mobile":{"unit":"%","top":"","right":"","bottom":"","left":"","isLinked":true}},"elements":[{"id":"13015927","settings":{"title":"\u062e\u0627\u0646\u0647 \u0631\u0648\u06cc\u0627\u06cc\u06cc \u062e\u0648\u062f \u0631\u0627 \u0628\u0627 \u0645\u0634\u0627\u0648\u0631\u0627\u0646 \u0627\u0645\u0644\u0627\u06a9 \u0645\u062a\u062e\u0635\u0635 \u0645\u0627 \u0628\u06cc\u0627\u0628\u06cc\u062f","typography_typography":"custom","typography_font_size":{"unit":"px","size":25,"sizes":[]},"header_size":"h1","typography_letter_spacing":{"unit":"px","size":0,"sizes":[]},"typography_font_size_tablet":{"unit":"px","size":30,"sizes":[]},"typography_font_size_mobile":{"unit":"px","size":25,"sizes":[]},"typography_line_height_mobile":{"unit":"em","size":1.4,"sizes":[]},"typography_line_height_tablet":{"unit":"px","size":"","sizes":[]},"_animation":"fadeIn","_margin":{"unit":"px","top":"0","right":"0","bottom":"10","left":"0","isLinked":false},"typography_font_weight":"bold","title_color":"#FFFFFF"},"elements":[],"isInner":false,"widgetType":"heading","elType":"widget"},{"id":"62ec273a","settings":{"title":"\u0647\u0645\u06cc\u0646 \u0627\u0645\u0631\u0648\u0632 \u0628\u0627 \u0645\u0627 \u062a\u0645\u0627\u0633 \u0628\u06af\u06cc\u0631\u06cc\u062f \u062a\u0627 \u0628\u0627 \u06cc\u06a9\u06cc \u0627\u0632 \u0645\u0634\u0627\u0648\u0631\u0627\u0646 \u0627\u0645\u0644\u0627\u06a9 \u0645\u062a\u062e\u0635\u0635 \u0645\u0627 \u0645\u0634\u0627\u0648\u0631\u0647 \u0628\u06af\u06cc\u0631\u06cc\u062f \u0648 \u0627\u0648\u0644\u06cc\u0646 \u0642\u062f\u0645 \u0631\u0627 \u0628\u0631\u0627\u06cc \u062f\u0627\u0634\u062a\u0646 \u0645\u0644\u06a9 \u0639\u0627\u0644\u06cc \u0628\u0631\u062f\u0627\u0631\u06cc\u062f.","header_size":"div","typography_typography":"custom","typography_font_size":{"unit":"px","size":20,"sizes":[]},"typography_text_transform":"uppercase","_margin":{"unit":"px","top":"0","right":"0","bottom":"0","left":"0","isLinked":false},"typography_font_weight":"200","_animation":"fadeIn","_animation_delay":250,"typography_line_height_mobile":{"unit":"em","size":1.7,"sizes":[]},"typography_line_height":{"unit":"em","size":1.5,"sizes":[]},"title_color":"#FFFFFF"},"elements":[],"isInner":false,"widgetType":"heading","elType":"widget"},{"id":"3a3af5ec","settings":{"text":"\u0627\u06cc\u0646\u062c\u0627 \u06a9\u0644\u06cc\u06a9 \u06a9\u0646\u06cc\u062f","size":"md","background_color":"#09ABB5","button_background_hover_color":"#08C5D1","_margin":{"unit":"px","top":"15","right":"0","bottom":"0","left":"0","isLinked":false}},"elements":[],"isInner":false,"widgetType":"button","elType":"widget"}],"isInner":true,"elType":"column"},{"id":"108c355f","settings":{"_column_size":50,"_inline_size":40,"_inline_size_tablet":100,"space_between_widgets":0,"margin":{"unit":"px","top":"0","right":"0","bottom":"0","left":"0","isLinked":true},"padding":{"unit":"px","top":"0","right":"0","bottom":"0","left":"0","isLinked":true}},"elements":[],"isInner":true,"elType":"column"}],"isInner":true,"elType":"section"}],"isInner":false,"elType":"column"}],"isInner":false,"elType":"section"},{"id":"1f5219f9","settings":{"content_width":{"unit":"px","size":1300,"sizes":[]},"padding":{"unit":"%","top":"0","right":"0","bottom":"4","left":"0","isLinked":false},"padding_tablet":{"unit":"%","top":"","right":"","bottom":"","left":"","isLinked":true},"padding_mobile":{"unit":"%","top":"","right":"","bottom":"","left":"","isLinked":true}},"elements":[{"id":"40cb8c22","settings":{"_column_size":100,"_inline_size":null},"elements":[{"id":"1a2e84f3","settings":{"content_width":{"unit":"px","size":745,"sizes":[]}},"elements":[{"id":"63cf0844","settings":{"_column_size":100,"_inline_size":null,"space_between_widgets":10},"elements":[{"id":"c9e5a38","settings":{"title":"\u0644\u06cc\u0633\u062a \u0647\u0627\u06cc \u0628\u0631\u062c\u0633\u062a\u0647","typography_typography":"custom","typography_font_size":{"unit":"px","size":40,"sizes":[]},"header_size":"h1","typography_letter_spacing":{"unit":"px","size":0,"sizes":[]},"align":"center","typography_font_size_tablet":{"unit":"px","size":30,"sizes":[]},"typography_font_size_mobile":{"unit":"px","size":25,"sizes":[]},"typography_line_height_mobile":{"unit":"em","size":1.4,"sizes":[]},"typography_line_height_tablet":{"unit":"px","size":"","sizes":[]},"_animation":"fadeIn","_margin":{"unit":"px","top":"0","right":"0","bottom":"10","left":"0","isLinked":false},"typography_font_weight":"bold"},"elements":[],"isInner":false,"widgetType":"heading","elType":"widget"},{"id":"72cdf5cc","settings":{"title":"\u0645\u062c\u0645\u0648\u0639\u0647 \u0627\u0646\u062a\u062e\u0627\u0628 \u0634\u062f\u0647 \u0645\u0627 \u0627\u0632 \u062e\u0627\u0646\u0647 \u0647\u0627\u06cc \u0627\u0633\u062a\u062b\u0646\u0627\u06cc\u06cc \u0648 \u0641\u0631\u0635\u062a \u0647\u0627\u06cc \u0633\u0631\u0645\u0627\u06cc\u0647 \u06af\u0630\u0627\u0631\u06cc \u0631\u0627 \u06a9\u0634\u0641 \u06a9\u0646\u06cc\u062f","header_size":"div","align":"center","typography_typography":"custom","typography_font_size":{"unit":"px","size":20,"sizes":[]},"typography_text_transform":"uppercase","_margin":{"unit":"px","top":"0","right":"0","bottom":"0","left":"0","isLinked":false},"typography_font_weight":"200","_animation":"fadeIn","_animation_delay":250,"typography_line_height_mobile":{"unit":"em","size":1.7,"sizes":[]},"typography_line_height":{"unit":"em","size":1.3,"sizes":[]}},"elements":[],"isInner":false,"widgetType":"heading","elType":"widget"}],"isInner":true,"elType":"column"}],"isInner":true,"elType":"section"},{"id":"1302169b","settings":{"layout":"full_width"},"elements":[{"id":"3c161ecd","settings":{"_column_size":100,"_inline_size":null},"elements":[{"id":"721b6875","settings":{"slides_to_show":"4","auto_speed":"3000"},"elements":[],"isInner":false,"widgetType":"houzez_elementor_properties_carousel_v7","elType":"widget"}],"isInner":true,"elType":"column"}],"isInner":true,"elType":"section"}],"isInner":false,"elType":"column"}],"isInner":false,"elType":"section"},{"id":"6bbf8603","settings":{"background_color":"#09ABB512","background_color_b":"#E6EBF080","background_gradient_angle":{"unit":"deg","size":0,"sizes":[]},"padding":{"unit":"%","top":"0","right":"0","bottom":"4","left":"0","isLinked":false},"padding_tablet":{"unit":"%","top":"0","right":"05","bottom":"0","left":"05","isLinked":false},"padding_mobile":{"unit":"%","top":"","right":"","bottom":"","left":"","isLinked":true},"content_width":{"unit":"px","size":1300,"sizes":[]},"shape_divider_top_height":{"unit":"px","size":38,"sizes":[]}},"elements":[{"id":"5bf7ba01","settings":{"_column_size":100,"_inline_size":null},"elements":[{"id":"36c8b1c4","settings":{"content_width":{"unit":"px","size":1300,"sizes":[]}},"elements":[{"id":"68a7bc0c","settings":{"_column_size":100,"_inline_size":null,"space_between_widgets":10},"elements":[{"id":"2a13fe73","settings":{"title":"\u062e\u062f\u0645\u0627\u062a \u0645\u0627","title_color":"#000000","typography_typography":"custom","typography_font_size":{"unit":"px","size":34,"sizes":[]},"typography_line_height":{"unit":"em","size":1.5,"sizes":[]},"typography_font_size_tablet":{"unit":"px","size":28,"sizes":[]},"typography_font_size_mobile":{"unit":"px","size":24,"sizes":[]},"typography_font_weight":"bold","align":"center"},"elements":[],"isInner":false,"widgetType":"heading","elType":"widget"},{"id":"63a23e33","settings":{"editor":"<p>\u0631\u0627\u0647 \u062d\u0644 \u0647\u0627\u06cc \u0645\u0646\u0627\u0633\u0628 \u0628\u0631\u0627\u06cc \u0627\u0645\u0644\u0627\u06a9 \u0648 \u0645\u0633\u062a\u063a\u0644\u0627\u062a \u0628\u0631\u0627\u06cc \u0628\u0631\u0622\u0648\u0631\u062f\u0647 \u06a9\u0631\u062f\u0646 \u0646\u06cc\u0627\u0632\u0647\u0627 \u0648 \u0627\u0647\u062f\u0627\u0641 \u0645\u0646\u062d\u0635\u0631 \u0628\u0647 \u0641\u0631\u062f \u0634\u0645\u0627<\/p>","typography_typography":"custom","typography_font_size":{"unit":"px","size":20,"sizes":[]},"typography_line_height":{"unit":"em","size":1.3,"sizes":[]},"text_color":"#2F2F2F","align":"center","typography_font_weight":"200","typography_text_transform":"uppercase","typography_line_height_mobile":{"unit":"em","size":1.7,"sizes":[]},"_margin":{"unit":"px","top":"0","right":"0","bottom":"0","left":"0","isLinked":false},"_animation":"fadeIn","_animation_delay":250},"elements":[],"isInner":false,"widgetType":"text-editor","elType":"widget"}],"isInner":true,"elType":"column"}],"isInner":true,"elType":"section"},{"id":"7c147bd7","settings":{"gap":"wide","content_width":{"unit":"px","size":1300,"sizes":[]},"background_overlay_color":"#FFFFFF","background_overlay_color_stop":{"unit":"%","size":69,"sizes":[]},"background_overlay_color_b":"#36AA71","background_overlay_color_b_stop":{"unit":"%","size":26,"sizes":[]},"background_overlay_gradient_angle":{"unit":"deg","size":135,"sizes":[]},"background_overlay_opacity":{"unit":"px","size":1,"sizes":[]},"structure":"30","z_index":1,"layout":"full_width","background_background":"classic","background_color":"#EBF6F7","border_radius":{"unit":"px","top":"8","right":"8","bottom":"8","left":"8","isLinked":true},"padding":{"unit":"%","top":"4","right":"4","bottom":"4","left":"4","isLinked":true},"padding_tablet":{"unit":"%","top":"","right":"","bottom":"","left":"","isLinked":true},"padding_mobile":{"unit":"%","top":"","right":"","bottom":"","left":"","isLinked":true},"border_border":"solid","border_width":{"unit":"px","top":"0","right":"0","bottom":"4","left":"0","isLinked":false},"border_color":"#09ABB5","box_shadow_box_shadow_type":"yes","box_shadow_box_shadow":{"horizontal":0,"vertical":40,"blur":40,"spread":0,"color":"rgba(0, 0, 0, 0.1)"}},"elements":[{"id":"ae702a8","settings":{"_column_size":33,"_inline_size":null,"_inline_size_tablet":50,"space_between_widgets":30},"elements":[{"id":"7debf23e","settings":{"image":{"url":"https:\/\/wordpress-432351-3304931.cloudwaysapps.com\/wp-content\/uploads\/2023\/02\/header-tehran-01.jpg","id":18831,"size":"","alt":"","source":"library"},"thumbnail_size":"custom","thumbnail_custom_dimension":{"width":"200","height":"200"},"title_text":"\u062e\u0631\u06cc\u062f \u0648 \u0641\u0631\u0648\u0634 \u0645\u0644\u06a9","description_text":"\u0627\u0637\u0644\u0627\u0639\u0627\u062a \u0628\u06cc\u0634\u062a\u0631","position":"right","image_space":{"unit":"px","size":30,"sizes":[]},"image_size":{"unit":"%","size":57,"sizes":[]},"image_border_border":"none","image_border_width":{"unit":"px","top":"0","right":"0","bottom":"0","left":"0","isLinked":true},"image_border_color":"#09ABB5","image_border_radius":{"unit":"px","size":4,"sizes":[]},"text_align":"right","title_typography_typography":"custom","title_typography_font_size":{"unit":"px","size":24,"sizes":[]},"title_typography_font_weight":"bold","description_color":"#09ABB5","link":{"url":"https:\/\/wordpress-432351-3304931.cloudwaysapps.com\/about\/","is_external":"","nofollow":"","custom_attributes":""},"content_vertical_alignment":"middle"},"elements":[],"isInner":false,"widgetType":"image-box","elType":"widget"},{"id":"70ca9550","settings":{"image":{"url":"https:\/\/wordpress-432351-3304931.cloudwaysapps.com\/wp-content\/uploads\/2023\/02\/single-home-0012.jpg","id":18809,"size":"","alt":"","source":"library"},"thumbnail_size":"custom","thumbnail_custom_dimension":{"width":"200","height":"200"},"title_text":"\u062a\u062d\u0644\u06cc\u0644 \u0627\u0645\u0648\u0627\u0644 \u0633\u0631\u0645\u0627\u06cc\u0647 \u06af\u0630\u0627\u0631\u06cc","description_text":"\u0627\u0637\u0644\u0627\u0639\u0627\u062a \u0628\u06cc\u0634\u062a\u0631","position":"right","image_space":{"unit":"px","size":30,"sizes":[]},"image_size":{"unit":"%","size":57,"sizes":[]},"image_border_border":"none","image_border_width":{"unit":"px","top":"0","right":"0","bottom":"0","left":"0","isLinked":true},"image_border_color":"#09ABB5","image_border_radius":{"unit":"px","size":4,"sizes":[]},"text_align":"right","title_typography_typography":"custom","title_typography_font_size":{"unit":"px","size":24,"sizes":[]},"title_typography_font_weight":"bold","description_color":"#09ABB5","link":{"url":"https:\/\/wordpress-432351-3304931.cloudwaysapps.com\/about\/","is_external":"","nofollow":"","custom_attributes":""},"content_vertical_alignment":"middle"},"elements":[],"isInner":false,"widgetType":"image-box","elType":"widget"}],"isInner":true,"elType":"column"},{"id":"5c5bd383","settings":{"_column_size":33,"_inline_size":null,"_inline_size_tablet":50,"space_between_widgets":30},"elements":[{"id":"444162a0","settings":{"image":{"url":"https:\/\/wordpress-432351-3304931.cloudwaysapps.com\/wp-content\/uploads\/2023\/02\/single-home-0010.jpg","id":18811,"size":"","alt":"","source":"library"},"thumbnail_size":"custom","thumbnail_custom_dimension":{"width":"200","height":"200"},"title_text":"\u0645\u062f\u06cc\u0631\u06cc\u062a \u0627\u0645\u0644\u0627\u06a9 \u0627\u062c\u0627\u0631\u0647 \u0627\u06cc","description_text":"\u0627\u0637\u0644\u0627\u0639\u0627\u062a \u0628\u06cc\u0634\u062a\u0631","position":"right","image_space":{"unit":"px","size":30,"sizes":[]},"image_size":{"unit":"%","size":57,"sizes":[]},"image_border_border":"none","image_border_width":{"unit":"px","top":"0","right":"0","bottom":"0","left":"0","isLinked":true},"image_border_color":"#09ABB5","image_border_radius":{"unit":"px","size":4,"sizes":[]},"text_align":"right","title_typography_typography":"custom","title_typography_font_size":{"unit":"px","size":24,"sizes":[]},"title_typography_font_weight":"bold","description_color":"#09ABB5","link":{"url":"https:\/\/wordpress-432351-3304931.cloudwaysapps.com\/about\/","is_external":"","nofollow":"","custom_attributes":""},"content_vertical_alignment":"middle"},"elements":[],"isInner":false,"widgetType":"image-box","elType":"widget"},{"id":"3b223ed6","settings":{"image":{"url":"https:\/\/wordpress-432351-3304931.cloudwaysapps.com\/wp-content\/uploads\/2023\/02\/studio-0001.jpg","id":18767,"size":"","alt":"","source":"library"},"thumbnail_size":"custom","thumbnail_custom_dimension":{"width":"200","height":"200"},"title_text":"\u0645\u0631\u062d\u0644\u0647 \u0628\u0646\u062f\u06cc \u0627\u0645\u0644\u0627\u06a9 \u0648 \u0628\u0627\u0632\u0627\u0631\u06cc\u0627\u0628\u06cc","description_text":"\u0627\u0637\u0644\u0627\u0639\u0627\u062a \u0628\u06cc\u0634\u062a\u0631","position":"right","image_space":{"unit":"px","size":30,"sizes":[]},"image_size":{"unit":"%","size":57,"sizes":[]},"image_border_border":"none","image_border_width":{"unit":"px","top":"0","right":"0","bottom":"0","left":"0","isLinked":true},"image_border_color":"#09ABB5","image_border_radius":{"unit":"px","size":4,"sizes":[]},"text_align":"right","title_typography_typography":"custom","title_typography_font_size":{"unit":"px","size":24,"sizes":[]},"title_typography_font_weight":"bold","description_color":"#09ABB5","link":{"url":"https:\/\/wordpress-432351-3304931.cloudwaysapps.com\/about\/","is_external":"","nofollow":"","custom_attributes":""},"content_vertical_alignment":"middle"},"elements":[],"isInner":false,"widgetType":"image-box","elType":"widget"}],"isInner":true,"elType":"column"},{"id":"7d60488b","settings":{"_column_size":33,"_inline_size":null,"_inline_size_tablet":100,"space_between_widgets":30,"align_tablet":"space-between"},"elements":[{"id":"2d680b17","settings":{"image":{"url":"https:\/\/wordpress-432351-3304931.cloudwaysapps.com\/wp-content\/uploads\/2023\/02\/single-home-0003.jpg","id":18812,"size":"","alt":"","source":"library"},"thumbnail_size":"custom","thumbnail_custom_dimension":{"width":"200","height":"200"},"title_text":"\u062e\u062f\u0645\u0627\u062a \u0645\u0634\u0627\u0648\u0631\u0647 \u0627\u0645\u0644\u0627\u06a9","description_text":"\u0627\u0637\u0644\u0627\u0639\u0627\u062a \u0628\u06cc\u0634\u062a\u0631","position":"right","image_space":{"unit":"px","size":30,"sizes":[]},"image_size":{"unit":"%","size":57,"sizes":[]},"image_border_border":"none","image_border_width":{"unit":"px","top":"0","right":"0","bottom":"0","left":"0","isLinked":true},"image_border_color":"#09ABB5","image_border_radius":{"unit":"px","size":4,"sizes":[]},"text_align":"right","title_typography_typography":"custom","title_typography_font_size":{"unit":"px","size":24,"sizes":[]},"title_typography_font_weight":"bold","description_color":"#09ABB5","link":{"url":"https:\/\/wordpress-432351-3304931.cloudwaysapps.com\/about\/","is_external":"","nofollow":"","custom_attributes":""},"content_vertical_alignment":"middle","_element_width_tablet":"initial","_element_custom_width_tablet":{"unit":"%","size":47,"sizes":[]},"_element_custom_width_mobile":{"unit":"%","size":"","sizes":[]}},"elements":[],"isInner":false,"widgetType":"image-box","elType":"widget"},{"id":"7b172586","settings":{"image":{"url":"https:\/\/wordpress-432351-3304931.cloudwaysapps.com\/wp-content\/uploads\/2023\/02\/single-home-0002.jpg","id":18813,"size":"","alt":"","source":"library"},"thumbnail_size":"custom","thumbnail_custom_dimension":{"width":"200","height":"200"},"title_text":"\u0646\u06af\u0647\u062f\u0627\u0631\u06cc \u0648 \u062a\u0639\u0645\u06cc\u0631\u0627\u062a \u0627\u0645\u0648\u0627\u0644","description_text":"\u0627\u0637\u0644\u0627\u0639\u0627\u062a \u0628\u06cc\u0634\u062a\u0631","position":"right","image_space":{"unit":"px","size":30,"sizes":[]},"image_size":{"unit":"%","size":57,"sizes":[]},"image_border_border":"none","image_border_width":{"unit":"px","top":"0","right":"0","bottom":"0","left":"0","isLinked":true},"image_border_color":"#09ABB5","image_border_radius":{"unit":"px","size":4,"sizes":[]},"text_align":"right","title_typography_typography":"custom","title_typography_font_size":{"unit":"px","size":24,"sizes":[]},"title_typography_font_weight":"bold","description_color":"#09ABB5","link":{"url":"https:\/\/wordpress-432351-3304931.cloudwaysapps.com\/about\/","is_external":"","nofollow":"","custom_attributes":""},"content_vertical_alignment":"middle","_element_width_tablet":"initial","_element_custom_width_tablet":{"unit":"%","size":47,"sizes":[]},"_element_custom_width_mobile":{"unit":"%","size":"","sizes":[]}},"elements":[],"isInner":false,"widgetType":"image-box","elType":"widget"}],"isInner":true,"elType":"column"}],"isInner":true,"elType":"section"}],"isInner":false,"elType":"column"}],"isInner":false,"elType":"section"},{"id":"66906cae","settings":{"content_width":{"unit":"px","size":1300,"sizes":[]},"padding":{"unit":"%","top":"04","right":"0","bottom":"8","left":"0","isLinked":false},"padding_tablet":{"unit":"%","top":"","right":"","bottom":"","left":"","isLinked":true},"padding_mobile":{"unit":"%","top":"","right":"","bottom":"","left":"","isLinked":true}},"elements":[{"id":"2dd534","settings":{"_column_size":100,"_inline_size":null},"elements":[{"id":"4715d47c","settings":{"content_width":{"unit":"px","size":745,"sizes":[]}},"elements":[{"id":"8048018","settings":{"_column_size":100,"_inline_size":null,"space_between_widgets":10},"elements":[{"id":"5cc19c62","settings":{"title":"\u0628\u0627 \u0645\u0634\u0627\u0648\u0631\u0627\u0646 \u0627\u0645\u0644\u0627\u06a9 \u0645\u0627 \u0645\u0644\u0627\u0642\u0627\u062a \u06a9\u0646\u06cc\u062f","typography_typography":"custom","typography_font_size":{"unit":"px","size":40,"sizes":[]},"header_size":"h1","typography_letter_spacing":{"unit":"px","size":0,"sizes":[]},"align":"center","typography_font_size_tablet":{"unit":"px","size":30,"sizes":[]},"typography_font_size_mobile":{"unit":"px","size":25,"sizes":[]},"typography_line_height_mobile":{"unit":"em","size":1.4,"sizes":[]},"typography_line_height_tablet":{"unit":"px","size":"","sizes":[]},"_animation":"fadeIn","_margin":{"unit":"px","top":"0","right":"0","bottom":"10","left":"0","isLinked":false},"typography_font_weight":"bold"},"elements":[],"isInner":false,"widgetType":"heading","elType":"widget"},{"id":"7c4c6f8e","settings":{"title":"\u0628\u0627 \u062a\u06cc\u0645 \u0645\u062a\u062e\u0635\u0635\u0627\u0646 \u0628\u0627\u062a\u062c\u0631\u0628\u0647 \u0648 \u0622\u06af\u0627\u0647 \u062f\u0631 \u0627\u0645\u0644\u0627\u06a9 \u0648 \u0645\u0633\u062a\u063a\u0644\u0627\u062a \u0622\u0634\u0646\u0627 \u0634\u0648\u06cc\u062f","header_size":"div","align":"center","typography_typography":"custom","typography_font_size":{"unit":"px","size":20,"sizes":[]},"typography_text_transform":"uppercase","_margin":{"unit":"px","top":"0","right":"0","bottom":"0","left":"0","isLinked":false},"typography_font_weight":"200","_animation":"fadeIn","_animation_delay":250,"typography_line_height_mobile":{"unit":"em","size":1.7,"sizes":[]},"typography_line_height":{"unit":"em","size":1.3,"sizes":[]}},"elements":[],"isInner":false,"widgetType":"heading","elType":"widget"}],"isInner":true,"elType":"column"}],"isInner":true,"elType":"section"},{"id":"7c1570af","settings":{"layout":"full_width"},"elements":[{"id":"67b0f891","settings":{"_column_size":100,"_inline_size":null},"elements":[{"id":"15ca655b","settings":{"columns":"4","posts_limit":"9","orderby":"title","agent_box_bg_color":"#FFFFFF","agent_box_border_border":"solid","agent_box_border_width":{"unit":"px","top":"0","right":"0","bottom":"4","left":"0","isLinked":false},"agent_box_border_color":"#09ABB5","agent_box_border_radius":{"unit":"px","top":"8","right":"8","bottom":"8","left":"8","isLinked":true},"agent_box_shadow_box_shadow_type":"yes","agent_box_shadow_box_shadow":{"horizontal":0,"vertical":40,"blur":40,"spread":0,"color":"rgba(0, 0, 0, 0.1)"},"agent_box_separator_color":"#C8E9EC","agent_title_typography":"custom","agent_title_font_weight":"500","agent_position_typography":"custom","agent_position_font_size":{"unit":"px","size":16,"sizes":[]},"view_button_bg":"#FFFFFF","view_button_color":"#09ABB5","view_button_hover_bg":"#09ABB5"},"elements":[],"isInner":false,"widgetType":"houzez_elementor_agents_grid","elType":"widget"}],"isInner":true,"elType":"column"}],"isInner":true,"elType":"section"}],"isInner":false,"elType":"column"}],"isInner":false,"elType":"section"},{"id":"3d3ac12c","settings":{"content_width":{"unit":"px","size":1300,"sizes":[]},"background_background":"classic","background_color":"#EBF6F7","shape_divider_top":"pyramids","shape_divider_top_height":{"unit":"px","size":39,"sizes":[]},"padding":{"unit":"%","top":"5","right":"0","bottom":"2","left":"0","isLinked":false},"padding_tablet":{"unit":"%","top":"","right":"","bottom":"","left":"","isLinked":true},"padding_mobile":{"unit":"%","top":"","right":"","bottom":"","left":"","isLinked":true},"border_border":"solid","border_width":{"unit":"px","top":"0","right":"0","bottom":"1","left":"0","isLinked":false},"border_color":"#D2EBED"},"elements":[{"id":"78b1cf0","settings":{"_column_size":100,"_inline_size":null},"elements":[{"id":"43f677a7","settings":{"layout":"full_width","structure":"21","content_position":"middle"},"elements":[{"id":"62d2d806","settings":{"_column_size":33,"_inline_size":null},"elements":[{"id":"16e1fdef","settings":{"title":"\u062b\u0628\u062a \u0646\u0627\u0645 \u062f\u0631 \u062e\u0628\u0631\u0646\u0627\u0645\u0647","typography_typography":"custom","typography_font_size":{"unit":"px","size":40,"sizes":[]},"header_size":"h1","typography_letter_spacing":{"unit":"px","size":0,"sizes":[]},"typography_font_size_tablet":{"unit":"px","size":30,"sizes":[]},"typography_font_size_mobile":{"unit":"px","size":25,"sizes":[]},"typography_line_height_mobile":{"unit":"em","size":1.4,"sizes":[]},"typography_line_height_tablet":{"unit":"px","size":"","sizes":[]},"_animation":"fadeIn","_margin":{"unit":"px","top":"0","right":"0","bottom":"10","left":"0","isLinked":false},"typography_font_weight":"bold"},"elements":[],"isInner":false,"widgetType":"heading","elType":"widget"}],"isInner":true,"elType":"column"},{"id":"21aebef5","settings":{"_column_size":66,"_inline_size":null},"elements":[{"id":"1d6147a6","settings":{"form_name":"New Form","form_fields":[{"_id":"email","field_type":"email","required":"true","field_label":"Email","placeholder":"\u0622\u062f\u0631\u0633 \u0627\u06cc\u0645\u06cc\u0644","width":"75"}],"input_size":"lg","show_labels":"","button_text":"\u0627\u0631\u0633\u0627\u0644","button_size":"lg","button_width":"25","email_to":"hello@favethemes.com","email_subject":"New message from &quot;Houzez&quot;","button_background_color":"#09ABB5","button_background_hover_color":"#08C5D1","row_gap":{"unit":"px","size":0,"sizes":[]},"field_border_radius":{"unit":"px","top":"32","right":"32","bottom":"32","left":"32","isLinked":true},"button_border_radius":{"unit":"px","top":"32","right":"32","bottom":"32","left":"32","isLinked":true}},"elements":[],"isInner":false,"widgetType":"houzez_elementor_contact_form","elType":"widget"}],"isInner":true,"elType":"column"}],"isInner":true,"elType":"section"}],"isInner":false,"elType":"column"}],"isInner":false,"elType":"section"}],"page_settings":{"background_color":"#FFFFFF"},"version":"0.4","title":"Homepage 03 - Demo 32","type":"page"}