{"version":"0.4","title":"Demo 10 &#8211; Homepage","type":"page","content":[{"id":"65b4d0a7","settings":{"height":"full","structure":"20","background_background":"classic","background_color":"#224f8e","content_position":"middle","background_color_b":"#001c51","background_color_b_stop":{"unit":"%","size":80,"sizes":[]},"background_image":{"id":2488,"url":"https:\/\/demo10.houzez.co\/wp-content\/uploads\/2020\/03\/about-3.jpg"},"background_position":"bottom left","background_repeat":"no-repeat","background_size":"cover","background_overlay_background":"gradient","background_overlay_color":"rgba(0,28,81,0.68)","background_overlay_color_b":"#001c51","background_overlay_opacity":{"unit":"px","size":1,"sizes":[]},"background_position_mobile":"bottom center","background_repeat_mobile":"no-repeat","background_size_mobile":"cover"},"elements":[{"id":"77a5df59","settings":{"_column_size":50,"_inline_size":62.044,"_inline_size_tablet":50,"padding_tablet":{"unit":"px","top":"30","right":"30","bottom":"30","left":"30","isLinked":true}},"elements":[{"id":"520e6e39","settings":{"width":{"unit":"%","size":4,"sizes":[]},"text":"Divider","color":"#48aa48","weight":{"unit":"px","size":2,"sizes":[]},"gap":{"unit":"px","size":2,"sizes":[]},"align":"left","_margin":{"unit":"px","top":"10","right":"0","bottom":"10","left":"0","isLinked":false},"_margin_mobile":{"unit":"px","top":"0","right":"0","bottom":"0","left":"0","isLinked":true}},"elements":[],"isInner":false,"widgetType":"divider","elType":"widget"},{"id":"12d1a92a","settings":{"hz_section_title":"Nova Condominium","hz_section_subtitle":"Collins Avenue, Miami Beach","section_title_typography_typography":"custom","section_title_typography_font_family":"Raleway","section_title_typography_font_size":{"unit":"px","size":50,"sizes":[]},"section_title_typography_font_weight":"700","section_subtitle_typography_typography":"custom","section_subtitle_typography_font_family":"Nunito","section_subtitle_typography_font_size":{"unit":"px","size":25,"sizes":[]},"section_subtitle_typography_font_weight":"100","houzez_section_title_align":"left","houzez_section_title_color":"#FFFFFF","houzez_section_subtitle_color":"#61CE70","section_title_typography_line_height":{"unit":"em","size":1.3,"sizes":[]},"section_title_typography_letter_spacing":{"unit":"px","size":-0.5,"sizes":[]},"section_subtitle_typography_line_height":{"unit":"em","size":1.3,"sizes":[]},"homey_main_title_spacing":{"unit":"px","size":5,"sizes":[]},"homey_subtitle_spacing":{"unit":"px","size":0,"sizes":[]},"houzez_section_title_margin_bottom":{"unit":"px","size":0,"sizes":[]},"section_title_typography_font_size_mobile":{"unit":"px","size":30,"sizes":[]},"houzez_section_title_margin_bottom_mobile":{"unit":"px","size":0,"sizes":[]}},"elements":[],"isInner":false,"widgetType":"houzez_elementor_section_title","elType":"widget"},{"id":"1d5e618","settings":{"width":{"unit":"%","size":4,"sizes":[]},"text":"Divider","color":"#48aa48","weight":{"unit":"px","size":2,"sizes":[]},"gap":{"unit":"px","size":2,"sizes":[]},"align":"left","_margin":{"unit":"px","top":"10","right":"0","bottom":"10","left":"0","isLinked":false}},"elements":[],"isInner":false,"widgetType":"divider","elType":"widget"},{"id":"751832a7","settings":{"selected_icon":{"value":{"url":"https:\/\/demo10.houzez.co\/wp-content\/uploads\/2020\/03\/eco-house.svg","id":2473},"library":"svg"},"title_text":"High-end Features &amp; Eco Friendly ","description_text":"","position":"left","title_size":"div","primary_color":"#48aa48","icon_space":{"unit":"px","size":20,"sizes":[]},"icon_size":{"unit":"px","size":30,"sizes":[]},"text_align":"left","title_color":"#ffffff","title_typography_typography":"custom","title_typography_font_size":{"unit":"px","size":18,"sizes":[]},"description_color":"#ffffff","description_typography_typography":"custom","description_typography_font_size":{"unit":"px","size":24,"sizes":[]},"description_typography_font_weight":"300","icon_space_mobile":{"unit":"px","size":0,"sizes":[]},"text_align_mobile":"left","title_bottom_space_mobile":{"unit":"px","size":0,"sizes":[]},"_margin_mobile":{"unit":"px","top":"0","right":"0","bottom":"0","left":"0","isLinked":true},"_animation":"fadeIn","_animation_delay":600,"title_typography_font_family":"Nunito","title_typography_line_height":{"unit":"em","size":1.7,"sizes":[]}},"elements":[],"isInner":false,"widgetType":"icon-box","elType":"widget"},{"id":"3662bf36","settings":{"selected_icon":{"value":{"url":"https:\/\/demo10.houzez.co\/wp-content\/uploads\/2020\/03\/real-estate-action-building-check.svg","id":2474},"library":"svg"},"title_text":"Close to Shops, Schools & Markets","description_text":"","position":"left","title_size":"div","primary_color":"#48aa48","icon_space":{"unit":"px","size":20,"sizes":[]},"icon_size":{"unit":"px","size":30,"sizes":[]},"text_align":"left","title_color":"#ffffff","title_typography_typography":"custom","title_typography_font_size":{"unit":"px","size":18,"sizes":[]},"description_color":"#ffffff","description_typography_typography":"custom","description_typography_font_size":{"unit":"px","size":24,"sizes":[]},"description_typography_font_weight":"300","icon_space_mobile":{"unit":"px","size":0,"sizes":[]},"text_align_mobile":"left","_margin_mobile":{"unit":"px","top":"0","right":"0","bottom":"0","left":"0","isLinked":true},"_animation":"fadeIn","_animation_delay":600,"title_bottom_space_mobile":{"unit":"px","size":0,"sizes":[]},"title_typography_font_family":"Nunito","title_typography_line_height":{"unit":"em","size":1.7,"sizes":[]}},"elements":[],"isInner":false,"widgetType":"icon-box","elType":"widget"}],"isInner":false,"elType":"column"},{"id":"337da9c9","settings":{"_column_size":50,"_inline_size":37.891,"background_background":"classic","background_color":"#FFFFFF","margin_tablet":{"unit":"px","top":"0","right":"30","bottom":"0","left":"0","isLinked":false},"margin_mobile":{"unit":"px","top":"0","right":"20","bottom":"20","left":"20","isLinked":false},"padding":{"unit":"px","top":"40","right":"40","bottom":"20","left":"40","isLinked":false},"animation":"fadeIn","animation_delay":200,"margin":{"unit":"px","top":"60","right":"0","bottom":"0","left":"0","isLinked":false}},"elements":[{"id":"69cd9df8","settings":{"hz_section_title":"Request Information","hz_section_subtitle":"This form is customizable and designed to work with Houzez CRM","section_title_typography_typography":"custom","section_title_typography_font_family":"Raleway","section_title_typography_font_size":{"unit":"px","size":20,"sizes":[]},"section_subtitle_typography_typography":"custom","section_subtitle_typography_font_family":"Nunito","houzez_section_title_align":"left","houzez_section_title_color":"#000000","houzez_section_subtitle_color":"#7A7A7A","section_title_typography_font_weight":"700","section_subtitle_typography_font_weight":"100","homey_subtitle_spacing":{"unit":"px","size":0,"sizes":[]},"houzez_section_title_margin_bottom":{"unit":"px","size":0,"sizes":[]}},"elements":[],"isInner":false,"widgetType":"houzez_elementor_section_title","elType":"widget"},{"id":"474e361f","settings":{"form_name":"New Form","form_fields":[{"field_type":"name","field_label":"Name","placeholder":"Name","required":"true","field_options":"","width":"50","width_tablet":"","width_mobile":"","rows":4,"_id":"19a9b37"},{"field_type":"mobile","field_label":"Phone","placeholder":"Phone","required":"true","field_options":"","width":"50","width_tablet":"","width_mobile":"","rows":4,"_id":"9fe1a42"},{"field_type":"email","field_label":"Email","placeholder":"Email","required":"true","field_options":"","width":"100","width_tablet":"","width_mobile":"","rows":4,"_id":"332f916"}],"show_labels":"","button_text":"Request","email_to":"hello@favethemes.com","email_subject":"New message from &quot;Houzez&quot;","button_background_color":"#61CE70","button_background_hover_color":"rgba(97, 206, 112, 0.76)","input_size":"md","gdpr_agreement":"yes","gdpr_label":"GDPR Agreement","gdpr_text":"I consent to having this website store my submitted information","button_size":"md","label_color":"#000000","field_text_color":"#000000","field_border_color":"#E6E6E6","field_gdpr_color":"#7A7A7A","gdpr_typography_typography":"custom","gdpr_typography_font_size":{"unit":"px","size":15,"sizes":[]},"gdpr_typography_line_height":{"unit":"em","size":1.7,"sizes":[]},"gdpr_required":"true","field_border_width":{"unit":"px","top":"2","right":"2","bottom":"2","left":"2","isLinked":true}},"elements":[],"isInner":false,"widgetType":"houzez_elementor_inquiry_form","elType":"widget"}],"isInner":false,"elType":"column"}],"isInner":false,"elType":"section"},{"id":"4eb20581","settings":{"stretch_section":"section-stretched","background_background":"classic","background_color":"#001c51","background_color_b":"rgba(255,255,255,0)","background_color_b_stop":{"unit":"%","size":37,"sizes":[]},"margin":{"unit":"px","top":"","right":0,"bottom":"","left":0,"isLinked":true},"z_index":11,"gap":"no","padding":{"unit":"px","top":"0","right":"0","bottom":"100","left":"0","isLinked":false},"background_image":{"id":2491,"url":"https:\/\/demo10.houzez.co\/wp-content\/uploads\/2020\/03\/home-couple.jpg"},"background_position":"top center","background_repeat":"no-repeat","background_size":"cover","background_overlay_background":"gradient","background_overlay_color":"#001c51","background_overlay_color_stop":{"unit":"%","size":26,"sizes":[]},"background_overlay_color_b":"rgba(255,255,255,0.7)","background_overlay_color_b_stop":{"unit":"%","size":0,"sizes":[]},"background_overlay_opacity":{"unit":"px","size":1,"sizes":[]},"background_overlay_gradient_angle":{"unit":"deg","size":175,"sizes":[]}},"elements":[{"id":"521c79fe","settings":{"_column_size":100},"elements":[{"id":"67e679c4","settings":{"gap":"no","content_position":"middle","structure":"20","background_image":{"id":"","url":"https:\/\/demo10.houzez.co\/wp-content\/plugins\/elementor\/assets\/images\/placeholder.png"},"background_position":"center center","background_repeat":"no-repeat","background_size":"cover","background_overlay_color":"#ffffff","background_overlay_color_stop":{"unit":"%","size":30,"sizes":[]},"background_overlay_color_b":"rgba(255,255,255,0)","background_overlay_color_b_stop":{"unit":"%","size":0,"sizes":[]},"background_overlay_gradient_angle":{"unit":"deg","size":90,"sizes":[]},"background_overlay_opacity":{"unit":"px","size":1,"sizes":[]},"animation":"none"},"elements":[{"id":"77854233","settings":{"_column_size":50,"_inline_size":40,"background_background":"classic","background_color":"#ffffff","box_shadow_box_shadow_type":"yes","box_shadow_box_shadow":{"horizontal":0,"vertical":40,"blur":50,"spread":0,"color":"rgba(0,0,0,0.1)"},"padding":{"unit":"px","top":"60","right":"60","bottom":"60","left":"60","isLinked":true},"margin":{"unit":"px","top":"080","right":"-50","bottom":"80","left":"050","isLinked":false},"z_index":1,"animation":"fadeInLeft","margin_mobile":{"unit":"px","top":"0","right":"0","bottom":"0","left":"0","isLinked":true}},"elements":[{"id":"823f2a0","settings":{"title":"About Nova Condominium","title_color":"#000000","typography_typography":"custom","typography_font_size":{"unit":"px","size":16,"sizes":[]},"_margin":{"unit":"px","top":"0","right":"0","bottom":"5","left":"0","isLinked":false},"typography_text_transform":"uppercase","align":"center","typography_line_height_tablet":{"unit":"em","size":1.5,"sizes":[]},"typography_font_family":"Raleway","typography_font_weight":"700","typography_letter_spacing":{"unit":"px","size":3,"sizes":[]}},"elements":[],"isInner":false,"widgetType":"heading","elType":"widget"},{"id":"6adb3cce","settings":{"width":{"unit":"%","size":10,"sizes":[]},"text":"Divider","color":"#48aa48","weight":{"unit":"px","size":2,"sizes":[]},"gap":{"unit":"px","size":2,"sizes":[]},"align":"center"},"elements":[],"isInner":false,"widgetType":"divider","elType":"widget"},{"id":"341bf91d","settings":{"editor":"<p>Lorem ipsum dolor sit amet, consect matetur adipiscing elit. Nam leo lacus, dapibus a turpis et, convallis sectetur cursus turpis. Duis mattis vel erat in luctus adipiscing comus dapibus.\u00a0<\/p>","_background_background":"classic","_box_shadow_box_shadow":{"horizontal":0,"vertical":40,"blur":40,"spread":0,"color":"rgba(0,0,0,0.1)"},"typography_typography":"custom","align":"center"},"elements":[],"isInner":false,"widgetType":"text-editor","elType":"widget"},{"id":"4bcee6f","settings":{"text":"View Nova Apartments","background_color":"#61CE70","link":{"url":"https:\/\/demo10.houzez.co\/apartments\/","is_external":"","nofollow":""},"align":"center","size":"md","button_box_shadow_box_shadow_type":"yes","button_box_shadow_box_shadow":{"horizontal":0,"vertical":20,"blur":40,"spread":0,"color":"rgba(0,0,0,0.2)"},"typography_typography":"custom","typography_line_height_tablet":{"unit":"em","size":1.5,"sizes":[]},"button_background_hover_color":"rgba(97, 206, 112, 0.78)"},"elements":[],"isInner":false,"widgetType":"button","elType":"widget"}],"isInner":true,"elType":"column"},{"id":"36b3e850","settings":{"_column_size":50,"_inline_size":60,"background_background":"classic","background_image":{"id":2490,"url":"https:\/\/demo10.houzez.co\/wp-content\/uploads\/2020\/03\/lobby.jpg"},"background_position":"center center","background_repeat":"no-repeat","background_size":"cover","box_shadow_box_shadow_type":"yes","box_shadow_box_shadow":{"horizontal":0,"vertical":40,"blur":40,"spread":0,"color":"rgba(0,0,0,0.1)"},"margin":{"unit":"px","top":"0","right":"40","bottom":"0","left":"0","isLinked":false},"animation":"fadeInRight","margin_mobile":{"unit":"px","top":"0","right":"0","bottom":"0","left":"0","isLinked":true},"padding_mobile":{"unit":"px","top":"0","right":"0","bottom":"0","left":"0","isLinked":true}},"elements":[{"id":"6aa5aa13","settings":{"space_mobile":{"unit":"px","size":241,"sizes":[]},"_margin_mobile":{"unit":"px","top":"0","right":"0","bottom":"0","left":"0","isLinked":true},"_padding_mobile":{"unit":"px","top":"0","right":"0","bottom":"0","left":"0","isLinked":true}},"elements":[],"isInner":false,"widgetType":"spacer","elType":"widget"}],"isInner":true,"elType":"column"}],"isInner":true,"elType":"section"},{"id":"19c9ba5d","settings":{"height":{"unit":"px","size":70,"sizes":[]}},"elements":[],"isInner":false,"widgetType":"houzez_elementor_space","elType":"widget"},{"id":"3fec3f63","settings":{"hz_section_title":"Building Summary","section_title_typography_typography":"custom","section_title_typography_font_family":"Raleway","section_title_typography_font_size":{"unit":"px","size":18,"sizes":[]},"section_title_typography_font_weight":"700","section_subtitle_typography_typography":"custom","section_subtitle_typography_font_family":"Nunito","section_subtitle_typography_font_size":{"unit":"px","size":30,"sizes":[]},"section_subtitle_typography_font_weight":"100","houzez_section_title_color":"#000000","houzez_section_subtitle_color":"#61CE70","section_title_typography_line_height":{"unit":"em","size":1.3,"sizes":[]},"section_title_typography_letter_spacing":{"unit":"px","size":10,"sizes":[]},"section_subtitle_typography_line_height":{"unit":"em","size":1.3,"sizes":[]},"homey_main_title_spacing":{"unit":"px","size":10,"sizes":[]},"section_title_typography_text_transform":"uppercase"},"elements":[],"isInner":false,"widgetType":"houzez_elementor_section_title","elType":"widget"},{"id":"5f7934fd","settings":{"width":{"unit":"%","size":3,"sizes":[]},"text":"Divider","color":"#48aa48","weight":{"unit":"px","size":2,"sizes":[]},"gap":{"unit":"px","size":2,"sizes":[]},"align":"center","_margin":{"unit":"px","top":"0","right":"0","bottom":"50","left":"0","isLinked":false}},"elements":[],"isInner":false,"widgetType":"divider","elType":"widget"},{"id":"47641748","settings":{"structure":"40","animation":"fadeIn"},"elements":[{"id":"462c45cf","settings":{"_column_size":25,"_inline_size":null},"elements":[{"id":"7a088d6d","settings":{"selected_icon":{"value":{"url":"https:\/\/demo10.houzez.co\/wp-content\/uploads\/2020\/03\/people-man-beard-1.svg","id":2497},"library":"svg"},"title_text":"Arch. Peter Maloon ","description_text":"","position":"left","title_size":"div","primary_color":"#48aa48","icon_space":{"unit":"px","size":16,"sizes":[]},"icon_size":{"unit":"px","size":26,"sizes":[]},"title_bottom_space":{"unit":"px","size":0,"sizes":[]},"title_color":"#000000","title_typography_typography":"custom","title_typography_font_size":{"unit":"px","size":16,"sizes":[]},"title_typography_font_weight":"500","description_color":"#7a7a7a","_margin":{"unit":"px","top":"0","right":"0","bottom":"020","left":"0","isLinked":false},"_background_color":"#ffffff"},"elements":[],"isInner":false,"widgetType":"icon-box","elType":"widget"}],"isInner":true,"elType":"column"},{"id":"53c307ff","settings":{"_column_size":25,"_inline_size":null},"elements":[{"id":"69a6d70","settings":{"selected_icon":{"value":{"url":"https:\/\/demo10.houzez.co\/wp-content\/uploads\/2020\/03\/building-cloudy.svg","id":2498},"library":"svg"},"title_text":"24 Floors","description_text":"","position":"left","title_size":"div","primary_color":"#48aa48","icon_space":{"unit":"px","size":16,"sizes":[]},"icon_size":{"unit":"px","size":26,"sizes":[]},"title_bottom_space":{"unit":"px","size":0,"sizes":[]},"title_color":"#000000","title_typography_typography":"custom","title_typography_font_size":{"unit":"px","size":16,"sizes":[]},"title_typography_font_weight":"500","description_color":"#7a7a7a","_margin":{"unit":"px","top":"0","right":"0","bottom":"020","left":"0","isLinked":false},"_background_color":"#ffffff"},"elements":[],"isInner":false,"widgetType":"icon-box","elType":"widget"}],"isInner":true,"elType":"column"},{"id":"577a4ec3","settings":{"_column_size":25,"_inline_size":null},"elements":[{"id":"4930011b","settings":{"selected_icon":{"value":{"url":"https:\/\/demo10.houzez.co\/wp-content\/uploads\/2020\/03\/real-estate-dimensions-map.svg","id":2506},"library":"svg"},"title_text":"Average size 1,258 Sq Ft","description_text":"","position":"left","title_size":"div","primary_color":"#48aa48","icon_space":{"unit":"px","size":16,"sizes":[]},"icon_size":{"unit":"px","size":26,"sizes":[]},"title_bottom_space":{"unit":"px","size":0,"sizes":[]},"title_color":"#000000","title_typography_typography":"custom","title_typography_font_size":{"unit":"px","size":16,"sizes":[]},"title_typography_font_weight":"500","description_color":"#7a7a7a","_margin":{"unit":"px","top":"0","right":"0","bottom":"020","left":"0","isLinked":false},"_background_color":"#ffffff"},"elements":[],"isInner":false,"widgetType":"icon-box","elType":"widget"}],"isInner":true,"elType":"column"},{"id":"7f7d9874","settings":{"_column_size":25,"_inline_size":null},"elements":[{"id":"5a4a3625","settings":{"selected_icon":{"value":{"url":"https:\/\/demo10.houzez.co\/wp-content\/uploads\/2020\/03\/landmark-volcano.svg","id":2502},"library":"svg"},"title_text":"Amazing view","description_text":"","position":"left","title_size":"div","primary_color":"#48aa48","icon_space":{"unit":"px","size":16,"sizes":[]},"icon_size":{"unit":"px","size":26,"sizes":[]},"title_bottom_space":{"unit":"px","size":0,"sizes":[]},"title_color":"#000000","title_typography_typography":"custom","title_typography_font_size":{"unit":"px","size":16,"sizes":[]},"title_typography_font_weight":"500","description_color":"#7a7a7a","_margin":{"unit":"px","top":"0","right":"0","bottom":"020","left":"0","isLinked":false},"_background_color":"#ffffff"},"elements":[],"isInner":false,"widgetType":"icon-box","elType":"widget"}],"isInner":true,"elType":"column"}],"isInner":true,"elType":"section"},{"id":"57e6b5c7","settings":{"structure":"40","animation":"fadeIn"},"elements":[{"id":"518c06ad","settings":{"_column_size":25,"_inline_size":null},"elements":[{"id":"5adc11fd","settings":{"selected_icon":{"value":{"url":"https:\/\/demo10.houzez.co\/wp-content\/uploads\/2020\/03\/armchair-modern-2.svg","id":2499},"library":"svg"},"title_text":"Hi-end furnitures","description_text":"","position":"left","title_size":"div","primary_color":"#48aa48","icon_space":{"unit":"px","size":16,"sizes":[]},"icon_size":{"unit":"px","size":26,"sizes":[]},"title_bottom_space":{"unit":"px","size":0,"sizes":[]},"title_color":"#000000","title_typography_typography":"custom","title_typography_font_size":{"unit":"px","size":16,"sizes":[]},"title_typography_font_weight":"500","description_color":"#7a7a7a","_margin":{"unit":"px","top":"0","right":"0","bottom":"020","left":"0","isLinked":false},"_background_color":"#ffffff"},"elements":[],"isInner":false,"widgetType":"icon-box","elType":"widget"}],"isInner":true,"elType":"column"},{"id":"5cb1f815","settings":{"_column_size":25,"_inline_size":null},"elements":[{"id":"5a35c072","settings":{"selected_icon":{"value":{"url":"https:\/\/demo10.houzez.co\/wp-content\/uploads\/2020\/03\/light-mode-dark-light.svg","id":2503},"library":"svg"},"title_text":"Natural Lighting","description_text":"","position":"left","title_size":"div","primary_color":"#48aa48","icon_space":{"unit":"px","size":16,"sizes":[]},"icon_size":{"unit":"px","size":26,"sizes":[]},"title_bottom_space":{"unit":"px","size":0,"sizes":[]},"title_color":"#000000","title_typography_typography":"custom","title_typography_font_size":{"unit":"px","size":16,"sizes":[]},"title_typography_font_weight":"500","description_color":"#7a7a7a","_margin":{"unit":"px","top":"0","right":"0","bottom":"020","left":"0","isLinked":false},"_background_color":"#ffffff"},"elements":[],"isInner":false,"widgetType":"icon-box","elType":"widget"}],"isInner":true,"elType":"column"},{"id":"10987fa8","settings":{"_column_size":25,"_inline_size":null},"elements":[{"id":"46a43954","settings":{"selected_icon":{"value":{"url":"https:\/\/demo10.houzez.co\/wp-content\/uploads\/2020\/03\/renewable-energy-battery-charge-1.svg","id":2507},"library":"svg"},"title_text":"Low energy tools","description_text":"","position":"left","title_size":"div","primary_color":"#48aa48","icon_space":{"unit":"px","size":16,"sizes":[]},"icon_size":{"unit":"px","size":26,"sizes":[]},"title_bottom_space":{"unit":"px","size":0,"sizes":[]},"title_color":"#000000","title_typography_typography":"custom","title_typography_font_size":{"unit":"px","size":16,"sizes":[]},"title_typography_font_weight":"500","description_color":"#7a7a7a","_margin":{"unit":"px","top":"0","right":"0","bottom":"020","left":"0","isLinked":false},"_background_color":"#ffffff"},"elements":[],"isInner":false,"widgetType":"icon-box","elType":"widget"}],"isInner":true,"elType":"column"},{"id":"3071d74c","settings":{"_column_size":25,"_inline_size":null},"elements":[{"id":"5457d76e","settings":{"selected_icon":{"value":{"url":"https:\/\/demo10.houzez.co\/wp-content\/uploads\/2020\/03\/cat-sitting.svg","id":2501},"library":"svg"},"title_text":"Pet friendly","description_text":"","position":"left","title_size":"div","primary_color":"#48aa48","icon_space":{"unit":"px","size":16,"sizes":[]},"icon_size":{"unit":"px","size":26,"sizes":[]},"title_bottom_space":{"unit":"px","size":0,"sizes":[]},"title_color":"#000000","title_typography_typography":"custom","title_typography_font_size":{"unit":"px","size":16,"sizes":[]},"title_typography_font_weight":"500","description_color":"#7a7a7a","_margin":{"unit":"px","top":"0","right":"0","bottom":"020","left":"0","isLinked":false},"_background_color":"#ffffff"},"elements":[],"isInner":false,"widgetType":"icon-box","elType":"widget"}],"isInner":true,"elType":"column"}],"isInner":true,"elType":"section"},{"id":"1b7b7f27","settings":{"structure":"40","animation":"fadeIn"},"elements":[{"id":"1626a7f4","settings":{"_column_size":25,"_inline_size":null},"elements":[{"id":"7d58138","settings":{"selected_icon":{"value":{"url":"https:\/\/demo10.houzez.co\/wp-content\/uploads\/2020\/03\/renewable-energy-charging.svg","id":2508},"library":"svg"},"title_text":"Solar heating","description_text":"","position":"left","title_size":"div","primary_color":"#48aa48","icon_space":{"unit":"px","size":16,"sizes":[]},"icon_size":{"unit":"px","size":26,"sizes":[]},"title_bottom_space":{"unit":"px","size":0,"sizes":[]},"title_color":"#000000","title_typography_typography":"custom","title_typography_font_size":{"unit":"px","size":16,"sizes":[]},"title_typography_font_weight":"500","description_color":"#7a7a7a","_margin":{"unit":"px","top":"0","right":"0","bottom":"020","left":"0","isLinked":false},"_background_color":"#ffffff"},"elements":[],"isInner":false,"widgetType":"icon-box","elType":"widget"}],"isInner":true,"elType":"column"},{"id":"72b0be06","settings":{"_column_size":25,"_inline_size":null},"elements":[{"id":"600aa868","settings":{"selected_icon":{"value":{"url":"https:\/\/demo10.houzez.co\/wp-content\/uploads\/2020\/03\/sofa-double.svg","id":2509},"library":"svg"},"title_text":"Living rooms","description_text":"","position":"left","title_size":"div","primary_color":"#48aa48","icon_space":{"unit":"px","size":16,"sizes":[]},"icon_size":{"unit":"px","size":26,"sizes":[]},"title_bottom_space":{"unit":"px","size":0,"sizes":[]},"title_color":"#000000","title_typography_typography":"custom","title_typography_font_size":{"unit":"px","size":16,"sizes":[]},"title_typography_font_weight":"500","description_color":"#7a7a7a","_margin":{"unit":"px","top":"0","right":"0","bottom":"020","left":"0","isLinked":false},"_background_color":"#ffffff"},"elements":[],"isInner":false,"widgetType":"icon-box","elType":"widget"}],"isInner":true,"elType":"column"},{"id":"64c796d7","settings":{"_column_size":25,"_inline_size":null},"elements":[{"id":"4a42a111","settings":{"selected_icon":{"value":{"url":"https:\/\/demo10.houzez.co\/wp-content\/uploads\/2020\/03\/bathroom-tub-person.svg","id":2511},"library":"svg"},"title_text":"Hydromassage bathroom","description_text":"","position":"left","title_size":"div","primary_color":"#48aa48","icon_space":{"unit":"px","size":16,"sizes":[]},"icon_size":{"unit":"px","size":26,"sizes":[]},"title_bottom_space":{"unit":"px","size":0,"sizes":[]},"title_color":"#000000","title_typography_typography":"custom","title_typography_font_size":{"unit":"px","size":16,"sizes":[]},"title_typography_font_weight":"500","description_color":"#7a7a7a","_margin":{"unit":"px","top":"0","right":"0","bottom":"020","left":"0","isLinked":false},"_background_color":"#ffffff"},"elements":[],"isInner":false,"widgetType":"icon-box","elType":"widget"}],"isInner":true,"elType":"column"},{"id":"34e84b24","settings":{"_column_size":25,"_inline_size":null},"elements":[{"id":"6a36003a","settings":{"selected_icon":{"value":{"url":"https:\/\/demo10.houzez.co\/wp-content\/uploads\/2020\/03\/barbecue-set.svg","id":2500},"library":"svg"},"title_text":"Gourmet balcony","description_text":"","position":"left","title_size":"div","primary_color":"#48aa48","icon_space":{"unit":"px","size":16,"sizes":[]},"icon_size":{"unit":"px","size":26,"sizes":[]},"title_bottom_space":{"unit":"px","size":0,"sizes":[]},"title_color":"#000000","title_typography_typography":"custom","title_typography_font_size":{"unit":"px","size":16,"sizes":[]},"title_typography_font_weight":"500","description_color":"#7a7a7a","_margin":{"unit":"px","top":"0","right":"0","bottom":"020","left":"0","isLinked":false},"_background_color":"#ffffff"},"elements":[],"isInner":false,"widgetType":"icon-box","elType":"widget"}],"isInner":true,"elType":"column"}],"isInner":true,"elType":"section"}],"isInner":false,"elType":"column"}],"isInner":false,"elType":"section"},{"id":"6ac40575","settings":{"height":"min-height","custom_height":{"unit":"px","size":680,"sizes":[]},"structure":"20","background_background":"classic","background_image":{"id":2492,"url":"https:\/\/demo10.houzez.co\/wp-content\/uploads\/2020\/03\/home-nature-1.jpg"},"background_position":"center center","background_attachment":"fixed","background_repeat":"no-repeat","background_size":"cover","background_overlay_background":"gradient","background_overlay_color":"#001c51","background_overlay_color_b":"rgba(0,28,81,0.25)","background_overlay_gradient_angle":{"unit":"deg","size":0,"sizes":[]},"background_overlay_opacity":{"unit":"px","size":0.76,"sizes":[]}},"elements":[{"id":"38301c6c","settings":{"_column_size":50,"_inline_size":63.378},"elements":[{"id":"5b67be8a","settings":{"hz_section_title":"High Energy Efficiency","hz_section_subtitle":"This Project Respect the Nature","section_title_typography_typography":"custom","section_title_typography_font_family":"Raleway","section_title_typography_font_size":{"unit":"px","size":50,"sizes":[]},"section_title_typography_font_weight":"700","section_subtitle_typography_typography":"custom","section_subtitle_typography_font_family":"Nunito","section_subtitle_typography_font_size":{"unit":"px","size":30,"sizes":[]},"section_subtitle_typography_font_weight":"100","houzez_section_title_align":"left","houzez_section_title_color":"#FFFFFF","houzez_section_subtitle_color":"#61CE70","section_title_typography_line_height":{"unit":"em","size":1.3,"sizes":[]},"section_title_typography_letter_spacing":{"unit":"px","size":-0.5,"sizes":[]},"section_subtitle_typography_line_height":{"unit":"em","size":1.3,"sizes":[]},"homey_main_title_spacing":{"unit":"px","size":10,"sizes":[]}},"elements":[],"isInner":false,"widgetType":"houzez_elementor_section_title","elType":"widget"},{"id":"3195aefc","settings":{"editor":"<p>Lorem ipsum dolor sit amet, consect matetur adipiscing elit. Nam leo lacus, dapibus a turpis et, convallis sectetur cursus turpis. Duis mattis vel erat in luctus adipiscing comus dapibus.\u00a0<\/p>","_background_background":"classic","_box_shadow_box_shadow":{"horizontal":0,"vertical":40,"blur":40,"spread":0,"color":"rgba(0,0,0,0.1)"},"typography_typography":"custom","align":"left","text_color":"#FFFFFF","typography_font_family":"Nunito","typography_font_size":{"unit":"px","size":20,"sizes":[]},"typography_font_weight":"100","typography_line_height":{"unit":"em","size":1.5,"sizes":[]}},"elements":[],"isInner":false,"widgetType":"text-editor","elType":"widget"},{"id":"48ba92ef","settings":{"selected_icon":{"value":{"url":"https:\/\/demo10.houzez.co\/wp-content\/uploads\/2020\/03\/renewable-energy-battery-charge-1.svg","id":2507},"library":"svg"},"title_text":"Low energy tools","description_text":"","position":"left","title_size":"div","primary_color":"#48aa48","icon_space":{"unit":"px","size":20,"sizes":[]},"icon_size":{"unit":"px","size":30,"sizes":[]},"title_color":"#ffffff","title_typography_typography":"custom","title_typography_font_size":{"unit":"px","size":18,"sizes":[]},"description_color":"#ffffff","icon_space_mobile":{"unit":"px","size":0,"sizes":[]},"text_align":"left","text_align_mobile":"center","title_bottom_space_mobile":{"unit":"px","size":0,"sizes":[]},"title_typography_font_family":"Nunito","title_typography_line_height":{"unit":"em","size":1.7,"sizes":[]},"description_typography_typography":"custom","description_typography_font_size":{"unit":"px","size":24,"sizes":[]},"description_typography_font_weight":"300","_margin_mobile":{"unit":"px","top":"0","right":"0","bottom":"0","left":"0","isLinked":true},"_animation":"fadeIn","_animation_delay":600},"elements":[],"isInner":false,"widgetType":"icon-box","elType":"widget"},{"id":"2194045a","settings":{"selected_icon":{"value":{"url":"https:\/\/demo10.houzez.co\/wp-content\/uploads\/2020\/03\/renewable-energy-charging.svg","id":2508},"library":"svg"},"title_text":"Solar heating","description_text":"","position":"left","title_size":"div","primary_color":"#48aa48","icon_space":{"unit":"px","size":20,"sizes":[]},"icon_size":{"unit":"px","size":30,"sizes":[]},"title_color":"#ffffff","title_typography_typography":"custom","title_typography_font_size":{"unit":"px","size":18,"sizes":[]},"description_color":"#ffffff","icon_space_mobile":{"unit":"px","size":0,"sizes":[]},"text_align":"left","text_align_mobile":"center","title_bottom_space_mobile":{"unit":"px","size":0,"sizes":[]},"title_typography_font_family":"Nunito","title_typography_line_height":{"unit":"em","size":1.7,"sizes":[]},"description_typography_typography":"custom","description_typography_font_size":{"unit":"px","size":24,"sizes":[]},"description_typography_font_weight":"300","_margin_mobile":{"unit":"px","top":"0","right":"0","bottom":"0","left":"0","isLinked":true},"_animation":"fadeIn","_animation_delay":600},"elements":[],"isInner":false,"widgetType":"icon-box","elType":"widget"}],"isInner":false,"elType":"column"},{"id":"1c7d9aee","settings":{"_column_size":50,"_inline_size":36.622},"elements":[],"isInner":false,"elType":"column"}],"isInner":false,"elType":"section"},{"id":"314442e9","settings":{"gap":"no","animation":"fadeIn","background_background":"classic","background_color":"#ffffff","background_position":"bottom left","background_repeat":"no-repeat","background_size":"cover","background_overlay_background":"classic","background_overlay_color":"#ffffff","background_overlay_opacity":{"unit":"px","size":0.9,"sizes":[]},"background_image":{"id":2494,"url":"https:\/\/demo10.houzez.co\/wp-content\/uploads\/2020\/03\/image-2.jpg"}},"elements":[{"id":"3bcda497","settings":{"_column_size":100},"elements":[{"id":"faa6b2f","settings":{"space":{"unit":"px","size":100,"sizes":[]}},"elements":[],"isInner":false,"widgetType":"spacer","elType":"widget"},{"id":"76c7d113","settings":{"hz_section_title":"Check Nova Apartments","section_title_typography_typography":"custom","section_title_typography_font_family":"Raleway","section_title_typography_font_size":{"unit":"px","size":18,"sizes":[]},"section_title_typography_font_weight":"700","section_subtitle_typography_typography":"custom","section_subtitle_typography_font_family":"Nunito","section_subtitle_typography_font_size":{"unit":"px","size":30,"sizes":[]},"section_subtitle_typography_font_weight":"100","houzez_section_title_color":"#000000","houzez_section_subtitle_color":"#61CE70","section_title_typography_line_height":{"unit":"em","size":1.3,"sizes":[]},"section_title_typography_letter_spacing":{"unit":"px","size":10,"sizes":[]},"section_subtitle_typography_line_height":{"unit":"em","size":1.3,"sizes":[]},"homey_main_title_spacing":{"unit":"px","size":10,"sizes":[]},"section_title_typography_text_transform":"uppercase"},"elements":[],"isInner":false,"widgetType":"houzez_elementor_section_title","elType":"widget"},{"id":"6a419de9","settings":{"width":{"unit":"%","size":3,"sizes":[]},"text":"Divider","color":"#48aa48","weight":{"unit":"px","size":2,"sizes":[]},"gap":{"unit":"px","size":2,"sizes":[]},"align":"center","_margin":{"unit":"px","top":"0","right":"0","bottom":"50","left":"0","isLinked":false}},"elements":[],"isInner":false,"widgetType":"divider","elType":"widget"},{"id":"570e8277","settings":{"sort_by":"a_date","pagination_type":"none","hide_favorite":"none","hz_property_title_typography":"custom","hz_property_title_font_size":{"unit":"px","size":18,"sizes":[]},"hz_property_title_font_weight":"500","hz_meta_figure_typography":"custom","hz_meta_figure_font_size":{"unit":"px","size":16,"sizes":[]},"hz_meta_figure_font_weight":"700","hz_item_price_typography":"custom","hz_item_price_font_size":{"unit":"px","size":16,"sizes":[]},"hz_item_price_font_weight":"700","box_shadow_box_shadow_type":"yes","box_shadow_box_shadow":{"horizontal":0,"vertical":20,"blur":40,"spread":0,"color":"rgba(0, 0, 0, 0.1)"}},"elements":[],"isInner":false,"widgetType":"houzez_elementor_property-card-v6","elType":"widget"},{"id":"51a3e310","settings":{"space":{"unit":"px","size":100,"sizes":[]}},"elements":[],"isInner":false,"widgetType":"spacer","elType":"widget"}],"isInner":false,"elType":"column"}],"isInner":false,"elType":"section"},{"id":"79ce20c1","settings":{"gap":"no","background_background":"classic","background_color":"#001c51","background_position":"center center","background_repeat":"no-repeat","background_size":"cover","background_overlay_color":"#001C51","background_overlay_opacity":{"unit":"px","size":0.65,"sizes":[]},"animation":"fadeIn","background_image":{"id":2578,"url":"https:\/\/demo10.houzez.co\/wp-content\/uploads\/2020\/03\/box-11.jpg"},"background_overlay_background":"classic"},"elements":[{"id":"490a5d2c","settings":{"_column_size":100},"elements":[{"id":"2e55db26","settings":{"space":{"unit":"px","size":100,"sizes":[]}},"elements":[],"isInner":false,"widgetType":"spacer","elType":"widget"},{"id":"19c37859","settings":{"content_width":{"unit":"px","size":820,"sizes":[]}},"elements":[{"id":"32e3b538","settings":{"_column_size":100,"_inline_size":null},"elements":[{"id":"271ddeb","settings":{"hz_section_title":"Apartment Plans","section_title_typography_typography":"custom","section_title_typography_font_family":"Raleway","section_title_typography_font_size":{"unit":"px","size":18,"sizes":[]},"section_title_typography_font_weight":"700","section_subtitle_typography_typography":"custom","section_subtitle_typography_font_family":"Nunito","section_subtitle_typography_font_size":{"unit":"px","size":30,"sizes":[]},"section_subtitle_typography_font_weight":"100","houzez_section_title_color":"#FFFFFF","houzez_section_subtitle_color":"#61CE70","section_title_typography_line_height":{"unit":"em","size":1.3,"sizes":[]},"section_title_typography_letter_spacing":{"unit":"px","size":10,"sizes":[]},"section_subtitle_typography_line_height":{"unit":"em","size":1.3,"sizes":[]},"homey_main_title_spacing":{"unit":"px","size":10,"sizes":[]},"section_title_typography_text_transform":"uppercase"},"elements":[],"isInner":false,"widgetType":"houzez_elementor_section_title","elType":"widget"},{"id":"41dcc291","settings":{"width":{"unit":"%","size":3,"sizes":[]},"text":"Divider","color":"#48aa48","weight":{"unit":"px","size":2,"sizes":[]},"gap":{"unit":"px","size":2,"sizes":[]},"align":"center","_margin":{"unit":"px","top":"0","right":"0","bottom":"50","left":"0","isLinked":false}},"elements":[],"isInner":false,"widgetType":"divider","elType":"widget"},{"id":"2adb294","settings":{"tabs":[{"tab_title":"Apartment Type 1","tab_content":"<p><strong>2 Bedrooms\u00a0 \u2022\u00a0 2 Bathrooms\u00a0 \u2022\u00a0 1,345 SQ FT<\/strong><\/p><p><img class=\"aligncenter wp-image-2560 size-full\" src=\"https:\/\/demo10.houzez.co\/wp-content\/uploads\/2019\/11\/floor-plan.jpg\" alt=\"\" width=\"800\" height=\"605\" \/><\/p><p style=\"text-align: left;\">Lorem ipsum dolor sit amet, consect matetur adipiscing elit. Nam leo lacus, dapibus a turpis et, convallis sectetur cursus turpis. Duis mattis vel erat in luctus adipiscing comus dapibus.<\/p>","_id":"74794dd"},{"tab_title":"Apartment Type 2","tab_content":"<p style=\"text-align: center;\"><strong>2 Bedrooms\u00a0 \u2022\u00a0 2 Bathrooms\u00a0 \u2022\u00a0 1,345 SQ FT<\/strong><\/p><p style=\"text-align: left;\"><img class=\"aligncenter wp-image-2631 size-full\" src=\"https:\/\/demo10.houzez.co\/wp-content\/uploads\/2020\/03\/floor-plan-3.jpg\" alt=\"\" width=\"1006\" height=\"900\" \/><\/p><p>Lorem ipsum dolor sit amet, consect matetur adipiscing elit. Nam leo lacus, dapibus a turpis et, convallis sectetur cursus turpis. Duis mattis vel erat in luctus adipiscing comus dapibus.<\/p>","_id":"70232eb"},{"tab_title":"Apartment Type 3","tab_content":"<p style=\"text-align: center;\"><strong>2 Bedrooms\u00a0 \u2022\u00a0 2 Bathrooms\u00a0 \u2022\u00a0 1,345 SQ FT<\/strong><\/p><p style=\"text-align: left;\"><img class=\"wp-image-2632 size-large aligncenter\" src=\"https:\/\/demo10.houzez.co\/wp-content\/uploads\/2020\/03\/floor-plan-2-1024x853.jpg\" alt=\"\" width=\"1024\" height=\"853\" \/><\/p><p>Lorem ipsum dolor sit amet, consect matetur adipiscing elit. Nam leo lacus, dapibus a turpis et, convallis sectetur cursus turpis. Duis mattis vel erat in luctus adipiscing comus dapibus.<\/p>","_id":"674a74c"}],"border_width":{"unit":"px","size":0,"sizes":[]},"background_color":"#FFFFFF","tab_color":"#FFFFFF","tab_active_color":"#48aa48","tab_typography_typography":"custom","content_color":"#54595F","content_typography_typography":"custom","_box_shadow_box_shadow":{"horizontal":0,"vertical":40,"blur":40,"spread":0,"color":"rgba(0,0,0,0.1)"},"tab_typography_font_size":{"unit":"px","size":13,"sizes":[]},"tab_typography_font_weight":"400","tab_typography_text_transform":"uppercase","navigation_width":{"unit":"%","size":26,"sizes":[]},"type":"vertical"},"elements":[],"isInner":false,"widgetType":"tabs","elType":"widget"}],"isInner":true,"elType":"column"}],"isInner":true,"elType":"section"},{"id":"a8333cc","settings":{"height":{"unit":"px","size":100,"sizes":[]}},"elements":[],"isInner":false,"widgetType":"houzez_elementor_space","elType":"widget"}],"isInner":false,"elType":"column"}],"isInner":false,"elType":"section"},{"id":"16e74ee3","settings":{"layout":"full_width","background_background":"classic","background_color":"#ffffff","background_image":{"id":"","url":"https:\/\/demo10.houzez.co\/wp-content\/plugins\/elementor\/assets\/images\/placeholder.png"},"background_overlay_background":"classic","background_overlay_color":"#ffffff","background_overlay_opacity":{"unit":"px","size":0.9,"sizes":[]}},"elements":[{"id":"39866c0b","settings":{"_column_size":100},"elements":[{"id":"7d33f1d3","settings":{"space":{"unit":"px","size":100,"sizes":[]}},"elements":[],"isInner":false,"widgetType":"spacer","elType":"widget"},{"id":"48354962","settings":[],"elements":[{"id":"6769f20d","settings":{"_column_size":100,"_inline_size":null},"elements":[{"id":"134cfe3d","settings":{"selected_icon":{"value":"","library":""},"title_text":"Nova Condominium","description_text":"90 NE 41st St, Miami, FL 33137","position":"left","primary_color":"#48aa48","icon_space":{"unit":"px","size":10,"sizes":[]},"icon_size":{"unit":"px","size":24,"sizes":[]},"text_align":"left","text_align_mobile":"center","title_bottom_space":{"unit":"px","size":3,"sizes":[]},"title_color":"#ffffff","title_typography_typography":"custom","title_typography_font_size":{"unit":"px","size":24,"sizes":[]},"title_typography_font_weight":"700","title_typography_text_transform":"uppercase","title_typography_letter_spacing":{"unit":"px","size":-0.5,"sizes":[]},"description_color":"#48aa48","description_typography_typography":"custom","description_typography_font_size":{"unit":"px","size":18,"sizes":[]},"description_typography_font_weight":"500","description_typography_letter_spacing":{"unit":"px","size":-0.5,"sizes":[]},"_margin":{"unit":"px","top":"0","right":"0","bottom":"10","left":"0","isLinked":false},"_padding":{"unit":"px","top":"30","right":"51","bottom":"30","left":"30","isLinked":false},"_background_background":"classic","_background_color":"#001c51","_box_shadow_box_shadow_type":"yes","_box_shadow_box_shadow":{"horizontal":0,"vertical":40,"blur":40,"spread":0,"color":"rgba(0,0,0,0.1)"},"_element_width":"auto","_element_custom_width":{"unit":"px","size":342,"sizes":[]},"_element_vertical_align":"center","_position":"absolute","_offset_x":{"size":3.144,"unit":"vw"},"_offset_y":{"size":-68,"unit":"px"},"_animation":"fadeInDown","animation_duration":"fast","_animation_delay":200,"title_typography_font_size_mobile":{"unit":"px","size":12,"sizes":[]},"description_typography_font_size_mobile":{"unit":"px","size":12,"sizes":[]},"_padding_mobile":{"unit":"px","top":"10","right":"10","bottom":"10","left":"10","isLinked":true},"_offset_x_mobile":{"size":74.422,"unit":"px"},"_offset_y_mobile":{"size":-59,"unit":"px"},"title_typography_font_family":"Nunito","description_typography_font_family":"Nunito"},"elements":[],"isInner":false,"widgetType":"icon-box","elType":"widget"},{"id":"5e95b798","settings":{"image_size":"full","align":"center","_animation":"fadeIn","image_box_shadow_box_shadow_type":"yes","image_box_shadow_box_shadow":{"horizontal":0,"vertical":40,"blur":40,"spread":0,"color":"rgba(0,0,0,0.2)"},"_box_shadow_box_shadow_type":"yes","_box_shadow_box_shadow":{"horizontal":0,"vertical":40,"blur":40,"spread":0,"color":"rgba(0,0,0,0.1)"},"image_custom_dimension":{"width":"500","height":"500"},"image":{"url":"https:\/\/demo10.houzez.co\/wp-content\/uploads\/2020\/03\/map-1.jpg","id":2495}},"elements":[],"isInner":false,"widgetType":"image","elType":"widget"}],"isInner":true,"elType":"column"}],"isInner":true,"elType":"section"},{"id":"7a1136c0","settings":{"space":{"unit":"px","size":100,"sizes":[]}},"elements":[],"isInner":false,"widgetType":"spacer","elType":"widget"}],"isInner":false,"elType":"column"}],"isInner":false,"elType":"section"},{"id":"11f26b","settings":{"gap":"no","background_background":"classic","background_image":{"id":2488,"url":"https:\/\/demo10.houzez.co\/wp-content\/uploads\/2020\/03\/about-3.jpg"},"background_position":"bottom center","background_repeat":"no-repeat","background_size":"cover","background_overlay_background":"gradient","background_overlay_color":"rgba(0,28,81,0.8)","background_overlay_opacity":{"unit":"px","size":1,"sizes":[]},"animation":"none","background_overlay_color_b":"#00183f","border_width":{"unit":"px","top":"0","right":"0","bottom":"1","left":"0","isLinked":false},"border_color":"#00123f","background_attachment":"fixed","shape_divider_top_flip":"yes"},"elements":[{"id":"16e9a2ed","settings":{"_column_size":100},"elements":[{"id":"5578f54a","settings":{"space":{"unit":"px","size":100,"sizes":[]}},"elements":[],"isInner":false,"widgetType":"spacer","elType":"widget"},{"id":"234c3773","settings":{"animation":"fadeIn"},"elements":[{"id":"770cf9a4","settings":{"_column_size":100,"_inline_size":null},"elements":[{"id":"6b1c1b07","settings":{"hz_section_title":"Do you want more information?","hz_section_subtitle":"Fill up the form here below. Our agents will get in touch with you.","section_title_typography_typography":"custom","section_title_typography_font_family":"Raleway","section_title_typography_font_size":{"unit":"px","size":30,"sizes":[]},"section_title_typography_font_weight":"700","section_subtitle_typography_typography":"custom","section_subtitle_typography_font_family":"Nunito","section_subtitle_typography_font_size":{"unit":"px","size":20,"sizes":[]},"section_subtitle_typography_font_weight":"100","houzez_section_title_color":"#FFFFFF","houzez_section_subtitle_color":"#61CE70","section_title_typography_line_height":{"unit":"em","size":1.3,"sizes":[]},"section_title_typography_letter_spacing":{"unit":"px","size":-0.5,"sizes":[]},"section_subtitle_typography_line_height":{"unit":"em","size":1.3,"sizes":[]},"homey_main_title_spacing":{"unit":"px","size":10,"sizes":[]},"houzez_section_title_margin_bottom":{"unit":"px","size":30,"sizes":[]}},"elements":[],"isInner":false,"widgetType":"houzez_elementor_section_title","elType":"widget"},{"id":"5fa1e1d2","settings":{"form_name":"New Form","form_fields":[{"_id":"name","field_type":"name","field_label":"Name","placeholder":"Name","width":"25","required":"true","field_options":"","width_tablet":"","width_mobile":"","rows":4},{"_id":"email","field_type":"email","required":"true","field_label":"Email","placeholder":"Email","width":"25","field_options":"","width_tablet":"","width_mobile":"","rows":4},{"field_type":"mobile","field_label":"Phone","placeholder":"Phone","required":"true","field_options":"","width":"25","width_tablet":"","width_mobile":"","rows":4,"_id":"949ccea"}],"input_size":"md","show_labels":"","button_text":"Get More Information","button_size":"md","button_width":"25","email_to":"hello@favethemes.com","email_subject":"New message from &quot;Houzez&quot;","column_gap":{"unit":"px","size":15,"sizes":[]},"row_gap":{"unit":"px","size":0,"sizes":[]},"field_typography_typography":"custom","field_typography_font_family":"Nunito","button_typography_typography":"custom","button_typography_font_family":"Nunito","button_background_color":"#61CE70","button_background_hover_color":"rgba(97, 206, 112, 0.75)"},"elements":[],"isInner":false,"widgetType":"houzez_elementor_contact_form","elType":"widget"}],"isInner":true,"elType":"column"}],"isInner":true,"elType":"section"},{"id":"758ebe9e","settings":{"structure":"40","animation":"fadeIn"},"elements":[{"id":"32f6a2a2","settings":{"_column_size":25,"_inline_size":null},"elements":[{"id":"7c1f7cc0","settings":{"title":"Nova Condominium","header_size":"div","title_color":"#48aa48","typography_typography":"custom","typography_font_weight":"400","typography_font_family":"Nunito","typography_font_size":{"unit":"px","size":18,"sizes":[]}},"elements":[],"isInner":false,"widgetType":"heading","elType":"widget"},{"id":"61d0ff1a","settings":{"icon_list":[{"text":"90 NE 41st St, Miami, FL 33137","selected_icon":{"value":{"url":"https:\/\/demo10.houzez.co\/wp-content\/uploads\/2020\/03\/messaging-whatsapp.svg","id":2504},"library":"svg"},"_id":"e6be62c","link":{"url":"","is_external":"","nofollow":"","custom_attributes":""}},{"text":"Get directions","selected_icon":{"value":{"url":"https:\/\/demo10.houzez.co\/wp-content\/uploads\/2020\/03\/messaging-whatsapp.svg","id":2504},"library":"svg"},"_id":"095a19d","link":{"url":"https:\/\/goo.gl\/maps\/6tmzQcre4sWeajJV7","is_external":"","nofollow":"","custom_attributes":""}}],"space_between":{"unit":"px","size":5,"sizes":[]},"icon_color":"#48aa48","icon_size":{"unit":"px","size":16,"sizes":[]},"text_color":"#ffffff","text_indent":{"unit":"px","size":10,"sizes":[]},"icon_typography_typography":"custom","icon_typography_font_family":"Nunito","icon_typography_font_size":{"unit":"px","size":16,"sizes":[]}},"elements":[],"isInner":false,"widgetType":"icon-list","elType":"widget"}],"isInner":true,"elType":"column"},{"id":"a052519","settings":{"_column_size":25,"_inline_size":null},"elements":[{"id":"72e74dd3","settings":{"title":"Sales","header_size":"div","title_color":"#48aa48","typography_typography":"custom","typography_font_weight":"400","typography_font_family":"Nunito","typography_font_size":{"unit":"px","size":18,"sizes":[]}},"elements":[],"isInner":false,"widgetType":"heading","elType":"widget"},{"id":"4c129d03","settings":{"icon_list":[{"text":"(987) 654 3120","selected_icon":{"value":{"url":"https:\/\/demo10.houzez.co\/wp-content\/uploads\/2020\/03\/messaging-whatsapp.svg","id":2504},"library":"svg"},"_id":"e6be62c","link":{"url":"","is_external":"","nofollow":"","custom_attributes":""}},{"text":"(987) 345 6789","selected_icon":{"value":{"url":"https:\/\/demo10.houzez.co\/wp-content\/uploads\/2020\/03\/messaging-whatsapp.svg","id":2504},"library":"svg"},"_id":"a666353","link":{"url":"","is_external":"","nofollow":"","custom_attributes":""}}],"space_between":{"unit":"px","size":5,"sizes":[]},"icon_color":"#48aa48","icon_size":{"unit":"px","size":16,"sizes":[]},"text_color":"#ffffff","text_indent":{"unit":"px","size":10,"sizes":[]},"icon_typography_typography":"custom","icon_typography_font_family":"Nunito","icon_typography_font_size":{"unit":"px","size":16,"sizes":[]}},"elements":[],"isInner":false,"widgetType":"icon-list","elType":"widget"}],"isInner":true,"elType":"column"},{"id":"3b496802","settings":{"_column_size":25,"_inline_size":null},"elements":[{"id":"448b30e4","settings":{"title":"Locations","header_size":"div","title_color":"#48aa48","typography_typography":"custom","typography_font_weight":"400","typography_font_family":"Nunito","typography_font_size":{"unit":"px","size":18,"sizes":[]}},"elements":[],"isInner":false,"widgetType":"heading","elType":"widget"},{"id":"7e0419a","settings":{"icon_list":[{"text":"(837) 758 9382","selected_icon":{"value":{"url":"https:\/\/demo10.houzez.co\/wp-content\/uploads\/2020\/03\/messaging-whatsapp.svg","id":2504},"library":"svg"},"_id":"e6be62c","link":{"url":"","is_external":"","nofollow":"","custom_attributes":""}},{"text":"(352) 465 6857","selected_icon":{"value":{"url":"https:\/\/demo10.houzez.co\/wp-content\/uploads\/2020\/03\/messaging-whatsapp.svg","id":2504},"library":"svg"},"_id":"a666353","link":{"url":"","is_external":"","nofollow":"","custom_attributes":""}}],"space_between":{"unit":"px","size":5,"sizes":[]},"icon_color":"#48aa48","icon_size":{"unit":"px","size":16,"sizes":[]},"text_color":"#ffffff","text_indent":{"unit":"px","size":10,"sizes":[]},"icon_typography_typography":"custom","icon_typography_font_family":"Nunito","icon_typography_font_size":{"unit":"px","size":16,"sizes":[]}},"elements":[],"isInner":false,"widgetType":"icon-list","elType":"widget"}],"isInner":true,"elType":"column"},{"id":"7d262a94","settings":{"_column_size":25,"_inline_size":null},"elements":[{"id":"72e10c0a","settings":{"title":"We are here","header_size":"div","title_color":"#48aa48","typography_typography":"custom","typography_font_weight":"400","typography_font_family":"Nunito","typography_font_size":{"unit":"px","size":18,"sizes":[]}},"elements":[],"isInner":false,"widgetType":"heading","elType":"widget"},{"id":"a521f86","settings":{"icon_list":[{"text":"1889 NW 79st St, Miami, FL 33167","selected_icon":{"value":{"url":"https:\/\/demo10.houzez.co\/wp-content\/uploads\/2020\/03\/pin.svg","id":2505},"library":"svg"},"_id":"e6be62c","link":{"url":"","is_external":"","nofollow":"","custom_attributes":""}},{"text":"(786) 897 5423","selected_icon":{"value":{"url":"https:\/\/demo10.houzez.co\/wp-content\/uploads\/2020\/03\/messaging-whatsapp.svg","id":2504},"library":"svg"},"_id":"eb8cbe1","link":{"url":"","is_external":"","nofollow":"","custom_attributes":""}}],"space_between":{"unit":"px","size":5,"sizes":[]},"icon_color":"#48aa48","icon_size":{"unit":"px","size":16,"sizes":[]},"text_color":"#ffffff","text_indent":{"unit":"px","size":10,"sizes":[]},"icon_typography_typography":"custom","icon_typography_font_family":"Nunito","icon_typography_font_size":{"unit":"px","size":16,"sizes":[]}},"elements":[],"isInner":false,"widgetType":"icon-list","elType":"widget"}],"isInner":true,"elType":"column"}],"isInner":true,"elType":"section"},{"id":"3d35d4be","settings":{"space":{"unit":"px","size":60,"sizes":[]}},"elements":[],"isInner":false,"widgetType":"spacer","elType":"widget"}],"isInner":false,"elType":"column"}],"isInner":false,"elType":"section"}]}