{"content":[{"id":"1959aafa","settings":{"layout":"full_width","gap":"no","background_background":"classic","background_color":"#FFFFFF","padding":{"unit":"px","top":"0","right":"15","bottom":"0","left":"15","isLinked":false},"height":"min-height","custom_height":{"unit":"px","size":360,"sizes":[]},"background_image":{"url":"https:\/\/demo23.houzez.co\/wp-content\/uploads\/2022\/02\/contact-us.jpg","id":43609,"alt":"","source":"library"},"background_position":"bottom center","background_size":"cover","background_overlay_color":"#000000","background_overlay_color_b":"#000000","background_overlay_gradient_angle":{"unit":"deg","size":340,"sizes":[]},"background_overlay_opacity":{"unit":"px","size":0.45,"sizes":[]},"shape_divider_bottom_width":{"unit":"%","size":100,"sizes":[]},"shape_divider_bottom_height":{"unit":"px","size":57,"sizes":[]},"shape_divider_bottom_negative":"yes","background_ypos":{"unit":"px","size":-419,"sizes":[]},"background_attachment":"scroll","background_repeat":"no-repeat","background_overlay_background":"classic"},"elements":[{"id":"288b81f9","settings":{"_column_size":100,"_inline_size":null},"elements":[{"id":"271b1ca6","settings":{"content_width":{"unit":"px","size":587,"sizes":[]},"margin_mobile":{"unit":"px","top":"60","right":0,"bottom":"0","left":0,"isLinked":false}},"elements":[{"id":"30ca60b3","settings":{"_column_size":100,"_inline_size":null},"elements":[{"id":"72f358bc","settings":{"title":"Contact us","title_color":"#FFFFFF","typography_typography":"custom","typography_font_size":{"unit":"px","size":36,"sizes":[]},"typography_line_height":{"unit":"em","size":1.4,"sizes":[]},"header_size":"h1","typography_letter_spacing":{"unit":"px","size":-0.9,"sizes":[]},"align":"center","typography_font_size_tablet":{"unit":"px","size":30,"sizes":[]},"typography_font_size_mobile":{"unit":"px","size":25,"sizes":[]},"typography_line_height_mobile":{"unit":"em","size":1.2,"sizes":[]}},"elements":[],"isInner":false,"widgetType":"heading","elType":"widget"},{"id":"5112d550","settings":{"editor":"<p>We have a dedication to providing great customer service as part of our business.<\/p>","align":"center","typography_typography":"custom","typography_font_size":{"unit":"px","size":20,"sizes":[]},"typography_line_height":{"unit":"em","size":1.5,"sizes":[]},"text_color":"#FFFFFF","typography_font_size_tablet":{"unit":"px","size":18,"sizes":[]}},"elements":[],"isInner":false,"widgetType":"text-editor","elType":"widget"}],"isInner":true,"elType":"column"}],"isInner":true,"elType":"section"}],"isInner":false,"elType":"column"}],"isInner":false,"elType":"section"},{"id":"8c38a53","settings":{"background_background":"classic","background_color":"#FFFFFF","background_image":{"url":"","id":"","alt":"","source":"library"},"border_width":{"unit":"px","top":"1","right":"0","bottom":"0","left":"0","isLinked":false},"border_color":"#D1D1D1","border_radius":{"unit":"px","top":"0","right":"0","bottom":"0","left":"0","isLinked":false}},"elements":[{"id":"820f65","settings":{"_column_size":100,"_inline_size":null},"elements":[{"id":"4d6fd823","settings":{"height":{"unit":"px","size":25,"sizes":[]},"height_mobile":{"unit":"px","size":10,"sizes":[]}},"elements":[],"isInner":false,"widgetType":"houzez_elementor_space","elType":"widget"},{"id":"1a83899b","settings":{"structure":"30","gap":"wider","content_width":{"unit":"px","size":1300,"sizes":[]},"gap_columns_custom":{"unit":"px","size":407,"sizes":[]}},"elements":[{"id":"6b5f5d87","settings":{"_column_size":33,"_inline_size":null},"elements":[{"id":"38c68069","settings":{"selected_icon":{"value":{"url":"https:\/\/demo23.houzez.co\/wp-content\/uploads\/2022\/02\/icon-phone-circle.svg","id":43602},"library":"svg"},"title_text":"(800) 987 6543","description_text":"Lorem ipsum dolor sit amet, consectetur adipiscing elit. Ut elit tellus","text_align":"center","title_bottom_space":{"unit":"px","size":17,"sizes":[]},"title_color":"#000000","title_typography_typography":"custom","title_typography_font_size":{"unit":"px","size":22,"sizes":[]},"title_typography_letter_spacing":{"unit":"px","size":-0.8,"sizes":[]},"description_color":"#2F2F2F","description_typography_typography":"custom","_margin":{"unit":"px","top":"0","right":"0","bottom":"10","left":"0","isLinked":false}},"elements":[],"isInner":false,"widgetType":"icon-box","elType":"widget"}],"isInner":true,"elType":"column"},{"id":"4a980660","settings":{"_column_size":33,"_inline_size":null},"elements":[{"id":"79fd1e72","settings":{"selected_icon":{"value":{"url":"https:\/\/demo23.houzez.co\/wp-content\/uploads\/2022\/02\/icon-read-email.svg","id":43603},"library":"svg"},"title_text":"Message us","description_text":"Lorem ipsum dolor sit amet, consectetur adipiscing elit. Ut elit tellus","text_align":"center","title_bottom_space":{"unit":"px","size":17,"sizes":[]},"title_color":"#000000","title_typography_typography":"custom","title_typography_font_size":{"unit":"px","size":22,"sizes":[]},"title_typography_letter_spacing":{"unit":"px","size":-0.8,"sizes":[]},"description_color":"#2F2F2F","description_typography_typography":"custom","_margin":{"unit":"px","top":"0","right":"0","bottom":"10","left":"0","isLinked":false}},"elements":[],"isInner":false,"widgetType":"icon-box","elType":"widget"}],"isInner":true,"elType":"column"},{"id":"345996d","settings":{"_column_size":33,"_inline_size":null},"elements":[{"id":"5ae84803","settings":{"selected_icon":{"value":{"url":"https:\/\/demo23.houzez.co\/wp-content\/uploads\/2022\/02\/icon-share.svg","id":43604},"library":"svg"},"title_text":"Stay connected","description_text":"Lorem ipsum dolor sit amet, consectetur adipiscing elit. Ut elit tellus","text_align":"center","title_bottom_space":{"unit":"px","size":17,"sizes":[]},"title_color":"#000000","title_typography_typography":"custom","title_typography_font_size":{"unit":"px","size":22,"sizes":[]},"title_typography_letter_spacing":{"unit":"px","size":-0.8,"sizes":[]},"description_color":"#2F2F2F","description_typography_typography":"custom","_margin":{"unit":"px","top":"0","right":"0","bottom":"10","left":"0","isLinked":false}},"elements":[],"isInner":false,"widgetType":"icon-box","elType":"widget"}],"isInner":true,"elType":"column"}],"isInner":true,"elType":"section"},{"id":"5e09d7c","settings":{"space":{"unit":"px","size":30,"sizes":[]}},"elements":[],"isInner":false,"widgetType":"spacer","elType":"widget"}],"isInner":false,"elType":"column"}],"isInner":false,"elType":"section"},{"id":"2471b7f9","settings":{"background_background":"classic","background_color":"#FFFFFF"},"elements":[{"id":"1687777f","settings":{"_column_size":100,"_inline_size":null},"elements":[{"id":"ab3a3","settings":{"structure":"20","gap":"wider","layout":"full_width","content_width":{"unit":"px","size":851,"sizes":[]},"content_position":"middle","border_border":"solid","border_width":{"unit":"px","top":"1","right":"1","bottom":"1","left":"1","isLinked":true},"border_color":"#E6E6E6","border_radius":{"unit":"px","top":"8","right":"8","bottom":"8","left":"8","isLinked":true},"box_shadow_box_shadow_type":"yes","box_shadow_box_shadow":{"horizontal":0,"vertical":60,"blur":60,"spread":0,"color":"rgba(0, 0, 0, 0.1)"},"padding":{"unit":"px","top":"50","right":"50","bottom":"50","left":"50","isLinked":true},"z_index":1,"padding_mobile":{"unit":"px","top":"20","right":"20","bottom":"20","left":"20","isLinked":true}},"elements":[{"id":"3caa78da","settings":{"_column_size":50,"_inline_size":null,"padding_mobile":{"unit":"px","top":"0","right":"0","bottom":"0","left":"0","isLinked":true}},"elements":[{"id":"41b8e0a7","settings":{"image":{"url":"https:\/\/demo23.houzez.co\/wp-content\/uploads\/2022\/01\/brunette-businesswoman-portrait-2021-08-30-07-43-09-utc.jpg","id":21999,"alt":"","source":"library"},"image_size":"custom","image_custom_dimension":{"width":"200","height":"200"},"align":"left","_margin":{"unit":"px","top":"0","right":"0","bottom":"0","left":"-40","isLinked":false}},"elements":[],"isInner":false,"widgetType":"image","elType":"widget"},{"id":"2679a59b","settings":{"title":"Do you need an agent?","title_color":"#000000","typography_typography":"custom","typography_font_size":{"unit":"px","size":24,"sizes":[]},"typography_line_height":{"unit":"em","size":1.5,"sizes":[]},"align":"left","typography_letter_spacing":{"unit":"px","size":-1,"sizes":[]}},"elements":[],"isInner":false,"widgetType":"heading","elType":"widget"},{"id":"55afba58","settings":{"editor":"<p>Buy or sell your home with Our agents. House prices, inspections, negotiations and other services are included in the house price.<\/p>","align":"left","typography_typography":"custom","typography_font_size":{"unit":"px","size":18,"sizes":[]},"typography_line_height":{"unit":"em","size":1.5,"sizes":[]},"text_color":"#2F2F2F"},"elements":[],"isInner":false,"widgetType":"text-editor","elType":"widget"},{"id":"7c55dbcd","settings":{"icon_list":[{"text":"(800) 987 6543","selected_icon":{"value":"fas fa-phone-alt","library":"fa-solid"},"_id":"add1ce4","link":{"url":"#","is_external":"","nofollow":"","custom_attributes":""}},{"text":"info@email.com","selected_icon":{"value":"fas fa-at","library":"fa-solid"},"_id":"6ad3048","link":{"url":"#","is_external":"","nofollow":"","custom_attributes":""}}],"space_between":{"unit":"px","size":5,"sizes":[]},"icon_color":"#088C98","text_color":"#088C98","icon_typography_typography":"custom","icon_typography_font_weight":"bold","_margin":{"unit":"px","top":"-20","right":"0","bottom":"0","left":"0","isLinked":false}},"elements":[],"isInner":false,"widgetType":"icon-list","elType":"widget"}],"isInner":true,"elType":"column"},{"id":"503b0b35","settings":{"_column_size":50,"_inline_size":null,"padding_mobile":{"unit":"px","top":"0","right":"0","bottom":"0","left":"0","isLinked":true}},"elements":[{"id":"32443b4f","settings":{"form_name":"New Form","form_fields":[{"_id":"ba74d26","field_type":"user_type","field_label":"Type","placeholder":"Select","field_options":"I want to buy\nI want to sell\n"},{"_id":"name","field_type":"name","field_label":"Name","placeholder":"Name"},{"_id":"email","field_type":"email","required":"true","field_label":"Email","placeholder":"Email","width":"50"},{"field_type":"mobile","field_label":"Phone","placeholder":"Phone","width":"50","_id":"ac2e031"},{"_id":"dc0a1ec","field_type":"city","field_label":"City","placeholder":"City"},{"_id":"message","field_type":"message","field_label":"Message","placeholder":"Message"}],"show_labels":"","gdpr_agreement":"yes","gdpr_label":"GDPR Agreement","gdpr_required":"true","gdpr_text":"I consent to having this website store my submitted information","button_text":"Submit","email_to":"hello@favethemes.com","email_subject":"New message from &quot;Houzez - Highly Customizable Real Estate WordPress Theme&quot;","field_typography_typography":"custom","field_gdpr_color":"#7A7A7A","gdpr_typography_typography":"custom","gdpr_typography_font_size":{"unit":"px","size":14,"sizes":[]},"_background_background":"classic","_background_color":"#FFFFFF","con_google_recaptcha":"yes","input_size":"md","button_size":"md","gdpr_typography_font_weight":"500","button_background_color":"#DD3333","button_typography_typography":"custom","button_typography_font_weight":"bold","button_background_hover_color":"#F43838","_margin_mobile":{"unit":"px","top":"30","right":"0","bottom":"0","left":"0","isLinked":false}},"elements":[],"isInner":false,"widgetType":"houzez_elementor_contact_form","elType":"widget"}],"isInner":true,"elType":"column"}],"isInner":true,"elType":"section"},{"id":"1b5d1e92","settings":{"height":{"unit":"px","size":50,"sizes":[]}},"elements":[],"isInner":false,"widgetType":"houzez_elementor_space","elType":"widget"}],"isInner":false,"elType":"column"}],"isInner":false,"elType":"section"},{"id":"d2171f9","settings":{"background_background":"classic","background_color":"#FFFFFF","background_image":{"url":"","id":"","alt":"","source":"library"}},"elements":[{"id":"6367950f","settings":{"_column_size":100,"_inline_size":null},"elements":[{"id":"7b12096e","settings":{"height":{"unit":"px","size":25,"sizes":[]},"height_mobile":{"unit":"px","size":10,"sizes":[]}},"elements":[],"isInner":false,"widgetType":"houzez_elementor_space","elType":"widget"},{"id":"7823d32b","settings":{"content_width":{"unit":"px","size":1300,"sizes":[]}},"elements":[{"id":"b1db1a3","settings":{"_column_size":100,"_inline_size":null},"elements":[{"id":"542cfa1b","settings":{"title":"Our offices","title_color":"#000000","typography_typography":"custom","typography_font_size":{"unit":"px","size":34,"sizes":[]},"typography_line_height":{"unit":"em","size":1.5,"sizes":[]},"header_size":"h1","typography_letter_spacing":{"unit":"px","size":-1,"sizes":[]},"align":"left","typography_font_size_tablet":{"unit":"px","size":24,"sizes":[]}},"elements":[],"isInner":false,"widgetType":"heading","elType":"widget"}],"isInner":true,"elType":"column"}],"isInner":true,"elType":"section"},{"id":"36d40486","settings":{"structure":"30","content_width":{"unit":"px","size":1300,"sizes":[]},"gap_columns_custom":{"unit":"px","size":407,"sizes":[]}},"elements":[{"id":"50e2f0b8","settings":{"_column_size":33,"_inline_size":48.002},"elements":[{"id":"5f560477","settings":{"address":"1201 Marseille Dr, Miami Beach, FL 33141","zoom":{"unit":"px","size":15,"sizes":[]}},"elements":[],"isInner":false,"widgetType":"google_maps","elType":"widget"},{"id":"10ffef00","settings":{"editor":"<p><strong>Miami Beach Office<\/strong><br \/>1201 Marseille Dr, Miami Beach, FL 33141<\/p>","align":"left","typography_typography":"custom","typography_font_size":{"unit":"px","size":18,"sizes":[]},"typography_line_height":{"unit":"em","size":1.5,"sizes":[]},"text_color":"#2F2F2F"},"elements":[],"isInner":false,"widgetType":"text-editor","elType":"widget"}],"isInner":true,"elType":"column"},{"id":"1d7d2af1","settings":{"_column_size":33,"_inline_size":3.631},"elements":[],"isInner":true,"elType":"column"},{"id":"10dab7da","settings":{"_column_size":33,"_inline_size":48.003},"elements":[{"id":"5936d5e","settings":{"address":"546 W 156th Street New York Ny 10032","zoom":{"unit":"px","size":15,"sizes":[]}},"elements":[],"isInner":false,"widgetType":"google_maps","elType":"widget"},{"id":"201dd8f0","settings":{"editor":"<p><strong>New York Office<\/strong><br \/>546 W 156th Street New York Ny 10032<\/p>","align":"left","typography_typography":"custom","typography_font_size":{"unit":"px","size":18,"sizes":[]},"typography_line_height":{"unit":"em","size":1.5,"sizes":[]},"text_color":"#2F2F2F"},"elements":[],"isInner":false,"widgetType":"text-editor","elType":"widget"}],"isInner":true,"elType":"column"}],"isInner":true,"elType":"section"},{"id":"25368e93","settings":{"height":{"unit":"px","size":50,"sizes":[]}},"elements":[],"isInner":false,"widgetType":"houzez_elementor_space","elType":"widget"}],"isInner":false,"elType":"column"}],"isInner":false,"elType":"section"},{"id":"78bf7892","settings":{"background_background":"classic","background_color":"#FFFFFF"},"elements":[{"id":"7b7a93b","settings":{"_column_size":100,"_inline_size":null},"elements":[{"id":"2b5398e2","settings":{"image":{"url":"https:\/\/demo23.houzez.co\/wp-content\/uploads\/2022\/01\/team.jpg","id":22013,"alt":"","source":"library"}},"elements":[],"isInner":false,"widgetType":"image","elType":"widget"}],"isInner":false,"elType":"column"}],"isInner":false,"elType":"section"}],"page_settings":[],"version":"0.4","title":"Demo 23 - Contact us","type":"page"}