{"content":[{"id":"6ff39209","settings":{"gap":"no","background_background":"classic","background_color":"#FFFFFF","padding":{"unit":"px","top":"0","right":"15","bottom":"0","left":"15","isLinked":false},"height":"min-height","custom_height":{"unit":"px","size":350,"sizes":[]},"background_image":{"url":"https:\/\/demo23.houzez.co\/wp-content\/uploads\/2022\/01\/home-header-2.jpg","id":21807,"alt":"","source":"library"},"background_position":"center center","background_size":"cover","background_overlay_background":"classic","background_overlay_color":"#000000","background_overlay_color_b":"#000000","background_overlay_gradient_angle":{"unit":"deg","size":330,"sizes":[]},"background_overlay_opacity":{"unit":"px","size":0.25,"sizes":[]},"content_width":{"unit":"px","size":1120,"sizes":[]},"column_position":"bottom"},"elements":[{"id":"125feb3c","settings":{"_column_size":100},"elements":[],"isInner":false,"elType":"column"}],"isInner":false,"elType":"section"},{"id":"7fa5a398","settings":{"background_background":"classic","background_color":"#FFFFFF","content_width":{"unit":"px","size":950,"sizes":[]}},"elements":[{"id":"48f0c1cd","settings":{"_column_size":100,"_inline_size":null},"elements":[{"id":"388c0d62","settings":{"content_width":{"unit":"px","size":930,"sizes":[]},"layout":"full_width","content_position":"middle","background_background":"classic","background_color":"#FFFFFF","border_border":"solid","border_width":{"unit":"px","top":"1","right":"1","bottom":"1","left":"1","isLinked":true},"border_color":"#E6E6E6","border_radius":{"unit":"px","top":"8","right":"8","bottom":"8","left":"8","isLinked":true},"box_shadow_box_shadow_type":"yes","box_shadow_box_shadow":{"horizontal":0,"vertical":60,"blur":60,"spread":0,"color":"rgba(0, 0, 0, 0.1)"},"margin":{"unit":"px","top":"-137","right":0,"bottom":"0","left":0,"isLinked":false},"padding":{"unit":"px","top":"30","right":"30","bottom":"30","left":"30","isLinked":true},"padding_mobile":{"unit":"px","top":"20","right":"20","bottom":"20","left":"20","isLinked":true},"z_index":1},"elements":[{"id":"3424663d","settings":{"_column_size":100},"elements":[{"id":"4fb28aad","settings":{"title":"This demo is showing real estate listings by using Houzez IDX\/MLS Sync by Realtyna","title_color":"#242222","typography_typography":"custom","typography_font_size":{"unit":"px","size":32,"sizes":[]},"typography_line_height":{"unit":"em","size":1.4,"sizes":[]},"header_size":"h1","typography_letter_spacing":{"unit":"px","size":-0.9,"sizes":[]},"align":"center","typography_font_size_tablet":{"unit":"px","size":30,"sizes":[]},"_margin":{"unit":"px","top":"0","right":"0","bottom":"10","left":"0","isLinked":false},"typography_font_size_mobile":{"unit":"px","size":19,"sizes":[]}},"elements":[],"isInner":false,"widgetType":"heading","elType":"widget"},{"id":"4724ae8d","settings":{"form_fields":[{"_id":"710a680","field_type":"keyword","field_label":"Search","placeholder":"Search for City, Neighborhood, Zip Code","price_from_text":"From","price_to_text":"To","width":"45","selected_count_text":"items selected"},{"field_type":"location[]","field_label":"Location","placeholder":"Where","price_from_text":"From","price_to_text":"To","width":"20","selected_count_text":"items selected","_id":"6b0017d"},{"_id":"field-beds","field_type":"bedrooms","field_label":"Property Size","placeholder":"Rooms","width":"20","width_mobile":"100","price_from_text":"From","price_to_text":"To","selected_count_text":"items selected"},{"_id":"field-search-btn","field_type":"search-button","field_label":"Search Button","placeholder":"Search","width":"15","price_from_text":"From","price_to_text":"To","selected_count_text":"items selected"}],"show_tabs":"yes","status_data":["for-rent","for-sale"],"tabs_all_text":"All Status","tabs_padding":{"unit":"px","top":"10","right":"20","bottom":"10","left":"20","isLinked":false},"form_background_color":"#FFFFFF","form_padding":{"unit":"px","top":"0","right":"0","bottom":"0","left":"0","isLinked":false},"label_color":"#000000","label_typography_font_size":{"unit":"px","size":12,"sizes":[]},"label_typography_font_weight":"500","label_typography_text_transform":"uppercase","form_radius":{"unit":"px","top":"7","right":"7","bottom":"7","left":"7","isLinked":true},"box_shadow_box_shadow":{"horizontal":0,"vertical":20,"blur":40,"spread":0,"color":"rgba(0, 0, 0, 0.1)"},"search_tabs_bg_color":"#EFEFEF","tabs_margin":{"unit":"px","top":"0","right":"3","bottom":"6","left":"3","isLinked":false},"form_padding_tablet":{"unit":"px","top":"10","right":"4","bottom":"0","left":"0","isLinked":false},"field_background_color":"#FFFFFF","input_size":"md","button_size":"md","field_typography_typography":"custom","button_background_color":"#DD3333","button_background_hover_color":"#F43838","field_typography_font_size":{"unit":"px","size":15,"sizes":[]},"field_typography_font_weight":"500","button_typography_typography":"custom","button_typography_font_weight":"700","row_gap":{"unit":"px","size":0,"sizes":[]},"field_border_color":"#DEDEDE","city_data":["belleair","deland"],"search_tabs_typography_typography":"custom","search_tabs_typography_font_size":{"unit":"px","size":15,"sizes":[]},"search_tabs_typography_font_weight":"bold","tabs_radius":{"unit":"px","top":"4","right":"4","bottom":"4","left":"4","isLinked":true},"search_tabs_color":"#000000","search_tabs_active_color":"#FFFFFF","search_active_tabs_bg_color":"#088C98","_margin":{"unit":"px","top":"0","right":"0","bottom":"0","left":"0","isLinked":false},"button_align_mobile":"stretch","row_gap_mobile":{"unit":"px","size":10,"sizes":[]}},"elements":[],"isInner":false,"widgetType":"houzez_elementor_search_builder","elType":"widget"}],"isInner":true,"elType":"column"}],"isInner":true,"elType":"section"}],"isInner":false,"elType":"column"}],"isInner":false,"elType":"section"},{"id":"23dfbb2e","settings":{"layout":"full_width","background_background":"classic","background_color":"#FFFFFF"},"elements":[{"id":"5b307465","settings":{"_column_size":100,"_inline_size":null},"elements":[{"id":"354ee81f","settings":{"height":{"unit":"px","size":50,"sizes":[]},"height_mobile":{"unit":"px","size":10,"sizes":[]}},"elements":[],"isInner":false,"widgetType":"houzez_elementor_space","elType":"widget"},{"id":"962815e","settings":{"content_width":{"unit":"px","size":773,"sizes":[]}},"elements":[{"id":"4671af89","settings":{"_column_size":100,"_inline_size":null},"elements":[{"id":"1e431614","settings":{"title":"We help people buy, rent and sell homes","title_color":"#000000","typography_typography":"custom","typography_font_size":{"unit":"px","size":34,"sizes":[]},"typography_line_height":{"unit":"em","size":1.5,"sizes":[]},"align":"center","typography_letter_spacing":{"unit":"px","size":-1,"sizes":[]},"typography_font_size_tablet":{"unit":"px","size":24,"sizes":[]}},"elements":[],"isInner":false,"widgetType":"heading","elType":"widget"},{"id":"1a0cfed0","settings":{"editor":"<p>Search for homes online, get insights about your neighborhood no matter where you live, and find the best mortgage options.<\/p>","align":"center","typography_typography":"custom","typography_font_size":{"unit":"px","size":20,"sizes":[]},"typography_line_height":{"unit":"em","size":1.5,"sizes":[]},"text_color":"#2F2F2F","typography_font_size_tablet":{"unit":"px","size":18,"sizes":[]}},"elements":[],"isInner":false,"widgetType":"text-editor","elType":"widget"},{"id":"6fefb651","settings":{"text":"Read more about this demo","link":{"url":"https:\/\/demo23.houzez.co\/about-this-demo\/","is_external":"","nofollow":"","custom_attributes":""},"align":"center","typography_typography":"custom","typography_font_size":{"unit":"px","size":18,"sizes":[]},"typography_font_weight":"500","background_color":"#FFFFFF00","typography_text_decoration":"underline","button_text_color":"#D10F0F"},"elements":[],"isInner":false,"widgetType":"button","elType":"widget"},{"id":"1ff83f9b","settings":{"height":{"unit":"px","size":30,"sizes":[]},"height_mobile":{"unit":"px","size":10,"sizes":[]}},"elements":[],"isInner":false,"widgetType":"houzez_elementor_space","elType":"widget"}],"isInner":true,"elType":"column"}],"isInner":true,"elType":"section"},{"id":"14545add","settings":{"structure":"30","gap":"extended"},"elements":[{"id":"626cb60f","settings":{"_column_size":33,"_inline_size":null},"elements":[{"id":"3a09fe58","settings":{"image":{"url":"https:\/\/demo23.houzez.co\/wp-content\/uploads\/2022\/01\/real-estate-broker-showing-house-for-sale-to-young-2021-08-28-11-04-49-utc.jpg","id":21854,"alt":"","source":"library"},"title_text":"Buy a home","description_text":"Find your new home with neighborhood info. Search for one-of-a-kind homes for sale including neighborhood features you won\u2019t find anywhere else.","image_space":{"unit":"px","size":25,"sizes":[]},"image_size":{"unit":"%","size":100,"sizes":[]},"text_align":"center","title_bottom_space":{"unit":"px","size":17,"sizes":[]},"title_color":"#000000","title_typography_typography":"custom","title_typography_font_size":{"unit":"px","size":22,"sizes":[]},"description_color":"#2F2F2F","description_typography_typography":"custom","_margin":{"unit":"px","top":"0","right":"0","bottom":"10","left":"0","isLinked":false},"image_border_radius":{"unit":"px","size":4,"sizes":[]},"image_opacity_hover":{"unit":"px","size":0.5,"sizes":[]},"title_typography_letter_spacing":{"unit":"px","size":-0.8,"sizes":[]},"title_typography_font_size_tablet":{"unit":"px","size":18,"sizes":[]}},"elements":[],"isInner":false,"widgetType":"image-box","elType":"widget"},{"id":"6d46e8a8","settings":{"text":"Find a home","align":"center","size":"md","typography_typography":"custom","typography_font_weight":"bold","background_color":"#088C98","button_background_hover_color":"#189BA7","button_box_shadow_box_shadow_type":"yes","button_box_shadow_box_shadow":{"horizontal":0,"vertical":40,"blur":40,"spread":0,"color":"rgba(0, 0, 0, 0.1)"}},"elements":[],"isInner":false,"widgetType":"button","elType":"widget"}],"isInner":true,"elType":"column"},{"id":"9d118cc","settings":{"_column_size":33,"_inline_size":null},"elements":[{"id":"7000eb0a","settings":{"image":{"url":"https:\/\/demo23.houzez.co\/wp-content\/uploads\/2022\/01\/man-working-as-a-real-estate-agent-2021-08-28-11-41-02-utc-2.jpg","id":21855,"alt":"","source":"library"},"title_text":"Rent a home","description_text":"Renting in our network has never been easier. We have a variety of different rental and comfortable places that suits your needs easily on our site.\n","image_space":{"unit":"px","size":25,"sizes":[]},"image_size":{"unit":"%","size":100,"sizes":[]},"text_align":"center","title_bottom_space":{"unit":"px","size":17,"sizes":[]},"title_color":"#000000","title_typography_typography":"custom","title_typography_font_size":{"unit":"px","size":22,"sizes":[]},"description_color":"#2F2F2F","description_typography_typography":"custom","_margin":{"unit":"px","top":"0","right":"0","bottom":"10","left":"0","isLinked":false},"image_border_radius":{"unit":"px","size":4,"sizes":[]},"image_opacity_hover":{"unit":"px","size":0.5,"sizes":[]},"title_typography_letter_spacing":{"unit":"px","size":-0.8,"sizes":[]},"title_typography_font_size_tablet":{"unit":"px","size":18,"sizes":[]}},"elements":[],"isInner":false,"widgetType":"image-box","elType":"widget"},{"id":"556ea5be","settings":{"text":"Find a rental","align":"center","size":"md","typography_typography":"custom","typography_font_weight":"bold","background_color":"#088C98","button_background_hover_color":"#189BA7","button_box_shadow_box_shadow_type":"yes","button_box_shadow_box_shadow":{"horizontal":0,"vertical":40,"blur":40,"spread":0,"color":"rgba(0, 0, 0, 0.1)"}},"elements":[],"isInner":false,"widgetType":"button","elType":"widget"}],"isInner":true,"elType":"column"},{"id":"1c2af88f","settings":{"_column_size":33,"_inline_size":null},"elements":[{"id":"31e3147c","settings":{"image":{"url":"https:\/\/demo23.houzez.co\/wp-content\/uploads\/2022\/01\/lovely-adult-couple-selling-their-beautiful-home-2022-01-18-23-34-34-utc.jpg","id":21856,"alt":"","source":"library"},"title_text":"Sell a home","description_text":"We make the process easy and understandable. We make sure to clarify your options and offer you strategies to get your home sold quickly.","image_space":{"unit":"px","size":25,"sizes":[]},"image_size":{"unit":"%","size":100,"sizes":[]},"text_align":"center","title_bottom_space":{"unit":"px","size":17,"sizes":[]},"title_color":"#000000","title_typography_typography":"custom","title_typography_font_size":{"unit":"px","size":22,"sizes":[]},"description_color":"#2F2F2F","description_typography_typography":"custom","_margin":{"unit":"px","top":"0","right":"0","bottom":"10","left":"0","isLinked":false},"image_border_radius":{"unit":"px","size":4,"sizes":[]},"image_opacity_hover":{"unit":"px","size":0.5,"sizes":[]},"title_typography_letter_spacing":{"unit":"px","size":-0.8,"sizes":[]},"title_typography_font_size_tablet":{"unit":"px","size":18,"sizes":[]}},"elements":[],"isInner":false,"widgetType":"image-box","elType":"widget"},{"id":"6e7308c1","settings":{"text":"Contact us","align":"center","size":"md","typography_typography":"custom","typography_font_weight":"bold","background_color":"#088C98","button_background_hover_color":"#189BA7","button_box_shadow_box_shadow_type":"yes","button_box_shadow_box_shadow":{"horizontal":0,"vertical":40,"blur":40,"spread":0,"color":"rgba(0, 0, 0, 0.1)"}},"elements":[],"isInner":false,"widgetType":"button","elType":"widget"}],"isInner":true,"elType":"column"}],"isInner":true,"elType":"section"},{"id":"2629e347","settings":{"height":{"unit":"px","size":50,"sizes":[]}},"elements":[],"isInner":false,"widgetType":"houzez_elementor_space","elType":"widget"}],"isInner":false,"elType":"column"}],"isInner":false,"elType":"section"},{"id":"5823d424","settings":{"layout":"full_width","background_background":"classic","background_color":"#FFFFFF","background_color_b":"#F2295B00"},"elements":[{"id":"6fb1d465","settings":{"_column_size":100,"_inline_size":null},"elements":[{"id":"30918498","settings":{"height":{"unit":"px","size":50,"sizes":[]},"height_mobile":{"unit":"px","size":10,"sizes":[]}},"elements":[],"isInner":false,"widgetType":"houzez_elementor_space","elType":"widget"},{"id":"222aa28b","settings":{"content_width":{"unit":"px","size":773,"sizes":[]}},"elements":[{"id":"15bca9e1","settings":{"_column_size":100,"_inline_size":null},"elements":[{"id":"2a94423","settings":{"title":"Explore your dream neighborhood","title_color":"#000000","typography_typography":"custom","typography_font_size":{"unit":"px","size":34,"sizes":[]},"typography_line_height":{"unit":"em","size":1.5,"sizes":[]},"align":"center","typography_letter_spacing":{"unit":"px","size":-1,"sizes":[]},"typography_font_size_tablet":{"unit":"px","size":24,"sizes":[]}},"elements":[],"isInner":false,"widgetType":"heading","elType":"widget"},{"id":"73dbf03b","settings":{"editor":"<p>Find your dream neighborhood and explore it with your home purchase advisor. We are here to help you find the perfect home for you.<\/p>","align":"center","typography_typography":"custom","typography_font_size":{"unit":"px","size":20,"sizes":[]},"typography_line_height":{"unit":"em","size":1.5,"sizes":[]},"text_color":"#2F2F2F","typography_font_size_tablet":{"unit":"px","size":18,"sizes":[]}},"elements":[],"isInner":false,"widgetType":"text-editor","elType":"widget"},{"id":"2ea5177","settings":{"height":{"unit":"px","size":30,"sizes":[]},"height_mobile":{"unit":"px","size":10,"sizes":[]}},"elements":[],"isInner":false,"widgetType":"houzez_elementor_space","elType":"widget"}],"isInner":true,"elType":"column"}],"isInner":true,"elType":"section"},{"id":"46da5d2e","settings":{"layout":"full_width","gap":"narrow","structure":"60"},"elements":[{"id":"2e84233","settings":{"_column_size":16,"_inline_size":null,"_inline_size_tablet":33},"elements":[{"id":"3277ee6a","settings":{"grid_data":"dynamic","more_text":"More Details","grid_taxonomy":"property_city","tax_city":"englewood","more_text_d":"More Details","properties_text":"Properties","property_text":"Property","grid_type":"grid-item-v3","grid_v3_height":{"unit":"%","size":148,"sizes":[]},"grid_item_margin":{"unit":"px","size":10,"sizes":[]},"grid_title_typography_typography":"custom","grid_title_typography_font_family":"Quicksand","grid_title_typography_font_weight":"700","grid_subtitle_typography_typography":"custom","grid_subtitle_typography_font_family":"Quicksand","grid_subtitle_typography_font_weight":"700","grid_v3_height_tablet":{"unit":"%","size":148,"sizes":[]},"grid_item_margin_tablet":{"unit":"px","size":0,"sizes":[]},"grid_item_margin_mobile":{"unit":"px","size":0,"sizes":[]}},"elements":[],"isInner":false,"widgetType":"Houzez_elementor_grid_builder","elType":"widget"}],"isInner":true,"elType":"column"},{"id":"3c1d1b8e","settings":{"_column_size":16,"_inline_size":null,"_inline_size_tablet":33},"elements":[{"id":"38f5f823","settings":{"grid_data":"dynamic","more_text":"More Details","grid_taxonomy":"property_city","tax_city":"longboat-key","more_text_d":"More Details","properties_text":"Properties","property_text":"Property","grid_item_margin":{"unit":"px","size":10,"sizes":[]},"grid_title_typography_typography":"custom","grid_title_typography_font_family":"Quicksand","grid_title_typography_font_weight":"700","grid_subtitle_typography_typography":"custom","grid_subtitle_typography_font_family":"Quicksand","grid_subtitle_typography_font_weight":"700","grid_item_margin_tablet":{"unit":"px","size":10,"sizes":[]},"grid_item_margin_mobile":{"unit":"px","size":10,"sizes":[]}},"elements":[],"isInner":false,"widgetType":"Houzez_elementor_grid_builder","elType":"widget"},{"id":"a795ef2","settings":{"grid_data":"dynamic","more_text":"More Details","grid_taxonomy":"property_city","tax_city":"new-smyrna-beach","more_text_d":"More Details","properties_text":"Properties","property_text":"Property","grid_item_margin":{"unit":"px","size":10,"sizes":[]},"grid_title_typography_typography":"custom","grid_title_typography_font_family":"Quicksand","grid_title_typography_font_weight":"700","grid_subtitle_typography_typography":"custom","grid_subtitle_typography_font_family":"Quicksand","grid_subtitle_typography_font_weight":"700","grid_item_margin_tablet":{"unit":"px","size":0,"sizes":[]},"grid_item_margin_mobile":{"unit":"px","size":0,"sizes":[]}},"elements":[],"isInner":false,"widgetType":"Houzez_elementor_grid_builder","elType":"widget"}],"isInner":true,"elType":"column"},{"id":"21104f61","settings":{"_column_size":16,"_inline_size":null,"_inline_size_tablet":33},"elements":[{"id":"4837b9ff","settings":{"grid_data":"dynamic","more_text":"More Details","grid_taxonomy":"property_city","tax_city":"north-port","more_text_d":"More Details","properties_text":"Properties","property_text":"Property","grid_item_margin":{"unit":"px","size":10,"sizes":[]},"grid_title_typography_typography":"custom","grid_title_typography_font_family":"Quicksand","grid_title_typography_font_weight":"700","grid_subtitle_typography_typography":"custom","grid_subtitle_typography_font_family":"Quicksand","grid_subtitle_typography_font_weight":"700","grid_item_margin_tablet":{"unit":"px","size":10,"sizes":[]},"grid_item_margin_mobile":{"unit":"px","size":10,"sizes":[]}},"elements":[],"isInner":false,"widgetType":"Houzez_elementor_grid_builder","elType":"widget"},{"id":"1907d26e","settings":{"grid_data":"dynamic","more_text":"More Details","grid_taxonomy":"property_city","tax_city":"ocala","more_text_d":"More Details","properties_text":"Properties","property_text":"Property","grid_item_margin":{"unit":"px","size":10,"sizes":[]},"grid_title_typography_typography":"custom","grid_title_typography_font_family":"Quicksand","grid_title_typography_font_weight":"700","grid_subtitle_typography_typography":"custom","grid_subtitle_typography_font_family":"Quicksand","grid_subtitle_typography_font_weight":"700","grid_item_margin_tablet":{"unit":"px","size":0,"sizes":[]},"grid_item_margin_mobile":{"unit":"px","size":0,"sizes":[]}},"elements":[],"isInner":false,"widgetType":"Houzez_elementor_grid_builder","elType":"widget"}],"isInner":true,"elType":"column"},{"id":"25fcdca2","settings":{"_column_size":16,"_inline_size":null,"_inline_size_tablet":33},"elements":[{"id":"2947be45","settings":{"grid_data":"dynamic","more_text":"More Details","grid_taxonomy":"property_city","tax_city":"orlando","more_text_d":"More Details","properties_text":"Properties","property_text":"Property","grid_type":"grid-item-v3","grid_v3_height":{"unit":"%","size":148,"sizes":[]},"grid_item_margin":{"unit":"px","size":10,"sizes":[]},"grid_title_typography_typography":"custom","grid_title_typography_font_family":"Quicksand","grid_title_typography_font_weight":"700","grid_subtitle_typography_typography":"custom","grid_subtitle_typography_font_family":"Quicksand","grid_subtitle_typography_font_weight":"700","grid_v3_height_tablet":{"unit":"%","size":148,"sizes":[]},"grid_item_margin_tablet":{"unit":"px","size":10,"sizes":[]},"grid_item_margin_mobile":{"unit":"px","size":0,"sizes":[]}},"elements":[],"isInner":false,"widgetType":"Houzez_elementor_grid_builder","elType":"widget"}],"isInner":true,"elType":"column"},{"id":"6059f1e8","settings":{"_column_size":16,"_inline_size":null,"_inline_size_tablet":33},"elements":[{"id":"147ebb05","settings":{"grid_data":"dynamic","more_text":"More Details","grid_taxonomy":"property_city","tax_city":"placida","more_text_d":"More Details","properties_text":"Properties","property_text":"Property","grid_item_margin":{"unit":"px","size":10,"sizes":[]},"grid_title_typography_typography":"custom","grid_title_typography_font_family":"Quicksand","grid_title_typography_font_weight":"700","grid_subtitle_typography_typography":"custom","grid_subtitle_typography_font_family":"Quicksand","grid_subtitle_typography_font_weight":"700","grid_item_margin_tablet":{"unit":"px","size":10,"sizes":[]},"grid_item_margin_mobile":{"unit":"px","size":10,"sizes":[]}},"elements":[],"isInner":false,"widgetType":"Houzez_elementor_grid_builder","elType":"widget"},{"id":"ac12f41","settings":{"grid_data":"dynamic","more_text":"More Details","grid_taxonomy":"property_city","tax_city":"sarasota","more_text_d":"More Details","properties_text":"Properties","property_text":"Property","grid_item_margin":{"unit":"px","size":10,"sizes":[]},"grid_title_typography_typography":"custom","grid_title_typography_font_family":"Quicksand","grid_title_typography_font_weight":"700","grid_subtitle_typography_typography":"custom","grid_subtitle_typography_font_family":"Quicksand","grid_subtitle_typography_font_weight":"700","grid_item_margin_tablet":{"unit":"px","size":10,"sizes":[]},"grid_item_margin_mobile":{"unit":"px","size":0,"sizes":[]}},"elements":[],"isInner":false,"widgetType":"Houzez_elementor_grid_builder","elType":"widget"}],"isInner":true,"elType":"column"},{"id":"5069ed2a","settings":{"_column_size":16,"_inline_size":null,"_inline_size_tablet":33},"elements":[{"id":"1c7efde3","settings":{"grid_data":"dynamic","more_text":"More Details","grid_taxonomy":"property_city","tax_city":"wildwood","more_text_d":"More Details","properties_text":"Properties","property_text":"Property","grid_item_margin":{"unit":"px","size":10,"sizes":[]},"grid_title_typography_typography":"custom","grid_title_typography_font_family":"Quicksand","grid_title_typography_font_weight":"700","grid_subtitle_typography_typography":"custom","grid_subtitle_typography_font_family":"Quicksand","grid_subtitle_typography_font_weight":"700","grid_item_margin_tablet":{"unit":"px","size":10,"sizes":[]},"grid_item_margin_mobile":{"unit":"px","size":10,"sizes":[]}},"elements":[],"isInner":false,"widgetType":"Houzez_elementor_grid_builder","elType":"widget"},{"id":"6b30509a","settings":{"grid_data":"dynamic","more_text":"More Details","grid_taxonomy":"property_city","tax_city":"north-port","more_text_d":"More Details","properties_text":"Properties","property_text":"Property","grid_item_margin":{"unit":"px","size":10,"sizes":[]},"grid_title_typography_typography":"custom","grid_title_typography_font_family":"Quicksand","grid_title_typography_font_weight":"700","grid_subtitle_typography_typography":"custom","grid_subtitle_typography_font_family":"Quicksand","grid_subtitle_typography_font_weight":"700","grid_item_margin_tablet":{"unit":"px","size":10,"sizes":[]},"grid_item_margin_mobile":{"unit":"px","size":0,"sizes":[]}},"elements":[],"isInner":false,"widgetType":"Houzez_elementor_grid_builder","elType":"widget"}],"isInner":true,"elType":"column"}],"isInner":true,"elType":"section"},{"id":"614daea0","settings":{"height":{"unit":"px","size":50,"sizes":[]}},"elements":[],"isInner":false,"widgetType":"houzez_elementor_space","elType":"widget"}],"isInner":false,"elType":"column"}],"isInner":false,"elType":"section"},{"id":"176c7e20","settings":{"layout":"full_width","background_background":"classic","background_color":"#FFFFFF"},"elements":[{"id":"1d505a57","settings":{"_column_size":100,"_inline_size":null},"elements":[{"id":"69230d0f","settings":{"height":{"unit":"px","size":25,"sizes":[]},"height_mobile":{"unit":"px","size":10,"sizes":[]}},"elements":[],"isInner":false,"widgetType":"houzez_elementor_space","elType":"widget"},{"id":"6ae87605","settings":{"content_width":{"unit":"px","size":1021,"sizes":[]}},"elements":[{"id":"5de214f4","settings":{"_column_size":100,"_inline_size":null},"elements":[{"id":"3399bf22","settings":{"title":"Find your home with a simple application or call today","title_color":"#000000","typography_typography":"custom","typography_font_size":{"unit":"px","size":34,"sizes":[]},"typography_line_height":{"unit":"em","size":1.5,"sizes":[]},"header_size":"h1","typography_letter_spacing":{"unit":"px","size":-1,"sizes":[]},"align":"center","typography_font_size_tablet":{"unit":"px","size":24,"sizes":[]}},"elements":[],"isInner":false,"widgetType":"heading","elType":"widget"},{"id":"3c9460d6","settings":{"editor":"<p>Home buying can be a stressful process, but we take the guess work out of finding a real estate agent. We'll help you find the perfect match to purchase your ideal home.<\/p>","align":"center","typography_typography":"custom","typography_font_size":{"unit":"px","size":20,"sizes":[]},"typography_line_height":{"unit":"em","size":1.5,"sizes":[]},"text_color":"#2F2F2F","typography_font_size_tablet":{"unit":"px","size":18,"sizes":[]}},"elements":[],"isInner":false,"widgetType":"text-editor","elType":"widget"}],"isInner":true,"elType":"column"}],"isInner":true,"elType":"section"},{"id":"7de951e2","settings":{"structure":"30","gap":"wider","content_width":{"unit":"px","size":1015,"sizes":[]},"gap_columns_custom":{"unit":"px","size":407,"sizes":[]}},"elements":[{"id":"62eae466","settings":{"_column_size":33,"_inline_size":null},"elements":[{"id":"7ae5bcce","settings":{"selected_icon":{"value":{"url":"https:\/\/demo23.houzez.co\/wp-content\/uploads\/2022\/01\/agent-2@60x60.svg","id":21986},"library":"svg"},"title_text":"Qualified agents","description_text":"Lorem ipsum dolor sit amet, consectetur adipiscing elit. Ut elit tellus, luctus nec ullam.","text_align":"center","title_bottom_space":{"unit":"px","size":17,"sizes":[]},"title_color":"#000000","title_typography_typography":"custom","title_typography_font_size":{"unit":"px","size":22,"sizes":[]},"title_typography_letter_spacing":{"unit":"px","size":-0.8,"sizes":[]},"description_color":"#2F2F2F","description_typography_typography":"custom","_margin":{"unit":"px","top":"0","right":"0","bottom":"10","left":"0","isLinked":false}},"elements":[],"isInner":false,"widgetType":"icon-box","elType":"widget"},{"id":"3bbfcda0","settings":{"icon_list":[{"text":"Learn more","selected_icon":{"value":"","library":""},"_id":"6ad3048","link":{"url":"#","is_external":"","nofollow":"","custom_attributes":""}}],"space_between":{"unit":"px","size":5,"sizes":[]},"icon_color":"#088C98","text_color":"#DD3333","icon_typography_typography":"custom","icon_typography_font_weight":"bold","_margin":{"unit":"px","top":"-15","right":"0","bottom":"0","left":"0","isLinked":false},"icon_align":"center","icon_size":{"unit":"px","size":12,"sizes":[]},"icon_self_align":"center"},"elements":[],"isInner":false,"widgetType":"icon-list","elType":"widget"}],"isInner":true,"elType":"column"},{"id":"622d584e","settings":{"_column_size":33,"_inline_size":null},"elements":[{"id":"5af3a62d","settings":{"selected_icon":{"value":{"url":"https:\/\/demo23.houzez.co\/wp-content\/uploads\/2022\/01\/agent-1@60x60.svg","id":21989},"library":"svg"},"title_text":"Local is better","description_text":"Lorem ipsum dolor sit amet, consectetur adipiscing elit. Ut elit tellus, luctus nec ullam.","text_align":"center","title_bottom_space":{"unit":"px","size":17,"sizes":[]},"title_color":"#000000","title_typography_typography":"custom","title_typography_font_size":{"unit":"px","size":22,"sizes":[]},"title_typography_letter_spacing":{"unit":"px","size":-0.8,"sizes":[]},"description_color":"#2F2F2F","description_typography_typography":"custom","_margin":{"unit":"px","top":"0","right":"0","bottom":"10","left":"0","isLinked":false}},"elements":[],"isInner":false,"widgetType":"icon-box","elType":"widget"},{"id":"63175c45","settings":{"icon_list":[{"text":"Learn more","selected_icon":{"value":"","library":""},"_id":"6ad3048","link":{"url":"#","is_external":"","nofollow":"","custom_attributes":""}}],"space_between":{"unit":"px","size":5,"sizes":[]},"icon_color":"#088C98","text_color":"#DD3333","icon_typography_typography":"custom","icon_typography_font_weight":"bold","_margin":{"unit":"px","top":"-15","right":"0","bottom":"0","left":"0","isLinked":false},"icon_align":"center","icon_size":{"unit":"px","size":12,"sizes":[]},"icon_self_align":"center"},"elements":[],"isInner":false,"widgetType":"icon-list","elType":"widget"}],"isInner":true,"elType":"column"},{"id":"46555d47","settings":{"_column_size":33,"_inline_size":null},"elements":[{"id":"3f2568db","settings":{"selected_icon":{"value":{"url":"https:\/\/demo23.houzez.co\/wp-content\/uploads\/2022\/01\/agent-3@60x60.svg","id":21988},"library":"svg"},"title_text":"Excellent service","description_text":"Lorem ipsum dolor sit amet, consectetur adipiscing elit. Ut elit tellus, luctus nec ullam.","text_align":"center","title_bottom_space":{"unit":"px","size":17,"sizes":[]},"title_color":"#000000","title_typography_typography":"custom","title_typography_font_size":{"unit":"px","size":22,"sizes":[]},"title_typography_letter_spacing":{"unit":"px","size":-0.8,"sizes":[]},"description_color":"#2F2F2F","description_typography_typography":"custom","_margin":{"unit":"px","top":"0","right":"0","bottom":"10","left":"0","isLinked":false}},"elements":[],"isInner":false,"widgetType":"icon-box","elType":"widget"},{"id":"5c47a426","settings":{"icon_list":[{"text":"Learn more","selected_icon":{"value":"","library":""},"_id":"6ad3048","link":{"url":"#","is_external":"","nofollow":"","custom_attributes":""}}],"space_between":{"unit":"px","size":5,"sizes":[]},"icon_color":"#088C98","text_color":"#DD3333","icon_typography_typography":"custom","icon_typography_font_weight":"bold","_margin":{"unit":"px","top":"-15","right":"0","bottom":"0","left":"0","isLinked":false},"icon_align":"center","icon_size":{"unit":"px","size":12,"sizes":[]},"icon_self_align":"center"},"elements":[],"isInner":false,"widgetType":"icon-list","elType":"widget"}],"isInner":true,"elType":"column"}],"isInner":true,"elType":"section"},{"id":"4a3f5fd8","settings":{"height":{"unit":"px","size":50,"sizes":[]}},"elements":[],"isInner":false,"widgetType":"houzez_elementor_space","elType":"widget"}],"isInner":false,"elType":"column"}],"isInner":false,"elType":"section"},{"id":"7c44fca8","settings":{"background_background":"classic","background_color":"#FFFFFF"},"elements":[{"id":"3e4ec4c6","settings":{"_column_size":100,"_inline_size":null},"elements":[{"id":"48abcc27","settings":{"structure":"20","gap":"wider","layout":"full_width","content_width":{"unit":"px","size":851,"sizes":[]},"content_position":"middle","border_border":"solid","border_width":{"unit":"px","top":"1","right":"1","bottom":"1","left":"1","isLinked":true},"border_color":"#E6E6E6","border_radius":{"unit":"px","top":"8","right":"8","bottom":"8","left":"8","isLinked":true},"box_shadow_box_shadow_type":"yes","box_shadow_box_shadow":{"horizontal":0,"vertical":60,"blur":60,"spread":0,"color":"rgba(0, 0, 0, 0.1)"},"padding":{"unit":"px","top":"50","right":"50","bottom":"50","left":"50","isLinked":true},"z_index":1,"padding_mobile":{"unit":"px","top":"20","right":"20","bottom":"20","left":"20","isLinked":true}},"elements":[{"id":"2959eb49","settings":{"_column_size":50,"_inline_size":null,"padding_mobile":{"unit":"px","top":"0","right":"0","bottom":"0","left":"0","isLinked":true}},"elements":[{"id":"6d22c172","settings":{"image":{"url":"https:\/\/demo23.houzez.co\/wp-content\/uploads\/2022\/01\/brunette-businesswoman-portrait-2021-08-30-07-43-09-utc.jpg","id":21999,"alt":"","source":"library"},"image_size":"custom","image_custom_dimension":{"width":"200","height":"200"},"align":"left","_margin":{"unit":"px","top":"0","right":"0","bottom":"0","left":"-40","isLinked":false}},"elements":[],"isInner":false,"widgetType":"image","elType":"widget"},{"id":"5ee155ec","settings":{"title":"Do you need an agent?","title_color":"#000000","typography_typography":"custom","typography_font_size":{"unit":"px","size":24,"sizes":[]},"typography_line_height":{"unit":"em","size":1.5,"sizes":[]},"align":"left","typography_letter_spacing":{"unit":"px","size":-1,"sizes":[]}},"elements":[],"isInner":false,"widgetType":"heading","elType":"widget"},{"id":"4ca48afc","settings":{"editor":"<p>Buy or sell your home with Our agents. House prices, inspections, negotiations and other services are included in the house price.<\/p>","align":"left","typography_typography":"custom","typography_font_size":{"unit":"px","size":18,"sizes":[]},"typography_line_height":{"unit":"em","size":1.5,"sizes":[]},"text_color":"#2F2F2F"},"elements":[],"isInner":false,"widgetType":"text-editor","elType":"widget"},{"id":"559a4562","settings":{"icon_list":[{"text":"(800) 987 6543","selected_icon":{"value":"fas fa-phone-alt","library":"fa-solid"},"_id":"add1ce4","link":{"url":"#","is_external":"","nofollow":"","custom_attributes":""}},{"text":"info@email.com","selected_icon":{"value":"fas fa-at","library":"fa-solid"},"_id":"6ad3048","link":{"url":"#","is_external":"","nofollow":"","custom_attributes":""}}],"space_between":{"unit":"px","size":5,"sizes":[]},"icon_color":"#088C98","text_color":"#088C98","icon_typography_typography":"custom","icon_typography_font_weight":"bold","_margin":{"unit":"px","top":"-20","right":"0","bottom":"0","left":"0","isLinked":false}},"elements":[],"isInner":false,"widgetType":"icon-list","elType":"widget"}],"isInner":true,"elType":"column"},{"id":"2748f9ee","settings":{"_column_size":50,"_inline_size":null,"padding_mobile":{"unit":"px","top":"0","right":"0","bottom":"0","left":"0","isLinked":true}},"elements":[{"id":"7da79e62","settings":{"form_name":"New Form","form_fields":[{"_id":"ba74d26","field_type":"user_type","field_label":"Type","placeholder":"Select","field_options":"I want to buy\nI want to sell\n"},{"_id":"name","field_type":"name","field_label":"Name","placeholder":"Name"},{"_id":"email","field_type":"email","required":"true","field_label":"Email","placeholder":"Email","width":"50"},{"field_type":"mobile","field_label":"Phone","placeholder":"Phone","width":"50","_id":"ac2e031"},{"_id":"dc0a1ec","field_type":"city","field_label":"City","placeholder":"City"},{"_id":"message","field_type":"message","field_label":"Message","placeholder":"Message"}],"show_labels":"","gdpr_agreement":"yes","gdpr_label":"GDPR Agreement","gdpr_required":"true","gdpr_text":"I consent to having this website store my submitted information","button_text":"Submit","email_to":"hello@favethemes.com","email_subject":"New message from &quot;Houzez - Highly Customizable Real Estate WordPress Theme&quot;","field_typography_typography":"custom","field_gdpr_color":"#7A7A7A","gdpr_typography_typography":"custom","gdpr_typography_font_size":{"unit":"px","size":14,"sizes":[]},"_background_background":"classic","_background_color":"#FFFFFF","con_google_recaptcha":"yes","input_size":"md","button_size":"md","gdpr_typography_font_weight":"500","button_background_color":"#DD3333","button_typography_typography":"custom","button_typography_font_weight":"bold","button_background_hover_color":"#F43838","_margin_mobile":{"unit":"px","top":"30","right":"0","bottom":"0","left":"0","isLinked":false}},"elements":[],"isInner":false,"widgetType":"houzez_elementor_contact_form","elType":"widget"}],"isInner":true,"elType":"column"}],"isInner":true,"elType":"section"},{"id":"6b149ce7","settings":{"height":{"unit":"px","size":50,"sizes":[]}},"elements":[],"isInner":false,"widgetType":"houzez_elementor_space","elType":"widget"}],"isInner":false,"elType":"column"}],"isInner":false,"elType":"section"},{"id":"7eda5a5f","settings":{"layout":"full_width","background_background":"gradient","background_color":"#FFFFFF","background_color_b":"#F2295B00"},"elements":[{"id":"2bc9c5f4","settings":{"_column_size":100,"_inline_size":null},"elements":[{"id":"7db33047","settings":{"height":{"unit":"px","size":50,"sizes":[]},"height_mobile":{"unit":"px","size":10,"sizes":[]}},"elements":[],"isInner":false,"widgetType":"houzez_elementor_space","elType":"widget"},{"id":"3cc00f9b","settings":{"content_width":{"unit":"px","size":773,"sizes":[]}},"elements":[{"id":"4d20d3fe","settings":{"_column_size":100,"_inline_size":null},"elements":[{"id":"18c55a1c","settings":{"title":"Latest homes for sale","title_color":"#000000","typography_typography":"custom","typography_font_size":{"unit":"px","size":34,"sizes":[]},"typography_line_height":{"unit":"em","size":1.5,"sizes":[]},"align":"center","typography_letter_spacing":{"unit":"px","size":-1,"sizes":[]},"typography_font_size_tablet":{"unit":"px","size":24,"sizes":[]}},"elements":[],"isInner":false,"widgetType":"heading","elType":"widget"},{"id":"16f34e6d","settings":{"editor":"<p>Search homes for sale in your local area by price, amenities, or other features. We'll show you the sales history and provide helpful advice.<\/p>","align":"center","typography_typography":"custom","typography_font_size":{"unit":"px","size":20,"sizes":[]},"typography_line_height":{"unit":"em","size":1.5,"sizes":[]},"text_color":"#2F2F2F","typography_font_size_tablet":{"unit":"px","size":18,"sizes":[]}},"elements":[],"isInner":false,"widgetType":"text-editor","elType":"widget"},{"id":"3405e6b7","settings":{"height":{"unit":"px","size":30,"sizes":[]},"height_mobile":{"unit":"px","size":10,"sizes":[]}},"elements":[],"isInner":false,"widgetType":"houzez_elementor_space","elType":"widget"}],"isInner":true,"elType":"column"}],"isInner":true,"elType":"section"},{"id":"56dfab53","settings":{"layout":"full_width","gap":"narrow"},"elements":[{"id":"2164d358","settings":{"_column_size":100,"_inline_size":null},"elements":[{"id":"5f02e97f","settings":{"slides_to_show":"5","slide_auto":"true","auto_speed":"3000","property_city":[],"hz_property_title_typography":"custom","hz_property_title_font_weight":"bold","hz_item_price_typography":"custom","hz_item_price_font_weight":"bold"},"elements":[],"isInner":false,"widgetType":"houzez_elementor_properties_carousel_v1","elType":"widget"}],"isInner":true,"elType":"column"}],"isInner":true,"elType":"section"},{"id":"3b6ea735","settings":{"height":{"unit":"px","size":50,"sizes":[]}},"elements":[],"isInner":false,"widgetType":"houzez_elementor_space","elType":"widget"}],"isInner":false,"elType":"column"}],"isInner":false,"elType":"section"},{"id":"64fc6dc3","settings":{"layout":"full_width","background_color":"#FFFFFF"},"elements":[{"id":"25ce2ba7","settings":{"_column_size":100,"_inline_size":null},"elements":[{"id":"54bb6a8a","settings":{"height":{"unit":"px","size":25,"sizes":[]}},"elements":[],"isInner":false,"widgetType":"houzez_elementor_space","elType":"widget"},{"id":"1a6b7900","settings":{"content_width":{"unit":"px","size":773,"sizes":[]}},"elements":[{"id":"678e13c2","settings":{"_column_size":100,"_inline_size":null},"elements":[{"id":"41ff6bd6","settings":{"title":"Guide for buyers and sellers","title_color":"#000000","typography_typography":"custom","typography_font_size":{"unit":"px","size":34,"sizes":[]},"typography_line_height":{"unit":"em","size":1.5,"sizes":[]},"align":"center","typography_letter_spacing":{"unit":"px","size":-1,"sizes":[]},"typography_font_size_tablet":{"unit":"px","size":24,"sizes":[]}},"elements":[],"isInner":false,"widgetType":"heading","elType":"widget"},{"id":"71ec8d8","settings":{"editor":"<p>Get immediate access to find the best homes for sale, information on market trends, open houses and homes-in-progress.<\/p>","align":"center","typography_typography":"custom","typography_font_size":{"unit":"px","size":20,"sizes":[]},"typography_line_height":{"unit":"em","size":1.5,"sizes":[]},"text_color":"#2F2F2F","typography_font_size_tablet":{"unit":"px","size":18,"sizes":[]}},"elements":[],"isInner":false,"widgetType":"text-editor","elType":"widget"},{"id":"6e68319a","settings":{"icon_list":[{"text":"Learn more","selected_icon":{"value":"","library":""},"_id":"6ad3048","link":{"url":"#","is_external":"","nofollow":"","custom_attributes":""}}],"space_between":{"unit":"px","size":5,"sizes":[]},"icon_color":"#088C98","text_color":"#DD3333","icon_typography_typography":"custom","icon_typography_font_weight":"bold","_margin":{"unit":"px","top":"-15","right":"0","bottom":"0","left":"0","isLinked":false},"icon_align":"center","icon_size":{"unit":"px","size":12,"sizes":[]},"icon_self_align":"center"},"elements":[],"isInner":false,"widgetType":"icon-list","elType":"widget"},{"id":"6c8cdadf","settings":{"height":{"unit":"px","size":30,"sizes":[]}},"elements":[],"isInner":false,"widgetType":"houzez_elementor_space","elType":"widget"}],"isInner":true,"elType":"column"}],"isInner":true,"elType":"section"},{"id":"1c568df3","settings":{"content_width":{"unit":"px","size":1600,"sizes":[]}},"elements":[{"id":"231fe459","settings":{"_column_size":100,"_inline_size":null},"elements":[{"id":"4308cba9","settings":{"posts_limit":4,"show_author":"","box_padding_top":{"unit":"px","size":30,"sizes":[]},"box_padding_bottom":{"unit":"px","size":11,"sizes":[]},"image_margin":{"unit":"px","size":30,"sizes":[]},"title_typo_typography":"custom","title_typo_font_size":{"unit":"px","size":18,"sizes":[]},"title_typo_font_weight":"bold","title_margin_top":{"unit":"px","size":10,"sizes":[]},"title_margin_bottom":{"unit":"px","size":0,"sizes":[]},"content_typo_typography":"custom","content_typo_font_size":{"unit":"px","size":15,"sizes":[]},"content_margin_bottom":{"unit":"px","size":0,"sizes":[]},"postmeta_typo_typography":"custom","postmeta_typo_font_size":{"unit":"px","size":15,"sizes":[]},"postmeta_margin_top":{"unit":"px","size":7,"sizes":[]},"author_padding":{"unit":"px","top":"20","right":"30","bottom":"0","left":"30","isLinked":false}},"elements":[],"isInner":false,"widgetType":"houzez_elementor_blog_posts","elType":"widget"},{"id":"46de7996","settings":{"height":{"unit":"px","size":25,"sizes":[]}},"elements":[],"isInner":false,"widgetType":"houzez_elementor_space","elType":"widget"}],"isInner":true,"elType":"column"}],"isInner":true,"elType":"section"}],"isInner":false,"elType":"column"}],"isInner":false,"elType":"section"},{"id":"4b530e7a","settings":{"layout":"full_width","background_color":"#FFFFFF00","background_background":"gradient","background_color_b":"#FFFFFF"},"elements":[{"id":"7e22aaca","settings":{"_column_size":100,"_inline_size":null},"elements":[{"id":"2058cc9","settings":{"height":{"unit":"px","size":25,"sizes":[]}},"elements":[],"isInner":false,"widgetType":"houzez_elementor_space","elType":"widget"},{"id":"71eac570","settings":{"content_width":{"unit":"px","size":600,"sizes":[]}},"elements":[{"id":"7d0ecb33","settings":{"_column_size":100,"_inline_size":null},"elements":[{"id":"356a444a","settings":{"title":"Look at a neighborhood","header_size":"h3","align":"center","typography_typography":"custom","typography_font_size":{"unit":"px","size":20,"sizes":[]},"_margin":{"unit":"px","top":"0","right":"0","bottom":"10","left":"0","isLinked":false},"_padding":{"unit":"px","top":"0","right":"0","bottom":"0","left":"0","isLinked":true}},"elements":[],"isInner":false,"widgetType":"heading","elType":"widget"},{"id":"588643c3","settings":{"form_fields":[{"_id":"b5399f0","field_type":"keyword","field_label":"Search","placeholder":"Search for City, Neighborhood, Zip Code","price_from_text":"From","price_to_text":"To","width":"80","selected_count_text":"items selected"},{"_id":"field-search-btn","field_type":"search-button","field_label":"Search Button","placeholder":"Search","width":"20","price_from_text":"From","price_to_text":"To","selected_count_text":"items selected"}],"show_tabs":"yes","status_data":["for-rent","for-sale"],"tabs_all_text":"All Status","tabs_padding":{"unit":"px","top":"10","right":"20","bottom":"10","left":"20","isLinked":false},"form_background_color":"#FFFFFF","form_padding":{"unit":"px","top":"0","right":"0","bottom":"0","left":"0","isLinked":false},"label_color":"#000000","label_typography_font_size":{"unit":"px","size":12,"sizes":[]},"label_typography_font_weight":"500","label_typography_text_transform":"uppercase","form_radius":{"unit":"px","top":"7","right":"7","bottom":"7","left":"7","isLinked":true},"box_shadow_box_shadow":{"horizontal":0,"vertical":20,"blur":40,"spread":0,"color":"rgba(0, 0, 0, 0.1)"},"search_tabs_bg_color":"#088C98","tabs_margin":{"unit":"px","top":"0","right":"3","bottom":"6","left":"3","isLinked":false},"form_padding_tablet":{"unit":"px","top":"10","right":"4","bottom":"0","left":"0","isLinked":false},"field_background_color":"#FFFFFF","input_size":"md","button_size":"md","show_all":"","field_typography_typography":"custom","button_background_color":"#DD3333","button_background_hover_color":"#F43838","field_typography_font_size":{"unit":"px","size":15,"sizes":[]},"field_typography_font_weight":"500","button_typography_typography":"custom","button_typography_font_weight":"700","box_shadow_box_shadow_type":"yes","field_border_color":"#FFFFFF","row_gap":{"unit":"px","size":0,"sizes":[]},"search_tabs_typography_typography":"custom","search_tabs_typography_font_size":{"unit":"px","size":15,"sizes":[]},"search_tabs_typography_font_weight":"bold","tabs_radius":{"unit":"px","top":"4","right":"4","bottom":"4","left":"4","isLinked":true},"button_border_radius":{"unit":"px","top":"0","right":"6","bottom":"6","left":"0","isLinked":false}},"elements":[],"isInner":false,"widgetType":"houzez_elementor_search_builder","elType":"widget"},{"id":"388def6a","settings":{"space":{"unit":"px","size":150,"sizes":[]},"space_tablet":{"unit":"px","size":100,"sizes":[]},"space_mobile":{"unit":"px","size":100,"sizes":[]}},"elements":[],"isInner":false,"widgetType":"spacer","elType":"widget"}],"isInner":true,"elType":"column"}],"isInner":true,"elType":"section"},{"id":"61d8a8b4","settings":{"content_width":{"unit":"px","size":1140,"sizes":[]},"structure":"40","content_width_tablet":{"unit":"px","size":500,"sizes":[]},"padding":{"unit":"px","top":"0","right":"0","bottom":"0","left":"100","isLinked":false},"padding_tablet":{"unit":"px","top":"0","right":"0","bottom":"0","left":"0","isLinked":true}},"elements":[{"id":"79b34e89","settings":{"_column_size":25,"_inline_size":null,"_inline_size_tablet":50},"elements":[{"id":"7bf19b7c","settings":{"title":"Real estate markets","header_size":"h3","typography_typography":"custom","typography_font_size":{"unit":"px","size":18,"sizes":[]},"_margin":{"unit":"px","top":"0","right":"0","bottom":"20","left":"0","isLinked":false},"_padding":{"unit":"px","top":"0","right":"0","bottom":"0","left":"0","isLinked":true}},"elements":[],"isInner":false,"widgetType":"heading","elType":"widget"},{"id":"6aa4261b","settings":{"icon_list":[{"text":"Belleair Real Estate","selected_icon":{"value":"","library":""},"_id":"7de41ca"},{"text":"Crandon Real Estate","selected_icon":{"value":"","library":""},"_id":"84705f0"},{"text":"Clearwater Real Estate","selected_icon":{"value":"","library":""},"_id":"3b42923"},{"text":"Daytona Beach Real Estate","selected_icon":{"value":"","library":""},"_id":"5a2831a"},{"text":"Englewood Real Estate","selected_icon":{"value":"","library":""},"_id":"523be58"},{"text":"Lakeland Real Estate","selected_icon":{"value":"","library":""},"_id":"828ff51"},{"text":"Ocala Real Estate","selected_icon":{"value":"","library":""},"_id":"fa9dc45"},{"text":"Orlando Real Estate","selected_icon":{"value":"","library":""},"_id":"22e9549"}],"space_between":{"unit":"px","size":5,"sizes":[]},"text_color":"#088C98"},"elements":[],"isInner":false,"widgetType":"icon-list","elType":"widget"}],"isInner":true,"elType":"column"},{"id":"3967d24f","settings":{"_column_size":25,"_inline_size":null,"_inline_size_tablet":50},"elements":[{"id":"4531805c","settings":{"title":"Apartment cities","header_size":"h3","typography_typography":"custom","typography_font_size":{"unit":"px","size":18,"sizes":[]},"_margin":{"unit":"px","top":"0","right":"0","bottom":"20","left":"0","isLinked":false},"_padding":{"unit":"px","top":"0","right":"0","bottom":"0","left":"0","isLinked":true}},"elements":[],"isInner":false,"widgetType":"heading","elType":"widget"},{"id":"83ee60","settings":{"icon_list":[{"text":"Apartments in Belleair","selected_icon":{"value":"","library":""},"_id":"7de41ca"},{"text":"Apartments in Crandon ","selected_icon":{"value":"","library":""},"_id":"84705f0"},{"text":"Apartments in Clearwater ","selected_icon":{"value":"","library":""},"_id":"3b42923"},{"text":"Apartments in Daytona Beach ","selected_icon":{"value":"","library":""},"_id":"5a2831a"},{"text":"Apartments in Englewood ","selected_icon":{"value":"","library":""},"_id":"523be58"},{"text":"Apartments in Lakeland ","selected_icon":{"value":"","library":""},"_id":"828ff51"},{"text":"Apartments in Ocala ","selected_icon":{"value":"","library":""},"_id":"fa9dc45"},{"text":"Apartments in Orlando ","selected_icon":{"value":"","library":""},"_id":"22e9549"}],"space_between":{"unit":"px","size":5,"sizes":[]},"text_color":"#088C98"},"elements":[],"isInner":false,"widgetType":"icon-list","elType":"widget"}],"isInner":true,"elType":"column"},{"id":"40cbf19d","settings":{"_column_size":25,"_inline_size":null,"_inline_size_tablet":50},"elements":[{"id":"34b1fa64","settings":{"title":"Popular searches","header_size":"h3","typography_typography":"custom","typography_font_size":{"unit":"px","size":18,"sizes":[]},"_margin":{"unit":"px","top":"0","right":"0","bottom":"20","left":"0","isLinked":false},"_padding":{"unit":"px","top":"0","right":"0","bottom":"0","left":"0","isLinked":true}},"elements":[],"isInner":false,"widgetType":"heading","elType":"widget"},{"id":"74b83a27","settings":{"icon_list":[{"text":"Houses near to me","selected_icon":{"value":"","library":""},"_id":"7de41ca"},{"text":"Apartments near to me","selected_icon":{"value":"","library":""},"_id":"84705f0"},{"text":"Townhouses near to me","selected_icon":{"value":"","library":""},"_id":"3b42923"},{"text":"Home for rent ","selected_icon":{"value":"","library":""},"_id":"5a2831a"},{"text":"Apartment for sale","selected_icon":{"value":"","library":""},"_id":"523be58"},{"text":"Orlando for sale","selected_icon":{"value":"","library":""},"_id":"828ff51"},{"text":"Home for sale","selected_icon":{"value":"","library":""},"_id":"fa9dc45"},{"text":"Apartment for rent","selected_icon":{"value":"","library":""},"_id":"22e9549"}],"space_between":{"unit":"px","size":5,"sizes":[]},"text_color":"#088C98"},"elements":[],"isInner":false,"widgetType":"icon-list","elType":"widget"}],"isInner":true,"elType":"column"},{"id":"7d3b6518","settings":{"_column_size":25,"_inline_size":null,"_inline_size_tablet":50},"elements":[{"id":"4645d061","settings":{"title":"New listings","header_size":"h3","typography_typography":"custom","typography_font_size":{"unit":"px","size":18,"sizes":[]},"_margin":{"unit":"px","top":"0","right":"0","bottom":"20","left":"0","isLinked":false},"_padding":{"unit":"px","top":"0","right":"0","bottom":"0","left":"0","isLinked":true}},"elements":[],"isInner":false,"widgetType":"heading","elType":"widget"},{"id":"6b0587e8","settings":{"icon_list":[{"text":"New homes in Belleair","selected_icon":{"value":"","library":""},"_id":"7de41ca"},{"text":"New homes in Crandon ","selected_icon":{"value":"","library":""},"_id":"84705f0"},{"text":"New homes in Clearwater ","selected_icon":{"value":"","library":""},"_id":"3b42923"},{"text":"New homes in Daytona Beach ","selected_icon":{"value":"","library":""},"_id":"5a2831a"},{"text":"New homes in Englewood ","selected_icon":{"value":"","library":""},"_id":"523be58"},{"text":"New homes in Lakeland ","selected_icon":{"value":"","library":""},"_id":"828ff51"},{"text":"New homes in Ocala ","selected_icon":{"value":"","library":""},"_id":"fa9dc45"},{"text":"New homes in Orlando ","selected_icon":{"value":"","library":""},"_id":"22e9549"}],"space_between":{"unit":"px","size":5,"sizes":[]},"text_color":"#088C98"},"elements":[],"isInner":false,"widgetType":"icon-list","elType":"widget"}],"isInner":true,"elType":"column"}],"isInner":true,"elType":"section"},{"id":"6f9a295c","settings":{"height":{"unit":"px","size":100,"sizes":[]}},"elements":[],"isInner":false,"widgetType":"houzez_elementor_space","elType":"widget"}],"isInner":false,"elType":"column"}],"isInner":false,"elType":"section"}],"page_settings":{"background_color":"#FFFFFF"},"version":"0.4","title":"Demo 23 - Homepage 2","type":"page"}