{"content":[{"id":"2bc47a3a","settings":{"gap":"no","background_background":"classic","background_color":"#FFFFFF","padding":{"unit":"px","top":"0","right":"15","bottom":"0","left":"15","isLinked":false},"custom_height":{"unit":"px","size":350,"sizes":[]},"background_image":{"url":"","id":"","alt":"","source":"library"},"background_position":"top center","background_size":"cover","background_overlay_color":"#000000","background_overlay_color_b":"#000000","background_overlay_gradient_angle":{"unit":"deg","size":330,"sizes":[]},"background_overlay_opacity":{"unit":"px","size":0.25,"sizes":[]},"content_width":{"unit":"px","size":1120,"sizes":[]},"layout":"full_width"},"elements":[{"id":"2b7774b9","settings":{"_column_size":100},"elements":[{"id":"7678b180","settings":{"content_width":{"unit":"px","size":743,"sizes":[]},"height_inner":"min-height","content_position":"middle","background_background":"classic","background_image":{"url":"https:\/\/demo23.houzez.co\/wp-content\/uploads\/2022\/01\/home-header-2.jpg","id":21807,"alt":"","source":"library"},"background_position":"center center","background_repeat":"no-repeat","background_size":"cover","background_overlay_background":"classic","background_overlay_color":"#000000","background_overlay_opacity":{"unit":"px","size":0.34,"sizes":[]},"border_radius":{"unit":"px","top":"8","right":"8","bottom":"8","left":"8","isLinked":true},"margin_mobile":{"unit":"px","top":"","right":0,"bottom":"","left":0,"isLinked":true},"custom_height_inner":{"unit":"px","size":500,"sizes":[]}},"elements":[{"id":"670dad5f","settings":{"_column_size":100,"_inline_size":null},"elements":[{"id":"7cc08629","settings":{"title":"This demo is showing real estate listings by using Houzez IDX\/MLS Sync by Realtyna","title_color":"#FFFFFF","typography_typography":"custom","typography_font_size":{"unit":"px","size":36,"sizes":[]},"typography_line_height":{"unit":"em","size":1.4,"sizes":[]},"header_size":"h1","typography_letter_spacing":{"unit":"px","size":-0.9,"sizes":[]},"align":"center","typography_font_size_tablet":{"unit":"px","size":30,"sizes":[]},"typography_font_size_mobile":{"unit":"px","size":25,"sizes":[]},"typography_line_height_mobile":{"unit":"em","size":1.2,"sizes":[]}},"elements":[],"isInner":false,"widgetType":"heading","elType":"widget"},{"id":"1e09ebe6","settings":{"form_fields":[{"_id":"710a680","field_type":"keyword","field_label":"Search","placeholder":"Search for City, Neighborhood, Zip Code","price_from_text":"From","price_to_text":"To","width":"45","selected_count_text":"items selected"},{"field_type":"location[]","field_label":"Location","placeholder":"Where","price_from_text":"From","price_to_text":"To","width":"20","selected_count_text":"items selected","_id":"6b0017d"},{"_id":"field-beds","field_type":"bedrooms","field_label":"Property Size","placeholder":"Rooms","width":"20","width_mobile":"100","price_from_text":"From","price_to_text":"To","selected_count_text":"items selected"},{"_id":"field-search-btn","field_type":"search-button","field_label":"Search Button","placeholder":"Search","width":"15","price_from_text":"From","price_to_text":"To","selected_count_text":"items selected"}],"show_tabs":"yes","status_data":["for-rent","for-sale"],"tabs_all_text":"All Status","tabs_padding":{"unit":"px","top":"10","right":"20","bottom":"10","left":"20","isLinked":false},"form_background_color":"#FFFFFF","form_padding":{"unit":"px","top":"0","right":"0","bottom":"0","left":"0","isLinked":false},"label_color":"#000000","label_typography_font_size":{"unit":"px","size":12,"sizes":[]},"label_typography_font_weight":"500","label_typography_text_transform":"uppercase","form_radius":{"unit":"px","top":"7","right":"7","bottom":"7","left":"7","isLinked":true},"box_shadow_box_shadow":{"horizontal":0,"vertical":20,"blur":40,"spread":0,"color":"rgba(0, 0, 0, 0.1)"},"search_tabs_bg_color":"#088C98","tabs_margin":{"unit":"px","top":"0","right":"3","bottom":"6","left":"3","isLinked":false},"form_padding_tablet":{"unit":"px","top":"10","right":"4","bottom":"0","left":"0","isLinked":false},"field_background_color":"#FFFFFF","input_size":"md","button_size":"md","field_typography_typography":"custom","button_background_color":"#DD3333","button_background_hover_color":"#F43838","field_typography_font_size":{"unit":"px","size":15,"sizes":[]},"field_typography_font_weight":"500","button_typography_typography":"custom","button_typography_font_weight":"700","row_gap":{"unit":"px","size":0,"sizes":[]},"field_border_color":"#FFFFFF","button_border_radius":{"unit":"px","top":"0","right":"6","bottom":"6","left":"0","isLinked":false},"city_data":["belleair","deland"],"box_shadow_box_shadow_type":"yes","search_tabs_typography_typography":"custom","search_tabs_typography_font_size":{"unit":"px","size":15,"sizes":[]},"search_tabs_typography_font_weight":"bold","tabs_radius":{"unit":"px","top":"4","right":"4","bottom":"4","left":"4","isLinked":true},"row_gap_mobile":{"unit":"px","size":5,"sizes":[]},"form_padding_mobile":{"unit":"px","top":"5","right":"5","bottom":"5","left":"5","isLinked":true},"form_radius_mobile":{"unit":"px","top":"4","right":"4","bottom":"4","left":"4","isLinked":true},"button_border_radius_mobile":{"unit":"px","top":"4","right":"4","bottom":"4","left":"4","isLinked":true}},"elements":[],"isInner":false,"widgetType":"houzez_elementor_search_builder","elType":"widget"}],"isInner":true,"elType":"column"}],"isInner":true,"elType":"section"}],"isInner":false,"elType":"column"}],"isInner":false,"elType":"section"},{"id":"6cb250ba","settings":{"background_background":"classic","background_color":"#FFFFFF","content_width":{"unit":"px","size":742,"sizes":[]}},"elements":[{"id":"59d6481a","settings":{"_column_size":100,"_inline_size":null},"elements":[{"id":"5055d59e","settings":{"content_width":{"unit":"px","size":768,"sizes":[]},"content_width_tablet":{"unit":"px","size":594,"sizes":[]}},"elements":[{"id":"5f37b763","settings":{"_column_size":100,"_inline_size":null},"elements":[],"isInner":true,"elType":"column"}],"isInner":true,"elType":"section"}],"isInner":false,"elType":"column"}],"isInner":false,"elType":"section"},{"id":"5baaeea4","settings":{"layout":"full_width","background_background":"classic","background_color":"#FFFFFF"},"elements":[{"id":"4ad59589","settings":{"_column_size":100,"_inline_size":null},"elements":[{"id":"46b2470b","settings":{"height":{"unit":"px","size":50,"sizes":[]},"height_mobile":{"unit":"px","size":10,"sizes":[]}},"elements":[],"isInner":false,"widgetType":"houzez_elementor_space","elType":"widget"},{"id":"b413dac","settings":{"content_width":{"unit":"px","size":773,"sizes":[]}},"elements":[{"id":"9636673","settings":{"_column_size":100,"_inline_size":null},"elements":[{"id":"39a8b645","settings":{"title":"We help people buy, rent and sell homes","title_color":"#000000","typography_typography":"custom","typography_font_size":{"unit":"px","size":34,"sizes":[]},"typography_line_height":{"unit":"em","size":1.5,"sizes":[]},"align":"center","typography_letter_spacing":{"unit":"px","size":-1,"sizes":[]},"typography_font_size_tablet":{"unit":"px","size":24,"sizes":[]}},"elements":[],"isInner":false,"widgetType":"heading","elType":"widget"},{"id":"3bd1c9a1","settings":{"editor":"<p>Search for homes online, get insights about your neighborhood no matter where you live, and find the best mortgage options.<\/p>","align":"center","typography_typography":"custom","typography_font_size":{"unit":"px","size":20,"sizes":[]},"typography_line_height":{"unit":"em","size":1.5,"sizes":[]},"text_color":"#2F2F2F","typography_font_size_tablet":{"unit":"px","size":18,"sizes":[]}},"elements":[],"isInner":false,"widgetType":"text-editor","elType":"widget"},{"id":"6d040469","settings":{"text":"Read more about this demo","link":{"url":"https:\/\/demo23.houzez.co\/about-this-demo\/","is_external":"","nofollow":"","custom_attributes":""},"align":"center","typography_typography":"custom","typography_font_size":{"unit":"px","size":18,"sizes":[]},"typography_font_weight":"500","background_color":"#FFFFFF00","typography_text_decoration":"underline","button_text_color":"#D10F0F"},"elements":[],"isInner":false,"widgetType":"button","elType":"widget"},{"id":"301b1655","settings":{"height":{"unit":"px","size":30,"sizes":[]},"height_mobile":{"unit":"px","size":10,"sizes":[]}},"elements":[],"isInner":false,"widgetType":"houzez_elementor_space","elType":"widget"}],"isInner":true,"elType":"column"}],"isInner":true,"elType":"section"},{"id":"501e3762","settings":{"structure":"30","gap":"extended"},"elements":[{"id":"7b0236b8","settings":{"_column_size":33,"_inline_size":null},"elements":[{"id":"20c51eff","settings":{"image":{"url":"https:\/\/demo23.houzez.co\/wp-content\/uploads\/2022\/01\/real-estate-broker-showing-house-for-sale-to-young-2021-08-28-11-04-49-utc.jpg","id":21854,"alt":"","source":"library"},"title_text":"Buy a home","description_text":"Find your new home with neighborhood info. Search for one-of-a-kind homes for sale including neighborhood features you won\u2019t find anywhere else.","image_space":{"unit":"px","size":25,"sizes":[]},"image_size":{"unit":"%","size":100,"sizes":[]},"text_align":"center","title_bottom_space":{"unit":"px","size":17,"sizes":[]},"title_color":"#000000","title_typography_typography":"custom","title_typography_font_size":{"unit":"px","size":22,"sizes":[]},"description_color":"#2F2F2F","description_typography_typography":"custom","_margin":{"unit":"px","top":"0","right":"0","bottom":"10","left":"0","isLinked":false},"image_border_radius":{"unit":"px","size":4,"sizes":[]},"image_opacity_hover":{"unit":"px","size":0.5,"sizes":[]},"title_typography_letter_spacing":{"unit":"px","size":-0.8,"sizes":[]},"title_typography_font_size_tablet":{"unit":"px","size":18,"sizes":[]}},"elements":[],"isInner":false,"widgetType":"image-box","elType":"widget"},{"id":"1845780a","settings":{"text":"Find a home","align":"center","size":"md","typography_typography":"custom","typography_font_weight":"bold","background_color":"#088C98","button_background_hover_color":"#189BA7","button_box_shadow_box_shadow_type":"yes","button_box_shadow_box_shadow":{"horizontal":0,"vertical":40,"blur":40,"spread":0,"color":"rgba(0, 0, 0, 0.1)"}},"elements":[],"isInner":false,"widgetType":"button","elType":"widget"}],"isInner":true,"elType":"column"},{"id":"657c9f1a","settings":{"_column_size":33,"_inline_size":null},"elements":[{"id":"3beda89c","settings":{"image":{"url":"https:\/\/demo23.houzez.co\/wp-content\/uploads\/2022\/01\/man-working-as-a-real-estate-agent-2021-08-28-11-41-02-utc-2.jpg","id":21855,"alt":"","source":"library"},"title_text":"Rent a home","description_text":"Renting in our network has never been easier. We have a variety of different rental and comfortable places that suits your needs easily on our site.\n","image_space":{"unit":"px","size":25,"sizes":[]},"image_size":{"unit":"%","size":100,"sizes":[]},"text_align":"center","title_bottom_space":{"unit":"px","size":17,"sizes":[]},"title_color":"#000000","title_typography_typography":"custom","title_typography_font_size":{"unit":"px","size":22,"sizes":[]},"description_color":"#2F2F2F","description_typography_typography":"custom","_margin":{"unit":"px","top":"0","right":"0","bottom":"10","left":"0","isLinked":false},"image_border_radius":{"unit":"px","size":4,"sizes":[]},"image_opacity_hover":{"unit":"px","size":0.5,"sizes":[]},"title_typography_letter_spacing":{"unit":"px","size":-0.8,"sizes":[]},"title_typography_font_size_tablet":{"unit":"px","size":18,"sizes":[]}},"elements":[],"isInner":false,"widgetType":"image-box","elType":"widget"},{"id":"4196c1aa","settings":{"text":"Find a rental","align":"center","size":"md","typography_typography":"custom","typography_font_weight":"bold","background_color":"#088C98","button_background_hover_color":"#189BA7","button_box_shadow_box_shadow_type":"yes","button_box_shadow_box_shadow":{"horizontal":0,"vertical":40,"blur":40,"spread":0,"color":"rgba(0, 0, 0, 0.1)"}},"elements":[],"isInner":false,"widgetType":"button","elType":"widget"}],"isInner":true,"elType":"column"},{"id":"2423994e","settings":{"_column_size":33,"_inline_size":null},"elements":[{"id":"7478cee7","settings":{"image":{"url":"https:\/\/demo23.houzez.co\/wp-content\/uploads\/2022\/01\/lovely-adult-couple-selling-their-beautiful-home-2022-01-18-23-34-34-utc.jpg","id":21856,"alt":"","source":"library"},"title_text":"Sell a home","description_text":"We make the process easy and understandable. We make sure to clarify your options and offer you strategies to get your home sold quickly.","image_space":{"unit":"px","size":25,"sizes":[]},"image_size":{"unit":"%","size":100,"sizes":[]},"text_align":"center","title_bottom_space":{"unit":"px","size":17,"sizes":[]},"title_color":"#000000","title_typography_typography":"custom","title_typography_font_size":{"unit":"px","size":22,"sizes":[]},"description_color":"#2F2F2F","description_typography_typography":"custom","_margin":{"unit":"px","top":"0","right":"0","bottom":"10","left":"0","isLinked":false},"image_border_radius":{"unit":"px","size":4,"sizes":[]},"image_opacity_hover":{"unit":"px","size":0.5,"sizes":[]},"title_typography_letter_spacing":{"unit":"px","size":-0.8,"sizes":[]},"title_typography_font_size_tablet":{"unit":"px","size":18,"sizes":[]}},"elements":[],"isInner":false,"widgetType":"image-box","elType":"widget"},{"id":"659f9f45","settings":{"text":"Contact us","align":"center","size":"md","typography_typography":"custom","typography_font_weight":"bold","background_color":"#088C98","button_background_hover_color":"#189BA7","button_box_shadow_box_shadow_type":"yes","button_box_shadow_box_shadow":{"horizontal":0,"vertical":40,"blur":40,"spread":0,"color":"rgba(0, 0, 0, 0.1)"}},"elements":[],"isInner":false,"widgetType":"button","elType":"widget"}],"isInner":true,"elType":"column"}],"isInner":true,"elType":"section"},{"id":"2d72ce41","settings":{"height":{"unit":"px","size":50,"sizes":[]}},"elements":[],"isInner":false,"widgetType":"houzez_elementor_space","elType":"widget"}],"isInner":false,"elType":"column"}],"isInner":false,"elType":"section"},{"id":"725c9357","settings":{"layout":"full_width","background_background":"classic","background_color":"#FFFFFF","background_color_b":"#F2295B00"},"elements":[{"id":"4fddffca","settings":{"_column_size":100,"_inline_size":null},"elements":[{"id":"2e73090e","settings":{"height":{"unit":"px","size":50,"sizes":[]},"height_mobile":{"unit":"px","size":10,"sizes":[]}},"elements":[],"isInner":false,"widgetType":"houzez_elementor_space","elType":"widget"},{"id":"6bc3dcae","settings":{"content_width":{"unit":"px","size":773,"sizes":[]}},"elements":[{"id":"4013116","settings":{"_column_size":100,"_inline_size":null},"elements":[{"id":"116512cc","settings":{"title":"Explore your dream neighborhood","title_color":"#000000","typography_typography":"custom","typography_font_size":{"unit":"px","size":34,"sizes":[]},"typography_line_height":{"unit":"em","size":1.5,"sizes":[]},"align":"center","typography_letter_spacing":{"unit":"px","size":-1,"sizes":[]},"typography_font_size_tablet":{"unit":"px","size":24,"sizes":[]}},"elements":[],"isInner":false,"widgetType":"heading","elType":"widget"},{"id":"ce23a78","settings":{"editor":"<p>Find your dream neighborhood and explore it with your home purchase advisor. We are here to help you find the perfect home for you.<\/p>","align":"center","typography_typography":"custom","typography_font_size":{"unit":"px","size":20,"sizes":[]},"typography_line_height":{"unit":"em","size":1.5,"sizes":[]},"text_color":"#2F2F2F","typography_font_size_tablet":{"unit":"px","size":18,"sizes":[]}},"elements":[],"isInner":false,"widgetType":"text-editor","elType":"widget"},{"id":"7a167c34","settings":{"height":{"unit":"px","size":30,"sizes":[]},"height_mobile":{"unit":"px","size":10,"sizes":[]}},"elements":[],"isInner":false,"widgetType":"houzez_elementor_space","elType":"widget"}],"isInner":true,"elType":"column"}],"isInner":true,"elType":"section"},{"id":"4f4b9e5f","settings":{"layout":"full_width","gap":"narrow","structure":"60"},"elements":[{"id":"564e8d3","settings":{"_column_size":16,"_inline_size":null,"_inline_size_tablet":33},"elements":[{"id":"662a3361","settings":{"grid_data":"dynamic","more_text":"More Details","grid_taxonomy":"property_city","tax_city":"englewood","more_text_d":"More Details","properties_text":"Properties","property_text":"Property","grid_type":"grid-item-v3","grid_v3_height":{"unit":"%","size":148,"sizes":[]},"grid_item_margin":{"unit":"px","size":10,"sizes":[]},"grid_title_typography_typography":"custom","grid_title_typography_font_family":"Quicksand","grid_title_typography_font_weight":"700","grid_subtitle_typography_typography":"custom","grid_subtitle_typography_font_family":"Quicksand","grid_subtitle_typography_font_weight":"700","grid_v3_height_tablet":{"unit":"%","size":148,"sizes":[]},"grid_item_margin_tablet":{"unit":"px","size":0,"sizes":[]},"grid_item_margin_mobile":{"unit":"px","size":0,"sizes":[]}},"elements":[],"isInner":false,"widgetType":"Houzez_elementor_grid_builder","elType":"widget"}],"isInner":true,"elType":"column"},{"id":"11c38999","settings":{"_column_size":16,"_inline_size":null,"_inline_size_tablet":33},"elements":[{"id":"73fb3ca8","settings":{"grid_data":"dynamic","more_text":"More Details","grid_taxonomy":"property_city","tax_city":"longboat-key","more_text_d":"More Details","properties_text":"Properties","property_text":"Property","grid_item_margin":{"unit":"px","size":10,"sizes":[]},"grid_title_typography_typography":"custom","grid_title_typography_font_family":"Quicksand","grid_title_typography_font_weight":"700","grid_subtitle_typography_typography":"custom","grid_subtitle_typography_font_family":"Quicksand","grid_subtitle_typography_font_weight":"700","grid_item_margin_tablet":{"unit":"px","size":10,"sizes":[]},"grid_item_margin_mobile":{"unit":"px","size":10,"sizes":[]}},"elements":[],"isInner":false,"widgetType":"Houzez_elementor_grid_builder","elType":"widget"},{"id":"26a777db","settings":{"grid_data":"dynamic","more_text":"More Details","grid_taxonomy":"property_city","tax_city":"new-smyrna-beach","more_text_d":"More Details","properties_text":"Properties","property_text":"Property","grid_item_margin":{"unit":"px","size":10,"sizes":[]},"grid_title_typography_typography":"custom","grid_title_typography_font_family":"Quicksand","grid_title_typography_font_weight":"700","grid_subtitle_typography_typography":"custom","grid_subtitle_typography_font_family":"Quicksand","grid_subtitle_typography_font_weight":"700","grid_item_margin_tablet":{"unit":"px","size":0,"sizes":[]},"grid_item_margin_mobile":{"unit":"px","size":0,"sizes":[]}},"elements":[],"isInner":false,"widgetType":"Houzez_elementor_grid_builder","elType":"widget"}],"isInner":true,"elType":"column"},{"id":"285d3e68","settings":{"_column_size":16,"_inline_size":null,"_inline_size_tablet":33},"elements":[{"id":"7ddff61a","settings":{"grid_data":"dynamic","more_text":"More Details","grid_taxonomy":"property_city","tax_city":"north-port","more_text_d":"More Details","properties_text":"Properties","property_text":"Property","grid_item_margin":{"unit":"px","size":10,"sizes":[]},"grid_title_typography_typography":"custom","grid_title_typography_font_family":"Quicksand","grid_title_typography_font_weight":"700","grid_subtitle_typography_typography":"custom","grid_subtitle_typography_font_family":"Quicksand","grid_subtitle_typography_font_weight":"700","grid_item_margin_tablet":{"unit":"px","size":10,"sizes":[]},"grid_item_margin_mobile":{"unit":"px","size":10,"sizes":[]}},"elements":[],"isInner":false,"widgetType":"Houzez_elementor_grid_builder","elType":"widget"},{"id":"7102842d","settings":{"grid_data":"dynamic","more_text":"More Details","grid_taxonomy":"property_city","tax_city":"ocala","more_text_d":"More Details","properties_text":"Properties","property_text":"Property","grid_item_margin":{"unit":"px","size":10,"sizes":[]},"grid_title_typography_typography":"custom","grid_title_typography_font_family":"Quicksand","grid_title_typography_font_weight":"700","grid_subtitle_typography_typography":"custom","grid_subtitle_typography_font_family":"Quicksand","grid_subtitle_typography_font_weight":"700","grid_item_margin_tablet":{"unit":"px","size":0,"sizes":[]},"grid_item_margin_mobile":{"unit":"px","size":0,"sizes":[]}},"elements":[],"isInner":false,"widgetType":"Houzez_elementor_grid_builder","elType":"widget"}],"isInner":true,"elType":"column"},{"id":"7a06016c","settings":{"_column_size":16,"_inline_size":null,"_inline_size_tablet":33},"elements":[{"id":"7d841efe","settings":{"grid_data":"dynamic","more_text":"More Details","grid_taxonomy":"property_city","tax_city":"orlando","more_text_d":"More Details","properties_text":"Properties","property_text":"Property","grid_type":"grid-item-v3","grid_v3_height":{"unit":"%","size":148,"sizes":[]},"grid_item_margin":{"unit":"px","size":10,"sizes":[]},"grid_title_typography_typography":"custom","grid_title_typography_font_family":"Quicksand","grid_title_typography_font_weight":"700","grid_subtitle_typography_typography":"custom","grid_subtitle_typography_font_family":"Quicksand","grid_subtitle_typography_font_weight":"700","grid_v3_height_tablet":{"unit":"%","size":148,"sizes":[]},"grid_item_margin_tablet":{"unit":"px","size":10,"sizes":[]},"grid_item_margin_mobile":{"unit":"px","size":0,"sizes":[]}},"elements":[],"isInner":false,"widgetType":"Houzez_elementor_grid_builder","elType":"widget"}],"isInner":true,"elType":"column"},{"id":"2a3cfb3c","settings":{"_column_size":16,"_inline_size":null,"_inline_size_tablet":33},"elements":[{"id":"1c0a79ed","settings":{"grid_data":"dynamic","more_text":"More Details","grid_taxonomy":"property_city","tax_city":"placida","more_text_d":"More Details","properties_text":"Properties","property_text":"Property","grid_item_margin":{"unit":"px","size":10,"sizes":[]},"grid_title_typography_typography":"custom","grid_title_typography_font_family":"Quicksand","grid_title_typography_font_weight":"700","grid_subtitle_typography_typography":"custom","grid_subtitle_typography_font_family":"Quicksand","grid_subtitle_typography_font_weight":"700","grid_item_margin_tablet":{"unit":"px","size":10,"sizes":[]},"grid_item_margin_mobile":{"unit":"px","size":10,"sizes":[]}},"elements":[],"isInner":false,"widgetType":"Houzez_elementor_grid_builder","elType":"widget"},{"id":"2d1244e0","settings":{"grid_data":"dynamic","more_text":"More Details","grid_taxonomy":"property_city","tax_city":"sarasota","more_text_d":"More Details","properties_text":"Properties","property_text":"Property","grid_item_margin":{"unit":"px","size":10,"sizes":[]},"grid_title_typography_typography":"custom","grid_title_typography_font_family":"Quicksand","grid_title_typography_font_weight":"700","grid_subtitle_typography_typography":"custom","grid_subtitle_typography_font_family":"Quicksand","grid_subtitle_typography_font_weight":"700","grid_item_margin_tablet":{"unit":"px","size":10,"sizes":[]},"grid_item_margin_mobile":{"unit":"px","size":0,"sizes":[]}},"elements":[],"isInner":false,"widgetType":"Houzez_elementor_grid_builder","elType":"widget"}],"isInner":true,"elType":"column"},{"id":"2ab52546","settings":{"_column_size":16,"_inline_size":null,"_inline_size_tablet":33},"elements":[{"id":"1106c897","settings":{"grid_data":"dynamic","more_text":"More Details","grid_taxonomy":"property_city","tax_city":"wildwood","more_text_d":"More Details","properties_text":"Properties","property_text":"Property","grid_item_margin":{"unit":"px","size":10,"sizes":[]},"grid_title_typography_typography":"custom","grid_title_typography_font_family":"Quicksand","grid_title_typography_font_weight":"700","grid_subtitle_typography_typography":"custom","grid_subtitle_typography_font_family":"Quicksand","grid_subtitle_typography_font_weight":"700","grid_item_margin_tablet":{"unit":"px","size":10,"sizes":[]},"grid_item_margin_mobile":{"unit":"px","size":10,"sizes":[]}},"elements":[],"isInner":false,"widgetType":"Houzez_elementor_grid_builder","elType":"widget"},{"id":"5ce08f84","settings":{"grid_data":"dynamic","more_text":"More Details","grid_taxonomy":"property_city","tax_city":"north-port","more_text_d":"More Details","properties_text":"Properties","property_text":"Property","grid_item_margin":{"unit":"px","size":10,"sizes":[]},"grid_title_typography_typography":"custom","grid_title_typography_font_family":"Quicksand","grid_title_typography_font_weight":"700","grid_subtitle_typography_typography":"custom","grid_subtitle_typography_font_family":"Quicksand","grid_subtitle_typography_font_weight":"700","grid_item_margin_tablet":{"unit":"px","size":10,"sizes":[]},"grid_item_margin_mobile":{"unit":"px","size":0,"sizes":[]}},"elements":[],"isInner":false,"widgetType":"Houzez_elementor_grid_builder","elType":"widget"}],"isInner":true,"elType":"column"}],"isInner":true,"elType":"section"},{"id":"6912d6ac","settings":{"height":{"unit":"px","size":50,"sizes":[]}},"elements":[],"isInner":false,"widgetType":"houzez_elementor_space","elType":"widget"}],"isInner":false,"elType":"column"}],"isInner":false,"elType":"section"},{"id":"7473db52","settings":{"layout":"full_width","background_background":"classic","background_color":"#FFFFFF"},"elements":[{"id":"457e5a62","settings":{"_column_size":100,"_inline_size":null},"elements":[{"id":"4a797e9c","settings":{"height":{"unit":"px","size":25,"sizes":[]},"height_mobile":{"unit":"px","size":10,"sizes":[]}},"elements":[],"isInner":false,"widgetType":"houzez_elementor_space","elType":"widget"},{"id":"473c5e","settings":{"content_width":{"unit":"px","size":1021,"sizes":[]}},"elements":[{"id":"388cabb8","settings":{"_column_size":100,"_inline_size":null},"elements":[{"id":"4d7ed370","settings":{"title":"Find your home with a simple application or call today","title_color":"#000000","typography_typography":"custom","typography_font_size":{"unit":"px","size":34,"sizes":[]},"typography_line_height":{"unit":"em","size":1.5,"sizes":[]},"header_size":"h1","typography_letter_spacing":{"unit":"px","size":-1,"sizes":[]},"align":"center","typography_font_size_tablet":{"unit":"px","size":24,"sizes":[]}},"elements":[],"isInner":false,"widgetType":"heading","elType":"widget"},{"id":"7cf4aa9d","settings":{"editor":"<p>Home buying can be a stressful process, but we take the guess work out of finding a real estate agent. We'll help you find the perfect match to purchase your ideal home.<\/p>","align":"center","typography_typography":"custom","typography_font_size":{"unit":"px","size":20,"sizes":[]},"typography_line_height":{"unit":"em","size":1.5,"sizes":[]},"text_color":"#2F2F2F","typography_font_size_tablet":{"unit":"px","size":18,"sizes":[]}},"elements":[],"isInner":false,"widgetType":"text-editor","elType":"widget"}],"isInner":true,"elType":"column"}],"isInner":true,"elType":"section"},{"id":"31043df4","settings":{"structure":"30","gap":"wider","content_width":{"unit":"px","size":1015,"sizes":[]},"gap_columns_custom":{"unit":"px","size":407,"sizes":[]}},"elements":[{"id":"325b3e22","settings":{"_column_size":33,"_inline_size":null},"elements":[{"id":"11fb840f","settings":{"selected_icon":{"value":{"url":"https:\/\/demo23.houzez.co\/wp-content\/uploads\/2022\/01\/agent-2@60x60.svg","id":21986},"library":"svg"},"title_text":"Qualified agents","description_text":"Lorem ipsum dolor sit amet, consectetur adipiscing elit. Ut elit tellus, luctus nec ullam.","text_align":"center","title_bottom_space":{"unit":"px","size":17,"sizes":[]},"title_color":"#000000","title_typography_typography":"custom","title_typography_font_size":{"unit":"px","size":22,"sizes":[]},"title_typography_letter_spacing":{"unit":"px","size":-0.8,"sizes":[]},"description_color":"#2F2F2F","description_typography_typography":"custom","_margin":{"unit":"px","top":"0","right":"0","bottom":"10","left":"0","isLinked":false}},"elements":[],"isInner":false,"widgetType":"icon-box","elType":"widget"},{"id":"7a935319","settings":{"icon_list":[{"text":"Learn more","selected_icon":{"value":"","library":""},"_id":"6ad3048","link":{"url":"#","is_external":"","nofollow":"","custom_attributes":""}}],"space_between":{"unit":"px","size":5,"sizes":[]},"icon_color":"#088C98","text_color":"#DD3333","icon_typography_typography":"custom","icon_typography_font_weight":"bold","_margin":{"unit":"px","top":"-15","right":"0","bottom":"0","left":"0","isLinked":false},"icon_align":"center","icon_size":{"unit":"px","size":12,"sizes":[]},"icon_self_align":"center"},"elements":[],"isInner":false,"widgetType":"icon-list","elType":"widget"}],"isInner":true,"elType":"column"},{"id":"310d7b53","settings":{"_column_size":33,"_inline_size":null},"elements":[{"id":"33eccc35","settings":{"selected_icon":{"value":{"url":"https:\/\/demo23.houzez.co\/wp-content\/uploads\/2022\/01\/agent-1@60x60.svg","id":21989},"library":"svg"},"title_text":"Local is better","description_text":"Lorem ipsum dolor sit amet, consectetur adipiscing elit. Ut elit tellus, luctus nec ullam.","text_align":"center","title_bottom_space":{"unit":"px","size":17,"sizes":[]},"title_color":"#000000","title_typography_typography":"custom","title_typography_font_size":{"unit":"px","size":22,"sizes":[]},"title_typography_letter_spacing":{"unit":"px","size":-0.8,"sizes":[]},"description_color":"#2F2F2F","description_typography_typography":"custom","_margin":{"unit":"px","top":"0","right":"0","bottom":"10","left":"0","isLinked":false}},"elements":[],"isInner":false,"widgetType":"icon-box","elType":"widget"},{"id":"28c2c979","settings":{"icon_list":[{"text":"Learn more","selected_icon":{"value":"","library":""},"_id":"6ad3048","link":{"url":"#","is_external":"","nofollow":"","custom_attributes":""}}],"space_between":{"unit":"px","size":5,"sizes":[]},"icon_color":"#088C98","text_color":"#DD3333","icon_typography_typography":"custom","icon_typography_font_weight":"bold","_margin":{"unit":"px","top":"-15","right":"0","bottom":"0","left":"0","isLinked":false},"icon_align":"center","icon_size":{"unit":"px","size":12,"sizes":[]},"icon_self_align":"center"},"elements":[],"isInner":false,"widgetType":"icon-list","elType":"widget"}],"isInner":true,"elType":"column"},{"id":"5ff2635","settings":{"_column_size":33,"_inline_size":null},"elements":[{"id":"7461f9d0","settings":{"selected_icon":{"value":{"url":"https:\/\/demo23.houzez.co\/wp-content\/uploads\/2022\/01\/agent-3@60x60.svg","id":21988},"library":"svg"},"title_text":"Excellent service","description_text":"Lorem ipsum dolor sit amet, consectetur adipiscing elit. Ut elit tellus, luctus nec ullam.","text_align":"center","title_bottom_space":{"unit":"px","size":17,"sizes":[]},"title_color":"#000000","title_typography_typography":"custom","title_typography_font_size":{"unit":"px","size":22,"sizes":[]},"title_typography_letter_spacing":{"unit":"px","size":-0.8,"sizes":[]},"description_color":"#2F2F2F","description_typography_typography":"custom","_margin":{"unit":"px","top":"0","right":"0","bottom":"10","left":"0","isLinked":false}},"elements":[],"isInner":false,"widgetType":"icon-box","elType":"widget"},{"id":"39bfdfac","settings":{"icon_list":[{"text":"Learn more","selected_icon":{"value":"","library":""},"_id":"6ad3048","link":{"url":"#","is_external":"","nofollow":"","custom_attributes":""}}],"space_between":{"unit":"px","size":5,"sizes":[]},"icon_color":"#088C98","text_color":"#DD3333","icon_typography_typography":"custom","icon_typography_font_weight":"bold","_margin":{"unit":"px","top":"-15","right":"0","bottom":"0","left":"0","isLinked":false},"icon_align":"center","icon_size":{"unit":"px","size":12,"sizes":[]},"icon_self_align":"center"},"elements":[],"isInner":false,"widgetType":"icon-list","elType":"widget"}],"isInner":true,"elType":"column"}],"isInner":true,"elType":"section"},{"id":"6c1d38f9","settings":{"height":{"unit":"px","size":50,"sizes":[]}},"elements":[],"isInner":false,"widgetType":"houzez_elementor_space","elType":"widget"}],"isInner":false,"elType":"column"}],"isInner":false,"elType":"section"},{"id":"472577b1","settings":{"background_background":"classic","background_color":"#FFFFFF"},"elements":[{"id":"7de7eca4","settings":{"_column_size":100,"_inline_size":null},"elements":[{"id":"2eb71cbf","settings":{"structure":"20","gap":"wider","layout":"full_width","content_width":{"unit":"px","size":851,"sizes":[]},"content_position":"middle","border_border":"solid","border_width":{"unit":"px","top":"1","right":"1","bottom":"1","left":"1","isLinked":true},"border_color":"#E6E6E6","border_radius":{"unit":"px","top":"8","right":"8","bottom":"8","left":"8","isLinked":true},"box_shadow_box_shadow_type":"yes","box_shadow_box_shadow":{"horizontal":0,"vertical":60,"blur":60,"spread":0,"color":"rgba(0, 0, 0, 0.1)"},"padding":{"unit":"px","top":"50","right":"50","bottom":"50","left":"50","isLinked":true},"z_index":1,"padding_mobile":{"unit":"px","top":"20","right":"20","bottom":"20","left":"20","isLinked":true}},"elements":[{"id":"7fa3623e","settings":{"_column_size":50,"_inline_size":null,"padding_mobile":{"unit":"px","top":"0","right":"0","bottom":"0","left":"0","isLinked":true}},"elements":[{"id":"337c7c73","settings":{"image":{"url":"https:\/\/demo23.houzez.co\/wp-content\/uploads\/2022\/01\/brunette-businesswoman-portrait-2021-08-30-07-43-09-utc.jpg","id":21999,"alt":"","source":"library"},"image_size":"custom","image_custom_dimension":{"width":"200","height":"200"},"align":"left","_margin":{"unit":"px","top":"0","right":"0","bottom":"0","left":"-40","isLinked":false}},"elements":[],"isInner":false,"widgetType":"image","elType":"widget"},{"id":"b1fa426","settings":{"title":"Do you need an agent?","title_color":"#000000","typography_typography":"custom","typography_font_size":{"unit":"px","size":24,"sizes":[]},"typography_line_height":{"unit":"em","size":1.5,"sizes":[]},"align":"left","typography_letter_spacing":{"unit":"px","size":-1,"sizes":[]}},"elements":[],"isInner":false,"widgetType":"heading","elType":"widget"},{"id":"481a78a0","settings":{"editor":"<p>Buy or sell your home with Our agents. House prices, inspections, negotiations and other services are included in the house price.<\/p>","align":"left","typography_typography":"custom","typography_font_size":{"unit":"px","size":18,"sizes":[]},"typography_line_height":{"unit":"em","size":1.5,"sizes":[]},"text_color":"#2F2F2F"},"elements":[],"isInner":false,"widgetType":"text-editor","elType":"widget"},{"id":"23ba8d01","settings":{"icon_list":[{"text":"(800) 987 6543","selected_icon":{"value":"fas fa-phone-alt","library":"fa-solid"},"_id":"add1ce4","link":{"url":"#","is_external":"","nofollow":"","custom_attributes":""}},{"text":"info@email.com","selected_icon":{"value":"fas fa-at","library":"fa-solid"},"_id":"6ad3048","link":{"url":"#","is_external":"","nofollow":"","custom_attributes":""}}],"space_between":{"unit":"px","size":5,"sizes":[]},"icon_color":"#088C98","text_color":"#088C98","icon_typography_typography":"custom","icon_typography_font_weight":"bold","_margin":{"unit":"px","top":"-20","right":"0","bottom":"0","left":"0","isLinked":false}},"elements":[],"isInner":false,"widgetType":"icon-list","elType":"widget"}],"isInner":true,"elType":"column"},{"id":"2a466ac6","settings":{"_column_size":50,"_inline_size":null,"padding_mobile":{"unit":"px","top":"0","right":"0","bottom":"0","left":"0","isLinked":true}},"elements":[{"id":"6968e26c","settings":{"form_name":"New Form","form_fields":[{"_id":"ba74d26","field_type":"user_type","field_label":"Type","placeholder":"Select","field_options":"I want to buy\nI want to sell\n"},{"_id":"name","field_type":"name","field_label":"Name","placeholder":"Name"},{"_id":"email","field_type":"email","required":"true","field_label":"Email","placeholder":"Email","width":"50"},{"field_type":"mobile","field_label":"Phone","placeholder":"Phone","width":"50","_id":"ac2e031"},{"_id":"dc0a1ec","field_type":"city","field_label":"City","placeholder":"City"},{"_id":"message","field_type":"message","field_label":"Message","placeholder":"Message"}],"show_labels":"","gdpr_agreement":"yes","gdpr_label":"GDPR Agreement","gdpr_required":"true","gdpr_text":"I consent to having this website store my submitted information","button_text":"Submit","email_to":"hello@favethemes.com","email_subject":"New message from &quot;Houzez - Highly Customizable Real Estate WordPress Theme&quot;","field_typography_typography":"custom","field_gdpr_color":"#7A7A7A","gdpr_typography_typography":"custom","gdpr_typography_font_size":{"unit":"px","size":14,"sizes":[]},"_background_background":"classic","_background_color":"#FFFFFF","con_google_recaptcha":"yes","input_size":"md","button_size":"md","gdpr_typography_font_weight":"500","button_background_color":"#DD3333","button_typography_typography":"custom","button_typography_font_weight":"bold","button_background_hover_color":"#F43838","_margin_mobile":{"unit":"px","top":"30","right":"0","bottom":"0","left":"0","isLinked":false}},"elements":[],"isInner":false,"widgetType":"houzez_elementor_contact_form","elType":"widget"}],"isInner":true,"elType":"column"}],"isInner":true,"elType":"section"},{"id":"3b669a5a","settings":{"height":{"unit":"px","size":50,"sizes":[]}},"elements":[],"isInner":false,"widgetType":"houzez_elementor_space","elType":"widget"}],"isInner":false,"elType":"column"}],"isInner":false,"elType":"section"},{"id":"3de7a8d","settings":{"background_background":"gradient","background_color":"#FFFFFF","background_color_b":"#F7F8F9","content_width":{"unit":"px","size":1320,"sizes":[]}},"elements":[{"id":"230fb808","settings":{"_column_size":100,"_inline_size":null},"elements":[{"id":"66409bef","settings":{"height":{"unit":"px","size":50,"sizes":[]},"height_mobile":{"unit":"px","size":10,"sizes":[]}},"elements":[],"isInner":false,"widgetType":"houzez_elementor_space","elType":"widget"},{"id":"4bfe6a42","settings":{"content_width":{"unit":"px","size":773,"sizes":[]}},"elements":[{"id":"3fc3b963","settings":{"_column_size":100,"_inline_size":null},"elements":[{"id":"3c6472d6","settings":{"title":"Latest homes for sale","title_color":"#000000","typography_typography":"custom","typography_font_size":{"unit":"px","size":34,"sizes":[]},"typography_line_height":{"unit":"em","size":1.5,"sizes":[]},"align":"center","typography_letter_spacing":{"unit":"px","size":-1,"sizes":[]},"typography_font_size_tablet":{"unit":"px","size":24,"sizes":[]}},"elements":[],"isInner":false,"widgetType":"heading","elType":"widget"},{"id":"2b64273c","settings":{"editor":"<p>Search homes for sale in your local area by price, amenities, or other features. We'll show you the sales history and provide helpful advice.<\/p>","align":"center","typography_typography":"custom","typography_font_size":{"unit":"px","size":20,"sizes":[]},"typography_line_height":{"unit":"em","size":1.5,"sizes":[]},"text_color":"#2F2F2F","typography_font_size_tablet":{"unit":"px","size":18,"sizes":[]}},"elements":[],"isInner":false,"widgetType":"text-editor","elType":"widget"},{"id":"4ecd8c79","settings":{"height":{"unit":"px","size":30,"sizes":[]},"height_mobile":{"unit":"px","size":10,"sizes":[]}},"elements":[],"isInner":false,"widgetType":"houzez_elementor_space","elType":"widget"}],"isInner":true,"elType":"column"}],"isInner":true,"elType":"section"},{"id":"418b5330","settings":{"show_tabs_icon":"","tabs_items":[{"tab_title":"All","_id":"10f19ea","tabs_icon_type":"none"},{"tab_title":"Apollo Beach","_id":"185af0a","property_city":["apollo-beach"]},{"tab_title":"Bradenton","_id":"02d03a1","property_city":["bradenton"]},{"_id":"8c02065","tab_title":"Deland","property_city":["deland"]},{"_id":"693094a","tab_title":"Deltona","property_city":["deltona"]},{"_id":"7951336","tab_title":"North Port","property_city":["north-port"]},{"_id":"6ec1232","tab_title":"Port Charlotte","property_city":["port-charlotte"]},{"_id":"5a26083","tab_title":"Punta Gorda","property_city":["punta-gorda"]}],"module_type":"grid_4_cols","posts_limit":4,"tab_title_border":"#088C98","tabs_typography_typography":"custom","tabs_typography_font_size":{"unit":"px","size":14,"sizes":[]},"tabs_typography_text_transform":"uppercase","houzez_tabs_style":"property-nav-tabs-v5","grid_style":"cards-v6","tab_title_color_hover":"#088C98","tabs_typography_font_weight":"bold"},"elements":[],"isInner":false,"widgetType":"houzez_properties_tabs","elType":"widget"}],"isInner":false,"elType":"column"}],"isInner":false,"elType":"section"},{"id":"4113b41c","settings":{"layout":"full_width","background_color":"#FFFFFF"},"elements":[{"id":"6c265437","settings":{"_column_size":100,"_inline_size":null},"elements":[{"id":"44edb5b5","settings":{"height":{"unit":"px","size":25,"sizes":[]}},"elements":[],"isInner":false,"widgetType":"houzez_elementor_space","elType":"widget"},{"id":"5f2f85c4","settings":{"content_width":{"unit":"px","size":773,"sizes":[]}},"elements":[{"id":"51ca30f","settings":{"_column_size":100,"_inline_size":null},"elements":[{"id":"29674b2b","settings":{"title":"Guide for buyers and sellers","title_color":"#000000","typography_typography":"custom","typography_font_size":{"unit":"px","size":34,"sizes":[]},"typography_line_height":{"unit":"em","size":1.5,"sizes":[]},"align":"center","typography_letter_spacing":{"unit":"px","size":-1,"sizes":[]},"typography_font_size_tablet":{"unit":"px","size":24,"sizes":[]}},"elements":[],"isInner":false,"widgetType":"heading","elType":"widget"},{"id":"268234e3","settings":{"editor":"<p>Get immediate access to find the best homes for sale, information on market trends, open houses and homes-in-progress.<\/p>","align":"center","typography_typography":"custom","typography_font_size":{"unit":"px","size":20,"sizes":[]},"typography_line_height":{"unit":"em","size":1.5,"sizes":[]},"text_color":"#2F2F2F","typography_font_size_tablet":{"unit":"px","size":18,"sizes":[]}},"elements":[],"isInner":false,"widgetType":"text-editor","elType":"widget"},{"id":"5d1f7ed","settings":{"icon_list":[{"text":"Learn more","selected_icon":{"value":"","library":""},"_id":"6ad3048","link":{"url":"#","is_external":"","nofollow":"","custom_attributes":""}}],"space_between":{"unit":"px","size":5,"sizes":[]},"icon_color":"#088C98","text_color":"#DD3333","icon_typography_typography":"custom","icon_typography_font_weight":"bold","_margin":{"unit":"px","top":"-15","right":"0","bottom":"0","left":"0","isLinked":false},"icon_align":"center","icon_size":{"unit":"px","size":12,"sizes":[]},"icon_self_align":"center"},"elements":[],"isInner":false,"widgetType":"icon-list","elType":"widget"},{"id":"d7ee4bb","settings":{"height":{"unit":"px","size":30,"sizes":[]}},"elements":[],"isInner":false,"widgetType":"houzez_elementor_space","elType":"widget"}],"isInner":true,"elType":"column"}],"isInner":true,"elType":"section"},{"id":"bca93ea","settings":{"content_width":{"unit":"px","size":1600,"sizes":[]}},"elements":[{"id":"1b4e6c32","settings":{"_column_size":100,"_inline_size":null},"elements":[{"id":"6cbc6998","settings":{"posts_limit":4,"show_author":"","box_padding_top":{"unit":"px","size":30,"sizes":[]},"box_padding_bottom":{"unit":"px","size":11,"sizes":[]},"image_margin":{"unit":"px","size":30,"sizes":[]},"title_typo_typography":"custom","title_typo_font_size":{"unit":"px","size":18,"sizes":[]},"title_typo_font_weight":"bold","title_margin_top":{"unit":"px","size":10,"sizes":[]},"title_margin_bottom":{"unit":"px","size":0,"sizes":[]},"content_typo_typography":"custom","content_typo_font_size":{"unit":"px","size":15,"sizes":[]},"content_margin_bottom":{"unit":"px","size":0,"sizes":[]},"postmeta_typo_typography":"custom","postmeta_typo_font_size":{"unit":"px","size":15,"sizes":[]},"postmeta_margin_top":{"unit":"px","size":7,"sizes":[]},"author_padding":{"unit":"px","top":"20","right":"30","bottom":"0","left":"30","isLinked":false}},"elements":[],"isInner":false,"widgetType":"houzez_elementor_blog_posts","elType":"widget"},{"id":"71debd87","settings":{"height":{"unit":"px","size":25,"sizes":[]}},"elements":[],"isInner":false,"widgetType":"houzez_elementor_space","elType":"widget"}],"isInner":true,"elType":"column"}],"isInner":true,"elType":"section"}],"isInner":false,"elType":"column"}],"isInner":false,"elType":"section"},{"id":"2bb7db75","settings":{"layout":"full_width","background_color":"#FFFFFF00","background_background":"gradient","background_color_b":"#FFFFFF"},"elements":[{"id":"7dabc3e","settings":{"_column_size":100,"_inline_size":null},"elements":[{"id":"130286be","settings":{"height":{"unit":"px","size":25,"sizes":[]}},"elements":[],"isInner":false,"widgetType":"houzez_elementor_space","elType":"widget"},{"id":"74eaad5","settings":{"content_width":{"unit":"px","size":670,"sizes":[]}},"elements":[{"id":"27403f4a","settings":{"_column_size":100,"_inline_size":null},"elements":[{"id":"597f9d03","settings":{"title":"Look at a neighborhood","header_size":"h3","align":"center","typography_typography":"custom","typography_font_size":{"unit":"px","size":20,"sizes":[]},"_margin":{"unit":"px","top":"0","right":"0","bottom":"10","left":"0","isLinked":false},"_padding":{"unit":"px","top":"0","right":"0","bottom":"0","left":"0","isLinked":true}},"elements":[],"isInner":false,"widgetType":"heading","elType":"widget"},{"id":"4c7100fd","settings":{"form_fields":[{"_id":"b5399f0","field_type":"keyword","field_label":"Search","placeholder":"Search for City, Neighborhood, Zip Code","price_from_text":"From","price_to_text":"To","width":"80","selected_count_text":"items selected"},{"_id":"field-search-btn","field_type":"search-button","field_label":"Search Button","placeholder":"Search","width":"20","price_from_text":"From","price_to_text":"To","selected_count_text":"items selected"}],"show_tabs":"yes","status_data":["for-rent","for-sale"],"tabs_all_text":"All Status","tabs_padding":{"unit":"px","top":"10","right":"20","bottom":"10","left":"20","isLinked":false},"form_background_color":"#FFFFFF","form_padding":{"unit":"px","top":"0","right":"0","bottom":"0","left":"0","isLinked":false},"label_color":"#000000","label_typography_font_size":{"unit":"px","size":12,"sizes":[]},"label_typography_font_weight":"500","label_typography_text_transform":"uppercase","form_radius":{"unit":"px","top":"7","right":"7","bottom":"7","left":"7","isLinked":true},"box_shadow_box_shadow":{"horizontal":0,"vertical":20,"blur":40,"spread":0,"color":"rgba(0, 0, 0, 0.1)"},"search_tabs_bg_color":"#088C98","tabs_margin":{"unit":"px","top":"0","right":"3","bottom":"6","left":"3","isLinked":false},"form_padding_tablet":{"unit":"px","top":"10","right":"4","bottom":"0","left":"0","isLinked":false},"field_background_color":"#FFFFFF","input_size":"md","button_size":"md","show_all":"","field_typography_typography":"custom","button_background_color":"#DD3333","button_background_hover_color":"#F43838","field_typography_font_size":{"unit":"px","size":15,"sizes":[]},"field_typography_font_weight":"500","button_typography_typography":"custom","button_typography_font_weight":"700","box_shadow_box_shadow_type":"yes","field_border_color":"#FFFFFF","row_gap":{"unit":"px","size":0,"sizes":[]},"search_tabs_typography_typography":"custom","search_tabs_typography_font_size":{"unit":"px","size":15,"sizes":[]},"search_tabs_typography_font_weight":"bold","tabs_radius":{"unit":"px","top":"4","right":"4","bottom":"4","left":"4","isLinked":true},"button_border_radius":{"unit":"px","top":"0","right":"6","bottom":"6","left":"0","isLinked":false}},"elements":[],"isInner":false,"widgetType":"houzez_elementor_search_builder","elType":"widget"},{"id":"2efc4ee5","settings":{"space":{"unit":"px","size":150,"sizes":[]},"space_tablet":{"unit":"px","size":100,"sizes":[]},"space_mobile":{"unit":"px","size":100,"sizes":[]}},"elements":[],"isInner":false,"widgetType":"spacer","elType":"widget"}],"isInner":true,"elType":"column"}],"isInner":true,"elType":"section"},{"id":"c910b27","settings":{"content_width":{"unit":"px","size":1140,"sizes":[]},"structure":"40","content_width_tablet":{"unit":"px","size":500,"sizes":[]},"padding":{"unit":"px","top":"0","right":"0","bottom":"0","left":"100","isLinked":false},"padding_tablet":{"unit":"px","top":"0","right":"0","bottom":"0","left":"0","isLinked":true}},"elements":[{"id":"2dc91790","settings":{"_column_size":25,"_inline_size":null,"_inline_size_tablet":50},"elements":[{"id":"90feb87","settings":{"title":"Real estate markets","header_size":"h3","typography_typography":"custom","typography_font_size":{"unit":"px","size":18,"sizes":[]},"_margin":{"unit":"px","top":"0","right":"0","bottom":"20","left":"0","isLinked":false},"_padding":{"unit":"px","top":"0","right":"0","bottom":"0","left":"0","isLinked":true}},"elements":[],"isInner":false,"widgetType":"heading","elType":"widget"},{"id":"3cfd753d","settings":{"icon_list":[{"text":"Belleair Real Estate","selected_icon":{"value":"","library":""},"_id":"7de41ca"},{"text":"Crandon Real Estate","selected_icon":{"value":"","library":""},"_id":"84705f0"},{"text":"Clearwater Real Estate","selected_icon":{"value":"","library":""},"_id":"3b42923"},{"text":"Daytona Beach Real Estate","selected_icon":{"value":"","library":""},"_id":"5a2831a"},{"text":"Englewood Real Estate","selected_icon":{"value":"","library":""},"_id":"523be58"},{"text":"Lakeland Real Estate","selected_icon":{"value":"","library":""},"_id":"828ff51"},{"text":"Ocala Real Estate","selected_icon":{"value":"","library":""},"_id":"fa9dc45"},{"text":"Orlando Real Estate","selected_icon":{"value":"","library":""},"_id":"22e9549"}],"space_between":{"unit":"px","size":5,"sizes":[]},"text_color":"#088C98"},"elements":[],"isInner":false,"widgetType":"icon-list","elType":"widget"}],"isInner":true,"elType":"column"},{"id":"78251fc3","settings":{"_column_size":25,"_inline_size":null,"_inline_size_tablet":50},"elements":[{"id":"10881b86","settings":{"title":"Apartment cities","header_size":"h3","typography_typography":"custom","typography_font_size":{"unit":"px","size":18,"sizes":[]},"_margin":{"unit":"px","top":"0","right":"0","bottom":"20","left":"0","isLinked":false},"_padding":{"unit":"px","top":"0","right":"0","bottom":"0","left":"0","isLinked":true}},"elements":[],"isInner":false,"widgetType":"heading","elType":"widget"},{"id":"5602f0db","settings":{"icon_list":[{"text":"Apartments in Belleair","selected_icon":{"value":"","library":""},"_id":"7de41ca"},{"text":"Apartments in Crandon ","selected_icon":{"value":"","library":""},"_id":"84705f0"},{"text":"Apartments in Clearwater ","selected_icon":{"value":"","library":""},"_id":"3b42923"},{"text":"Apartments in Daytona Beach ","selected_icon":{"value":"","library":""},"_id":"5a2831a"},{"text":"Apartments in Englewood ","selected_icon":{"value":"","library":""},"_id":"523be58"},{"text":"Apartments in Lakeland ","selected_icon":{"value":"","library":""},"_id":"828ff51"},{"text":"Apartments in Ocala ","selected_icon":{"value":"","library":""},"_id":"fa9dc45"},{"text":"Apartments in Orlando ","selected_icon":{"value":"","library":""},"_id":"22e9549"}],"space_between":{"unit":"px","size":5,"sizes":[]},"text_color":"#088C98"},"elements":[],"isInner":false,"widgetType":"icon-list","elType":"widget"}],"isInner":true,"elType":"column"},{"id":"2474096e","settings":{"_column_size":25,"_inline_size":null,"_inline_size_tablet":50},"elements":[{"id":"4f5f243","settings":{"title":"Popular searches","header_size":"h3","typography_typography":"custom","typography_font_size":{"unit":"px","size":18,"sizes":[]},"_margin":{"unit":"px","top":"0","right":"0","bottom":"20","left":"0","isLinked":false},"_padding":{"unit":"px","top":"0","right":"0","bottom":"0","left":"0","isLinked":true}},"elements":[],"isInner":false,"widgetType":"heading","elType":"widget"},{"id":"14c9d73d","settings":{"icon_list":[{"text":"Houses near to me","selected_icon":{"value":"","library":""},"_id":"7de41ca"},{"text":"Apartments near to me","selected_icon":{"value":"","library":""},"_id":"84705f0"},{"text":"Townhouses near to me","selected_icon":{"value":"","library":""},"_id":"3b42923"},{"text":"Home for rent ","selected_icon":{"value":"","library":""},"_id":"5a2831a"},{"text":"Apartment for sale","selected_icon":{"value":"","library":""},"_id":"523be58"},{"text":"Orlando for sale","selected_icon":{"value":"","library":""},"_id":"828ff51"},{"text":"Home for sale","selected_icon":{"value":"","library":""},"_id":"fa9dc45"},{"text":"Apartment for rent","selected_icon":{"value":"","library":""},"_id":"22e9549"}],"space_between":{"unit":"px","size":5,"sizes":[]},"text_color":"#088C98"},"elements":[],"isInner":false,"widgetType":"icon-list","elType":"widget"}],"isInner":true,"elType":"column"},{"id":"1b668343","settings":{"_column_size":25,"_inline_size":null,"_inline_size_tablet":50},"elements":[{"id":"711b1fcd","settings":{"title":"New listings","header_size":"h3","typography_typography":"custom","typography_font_size":{"unit":"px","size":18,"sizes":[]},"_margin":{"unit":"px","top":"0","right":"0","bottom":"20","left":"0","isLinked":false},"_padding":{"unit":"px","top":"0","right":"0","bottom":"0","left":"0","isLinked":true}},"elements":[],"isInner":false,"widgetType":"heading","elType":"widget"},{"id":"47223f4e","settings":{"icon_list":[{"text":"New homes in Belleair","selected_icon":{"value":"","library":""},"_id":"7de41ca"},{"text":"New homes in Crandon ","selected_icon":{"value":"","library":""},"_id":"84705f0"},{"text":"New homes in Clearwater ","selected_icon":{"value":"","library":""},"_id":"3b42923"},{"text":"New homes in Daytona Beach ","selected_icon":{"value":"","library":""},"_id":"5a2831a"},{"text":"New homes in Englewood ","selected_icon":{"value":"","library":""},"_id":"523be58"},{"text":"New homes in Lakeland ","selected_icon":{"value":"","library":""},"_id":"828ff51"},{"text":"New homes in Ocala ","selected_icon":{"value":"","library":""},"_id":"fa9dc45"},{"text":"New homes in Orlando ","selected_icon":{"value":"","library":""},"_id":"22e9549"}],"space_between":{"unit":"px","size":5,"sizes":[]},"text_color":"#088C98"},"elements":[],"isInner":false,"widgetType":"icon-list","elType":"widget"}],"isInner":true,"elType":"column"}],"isInner":true,"elType":"section"},{"id":"653c8a54","settings":{"height":{"unit":"px","size":100,"sizes":[]}},"elements":[],"isInner":false,"widgetType":"houzez_elementor_space","elType":"widget"}],"isInner":false,"elType":"column"}],"isInner":false,"elType":"section"}],"page_settings":{"background_color":"#FFFFFF"},"version":"0.4","title":"Demo 23 - Homepage 3","type":"page"}