{"content":[{"id":"51f9abad","settings":{"layout":"full_width","gap":"no","background_background":"classic","background_color":"#838383","padding":{"unit":"px","top":"0","right":"15","bottom":"0","left":"15","isLinked":false},"height":"full","custom_height":{"unit":"px","size":500,"sizes":[]},"background_image":{"url":"https:\/\/demo23.houzez.co\/wp-content\/uploads\/2022\/02\/home-worth-01-e1646667251619.jpg","id":43586,"alt":"","source":"library"},"background_position":"center center","background_size":"cover","background_overlay_color":"#000000","background_overlay_color_b":"#000000","background_overlay_gradient_angle":{"unit":"deg","size":340,"sizes":[]},"background_overlay_opacity":{"unit":"px","size":0.6,"sizes":[]},"shape_divider_bottom_width":{"unit":"%","size":100,"sizes":[]},"shape_divider_bottom_height":{"unit":"px","size":75,"sizes":[]},"shape_divider_bottom_negative":"yes","background_overlay_background":"classic","shape_divider_bottom_flip":"yes","shape_divider_bottom":"triangle"},"elements":[{"id":"325cda35","settings":{"_column_size":100,"_inline_size":null},"elements":[{"id":"782b5657","settings":{"content_width":{"unit":"px","size":1300,"sizes":[]},"content_position":"middle","structure":"30"},"elements":[{"id":"7551312e","settings":{"_column_size":33,"_inline_size":41.651},"elements":[{"id":"23638605","settings":{"title":"How Much Is My House Worth?\u200b","title_color":"#FFFFFF","typography_typography":"custom","typography_font_size":{"unit":"px","size":36,"sizes":[]},"typography_line_height":{"unit":"em","size":1.4,"sizes":[]},"header_size":"h1","typography_letter_spacing":{"unit":"px","size":-0.9,"sizes":[]},"align":"left","typography_font_size_tablet":{"unit":"px","size":30,"sizes":[]},"typography_font_size_mobile":{"unit":"px","size":25,"sizes":[]},"typography_line_height_mobile":{"unit":"em","size":1.2,"sizes":[]}},"elements":[],"isInner":false,"widgetType":"heading","elType":"widget"},{"id":"32691cc0","settings":{"editor":"<p>Our team of experts can help you sell your house. Get a free estimate on house value and learn more about selling your home.<\/p>","align":"left","typography_typography":"custom","typography_font_size":{"unit":"px","size":20,"sizes":[]},"typography_line_height":{"unit":"em","size":1.5,"sizes":[]},"text_color":"#FFFFFF","typography_font_size_tablet":{"unit":"px","size":18,"sizes":[]}},"elements":[],"isInner":false,"widgetType":"text-editor","elType":"widget"}],"isInner":true,"elType":"column"},{"id":"6fef4c3a","settings":{"_column_size":33,"_inline_size":12.987},"elements":[],"isInner":true,"elType":"column"},{"id":"106fe764","settings":{"_column_size":33,"_inline_size":45,"space_between_widgets":0,"background_background":"classic","background_color":"#FFFFFF","padding":{"unit":"px","top":"50","right":"50","bottom":"20","left":"50","isLinked":false}},"elements":[{"id":"2b3a4c8c","settings":{"title":"Get your home estimation","title_color":"#000000","typography_typography":"custom","typography_font_size":{"unit":"px","size":24,"sizes":[]},"typography_line_height":{"unit":"em","size":1.5,"sizes":[]},"align":"left","typography_letter_spacing":{"unit":"px","size":-1,"sizes":[]},"_margin":{"unit":"px","top":"0","right":"0","bottom":"10","left":"0","isLinked":false}},"elements":[],"isInner":false,"widgetType":"heading","elType":"widget"},{"id":"75b72abe","settings":{"form_name":"New Form","form_fields":[{"field_type":"enquiry_type","field_label":"Inquiry Type","placeholder":"Select","required":"true","_id":"ba6c34c"},{"field_type":"user_type","field_label":"Information","placeholder":"I'm a ","required":"true","field_options":"I'm a real estate agent\nI'm a property owner","_id":"b7fe77d"},{"field_type":"first_name","placeholder":"First Name","required":"true","width":"50","_id":"cc6b92f"},{"field_type":"last_name","placeholder":"Last Name","width":"50","_id":"3cc124e"},{"field_type":"email","placeholder":"Email Address","required":"true","width":"50","_id":"932d82c"},{"field_type":"e_meta[zipcode]","placeholder":"Zip Code","required":"true","width":"50","_id":"304b68f"}],"input_size":"md","button_text":"Submit","button_size":"md","email_to":"hello@favethemes.com","email_subject":"New message from &quot;Houzez 01&quot;","_background_color":"#FFFFFF","gdpr_agreement":"yes","gdpr_label":"GDPR Agreement","gdpr_text":"I consent to having this website store my submitted information","gdpr_required":"true","con_google_recaptcha":"yes","label_spacing":{"unit":"px","size":10,"sizes":[]},"field_typography_typography":"custom","field_gdpr_color":"#7A7A7A","gdpr_typography_typography":"custom","gdpr_typography_font_size":{"unit":"px","size":14,"sizes":[]},"gdpr_typography_font_weight":"500","button_background_color":"#DD3333","button_typography_typography":"custom","button_typography_font_weight":"bold","button_background_hover_color":"#F43838","_margin_mobile":{"unit":"px","top":"30","right":"0","bottom":"0","left":"0","isLinked":false},"_padding":{"unit":"px","top":"0","right":"0","bottom":"0","left":"0","isLinked":true},"_background_background":"classic"},"elements":[],"isInner":false,"widgetType":"houzez_elementor_inquiry_form","elType":"widget"}],"isInner":true,"elType":"column"}],"isInner":true,"elType":"section"}],"isInner":false,"elType":"column"}],"isInner":false,"elType":"section"},{"id":"7abf102e","settings":{"layout":"full_width","background_background":"classic","background_color":"#FFFFFF"},"elements":[{"id":"5d38a8e0","settings":{"_column_size":100,"_inline_size":null},"elements":[{"id":"2cfe0049","settings":{"height":{"unit":"px","size":25,"sizes":[]},"height_mobile":{"unit":"px","size":10,"sizes":[]}},"elements":[],"isInner":false,"widgetType":"houzez_elementor_space","elType":"widget"},{"id":"2f8e2897","settings":{"content_width":{"unit":"px","size":1021,"sizes":[]}},"elements":[{"id":"459b7d24","settings":{"_column_size":100,"_inline_size":null},"elements":[{"id":"6fcee38","settings":{"title":"Get a free property report for local insights","title_color":"#000000","typography_typography":"custom","typography_font_size":{"unit":"px","size":34,"sizes":[]},"typography_line_height":{"unit":"em","size":1.5,"sizes":[]},"header_size":"h1","typography_letter_spacing":{"unit":"px","size":-1,"sizes":[]},"align":"center","typography_font_size_tablet":{"unit":"px","size":24,"sizes":[]}},"elements":[],"isInner":false,"widgetType":"heading","elType":"widget"},{"id":"343f605d","settings":{"editor":"<p>Our expert reports provide an insight into the local property market. Ensure you get the best deal for your home with our free property reports.<\/p>","align":"center","typography_typography":"custom","typography_font_size":{"unit":"px","size":20,"sizes":[]},"typography_line_height":{"unit":"em","size":1.5,"sizes":[]},"text_color":"#2F2F2F","typography_font_size_tablet":{"unit":"px","size":18,"sizes":[]}},"elements":[],"isInner":false,"widgetType":"text-editor","elType":"widget"}],"isInner":true,"elType":"column"}],"isInner":true,"elType":"section"},{"id":"7b5e775d","settings":{"structure":"30","gap":"wider","content_width":{"unit":"px","size":1015,"sizes":[]},"gap_columns_custom":{"unit":"px","size":407,"sizes":[]}},"elements":[{"id":"25fd9e66","settings":{"_column_size":33,"_inline_size":null},"elements":[{"id":"3bb06041","settings":{"selected_icon":{"value":{"url":"https:\/\/demo23.houzez.co\/wp-content\/uploads\/2022\/01\/agent-3@60x60.svg","id":21988},"library":"svg"},"title_text":"Market conditions","description_text":"Our analysts provide market trends to help you be the expert in your own home.","text_align":"center","title_bottom_space":{"unit":"px","size":17,"sizes":[]},"title_color":"#000000","title_typography_typography":"custom","title_typography_font_size":{"unit":"px","size":22,"sizes":[]},"title_typography_letter_spacing":{"unit":"px","size":-0.8,"sizes":[]},"description_color":"#2F2F2F","description_typography_typography":"custom","_margin":{"unit":"px","top":"0","right":"0","bottom":"10","left":"0","isLinked":false}},"elements":[],"isInner":false,"widgetType":"icon-box","elType":"widget"},{"id":"4be4c05c","settings":{"icon_list":[{"text":"Learn more","selected_icon":{"value":"","library":""},"_id":"6ad3048","link":{"url":"#","is_external":"","nofollow":"","custom_attributes":""}}],"space_between":{"unit":"px","size":5,"sizes":[]},"icon_color":"#088C98","text_color":"#DD3333","icon_typography_typography":"custom","icon_typography_font_weight":"bold","_margin":{"unit":"px","top":"-15","right":"0","bottom":"0","left":"0","isLinked":false},"icon_align":"center","icon_size":{"unit":"px","size":12,"sizes":[]},"icon_self_align":"center"},"elements":[],"isInner":false,"widgetType":"icon-list","elType":"widget"}],"isInner":true,"elType":"column"},{"id":"534623cd","settings":{"_column_size":33,"_inline_size":null},"elements":[{"id":"55fa350d","settings":{"selected_icon":{"value":{"url":"https:\/\/demo23.houzez.co\/wp-content\/uploads\/2022\/01\/footer-3@60x60.svg","id":22043},"library":"svg"},"title_text":"Homes Recently Sold","description_text":"Find expert opinion on homes recently sold to help make decisions on your purchase.","text_align":"center","title_bottom_space":{"unit":"px","size":17,"sizes":[]},"title_color":"#000000","title_typography_typography":"custom","title_typography_font_size":{"unit":"px","size":22,"sizes":[]},"title_typography_letter_spacing":{"unit":"px","size":-0.8,"sizes":[]},"description_color":"#2F2F2F","description_typography_typography":"custom","_margin":{"unit":"px","top":"0","right":"0","bottom":"10","left":"0","isLinked":false}},"elements":[],"isInner":false,"widgetType":"icon-box","elType":"widget"},{"id":"6defee0","settings":{"icon_list":[{"text":"Learn more","selected_icon":{"value":"","library":""},"_id":"6ad3048","link":{"url":"#","is_external":"","nofollow":"","custom_attributes":""}}],"space_between":{"unit":"px","size":5,"sizes":[]},"icon_color":"#088C98","text_color":"#DD3333","icon_typography_typography":"custom","icon_typography_font_weight":"bold","_margin":{"unit":"px","top":"-15","right":"0","bottom":"0","left":"0","isLinked":false},"icon_align":"center","icon_size":{"unit":"px","size":12,"sizes":[]},"icon_self_align":"center"},"elements":[],"isInner":false,"widgetType":"icon-list","elType":"widget"}],"isInner":true,"elType":"column"},{"id":"41f87fb","settings":{"_column_size":33,"_inline_size":null},"elements":[{"id":"3b999b4b","settings":{"selected_icon":{"value":{"url":"https:\/\/demo23.houzez.co\/wp-content\/uploads\/2022\/01\/footer-1@60x60.svg","id":22045},"library":"svg"},"title_text":"Average days on market","description_text":"Compare your home to the average home and get the average days on market with our experts.","text_align":"center","title_bottom_space":{"unit":"px","size":17,"sizes":[]},"title_color":"#000000","title_typography_typography":"custom","title_typography_font_size":{"unit":"px","size":22,"sizes":[]},"title_typography_letter_spacing":{"unit":"px","size":-0.8,"sizes":[]},"description_color":"#2F2F2F","description_typography_typography":"custom","_margin":{"unit":"px","top":"0","right":"0","bottom":"10","left":"0","isLinked":false}},"elements":[],"isInner":false,"widgetType":"icon-box","elType":"widget"},{"id":"1ff92c7e","settings":{"icon_list":[{"text":"Learn more","selected_icon":{"value":"","library":""},"_id":"6ad3048","link":{"url":"#","is_external":"","nofollow":"","custom_attributes":""}}],"space_between":{"unit":"px","size":5,"sizes":[]},"icon_color":"#088C98","text_color":"#DD3333","icon_typography_typography":"custom","icon_typography_font_weight":"bold","_margin":{"unit":"px","top":"-15","right":"0","bottom":"0","left":"0","isLinked":false},"icon_align":"center","icon_size":{"unit":"px","size":12,"sizes":[]},"icon_self_align":"center"},"elements":[],"isInner":false,"widgetType":"icon-list","elType":"widget"}],"isInner":true,"elType":"column"}],"isInner":true,"elType":"section"},{"id":"f216db7","settings":{"height":{"unit":"px","size":50,"sizes":[]}},"elements":[],"isInner":false,"widgetType":"houzez_elementor_space","elType":"widget"}],"isInner":false,"elType":"column"}],"isInner":false,"elType":"section"},{"id":"4e53ae6d","settings":{"background_background":"classic","background_color":"#FFFFFF"},"elements":[{"id":"47702a35","settings":{"_column_size":100,"_inline_size":null},"elements":[{"id":"5a83bd44","settings":{"structure":"20","gap":"wider","layout":"full_width","content_width":{"unit":"px","size":851,"sizes":[]},"content_position":"middle","border_border":"solid","border_width":{"unit":"px","top":"1","right":"1","bottom":"1","left":"1","isLinked":true},"border_color":"#E6E6E6","border_radius":{"unit":"px","top":"8","right":"8","bottom":"8","left":"8","isLinked":true},"box_shadow_box_shadow_type":"yes","box_shadow_box_shadow":{"horizontal":0,"vertical":60,"blur":60,"spread":0,"color":"rgba(0, 0, 0, 0.1)"},"padding":{"unit":"px","top":"50","right":"50","bottom":"50","left":"50","isLinked":true},"z_index":1,"padding_mobile":{"unit":"px","top":"20","right":"20","bottom":"20","left":"20","isLinked":true}},"elements":[{"id":"1d268e41","settings":{"_column_size":50,"_inline_size":null,"padding_mobile":{"unit":"px","top":"0","right":"0","bottom":"0","left":"0","isLinked":true}},"elements":[{"id":"1996b196","settings":{"image":{"url":"https:\/\/demo23.houzez.co\/wp-content\/uploads\/2022\/01\/brunette-businesswoman-portrait-2021-08-30-07-43-09-utc.jpg","id":21999,"alt":"","source":"library"},"image_size":"custom","image_custom_dimension":{"width":"200","height":"200"},"align":"left","_margin":{"unit":"px","top":"0","right":"0","bottom":"0","left":"-40","isLinked":false}},"elements":[],"isInner":false,"widgetType":"image","elType":"widget"},{"id":"62ea326d","settings":{"title":"Do you need an agent?","title_color":"#000000","typography_typography":"custom","typography_font_size":{"unit":"px","size":24,"sizes":[]},"typography_line_height":{"unit":"em","size":1.5,"sizes":[]},"align":"left","typography_letter_spacing":{"unit":"px","size":-1,"sizes":[]}},"elements":[],"isInner":false,"widgetType":"heading","elType":"widget"},{"id":"27284517","settings":{"editor":"<p>Buy or sell your home with Our agents. House prices, inspections, negotiations and other services are included in the house price.<\/p>","align":"left","typography_typography":"custom","typography_font_size":{"unit":"px","size":18,"sizes":[]},"typography_line_height":{"unit":"em","size":1.5,"sizes":[]},"text_color":"#2F2F2F"},"elements":[],"isInner":false,"widgetType":"text-editor","elType":"widget"},{"id":"8d2597a","settings":{"icon_list":[{"text":"(800) 987 6543","selected_icon":{"value":"fas fa-phone-alt","library":"fa-solid"},"_id":"add1ce4","link":{"url":"#","is_external":"","nofollow":"","custom_attributes":""}},{"text":"info@email.com","selected_icon":{"value":"fas fa-at","library":"fa-solid"},"_id":"6ad3048","link":{"url":"#","is_external":"","nofollow":"","custom_attributes":""}}],"space_between":{"unit":"px","size":5,"sizes":[]},"icon_color":"#088C98","text_color":"#088C98","icon_typography_typography":"custom","icon_typography_font_weight":"bold","_margin":{"unit":"px","top":"-20","right":"0","bottom":"0","left":"0","isLinked":false}},"elements":[],"isInner":false,"widgetType":"icon-list","elType":"widget"}],"isInner":true,"elType":"column"},{"id":"2024f42b","settings":{"_column_size":50,"_inline_size":null,"padding_mobile":{"unit":"px","top":"0","right":"0","bottom":"0","left":"0","isLinked":true}},"elements":[{"id":"7a08b4a1","settings":{"form_name":"New Form","form_fields":[{"_id":"ba74d26","field_type":"user_type","field_label":"Type","placeholder":"Select","field_options":"I want to buy\nI want to sell\n"},{"_id":"name","field_type":"name","field_label":"Name","placeholder":"Name"},{"_id":"email","field_type":"email","required":"true","field_label":"Email","placeholder":"Email","width":"50"},{"field_type":"mobile","field_label":"Phone","placeholder":"Phone","width":"50","_id":"ac2e031"},{"_id":"dc0a1ec","field_type":"city","field_label":"City","placeholder":"City"},{"_id":"message","field_type":"message","field_label":"Message","placeholder":"Message"}],"show_labels":"","gdpr_agreement":"yes","gdpr_label":"GDPR Agreement","gdpr_required":"true","gdpr_text":"I consent to having this website store my submitted information","button_text":"Submit","email_to":"hello@favethemes.com","email_subject":"New message from &quot;Houzez - Highly Customizable Real Estate WordPress Theme&quot;","field_typography_typography":"custom","field_gdpr_color":"#7A7A7A","gdpr_typography_typography":"custom","gdpr_typography_font_size":{"unit":"px","size":14,"sizes":[]},"_background_background":"classic","_background_color":"#FFFFFF","con_google_recaptcha":"yes","input_size":"md","button_size":"md","gdpr_typography_font_weight":"500","button_background_color":"#DD3333","button_typography_typography":"custom","button_typography_font_weight":"bold","button_background_hover_color":"#F43838","_margin_mobile":{"unit":"px","top":"30","right":"0","bottom":"0","left":"0","isLinked":false}},"elements":[],"isInner":false,"widgetType":"houzez_elementor_contact_form","elType":"widget"}],"isInner":true,"elType":"column"}],"isInner":true,"elType":"section"},{"id":"77b40964","settings":{"height":{"unit":"px","size":50,"sizes":[]}},"elements":[],"isInner":false,"widgetType":"houzez_elementor_space","elType":"widget"}],"isInner":false,"elType":"column"}],"isInner":false,"elType":"section"},{"id":"4e72598b","settings":{"background_color":"#FFFFFF","background_background":"classic"},"elements":[{"id":"5872149e","settings":{"_column_size":100,"_inline_size":null},"elements":[{"id":"3f0d1801","settings":{"height":{"unit":"px","size":30,"sizes":[]},"height_mobile":{"unit":"px","size":10,"sizes":[]}},"elements":[],"isInner":false,"widgetType":"houzez_elementor_space","elType":"widget"},{"id":"6032a0d6","settings":{"content_width":{"unit":"px","size":988,"sizes":[]},"layout":"full_width","structure":"20"},"elements":[{"id":"fe7b1e6","settings":{"_column_size":50,"_inline_size":60},"elements":[{"id":"5f8b75d","settings":{"title":"Here are the most frequently asked questions about selling your home","title_color":"#000000","typography_typography":"custom","typography_font_size":{"unit":"px","size":28,"sizes":[]},"typography_line_height":{"unit":"em","size":1.5,"sizes":[]},"header_size":"h1","typography_letter_spacing":{"unit":"px","size":-1,"sizes":[]},"align":"left","typography_font_size_tablet":{"unit":"px","size":24,"sizes":[]},"_padding":{"unit":"px","top":"0","right":"0","bottom":"0","left":"30","isLinked":false},"_border_border":"solid","_border_width":{"unit":"px","top":"0","right":"0","bottom":"0","left":"3","isLinked":false},"_border_color":"#DD3333","_border_radius":{"unit":"px","top":"0","right":"0","bottom":"0","left":"0","isLinked":true}},"elements":[],"isInner":false,"widgetType":"heading","elType":"widget"},{"id":"1450db18","settings":{"space":{"unit":"px","size":30,"sizes":[]}},"elements":[],"isInner":false,"widgetType":"spacer","elType":"widget"}],"isInner":true,"elType":"column"},{"id":"740f8fca","settings":{"_column_size":50,"_inline_size":39.957},"elements":[],"isInner":true,"elType":"column"}],"isInner":true,"elType":"section"},{"id":"35e6d07f","settings":{"gap":"extended","layout":"full_width","content_width":{"unit":"px","size":988,"sizes":[]}},"elements":[{"id":"5c05b0f5","settings":{"_column_size":100,"_inline_size":null},"elements":[{"id":"36e3d146","settings":{"align":"left","text":"Divider","color":"#C8C8C8","gap":{"unit":"px","size":2,"sizes":[]}},"elements":[],"isInner":false,"widgetType":"divider","elType":"widget"},{"id":"140db263","settings":{"tabs":[{"tab_title":"Do I have a good chance of selling my house?","tab_content":"<p>Lorem ipsum dolor sit amet, consectetur adipiscing elit. Integer ut libero non lacus tincidunt pulvinar. Aliquam quam diam, tempor ut sapien id, tristique pulvinar turpis. In placerat a nisl et dapibus. Vestibulum convallis, lacus id aliquam rutrum, nibh elit sagittis tortor, sit amet luctus metus nulla eget tellus. Vivamus aliquam sollicitudin tristique. Etiam ultricies elit in egestas convallis. Aliquam vel lectus quam. Vivamus pharetra quam in mi posuere, quis venenatis felis semper. Sed ultrices eget elit quis tempus. Donec auctor nisl est, ac ultrices elit bibendum nec.<\/p>","_id":"6bc3efb"},{"tab_title":"What information should I provide to buyers?","tab_content":"<p>Lorem ipsum dolor sit amet, consectetur adipiscing elit. Integer ut libero non lacus tincidunt pulvinar. Aliquam quam diam, tempor ut sapien id, tristique pulvinar turpis. In placerat a nisl et dapibus. Vestibulum convallis, lacus id aliquam rutrum, nibh elit sagittis tortor, sit amet luctus metus nulla eget tellus. Vivamus aliquam sollicitudin tristique. Etiam ultricies elit in egestas convallis. Aliquam vel lectus quam. Vivamus pharetra quam in mi posuere, quis venenatis felis semper. Sed ultrices eget elit quis tempus. Donec auctor nisl est, ac ultrices elit bibendum nec.<\/p>","_id":"abb28f8"},{"tab_title":"How much does a home inspection cost?","tab_content":"<p>Lorem ipsum dolor sit amet, consectetur adipiscing elit. Integer ut libero non lacus tincidunt pulvinar. Aliquam quam diam, tempor ut sapien id, tristique pulvinar turpis. In placerat a nisl et dapibus. Vestibulum convallis, lacus id aliquam rutrum, nibh elit sagittis tortor, sit amet luctus metus nulla eget tellus. Vivamus aliquam sollicitudin tristique. Etiam ultricies elit in egestas convallis. Aliquam vel lectus quam. Vivamus pharetra quam in mi posuere, quis venenatis felis semper. Sed ultrices eget elit quis tempus. Donec auctor nisl est, ac ultrices elit bibendum nec.<\/p>","_id":"9bc7ebd"}],"border_width":{"unit":"px","size":1,"sizes":[]},"space_between":{"unit":"px","size":15,"sizes":[]},"title_typography_typography":"custom","title_typography_font_size":{"unit":"px","size":18,"sizes":[]},"title_padding":{"unit":"px","top":"20","right":"0","bottom":"40","left":"0","isLinked":false},"icon_color":"#088C98","icon_space":{"unit":"px","size":10,"sizes":[]}},"elements":[],"isInner":false,"widgetType":"toggle","elType":"widget"}],"isInner":true,"elType":"column"}],"isInner":true,"elType":"section"},{"id":"735fd949","settings":[],"elements":[],"isInner":false,"widgetType":"spacer","elType":"widget"}],"isInner":false,"elType":"column"}],"isInner":false,"elType":"section"},{"id":"61be38c1","settings":{"layout":"full_width","background_color":"#FFFFFF","background_background":"classic"},"elements":[{"id":"71dba34c","settings":{"_column_size":100,"_inline_size":null},"elements":[{"id":"4c8a79af","settings":{"content_width":{"unit":"px","size":773,"sizes":[]}},"elements":[{"id":"6a418fe1","settings":{"_column_size":100,"_inline_size":null},"elements":[{"id":"172b771b","settings":{"title":"Get more tools to help you sell your home","title_color":"#000000","typography_typography":"custom","typography_font_size":{"unit":"px","size":34,"sizes":[]},"typography_line_height":{"unit":"em","size":1.5,"sizes":[]},"align":"center","typography_letter_spacing":{"unit":"px","size":-1,"sizes":[]},"typography_font_size_tablet":{"unit":"px","size":24,"sizes":[]}},"elements":[],"isInner":false,"widgetType":"heading","elType":"widget"},{"id":"5038b46e","settings":{"height":{"unit":"px","size":30,"sizes":[]}},"elements":[],"isInner":false,"widgetType":"houzez_elementor_space","elType":"widget"}],"isInner":true,"elType":"column"}],"isInner":true,"elType":"section"},{"id":"85418dc","settings":{"content_width":{"unit":"px","size":1600,"sizes":[]}},"elements":[{"id":"7f186683","settings":{"_column_size":100,"_inline_size":null},"elements":[{"id":"457b0362","settings":{"posts_limit":4,"show_author":"","box_padding_top":{"unit":"px","size":30,"sizes":[]},"box_padding_bottom":{"unit":"px","size":11,"sizes":[]},"image_margin":{"unit":"px","size":30,"sizes":[]},"title_typo_typography":"custom","title_typo_font_size":{"unit":"px","size":18,"sizes":[]},"title_typo_font_weight":"bold","title_margin_top":{"unit":"px","size":10,"sizes":[]},"title_margin_bottom":{"unit":"px","size":0,"sizes":[]},"content_typo_typography":"custom","content_typo_font_size":{"unit":"px","size":15,"sizes":[]},"content_margin_bottom":{"unit":"px","size":0,"sizes":[]},"postmeta_typo_typography":"custom","postmeta_typo_font_size":{"unit":"px","size":15,"sizes":[]},"postmeta_margin_top":{"unit":"px","size":7,"sizes":[]},"author_padding":{"unit":"px","top":"20","right":"30","bottom":"0","left":"30","isLinked":false}},"elements":[],"isInner":false,"widgetType":"houzez_elementor_blog_posts","elType":"widget"},{"id":"141942bd","settings":{"height":{"unit":"px","size":25,"sizes":[]}},"elements":[],"isInner":false,"widgetType":"houzez_elementor_space","elType":"widget"}],"isInner":true,"elType":"column"}],"isInner":true,"elType":"section"}],"isInner":false,"elType":"column"}],"isInner":false,"elType":"section"}],"page_settings":[],"version":"0.4","title":"Demo 23 - How much is my home worth","type":"page"}