{"content":[{"id":"595710c8","settings":{"layout":"full_width","gap":"no","background_background":"classic","background_color":"#838383","padding":{"unit":"px","top":"0","right":"15","bottom":"0","left":"15","isLinked":false},"height":"min-height","custom_height":{"unit":"px","size":500,"sizes":[]},"background_image":{"url":"https:\/\/demo23.houzez.co\/wp-content\/uploads\/2022\/02\/sell-02.jpg","id":43565,"alt":"","source":"library"},"background_position":"center center","background_size":"cover","background_overlay_color":"#000000","background_overlay_color_b":"#000000","background_overlay_gradient_angle":{"unit":"deg","size":340,"sizes":[]},"background_overlay_opacity":{"unit":"px","size":0.6,"sizes":[]},"shape_divider_bottom":"triangle-asymmetrical","shape_divider_bottom_width":{"unit":"%","size":100,"sizes":[]},"shape_divider_bottom_height":{"unit":"px","size":57,"sizes":[]},"shape_divider_bottom_negative":"yes","background_overlay_background":"classic","shape_divider_bottom_flip":"yes"},"elements":[{"id":"56eee007","settings":{"_column_size":100,"_inline_size":null},"elements":[{"id":"6458cb0f","settings":{"content_width":{"unit":"px","size":746,"sizes":[]},"margin_mobile":{"unit":"px","top":"60","right":0,"bottom":"0","left":0,"isLinked":false}},"elements":[{"id":"15a7963a","settings":{"_column_size":100,"_inline_size":null},"elements":[{"id":"1c6304af","settings":{"title":"We help people sell their homes","title_color":"#FFFFFF","typography_typography":"custom","typography_font_size":{"unit":"px","size":36,"sizes":[]},"typography_line_height":{"unit":"em","size":1.4,"sizes":[]},"header_size":"h1","typography_letter_spacing":{"unit":"px","size":-0.9,"sizes":[]},"align":"center","typography_font_size_tablet":{"unit":"px","size":30,"sizes":[]},"typography_font_size_mobile":{"unit":"px","size":25,"sizes":[]},"typography_line_height_mobile":{"unit":"em","size":1.2,"sizes":[]}},"elements":[],"isInner":false,"widgetType":"heading","elType":"widget"},{"id":"38c4a90b","settings":{"editor":"<p>Search for homes online, get insights about your neighborhood no matter where you live, and find the best mortgage options.<\/p>","align":"center","typography_typography":"custom","typography_font_size":{"unit":"px","size":20,"sizes":[]},"typography_line_height":{"unit":"em","size":1.5,"sizes":[]},"text_color":"#FFFFFF","typography_font_size_tablet":{"unit":"px","size":18,"sizes":[]}},"elements":[],"isInner":false,"widgetType":"text-editor","elType":"widget"},{"id":"6500e70c","settings":{"text":"Contact us today","align":"center","size":"md","typography_typography":"custom","typography_font_weight":"bold","background_color":"#DD3333","button_background_hover_color":"#F43838"},"elements":[],"isInner":false,"widgetType":"button","elType":"widget"}],"isInner":true,"elType":"column"}],"isInner":true,"elType":"section"}],"isInner":false,"elType":"column"}],"isInner":false,"elType":"section"},{"id":"45584d01","settings":{"layout":"full_width","background_background":"classic","background_color":"#FFFFFF"},"elements":[{"id":"2304d7b4","settings":{"_column_size":100,"_inline_size":null},"elements":[{"id":"47ae9569","settings":{"height":{"unit":"px","size":25,"sizes":[]},"height_mobile":{"unit":"px","size":10,"sizes":[]}},"elements":[],"isInner":false,"widgetType":"houzez_elementor_space","elType":"widget"},{"id":"12c53750","settings":{"content_width":{"unit":"px","size":1021,"sizes":[]}},"elements":[{"id":"7ce0a66e","settings":{"_column_size":100,"_inline_size":null},"elements":[{"id":"5bd4dd73","settings":{"title":"How it works","title_color":"#000000","typography_typography":"custom","typography_font_size":{"unit":"px","size":34,"sizes":[]},"typography_line_height":{"unit":"em","size":1.5,"sizes":[]},"header_size":"h1","typography_letter_spacing":{"unit":"px","size":-1,"sizes":[]},"align":"center","typography_font_size_tablet":{"unit":"px","size":24,"sizes":[]}},"elements":[],"isInner":false,"widgetType":"heading","elType":"widget"}],"isInner":true,"elType":"column"}],"isInner":true,"elType":"section"},{"id":"28384f61","settings":{"structure":"30","gap":"wider","content_width":{"unit":"px","size":1300,"sizes":[]},"gap_columns_custom":{"unit":"px","size":407,"sizes":[]}},"elements":[{"id":"6760f95b","settings":{"_column_size":33,"_inline_size":null},"elements":[{"id":"3b03e660","settings":{"selected_icon":{"value":{"url":"https:\/\/demo23.houzez.co\/wp-content\/uploads\/2022\/01\/agent-2@60x60.svg","id":21986},"library":"svg"},"title_text":"Get in touch with an expert","description_text":"We teach people about the selling process. We know how to find the right local agent for you, no matter what your needs are.","text_align":"center","title_bottom_space":{"unit":"px","size":17,"sizes":[]},"title_color":"#000000","title_typography_typography":"custom","title_typography_font_size":{"unit":"px","size":22,"sizes":[]},"title_typography_letter_spacing":{"unit":"px","size":-0.8,"sizes":[]},"description_color":"#2F2F2F","description_typography_typography":"custom","_margin":{"unit":"px","top":"0","right":"0","bottom":"10","left":"0","isLinked":false}},"elements":[],"isInner":false,"widgetType":"icon-box","elType":"widget"},{"id":"9600b26","settings":{"icon_list":[{"text":"Learn more","selected_icon":{"value":"","library":""},"_id":"6ad3048","link":{"url":"#","is_external":"","nofollow":"","custom_attributes":""}}],"space_between":{"unit":"px","size":5,"sizes":[]},"icon_color":"#088C98","text_color":"#DD3333","icon_typography_typography":"custom","icon_typography_font_weight":"bold","_margin":{"unit":"px","top":"-15","right":"0","bottom":"0","left":"0","isLinked":false},"icon_align":"center","icon_size":{"unit":"px","size":12,"sizes":[]},"icon_self_align":"center"},"elements":[],"isInner":false,"widgetType":"icon-list","elType":"widget"}],"isInner":true,"elType":"column"},{"id":"357c6d0","settings":{"_column_size":33,"_inline_size":null},"elements":[{"id":"58dc149c","settings":{"selected_icon":{"value":{"url":"https:\/\/demo23.houzez.co\/wp-content\/uploads\/2022\/01\/footer-1@60x60.svg","id":22045},"library":"svg"},"title_text":"List your home online","description_text":"If you are ready to sell your home, we can help. Start by filling out a form on our website and get a free evaluation from one of our agents.","text_align":"center","title_bottom_space":{"unit":"px","size":17,"sizes":[]},"title_color":"#000000","title_typography_typography":"custom","title_typography_font_size":{"unit":"px","size":22,"sizes":[]},"title_typography_letter_spacing":{"unit":"px","size":-0.8,"sizes":[]},"description_color":"#2F2F2F","description_typography_typography":"custom","_margin":{"unit":"px","top":"0","right":"0","bottom":"10","left":"0","isLinked":false}},"elements":[],"isInner":false,"widgetType":"icon-box","elType":"widget"},{"id":"56f40904","settings":{"icon_list":[{"text":"Learn more","selected_icon":{"value":"","library":""},"_id":"6ad3048","link":{"url":"#","is_external":"","nofollow":"","custom_attributes":""}}],"space_between":{"unit":"px","size":5,"sizes":[]},"icon_color":"#088C98","text_color":"#DD3333","icon_typography_typography":"custom","icon_typography_font_weight":"bold","_margin":{"unit":"px","top":"-15","right":"0","bottom":"0","left":"0","isLinked":false},"icon_align":"center","icon_size":{"unit":"px","size":12,"sizes":[]},"icon_self_align":"center"},"elements":[],"isInner":false,"widgetType":"icon-list","elType":"widget"}],"isInner":true,"elType":"column"},{"id":"2cfdccaa","settings":{"_column_size":33,"_inline_size":null},"elements":[{"id":"1a649c92","settings":{"selected_icon":{"value":{"url":"https:\/\/demo23.houzez.co\/wp-content\/uploads\/2022\/01\/footer-3@60x60.svg","id":22043},"library":"svg"},"title_text":"Get offers from buyers","description_text":"View offers from buyers and our agents will help you sell your home. We'll make sure you get the best offer in a timely manner.","text_align":"center","title_bottom_space":{"unit":"px","size":17,"sizes":[]},"title_color":"#000000","title_typography_typography":"custom","title_typography_font_size":{"unit":"px","size":22,"sizes":[]},"title_typography_letter_spacing":{"unit":"px","size":-0.8,"sizes":[]},"description_color":"#2F2F2F","description_typography_typography":"custom","_margin":{"unit":"px","top":"0","right":"0","bottom":"10","left":"0","isLinked":false}},"elements":[],"isInner":false,"widgetType":"icon-box","elType":"widget"},{"id":"356b98fa","settings":{"icon_list":[{"text":"Learn more","selected_icon":{"value":"","library":""},"_id":"6ad3048","link":{"url":"#","is_external":"","nofollow":"","custom_attributes":""}}],"space_between":{"unit":"px","size":5,"sizes":[]},"icon_color":"#088C98","text_color":"#DD3333","icon_typography_typography":"custom","icon_typography_font_weight":"bold","_margin":{"unit":"px","top":"-15","right":"0","bottom":"0","left":"0","isLinked":false},"icon_align":"center","icon_size":{"unit":"px","size":12,"sizes":[]},"icon_self_align":"center"},"elements":[],"isInner":false,"widgetType":"icon-list","elType":"widget"}],"isInner":true,"elType":"column"}],"isInner":true,"elType":"section"},{"id":"335b039d","settings":{"height":{"unit":"px","size":50,"sizes":[]}},"elements":[],"isInner":false,"widgetType":"houzez_elementor_space","elType":"widget"}],"isInner":false,"elType":"column"}],"isInner":false,"elType":"section"},{"id":"533a3218","settings":{"background_background":"classic","background_color":"#FFFFFF"},"elements":[{"id":"737a50d8","settings":{"_column_size":100,"_inline_size":null},"elements":[{"id":"2eea3e41","settings":{"structure":"20","gap":"wider","layout":"full_width","content_width":{"unit":"px","size":851,"sizes":[]},"content_position":"middle","border_border":"solid","border_width":{"unit":"px","top":"1","right":"1","bottom":"1","left":"1","isLinked":true},"border_color":"#E6E6E6","border_radius":{"unit":"px","top":"8","right":"8","bottom":"8","left":"8","isLinked":true},"box_shadow_box_shadow_type":"yes","box_shadow_box_shadow":{"horizontal":0,"vertical":60,"blur":60,"spread":0,"color":"rgba(0, 0, 0, 0.1)"},"padding":{"unit":"px","top":"50","right":"50","bottom":"50","left":"50","isLinked":true},"z_index":1,"padding_mobile":{"unit":"px","top":"20","right":"20","bottom":"20","left":"20","isLinked":true}},"elements":[{"id":"2ae4fe9d","settings":{"_column_size":50,"_inline_size":null,"padding_mobile":{"unit":"px","top":"0","right":"0","bottom":"0","left":"0","isLinked":true}},"elements":[{"id":"b1e0339","settings":{"image":{"url":"https:\/\/demo23.houzez.co\/wp-content\/uploads\/2022\/01\/brunette-businesswoman-portrait-2021-08-30-07-43-09-utc.jpg","id":21999,"alt":"","source":"library"},"image_size":"custom","image_custom_dimension":{"width":"200","height":"200"},"align":"left","_margin":{"unit":"px","top":"0","right":"0","bottom":"0","left":"-40","isLinked":false}},"elements":[],"isInner":false,"widgetType":"image","elType":"widget"},{"id":"a20faf9","settings":{"title":"Do you need an agent?","title_color":"#000000","typography_typography":"custom","typography_font_size":{"unit":"px","size":24,"sizes":[]},"typography_line_height":{"unit":"em","size":1.5,"sizes":[]},"align":"left","typography_letter_spacing":{"unit":"px","size":-1,"sizes":[]}},"elements":[],"isInner":false,"widgetType":"heading","elType":"widget"},{"id":"5123d598","settings":{"editor":"<p>Buy or sell your home with Our agents. House prices, inspections, negotiations and other services are included in the house price.<\/p>","align":"left","typography_typography":"custom","typography_font_size":{"unit":"px","size":18,"sizes":[]},"typography_line_height":{"unit":"em","size":1.5,"sizes":[]},"text_color":"#2F2F2F"},"elements":[],"isInner":false,"widgetType":"text-editor","elType":"widget"},{"id":"3543f5cf","settings":{"icon_list":[{"text":"(800) 987 6543","selected_icon":{"value":"fas fa-phone-alt","library":"fa-solid"},"_id":"add1ce4","link":{"url":"#","is_external":"","nofollow":"","custom_attributes":""}},{"text":"info@email.com","selected_icon":{"value":"fas fa-at","library":"fa-solid"},"_id":"6ad3048","link":{"url":"#","is_external":"","nofollow":"","custom_attributes":""}}],"space_between":{"unit":"px","size":5,"sizes":[]},"icon_color":"#088C98","text_color":"#088C98","icon_typography_typography":"custom","icon_typography_font_weight":"bold","_margin":{"unit":"px","top":"-20","right":"0","bottom":"0","left":"0","isLinked":false}},"elements":[],"isInner":false,"widgetType":"icon-list","elType":"widget"}],"isInner":true,"elType":"column"},{"id":"59e1af41","settings":{"_column_size":50,"_inline_size":null,"padding_mobile":{"unit":"px","top":"0","right":"0","bottom":"0","left":"0","isLinked":true}},"elements":[{"id":"50b48e8c","settings":{"form_name":"New Form","form_fields":[{"_id":"ba74d26","field_type":"user_type","field_label":"Type","placeholder":"Select","field_options":"I want to buy\nI want to sell\n"},{"_id":"name","field_type":"name","field_label":"Name","placeholder":"Name"},{"_id":"email","field_type":"email","required":"true","field_label":"Email","placeholder":"Email","width":"50"},{"field_type":"mobile","field_label":"Phone","placeholder":"Phone","width":"50","_id":"ac2e031"},{"_id":"dc0a1ec","field_type":"city","field_label":"City","placeholder":"City"},{"_id":"message","field_type":"message","field_label":"Message","placeholder":"Message"}],"show_labels":"","gdpr_agreement":"yes","gdpr_label":"GDPR Agreement","gdpr_required":"true","gdpr_text":"I consent to having this website store my submitted information","button_text":"Submit","email_to":"hello@favethemes.com","email_subject":"New message from &quot;Houzez - Highly Customizable Real Estate WordPress Theme&quot;","field_typography_typography":"custom","field_gdpr_color":"#7A7A7A","gdpr_typography_typography":"custom","gdpr_typography_font_size":{"unit":"px","size":14,"sizes":[]},"_background_background":"classic","_background_color":"#FFFFFF","con_google_recaptcha":"yes","input_size":"md","button_size":"md","gdpr_typography_font_weight":"500","button_background_color":"#DD3333","button_typography_typography":"custom","button_typography_font_weight":"bold","button_background_hover_color":"#F43838","_margin_mobile":{"unit":"px","top":"30","right":"0","bottom":"0","left":"0","isLinked":false}},"elements":[],"isInner":false,"widgetType":"houzez_elementor_contact_form","elType":"widget"}],"isInner":true,"elType":"column"}],"isInner":true,"elType":"section"},{"id":"27402a26","settings":{"height":{"unit":"px","size":50,"sizes":[]}},"elements":[],"isInner":false,"widgetType":"houzez_elementor_space","elType":"widget"}],"isInner":false,"elType":"column"}],"isInner":false,"elType":"section"},{"id":"3087ef91","settings":{"background_color":"#FFFFFF","background_background":"classic"},"elements":[{"id":"23c41350","settings":{"_column_size":100,"_inline_size":null},"elements":[{"id":"5bbbf264","settings":{"height":{"unit":"px","size":30,"sizes":[]},"height_mobile":{"unit":"px","size":10,"sizes":[]}},"elements":[],"isInner":false,"widgetType":"houzez_elementor_space","elType":"widget"},{"id":"1634e0a4","settings":{"content_width":{"unit":"px","size":988,"sizes":[]},"layout":"full_width","structure":"20"},"elements":[{"id":"2dbb72e6","settings":{"_column_size":50,"_inline_size":60},"elements":[{"id":"5d27ba7b","settings":{"title":"Here are the most frequently asked questions about selling your home","title_color":"#000000","typography_typography":"custom","typography_font_size":{"unit":"px","size":28,"sizes":[]},"typography_line_height":{"unit":"em","size":1.5,"sizes":[]},"header_size":"h1","typography_letter_spacing":{"unit":"px","size":-1,"sizes":[]},"align":"left","typography_font_size_tablet":{"unit":"px","size":24,"sizes":[]},"_padding":{"unit":"px","top":"0","right":"0","bottom":"0","left":"30","isLinked":false},"_border_border":"solid","_border_width":{"unit":"px","top":"0","right":"0","bottom":"0","left":"3","isLinked":false},"_border_color":"#DD3333","_border_radius":{"unit":"px","top":"0","right":"0","bottom":"0","left":"0","isLinked":true}},"elements":[],"isInner":false,"widgetType":"heading","elType":"widget"},{"id":"62f1e4f7","settings":{"space":{"unit":"px","size":30,"sizes":[]}},"elements":[],"isInner":false,"widgetType":"spacer","elType":"widget"}],"isInner":true,"elType":"column"},{"id":"7b6dc577","settings":{"_column_size":50,"_inline_size":39.957},"elements":[],"isInner":true,"elType":"column"}],"isInner":true,"elType":"section"},{"id":"cdb343b","settings":{"gap":"extended","layout":"full_width","content_width":{"unit":"px","size":988,"sizes":[]}},"elements":[{"id":"417bf185","settings":{"_column_size":100,"_inline_size":null},"elements":[{"id":"6ba6b5ff","settings":{"align":"left","text":"Divider","color":"#C8C8C8","gap":{"unit":"px","size":2,"sizes":[]}},"elements":[],"isInner":false,"widgetType":"divider","elType":"widget"},{"id":"30655741","settings":{"tabs":[{"tab_title":"Do I have a good chance of selling my house?","tab_content":"<p>Lorem ipsum dolor sit amet, consectetur adipiscing elit. Integer ut libero non lacus tincidunt pulvinar. Aliquam quam diam, tempor ut sapien id, tristique pulvinar turpis. In placerat a nisl et dapibus. Vestibulum convallis, lacus id aliquam rutrum, nibh elit sagittis tortor, sit amet luctus metus nulla eget tellus. Vivamus aliquam sollicitudin tristique. Etiam ultricies elit in egestas convallis. Aliquam vel lectus quam. Vivamus pharetra quam in mi posuere, quis venenatis felis semper. Sed ultrices eget elit quis tempus. Donec auctor nisl est, ac ultrices elit bibendum nec.<\/p>","_id":"6bc3efb"},{"tab_title":"What information should I provide to buyers?","tab_content":"<p>Lorem ipsum dolor sit amet, consectetur adipiscing elit. Integer ut libero non lacus tincidunt pulvinar. Aliquam quam diam, tempor ut sapien id, tristique pulvinar turpis. In placerat a nisl et dapibus. Vestibulum convallis, lacus id aliquam rutrum, nibh elit sagittis tortor, sit amet luctus metus nulla eget tellus. Vivamus aliquam sollicitudin tristique. Etiam ultricies elit in egestas convallis. Aliquam vel lectus quam. Vivamus pharetra quam in mi posuere, quis venenatis felis semper. Sed ultrices eget elit quis tempus. Donec auctor nisl est, ac ultrices elit bibendum nec.<\/p>","_id":"abb28f8"},{"tab_title":"How much does a home inspection cost?","tab_content":"<p>Lorem ipsum dolor sit amet, consectetur adipiscing elit. Integer ut libero non lacus tincidunt pulvinar. Aliquam quam diam, tempor ut sapien id, tristique pulvinar turpis. In placerat a nisl et dapibus. Vestibulum convallis, lacus id aliquam rutrum, nibh elit sagittis tortor, sit amet luctus metus nulla eget tellus. Vivamus aliquam sollicitudin tristique. Etiam ultricies elit in egestas convallis. Aliquam vel lectus quam. Vivamus pharetra quam in mi posuere, quis venenatis felis semper. Sed ultrices eget elit quis tempus. Donec auctor nisl est, ac ultrices elit bibendum nec.<\/p>","_id":"9bc7ebd"}],"border_width":{"unit":"px","size":1,"sizes":[]},"space_between":{"unit":"px","size":15,"sizes":[]},"title_typography_typography":"custom","title_typography_font_size":{"unit":"px","size":18,"sizes":[]},"title_padding":{"unit":"px","top":"20","right":"0","bottom":"40","left":"0","isLinked":false},"icon_color":"#088C98","icon_space":{"unit":"px","size":10,"sizes":[]}},"elements":[],"isInner":false,"widgetType":"toggle","elType":"widget"}],"isInner":true,"elType":"column"}],"isInner":true,"elType":"section"},{"id":"5f7674ff","settings":[],"elements":[],"isInner":false,"widgetType":"spacer","elType":"widget"}],"isInner":false,"elType":"column"}],"isInner":false,"elType":"section"},{"id":"da96238","settings":{"layout":"full_width","background_color":"#FFFFFF","background_background":"classic"},"elements":[{"id":"37f6de1b","settings":{"_column_size":100,"_inline_size":null},"elements":[{"id":"659b4bc9","settings":{"content_width":{"unit":"px","size":773,"sizes":[]}},"elements":[{"id":"45d17231","settings":{"_column_size":100,"_inline_size":null},"elements":[{"id":"61841b63","settings":{"title":"Get more tools to help you sell your home","title_color":"#000000","typography_typography":"custom","typography_font_size":{"unit":"px","size":34,"sizes":[]},"typography_line_height":{"unit":"em","size":1.5,"sizes":[]},"align":"center","typography_letter_spacing":{"unit":"px","size":-1,"sizes":[]},"typography_font_size_tablet":{"unit":"px","size":24,"sizes":[]}},"elements":[],"isInner":false,"widgetType":"heading","elType":"widget"},{"id":"4fb0389d","settings":{"height":{"unit":"px","size":30,"sizes":[]}},"elements":[],"isInner":false,"widgetType":"houzez_elementor_space","elType":"widget"}],"isInner":true,"elType":"column"}],"isInner":true,"elType":"section"},{"id":"57637e94","settings":{"content_width":{"unit":"px","size":1600,"sizes":[]}},"elements":[{"id":"2b631cb8","settings":{"_column_size":100,"_inline_size":null},"elements":[{"id":"2ca55a96","settings":{"posts_limit":4,"show_author":"","box_padding_top":{"unit":"px","size":30,"sizes":[]},"box_padding_bottom":{"unit":"px","size":11,"sizes":[]},"image_margin":{"unit":"px","size":30,"sizes":[]},"title_typo_typography":"custom","title_typo_font_size":{"unit":"px","size":18,"sizes":[]},"title_typo_font_weight":"bold","title_margin_top":{"unit":"px","size":10,"sizes":[]},"title_margin_bottom":{"unit":"px","size":0,"sizes":[]},"content_typo_typography":"custom","content_typo_font_size":{"unit":"px","size":15,"sizes":[]},"content_margin_bottom":{"unit":"px","size":0,"sizes":[]},"postmeta_typo_typography":"custom","postmeta_typo_font_size":{"unit":"px","size":15,"sizes":[]},"postmeta_margin_top":{"unit":"px","size":7,"sizes":[]},"author_padding":{"unit":"px","top":"20","right":"30","bottom":"0","left":"30","isLinked":false}},"elements":[],"isInner":false,"widgetType":"houzez_elementor_blog_posts","elType":"widget"},{"id":"1b50c7f6","settings":{"height":{"unit":"px","size":25,"sizes":[]}},"elements":[],"isInner":false,"widgetType":"houzez_elementor_space","elType":"widget"}],"isInner":true,"elType":"column"}],"isInner":true,"elType":"section"}],"isInner":false,"elType":"column"}],"isInner":false,"elType":"section"}],"page_settings":[],"version":"0.4","title":"Demo 23 - Sell with us","type":"page"}