{"content":[{"id":"3640cd6e","settings":{"margin":{"unit":"px","top":"0","right":0,"bottom":"0","left":0,"isLinked":false},"__globals__":{"background_color":""},"content_position":"middle","background_background":"slideshow","background_color":"#FFFFFF","content_width":{"unit":"px","size":1400,"sizes":[]},"height":"min-height","custom_height":{"unit":"px","size":789,"sizes":[]},"background_image":{"url":"","id":"","alt":"","source":"library"},"background_position":"center left","background_repeat":"no-repeat","background_size":"contain","background_overlay_color":"#000000","background_slideshow_gallery":[{"id":17813,"url":"https:\/\/demo27.houzez.co\/wp-content\/uploads\/2020\/04\/0014.jpg"},{"id":17801,"url":"https:\/\/demo27.houzez.co\/wp-content\/uploads\/2020\/04\/0002.jpg"},{"id":17820,"url":"https:\/\/demo27.houzez.co\/wp-content\/uploads\/2020\/04\/0021.jpg"}],"background_overlay_background":"classic","background_slideshow_ken_burns":"yes","background_overlay_opacity":{"unit":"px","size":0.34,"sizes":[]}},"elements":[{"id":"57a45ea0","settings":{"_column_size":100,"_inline_size":null,"background_background":"slideshow","background_position":"initial","background_repeat":"no-repeat","background_size":"cover","background_ypos":{"unit":"px","size":-50,"sizes":[]},"background_slideshow_ken_burns":"yes","background_overlay_background":"classic","background_overlay_color":"#FFFFFF","background_slideshow_background_size":"cover","border_border":"solid","border_width":{"unit":"px","top":"0","right":"0","bottom":"0","left":"0","isLinked":true},"padding_tablet":{"unit":"px","top":"40","right":"40","bottom":"40","left":"40","isLinked":true}},"elements":[{"id":"2b696420","settings":{"custom_height_inner":{"unit":"px","size":590,"sizes":[]},"content_position":"middle","background_background":"classic","background_position":"center center","background_repeat":"no-repeat","background_size":"cover","background_overlay_color_b":"#FFFFFF00","background_overlay_gradient_angle":{"unit":"deg","size":90,"sizes":[]},"background_overlay_opacity":{"unit":"px","size":0.66,"sizes":[]},"__globals__":{"background_overlay_color":"globals\/colors?id=6dd1783"},"gap":"no","background_image":{"url":"","id":"","alt":"","source":"library"},"content_width":{"unit":"px","size":905,"sizes":[]}},"elements":[{"id":"42de977f","settings":{"_column_size":100,"_inline_size":null,"space_between_widgets":10},"elements":[{"id":"2c5aee9a","settings":{"title":"land and farm for sale","typography_typography":"custom","typography_letter_spacing":{"unit":"px","size":-1,"sizes":[]},"__globals__":{"title_color":""},"typography_font_size":{"unit":"px","size":54,"sizes":[]},"typography_line_height":{"unit":"em","size":1.3,"sizes":[]},"_animation":"fadeIn","align_mobile":"center","typography_font_size_mobile":{"unit":"px","size":36,"sizes":[]},"title_color":"#FFFFFF","_margin":{"unit":"px","top":"0","right":"0","bottom":"0","left":"0","isLinked":false},"header_size":"h1","align":"center"},"elements":[],"isInner":false,"widgetType":"heading","elType":"widget"},{"id":"10d94b86","settings":{"typography_typography":"custom","typography_font_size":{"unit":"px","size":20,"sizes":[]},"typography_line_height":{"unit":"em","size":1.6,"sizes":[]},"__globals__":{"text_color":""},"editor":"<p>Find your perfect piece of land by searching by location, price, and features.&nbsp;<\/p>","text_color":"#FFFFFF","_animation":"fadeIn","_animation_delay":250,"align_mobile":"center","_margin_mobile":{"unit":"px","top":"0","right":"0","bottom":"0","left":"0","isLinked":true},"_padding_mobile":{"unit":"px","top":"0","right":"0","bottom":"0","left":"0","isLinked":true},"align":"center"},"elements":[],"isInner":false,"widgetType":"text-editor","elType":"widget"},{"id":"2d4bf40d","settings":{"form_fields":[{"_id":"4b30271","field_type":"keyword","field_label":"Search","placeholder":"Search keyword","price_from_text":"From","price_to_text":"To","width":"35","selected_count_text":"items selected"},{"_id":"field-types","field_type":"type[]","field_label":"Looking for","placeholder":"Property Type","is_multiple":"true","select_all_btns":"true","selected_count_text":"types selected","width":"25","width_mobile":"100","price_from_text":"From","price_to_text":"To"},{"field_type":"location[]","field_label":"Location","placeholder":"All Cities","price_from_text":"From","price_to_text":"To","width":"25","selected_count_text":"items selected","_id":"6b0017d"},{"_id":"field-search-btn","field_type":"search-button","field_label":"Search Button","placeholder":"Search","width":"15","price_from_text":"From","price_to_text":"To","selected_count_text":"items selected"}],"show_tabs":"","status_data":["for-rent","for-sale"],"tabs_all_text":"All Status","tabs_padding":{"unit":"px","top":"10","right":"21","bottom":"10","left":"25","isLinked":false},"form_background_color":"#FFFFFF","form_padding":{"unit":"px","top":"13","right":"8","bottom":"2","left":"8","isLinked":false},"label_color":"#000000","label_typography_typography":"custom","label_typography_font_size":{"unit":"px","size":12,"sizes":[]},"label_typography_font_weight":"500","label_typography_text_transform":"uppercase","form_radius":{"unit":"px","top":"40","right":"40","bottom":"40","left":"40","isLinked":true},"box_shadow_box_shadow_type":"yes","box_shadow_box_shadow":{"horizontal":0,"vertical":20,"blur":40,"spread":0,"color":"rgba(0, 0, 0, 0.1)"},"tabs_margin":{"unit":"px","top":"0","right":"1","bottom":"0","left":"1","isLinked":false},"form_padding_tablet":{"unit":"px","top":"8","right":"24","bottom":"8","left":"5","isLinked":false},"field_background_color":"#F3F3F3","houzez_search_tabs_align":"","button_text_color":"#FFFFFF","_margin":{"unit":"px","top":"0","right":"0","bottom":"0","left":"0","isLinked":false},"_z_index":1,"__globals__":{"button_text_color":"","button_background_color":"","search_tabs_bg_color":"","button_background_hover_color":"","button_hover_color":""},"_animation":"fadeIn","_animation_delay":500,"search_tabs_bg_color":"#FF6333","button_background_color":"#28A77C","button_background_hover_color":"#FF7800","_margin_mobile":{"unit":"px","top":"0","right":"0","bottom":"0","left":"0","isLinked":true},"_padding_mobile":{"unit":"px","top":"0","right":"0","bottom":"0","left":"0","isLinked":true},"button_hover_color":"#FFFFFF","input_size":"md","button_size":"md","field_border_color":"#FFFFFF","field_border_radius":{"unit":"px","top":"32","right":"32","bottom":"32","left":"32","isLinked":true},"button_border_radius":{"unit":"px","top":"32","right":"32","bottom":"32","left":"32","isLinked":true},"border_border":"solid","border_width":{"unit":"px","top":"1","right":"1","bottom":"1","left":"1","isLinked":true},"border_color":"#F4F4F4","field_typography_typography":"custom","field_typography_font_size":{"unit":"px","size":16,"sizes":[]},"row_gap_tablet":{"unit":"px","size":0,"sizes":[]}},"elements":[],"isInner":false,"widgetType":"houzez_elementor_search_builder","elType":"widget"}],"isInner":true,"elType":"column"}],"isInner":true,"elType":"section"}],"isInner":false,"elType":"column"}],"isInner":false,"elType":"section"},{"id":"31698469","settings":{"content_width":{"unit":"px","size":1370,"sizes":[]},"background_background":"classic","background_color":"#FFFFFF","border_border":"solid","border_width":{"unit":"px","top":"8","right":"0","bottom":"0","left":"0","isLinked":false},"border_color":"#28A77C","padding":{"unit":"px","top":"0","right":"0","bottom":"0","left":"0","isLinked":false}},"elements":[{"id":"8fa382e","settings":{"_column_size":100,"_inline_size":null},"elements":[{"id":"27a8cb41","settings":{"space":{"unit":"px","size":30,"sizes":[]}},"elements":[],"isInner":false,"widgetType":"spacer","elType":"widget"},{"id":"375d2177","settings":{"layout":"full_width","structure":"50"},"elements":[{"id":"73969c4a","settings":{"_column_size":20,"_inline_size":null},"elements":[{"id":"1a6145e3","settings":{"image":{"url":"https:\/\/demo27.houzez.co\/wp-content\/uploads\/2016\/03\/partner-04-e1582734649458.jpg","id":1121,"alt":"","source":"library"},"_animation":"fadeIn"},"elements":[],"isInner":false,"widgetType":"image","elType":"widget"}],"isInner":true,"elType":"column"},{"id":"320b34d2","settings":{"_column_size":20,"_inline_size":null},"elements":[{"id":"43f8b090","settings":{"image":{"url":"https:\/\/demo27.houzez.co\/wp-content\/uploads\/2016\/03\/partner-02-e1582734691936.jpg","id":1119,"alt":"","source":"library"},"_animation":"fadeIn","_animation_delay":250},"elements":[],"isInner":false,"widgetType":"image","elType":"widget"}],"isInner":true,"elType":"column"},{"id":"5065c95a","settings":{"_column_size":20,"_inline_size":null},"elements":[{"id":"71024014","settings":{"image":{"url":"https:\/\/demo27.houzez.co\/wp-content\/uploads\/2016\/03\/partner-01-e1582734705113.jpg","id":1118,"alt":"","source":"library"},"_animation":"fadeIn","_animation_delay":500},"elements":[],"isInner":false,"widgetType":"image","elType":"widget"}],"isInner":true,"elType":"column"},{"id":"6fda4775","settings":{"_column_size":20,"_inline_size":null},"elements":[{"id":"918adae","settings":{"image":{"url":"https:\/\/demo27.houzez.co\/wp-content\/uploads\/2016\/03\/partner-05-e1582734603812.jpg","id":1122,"alt":"","source":"library"},"_animation":"fadeIn","_animation_delay":750},"elements":[],"isInner":false,"widgetType":"image","elType":"widget"}],"isInner":true,"elType":"column"},{"id":"6e74fc26","settings":{"_column_size":20,"_inline_size":null},"elements":[{"id":"eb68102","settings":{"image":{"url":"https:\/\/demo27.houzez.co\/wp-content\/uploads\/2016\/03\/partner-03-e1582734671602.jpg","id":1120,"alt":"","source":"library"},"_animation":"fadeIn","_animation_delay":1000},"elements":[],"isInner":false,"widgetType":"image","elType":"widget"}],"isInner":true,"elType":"column"}],"isInner":true,"elType":"section"}],"isInner":false,"elType":"column"}],"isInner":false,"elType":"section"},{"id":"368e57f2","settings":{"content_width":{"unit":"px","size":1400,"sizes":[]},"background_background":"classic","background_color":"#FFFFFF","layout":"full_width","background_color_b":"#F7F8F9","background_image":{"url":"","id":"","alt":"","source":"library"},"background_position":"center center","background_size":"cover","background_overlay_color":"#000000","background_overlay_opacity":{"unit":"px","size":0.26,"sizes":[]}},"elements":[{"id":"7962ab95","settings":{"_column_size":100,"_inline_size":null},"elements":[{"id":"54fa4585","settings":[],"elements":[],"isInner":false,"widgetType":"spacer","elType":"widget"},{"id":"a107b2f","settings":{"content_width":{"unit":"px","size":887,"sizes":[]}},"elements":[{"id":"4e169a8d","settings":{"_column_size":100,"_inline_size":null},"elements":[{"id":"3dd4869d","settings":{"title":"Search Your Land By Type","title_color":"#000000","typography_typography":"custom","typography_font_size":{"unit":"px","size":34,"sizes":[]},"typography_line_height":{"unit":"em","size":1.5,"sizes":[]},"align":"center","typography_letter_spacing":{"unit":"px","size":-1,"sizes":[]},"typography_font_size_tablet":{"unit":"px","size":24,"sizes":[]}},"elements":[],"isInner":false,"widgetType":"heading","elType":"widget"},{"id":"bbdcdaa","settings":{"editor":"<p>Let our land purchase advisors help you to find the perfect spot for your next home. We can offer in-depth insights and assessments of the land that meet your needs.<\/p>","align":"center","typography_typography":"custom","typography_font_size":{"unit":"px","size":18,"sizes":[]},"typography_line_height":{"unit":"em","size":1.6,"sizes":[]},"text_color":"#797979","align_mobile":"center","_margin":{"unit":"px","top":"0","right":"0","bottom":"0","left":"0","isLinked":false},"_margin_mobile":{"unit":"px","top":"0","right":"0","bottom":"0","left":"0","isLinked":true},"_padding_mobile":{"unit":"px","top":"0","right":"0","bottom":"0","left":"0","isLinked":true},"_animation":"fadeIn","_animation_delay":200,"__globals__":{"text_color":""}},"elements":[],"isInner":false,"widgetType":"text-editor","elType":"widget"},{"id":"735fdaa7","settings":{"height":{"unit":"px","size":30,"sizes":[]},"height_mobile":{"unit":"px","size":10,"sizes":[]}},"elements":[],"isInner":false,"widgetType":"houzez_elementor_space","elType":"widget"}],"isInner":true,"elType":"column"}],"isInner":true,"elType":"section"},{"id":"25147f3a","settings":{"structure":"50","gap":"narrow","content_width":{"unit":"px","size":1400,"sizes":[]},"layout":"full_width"},"elements":[{"id":"7e329896","settings":{"_column_size":20,"_inline_size":null},"elements":[{"id":"a09fa73","settings":{"grid_data":"dynamic","more_text":"More Details","tax_city":"englewood","more_text_d":"","properties_text":"Properties","property_text":"Property","grid_type":"grid-item-v3","grid_v3_height":{"unit":"%","size":170,"sizes":[]},"grid_item_margin":{"unit":"px","size":10,"sizes":[]},"grid_title_typography_typography":"custom","grid_title_typography_font_family":"","grid_title_typography_font_weight":"500","grid_subtitle_typography_typography":"custom","grid_subtitle_typography_font_family":"","grid_subtitle_typography_font_weight":"500","grid_v3_height_tablet":{"unit":"%","size":166,"sizes":[]},"grid_item_margin_tablet":{"unit":"px","size":0,"sizes":[]},"grid_item_margin_mobile":{"unit":"px","size":0,"sizes":[]},"image":{"id":18055,"url":"https:\/\/demo27.houzez.co\/wp-content\/uploads\/2022\/08\/placeholder.png"},"tax_custom_image":{"id":18056,"url":"https:\/\/demo27.houzez.co\/wp-content\/uploads\/2022\/08\/placeholder-1.png"},"tax_type":"land-for-sale","_animation":"fadeIn","grid_title_typography_font_size":{"unit":"px","size":24,"sizes":[]},"grid_subtitle_typography_font_size":{"unit":"px","size":15,"sizes":[]},"_z_index":100,"grid_padding_tablet":{"unit":"px","top":"15","right":"15","bottom":"15","left":"15","isLinked":true},"grid_title_typography_font_size_tablet":{"unit":"px","size":14,"sizes":[]}},"elements":[],"isInner":false,"widgetType":"Houzez_elementor_grid_builder","elType":"widget"}],"isInner":true,"elType":"column"},{"id":"141a7b8a","settings":{"_column_size":20,"_inline_size":null},"elements":[{"id":"39c2afc5","settings":{"grid_data":"dynamic","more_text":"More Details","tax_city":"englewood","more_text_d":"","properties_text":"Properties","property_text":"Property","grid_v3_height":{"unit":"%","size":148,"sizes":[]},"grid_item_margin":{"unit":"px","size":10,"sizes":[]},"grid_title_typography_typography":"custom","grid_title_typography_font_family":"","grid_title_typography_font_weight":"500","grid_subtitle_typography_typography":"custom","grid_subtitle_typography_font_family":"","grid_subtitle_typography_font_weight":"500","grid_v3_height_tablet":{"unit":"%","size":148,"sizes":[]},"grid_item_margin_tablet":{"unit":"px","size":"","sizes":[]},"grid_item_margin_mobile":{"unit":"px","size":"","sizes":[]},"image":{"id":18055,"url":"https:\/\/demo27.houzez.co\/wp-content\/uploads\/2022\/08\/placeholder.png"},"tax_custom_image":{"id":18056,"url":"https:\/\/demo27.houzez.co\/wp-content\/uploads\/2022\/08\/placeholder-1.png"},"tax_type":"farms-and-ranches","_animation":"fadeIn","_animation_delay":200,"grid_title_typography_font_size":{"unit":"px","size":24,"sizes":[]},"grid_subtitle_typography_font_size":{"unit":"px","size":15,"sizes":[]},"grid_padding_tablet":{"unit":"px","top":"15","right":"15","bottom":"15","left":"15","isLinked":true},"grid_title_typography_font_size_tablet":{"unit":"px","size":14,"sizes":[]}},"elements":[],"isInner":false,"widgetType":"Houzez_elementor_grid_builder","elType":"widget"},{"id":"28a2b5","settings":{"grid_data":"dynamic","more_text":"More Details","tax_city":"englewood","more_text_d":"","properties_text":"Properties","property_text":"Property","grid_v3_height":{"unit":"%","size":148,"sizes":[]},"grid_item_margin":{"unit":"px","size":10,"sizes":[]},"grid_title_typography_typography":"custom","grid_title_typography_font_family":"","grid_title_typography_font_weight":"500","grid_subtitle_typography_typography":"custom","grid_subtitle_typography_font_family":"","grid_subtitle_typography_font_weight":"500","grid_v3_height_tablet":{"unit":"%","size":148,"sizes":[]},"grid_item_margin_tablet":{"unit":"px","size":0,"sizes":[]},"grid_item_margin_mobile":{"unit":"px","size":0,"sizes":[]},"image":{"id":18055,"url":"https:\/\/demo27.houzez.co\/wp-content\/uploads\/2022\/08\/placeholder.png"},"tax_custom_image":{"id":18056,"url":"https:\/\/demo27.houzez.co\/wp-content\/uploads\/2022\/08\/placeholder-1.png"},"tax_type":"timberland","_animation":"fadeIn","_animation_delay":100,"grid_type":"grid-item-v2","grid_title_typography_font_size":{"unit":"px","size":24,"sizes":[]},"grid_subtitle_typography_font_size":{"unit":"px","size":15,"sizes":[]},"grid_padding_tablet":{"unit":"px","top":"15","right":"15","bottom":"15","left":"15","isLinked":true},"grid_title_typography_font_size_tablet":{"unit":"px","size":14,"sizes":[]}},"elements":[],"isInner":false,"widgetType":"Houzez_elementor_grid_builder","elType":"widget"}],"isInner":true,"elType":"column"},{"id":"6d4347f5","settings":{"_column_size":20,"_inline_size":null},"elements":[{"id":"4887b0cf","settings":{"grid_data":"dynamic","more_text":"More Details","tax_city":"englewood","more_text_d":"","properties_text":"Properties","property_text":"Property","grid_type":"grid-item-v2","grid_v3_height":{"unit":"%","size":148,"sizes":[]},"grid_item_margin":{"unit":"px","size":10,"sizes":[]},"grid_title_typography_typography":"custom","grid_title_typography_font_family":"","grid_title_typography_font_weight":"500","grid_subtitle_typography_typography":"custom","grid_subtitle_typography_font_family":"","grid_subtitle_typography_font_weight":"500","grid_v3_height_tablet":{"unit":"%","size":148,"sizes":[]},"grid_item_margin_tablet":{"unit":"px","size":"","sizes":[]},"grid_item_margin_mobile":{"unit":"px","size":"","sizes":[]},"image":{"id":18055,"url":"https:\/\/demo27.houzez.co\/wp-content\/uploads\/2022\/08\/placeholder.png"},"tax_custom_image":{"id":18056,"url":"https:\/\/demo27.houzez.co\/wp-content\/uploads\/2022\/08\/placeholder-1.png"},"tax_type":"undeveloped-land","_animation":"fadeIn","_animation_delay":100,"grid_title_typography_font_size":{"unit":"px","size":24,"sizes":[]},"grid_subtitle_typography_font_size":{"unit":"px","size":15,"sizes":[]},"grid_padding_tablet":{"unit":"px","top":"15","right":"15","bottom":"15","left":"15","isLinked":true},"grid_title_typography_font_size_tablet":{"unit":"px","size":14,"sizes":[]}},"elements":[],"isInner":false,"widgetType":"Houzez_elementor_grid_builder","elType":"widget"},{"id":"d421a8f","settings":{"grid_data":"dynamic","more_text":"More Details","tax_city":"englewood","more_text_d":"","properties_text":"Properties","property_text":"Property","grid_v3_height":{"unit":"%","size":148,"sizes":[]},"grid_item_margin":{"unit":"px","size":10,"sizes":[]},"grid_title_typography_typography":"custom","grid_title_typography_font_family":"","grid_title_typography_font_weight":"500","grid_subtitle_typography_typography":"custom","grid_subtitle_typography_font_family":"","grid_subtitle_typography_font_weight":"500","grid_v3_height_tablet":{"unit":"%","size":148,"sizes":[]},"grid_item_margin_tablet":{"unit":"px","size":0,"sizes":[]},"grid_item_margin_mobile":{"unit":"px","size":0,"sizes":[]},"image":{"id":18055,"url":"https:\/\/demo27.houzez.co\/wp-content\/uploads\/2022\/08\/placeholder.png"},"tax_custom_image":{"id":18056,"url":"https:\/\/demo27.houzez.co\/wp-content\/uploads\/2022\/08\/placeholder-1.png"},"tax_type":"homesites","_animation":"fadeIn","_animation_delay":200,"grid_title_typography_font_size":{"unit":"px","size":24,"sizes":[]},"grid_subtitle_typography_font_size":{"unit":"px","size":15,"sizes":[]},"grid_padding_tablet":{"unit":"px","top":"15","right":"15","bottom":"15","left":"15","isLinked":true},"grid_title_typography_font_size_tablet":{"unit":"px","size":14,"sizes":[]}},"elements":[],"isInner":false,"widgetType":"Houzez_elementor_grid_builder","elType":"widget"}],"isInner":true,"elType":"column"},{"id":"5fa1961c","settings":{"_column_size":20,"_inline_size":null},"elements":[{"id":"2b8574b4","settings":{"grid_data":"dynamic","more_text":"More Details","tax_city":"englewood","more_text_d":"","properties_text":"Properties","property_text":"Property","grid_v3_height":{"unit":"%","size":148,"sizes":[]},"grid_item_margin":{"unit":"px","size":10,"sizes":[]},"grid_title_typography_typography":"custom","grid_title_typography_font_family":"","grid_title_typography_font_weight":"500","grid_subtitle_typography_typography":"custom","grid_subtitle_typography_font_family":"","grid_subtitle_typography_font_weight":"500","grid_v3_height_tablet":{"unit":"%","size":148,"sizes":[]},"grid_item_margin_tablet":{"unit":"px","size":"","sizes":[]},"grid_item_margin_mobile":{"unit":"px","size":"","sizes":[]},"image":{"id":18055,"url":"https:\/\/demo27.houzez.co\/wp-content\/uploads\/2022\/08\/placeholder.png"},"tax_custom_image":{"id":18056,"url":"https:\/\/demo27.houzez.co\/wp-content\/uploads\/2022\/08\/placeholder-1.png"},"tax_type":"hunting-land","_animation":"fadeIn","grid_title_typography_font_size":{"unit":"px","size":24,"sizes":[]},"grid_subtitle_typography_font_size":{"unit":"px","size":15,"sizes":[]},"grid_padding_tablet":{"unit":"px","top":"15","right":"15","bottom":"15","left":"15","isLinked":true},"grid_title_typography_font_size_tablet":{"unit":"px","size":14,"sizes":[]}},"elements":[],"isInner":false,"widgetType":"Houzez_elementor_grid_builder","elType":"widget"},{"id":"30f483b1","settings":{"grid_data":"dynamic","more_text":"More Details","tax_city":"englewood","more_text_d":"","properties_text":"Properties","property_text":"Property","grid_type":"grid-item-v2","grid_v3_height":{"unit":"%","size":148,"sizes":[]},"grid_item_margin":{"unit":"px","size":10,"sizes":[]},"grid_title_typography_typography":"custom","grid_title_typography_font_family":"","grid_title_typography_font_weight":"500","grid_subtitle_typography_typography":"custom","grid_subtitle_typography_font_family":"","grid_subtitle_typography_font_weight":"500","grid_v3_height_tablet":{"unit":"%","size":148,"sizes":[]},"grid_item_margin_tablet":{"unit":"px","size":0,"sizes":[]},"grid_item_margin_mobile":{"unit":"px","size":0,"sizes":[]},"image":{"id":18055,"url":"https:\/\/demo27.houzez.co\/wp-content\/uploads\/2022\/08\/placeholder.png"},"tax_custom_image":{"id":18056,"url":"https:\/\/demo27.houzez.co\/wp-content\/uploads\/2022\/08\/placeholder-1.png"},"tax_type":"commercial-land","_animation":"fadeIn","_animation_delay":300,"grid_title_typography_font_size":{"unit":"px","size":24,"sizes":[]},"grid_subtitle_typography_font_size":{"unit":"px","size":15,"sizes":[]},"grid_padding_tablet":{"unit":"px","top":"15","right":"15","bottom":"15","left":"15","isLinked":true},"grid_title_typography_font_size_tablet":{"unit":"px","size":14,"sizes":[]}},"elements":[],"isInner":false,"widgetType":"Houzez_elementor_grid_builder","elType":"widget"}],"isInner":true,"elType":"column"},{"id":"c6b656","settings":{"_column_size":20,"_inline_size":null},"elements":[{"id":"19f37ce5","settings":{"grid_data":"dynamic","more_text":"More Details","tax_city":"englewood","more_text_d":"","properties_text":"Properties","property_text":"Property","grid_v3_height":{"unit":"%","size":170,"sizes":[]},"grid_item_margin":{"unit":"px","size":10,"sizes":[]},"grid_title_typography_typography":"custom","grid_title_typography_font_family":"","grid_title_typography_font_weight":"500","grid_subtitle_typography_typography":"custom","grid_subtitle_typography_font_family":"","grid_subtitle_typography_font_weight":"500","grid_v3_height_tablet":{"unit":"%","size":166,"sizes":[]},"grid_item_margin_tablet":{"unit":"px","size":0,"sizes":[]},"grid_item_margin_mobile":{"unit":"px","size":0,"sizes":[]},"image":{"id":18055,"url":"https:\/\/demo27.houzez.co\/wp-content\/uploads\/2022\/08\/placeholder.png"},"tax_custom_image":{"id":18056,"url":"https:\/\/demo27.houzez.co\/wp-content\/uploads\/2022\/08\/placeholder-1.png"},"tax_type":"waterfront","_animation":"fadeIn","grid_type":"grid-item-v3","grid_title_typography_font_size":{"unit":"px","size":24,"sizes":[]},"grid_subtitle_typography_font_size":{"unit":"px","size":15,"sizes":[]},"_z_index":100,"grid_padding_tablet":{"unit":"px","top":"15","right":"15","bottom":"15","left":"15","isLinked":true},"grid_title_typography_font_size_tablet":{"unit":"px","size":14,"sizes":[]}},"elements":[],"isInner":false,"widgetType":"Houzez_elementor_grid_builder","elType":"widget"}],"isInner":true,"elType":"column"}],"isInner":true,"elType":"section"}],"isInner":false,"elType":"column"}],"isInner":false,"elType":"section"},{"id":"309e281a","settings":{"background_background":"gradient","background_color":"#FFFFFF","background_color_b":"#F7F8F9","content_width":{"unit":"px","size":1400,"sizes":[]}},"elements":[{"id":"30e4f282","settings":{"_column_size":100,"_inline_size":null},"elements":[{"id":"332140b9","settings":{"content_width":{"unit":"px","size":773,"sizes":[]}},"elements":[{"id":"71ec4e98","settings":{"_column_size":100,"_inline_size":null},"elements":[{"id":"54794726","settings":{"space":{"unit":"px","size":30,"sizes":[]}},"elements":[],"isInner":false,"widgetType":"spacer","elType":"widget"},{"id":"29f340c7","settings":{"title":"Recently Added Properties for sale","title_color":"#000000","typography_typography":"custom","typography_font_size":{"unit":"px","size":34,"sizes":[]},"typography_line_height":{"unit":"em","size":1.5,"sizes":[]},"align":"center","typography_letter_spacing":{"unit":"px","size":-1,"sizes":[]},"typography_font_size_tablet":{"unit":"px","size":24,"sizes":[]}},"elements":[],"isInner":false,"widgetType":"heading","elType":"widget"},{"id":"5edebf6f","settings":{"editor":"<p>Search land for sale in your local area by price, amenities, or other features. We'll show you the sales history and provide helpful advice.<\/p>","align":"center","typography_typography":"custom","typography_font_size":{"unit":"px","size":18,"sizes":[]},"typography_line_height":{"unit":"em","size":1.6,"sizes":[]},"text_color":"#797979","align_mobile":"center","_margin":{"unit":"px","top":"0","right":"0","bottom":"0","left":"0","isLinked":false},"_margin_mobile":{"unit":"px","top":"0","right":"0","bottom":"0","left":"0","isLinked":true},"_padding_mobile":{"unit":"px","top":"0","right":"0","bottom":"0","left":"0","isLinked":true},"_animation":"fadeIn","_animation_delay":200,"__globals__":{"text_color":""}},"elements":[],"isInner":false,"widgetType":"text-editor","elType":"widget"},{"id":"14277cb3","settings":{"height":{"unit":"px","size":30,"sizes":[]},"height_mobile":{"unit":"px","size":10,"sizes":[]}},"elements":[],"isInner":false,"widgetType":"houzez_elementor_space","elType":"widget"}],"isInner":true,"elType":"column"}],"isInner":true,"elType":"section"},{"id":"131225c2","settings":{"show_tabs_icon":"","tabs_items":[{"tab_title":"All","_id":"10f19ea","tabs_icon_type":"none","tab_icon_image":{"id":18079,"url":"https:\/\/demo27.houzez.co\/wp-content\/uploads\/2022\/08\/placeholder-20.png"}},{"tab_title":"Land for sale","property_type":["land-for-sale"],"_id":"623ac98"},{"tab_title":"Farms & Ranches","property_type":["farms-and-ranches"],"_id":"c8e530d"},{"tab_title":"Homesites","property_type":["homesites"],"_id":"87409a6"},{"_id":"496d2b7","tab_title":"Commercial","property_type":["commercial-land"]},{"tab_title":"Hunting","property_type":["hunting-land"],"_id":"0709bfd"}],"module_type":"grid_4_cols","posts_limit":4,"tab_title_border":"#28A77C","tabs_typography_typography":"custom","tabs_typography_font_size":{"unit":"px","size":14,"sizes":[]},"tabs_typography_text_transform":"uppercase","houzez_tabs_style":"property-nav-tabs-v5","grid_style":"cards-v6","tab_title_color_hover":"#28A77C","tabs_typography_font_weight":"bold","hide_compare":"none","hide_favorite":"none","_animation":"fadeIn"},"elements":[],"isInner":false,"widgetType":"houzez_properties_tabs","elType":"widget"}],"isInner":false,"elType":"column"}],"isInner":false,"elType":"section"},{"id":"3570959a","settings":{"background_background":"classic","background_color":"#F5F9F8","background_color_b":"#F7F8F9","content_width":{"unit":"px","size":1400,"sizes":[]},"layout":"full_width","background_image":{"url":"","id":"","alt":"","source":"library"},"background_position":"center center","background_size":"cover","background_overlay_color":"#000000","background_overlay_opacity":{"unit":"px","size":0.26,"sizes":[]}},"elements":[{"id":"4e37690c","settings":{"_column_size":100,"_inline_size":null},"elements":[{"id":"2516a034","settings":[],"elements":[],"isInner":false,"widgetType":"houzez_elementor_space","elType":"widget"},{"id":"7d73be26","settings":{"content_width":{"unit":"px","size":773,"sizes":[]}},"elements":[{"id":"21ce347f","settings":{"_column_size":100,"_inline_size":null},"elements":[{"id":"27c3067c","settings":{"title":"Featured Properties","title_color":"#000000","typography_typography":"custom","typography_font_size":{"unit":"px","size":34,"sizes":[]},"typography_line_height":{"unit":"em","size":1.5,"sizes":[]},"align":"center","typography_letter_spacing":{"unit":"px","size":-1,"sizes":[]},"typography_font_size_tablet":{"unit":"px","size":24,"sizes":[]}},"elements":[],"isInner":false,"widgetType":"heading","elType":"widget"},{"id":"dee7dd6","settings":{"editor":"<p>Search land for sale in your local area by price, amenities, or other features. We'll show you the sales history and provide helpful advice.<\/p>","align":"center","typography_typography":"custom","typography_font_size":{"unit":"px","size":18,"sizes":[]},"typography_line_height":{"unit":"em","size":1.6,"sizes":[]},"text_color":"#797979","align_mobile":"center","_margin":{"unit":"px","top":"0","right":"0","bottom":"0","left":"0","isLinked":false},"_margin_mobile":{"unit":"px","top":"0","right":"0","bottom":"0","left":"0","isLinked":true},"_padding_mobile":{"unit":"px","top":"0","right":"0","bottom":"0","left":"0","isLinked":true},"_animation":"fadeIn","_animation_delay":200,"__globals__":{"text_color":""}},"elements":[],"isInner":false,"widgetType":"text-editor","elType":"widget"}],"isInner":true,"elType":"column"}],"isInner":true,"elType":"section"},{"id":"7a4a1e6d","settings":{"slides_to_show":"5","slide_auto":"true","auto_speed":"3000","featured_prop":"yes","hz_item_price_typography":"custom","hz_item_price_font_weight":"600"},"elements":[],"isInner":false,"widgetType":"houzez_elementor_properties_carousel_v6","elType":"widget"}],"isInner":false,"elType":"column"}],"isInner":false,"elType":"section"},{"id":"3365c792","settings":{"custom_height":{"unit":"px","size":760,"sizes":[]},"content_position":"middle","background_position":"center left","background_repeat":"no-repeat","background_overlay_color":"#FFFFFF","background_overlay_opacity":{"unit":"px","size":0.9,"sizes":[]},"css_filters_blur":{"unit":"px","size":5,"sizes":[]},"stretch_section":"section-stretched","background_background":"classic","padding":{"unit":"px","top":"70","right":"0","bottom":"70","left":"0","isLinked":false},"__globals__":{"background_color":""},"animation":"fadeIn","content_width":{"unit":"px","size":1400,"sizes":[]}},"elements":[{"id":"39445574","settings":{"_column_size":100,"_inline_size":null},"elements":[{"id":"2cb4dc26","settings":{"image":{"url":"https:\/\/demo27.houzez.co\/wp-content\/uploads\/2022\/08\/rating-stars.png","id":18215,"alt":"","source":"library"},"image_size":"full"},"elements":[],"isInner":false,"widgetType":"image","elType":"widget"},{"id":"72816292","settings":{"title":"What customers are saying","align":"center","typography_typography":"custom","typography_letter_spacing":{"unit":"px","size":-1,"sizes":[]},"__globals__":{"title_color":""},"title_color":"#000000","typography_font_size":{"unit":"px","size":34,"sizes":[]},"typography_font_size_tablet":{"unit":"px","size":24,"sizes":[]},"typography_line_height":{"unit":"em","size":1.5,"sizes":[]}},"elements":[],"isInner":false,"widgetType":"heading","elType":"widget"},{"id":"3537dcf5","settings":{"space":{"unit":"px","size":10,"sizes":[]}},"elements":[],"isInner":false,"widgetType":"spacer","elType":"widget"},{"id":"31ea478d","settings":{"posts_limit":"3","houzez_testi_v2_text_color":"#000000","_animation":"fadeIn","animation_duration":"slow","__globals__":{"houzez_testi_v2_bg_color":""},"houzez_testi_v2_bg_color":"#FFFFFF"},"elements":[],"isInner":false,"widgetType":"houzez_elementor_testimonials_v2","elType":"widget"}],"isInner":false,"elType":"column"}],"isInner":false,"elType":"section"},{"id":"3c075931","settings":{"background_color":"#F7F8F9","content_width":{"unit":"px","size":1440,"sizes":[]},"background_background":"gradient","background_color_b":"#FFFFFF"},"elements":[{"id":"63fa1eec","settings":{"_column_size":100,"_inline_size":null},"elements":[{"id":"6e6db15f","settings":{"height":{"unit":"px","size":25,"sizes":[]}},"elements":[],"isInner":false,"widgetType":"houzez_elementor_space","elType":"widget"},{"id":"38b36790","settings":{"content_width":{"unit":"px","size":773,"sizes":[]}},"elements":[{"id":"4136a2ce","settings":{"_column_size":100,"_inline_size":null},"elements":[{"id":"fd68bc2","settings":{"title":"Guide for buyers and sellers","title_color":"#000000","typography_typography":"custom","typography_font_size":{"unit":"px","size":34,"sizes":[]},"typography_line_height":{"unit":"em","size":1.5,"sizes":[]},"align":"center","typography_letter_spacing":{"unit":"px","size":-1,"sizes":[]},"typography_font_size_tablet":{"unit":"px","size":24,"sizes":[]}},"elements":[],"isInner":false,"widgetType":"heading","elType":"widget"},{"id":"3c64af8b","settings":{"editor":"<p>Get immediate access to find the best homes for sale, information on market trends, open houses and homes-in-progress.<\/p>","align":"center","typography_typography":"custom","typography_font_size":{"unit":"px","size":18,"sizes":[]},"typography_line_height":{"unit":"em","size":1.6,"sizes":[]},"text_color":"#797979","align_mobile":"center","_margin":{"unit":"px","top":"0","right":"0","bottom":"0","left":"0","isLinked":false},"_margin_mobile":{"unit":"px","top":"0","right":"0","bottom":"0","left":"0","isLinked":true},"_padding_mobile":{"unit":"px","top":"0","right":"0","bottom":"0","left":"0","isLinked":true},"_animation":"fadeIn","_animation_delay":200,"__globals__":{"text_color":""}},"elements":[],"isInner":false,"widgetType":"text-editor","elType":"widget"},{"id":"63c793de","settings":{"height":{"unit":"px","size":30,"sizes":[]},"height_mobile":{"unit":"px","size":10,"sizes":[]}},"elements":[],"isInner":false,"widgetType":"houzez_elementor_space","elType":"widget"}],"isInner":true,"elType":"column"}],"isInner":true,"elType":"section"},{"id":"3010be0a","settings":{"content_width":{"unit":"px","size":1600,"sizes":[]},"layout":"full_width"},"elements":[{"id":"a75ae22","settings":{"_column_size":100,"_inline_size":null},"elements":[{"id":"71410f67","settings":{"posts_limit":4,"show_author":"","box_padding_top":{"unit":"px","size":0,"sizes":[]},"box_padding_bottom":{"unit":"px","size":11,"sizes":[]},"image_margin":{"unit":"px","size":10,"sizes":[]},"title_typo_typography":"custom","title_typo_font_size":{"unit":"px","size":18,"sizes":[]},"title_typo_font_weight":"bold","title_margin_top":{"unit":"px","size":10,"sizes":[]},"title_margin_bottom":{"unit":"px","size":0,"sizes":[]},"content_typo_typography":"custom","content_typo_font_size":{"unit":"px","size":15,"sizes":[]},"content_margin_bottom":{"unit":"px","size":0,"sizes":[]},"postmeta_typo_typography":"custom","postmeta_typo_font_size":{"unit":"px","size":15,"sizes":[]},"postmeta_margin_top":{"unit":"px","size":7,"sizes":[]},"author_padding":{"unit":"px","top":"20","right":"30","bottom":"0","left":"30","isLinked":false},"box_bg_color":"#FFFFFF00","box_margin_bottom":{"unit":"px","size":0,"sizes":[]},"content_padding_pst":{"unit":"px","top":"10","right":"10","bottom":"10","left":"10","isLinked":true}},"elements":[],"isInner":false,"widgetType":"houzez_elementor_blog_posts","elType":"widget"},{"id":"25537c9b","settings":{"height":{"unit":"px","size":25,"sizes":[]}},"elements":[],"isInner":false,"widgetType":"houzez_elementor_space","elType":"widget"}],"isInner":true,"elType":"column"}],"isInner":true,"elType":"section"}],"isInner":false,"elType":"column"}],"isInner":false,"elType":"section"}],"page_settings":{"background_color":"#FFFFFF"},"version":"0.4","title":"Homepage 02 - Demo 27","type":"page"}