{"content":[{"id":"69ccd3a6","settings":{"margin":{"unit":"px","top":"0","right":0,"bottom":"0","left":0,"isLinked":false},"__globals__":{"background_color":""},"content_position":"middle","background_background":"classic","background_color":"#FFFFFF","content_width":{"unit":"px","size":1400,"sizes":[]},"height":"min-height","custom_height":{"unit":"px","size":730,"sizes":[]},"background_image":{"url":"","id":"","alt":"","source":"library"},"background_position":"center left","background_repeat":"no-repeat","background_size":"contain","background_overlay_color":"#FFFFFF","background_overlay_opacity":{"unit":"px","size":1,"sizes":[]},"overlay_blend_mode":"saturation","custom_height_tablet":{"unit":"px","size":503,"sizes":[]}},"elements":[{"id":"5d956bda","settings":{"_column_size":100,"_inline_size":null,"background_background":"slideshow","background_position":"initial","background_repeat":"no-repeat","background_size":"cover","background_ypos":{"unit":"px","size":-50,"sizes":[]},"background_slideshow_ken_burns":"yes","background_overlay_background":"classic","background_overlay_color":"#FFFFFF","background_slideshow_background_size":"cover","border_border":"solid","border_width":{"unit":"px","top":"0","right":"0","bottom":"0","left":"0","isLinked":true}},"elements":[{"id":"201d8536","settings":{"height_inner":"min-height","custom_height_inner":{"unit":"px","size":590,"sizes":[]},"content_position":"middle","structure":"20","background_background":"classic","background_position":"center center","background_repeat":"no-repeat","background_size":"cover","background_overlay_color_b":"#FFFFFF00","background_overlay_gradient_angle":{"unit":"deg","size":90,"sizes":[]},"background_overlay_opacity":{"unit":"px","size":0.66,"sizes":[]},"__globals__":{"background_overlay_color":"globals\/colors?id=6dd1783"},"gap":"no","background_image":{"url":"","id":"","alt":"","source":"library"},"layout":"full_width","reverse_order_tablet":"reverse-tablet","reverse_order_mobile":"reverse-mobile"},"elements":[{"id":"55c099b7","settings":{"_column_size":50,"_inline_size":null,"space_between_widgets":10,"_inline_size_tablet":100,"padding_tablet":{"unit":"px","top":"30","right":"80","bottom":"40","left":"80","isLinked":false},"padding_mobile":{"unit":"px","top":"20","right":"20","bottom":"20","left":"20","isLinked":true}},"elements":[{"id":"4eab1532","settings":{"title":"Discover the best land and farm for sale","typography_typography":"custom","typography_letter_spacing":{"unit":"px","size":-1,"sizes":[]},"__globals__":{"title_color":""},"typography_font_size":{"unit":"px","size":54,"sizes":[]},"typography_line_height":{"unit":"em","size":1.3,"sizes":[]},"_animation":"fadeIn","align_mobile":"center","typography_font_size_mobile":{"unit":"px","size":31,"sizes":[]},"title_color":"#000000","_margin":{"unit":"px","top":"0","right":"100","bottom":"20","left":"0","isLinked":false},"header_size":"h1","_margin_mobile":{"unit":"px","top":"0","right":"0","bottom":"0","left":"0","isLinked":true},"align_tablet":"center","typography_font_size_tablet":{"unit":"px","size":44,"sizes":[]},"_margin_tablet":{"unit":"px","top":"0","right":"0","bottom":"0","left":"0","isLinked":true}},"elements":[],"isInner":false,"widgetType":"heading","elType":"widget"},{"id":"71d3ae9d","settings":{"typography_typography":"custom","typography_font_size":{"unit":"px","size":18,"sizes":[]},"typography_line_height":{"unit":"em","size":1.6,"sizes":[]},"__globals__":{"text_color":""},"editor":"<p>You can find your perfect piece of land by searching by location, price, and features. This will help you narrow down your search to find the perfect piece of land for you.<\/p>","text_color":"#797979","_margin":{"unit":"px","top":"0","right":"150","bottom":"0","left":"0","isLinked":false},"_animation":"fadeIn","_animation_delay":250,"align_mobile":"center","_margin_mobile":{"unit":"px","top":"0","right":"0","bottom":"0","left":"0","isLinked":true},"_padding_mobile":{"unit":"px","top":"0","right":"0","bottom":"0","left":"0","isLinked":true},"align_tablet":"center","_margin_tablet":{"unit":"px","top":"0","right":"0","bottom":"0","left":"0","isLinked":true}},"elements":[],"isInner":false,"widgetType":"text-editor","elType":"widget"},{"id":"3f624b0f","settings":{"form_fields":[{"_id":"4b30271","field_type":"keyword","field_label":"Search","placeholder":"Search keyword","price_from_text":"From","price_to_text":"To","width":"35","selected_count_text":"items selected"},{"_id":"field-types","field_type":"type[]","field_label":"Looking for","placeholder":"Property Type","is_multiple":"true","select_all_btns":"true","selected_count_text":"types selected","width":"25","width_mobile":"100","price_from_text":"From","price_to_text":"To"},{"field_type":"location[]","field_label":"Location","placeholder":"All Cities","price_from_text":"From","price_to_text":"To","width":"25","selected_count_text":"items selected","_id":"6b0017d"},{"_id":"field-search-btn","field_type":"search-button","field_label":"Search Button","placeholder":"Search","width":"15","price_from_text":"From","price_to_text":"To","selected_count_text":"items selected"}],"show_tabs":"","status_data":["for-rent","for-sale"],"tabs_all_text":"All Status","tabs_padding":{"unit":"px","top":"10","right":"21","bottom":"10","left":"25","isLinked":false},"form_background_color":"#FFFFFF","form_padding":{"unit":"px","top":"13","right":"8","bottom":"2","left":"8","isLinked":false},"label_color":"#000000","label_typography_typography":"custom","label_typography_font_size":{"unit":"px","size":12,"sizes":[]},"label_typography_font_weight":"500","label_typography_text_transform":"uppercase","form_radius":{"unit":"px","top":"40","right":"40","bottom":"40","left":"40","isLinked":true},"box_shadow_box_shadow_type":"yes","box_shadow_box_shadow":{"horizontal":0,"vertical":20,"blur":40,"spread":0,"color":"rgba(0, 0, 0, 0.1)"},"tabs_margin":{"unit":"px","top":"0","right":"1","bottom":"0","left":"1","isLinked":false},"form_padding_tablet":{"unit":"px","top":"11","right":"28","bottom":"0","left":"8","isLinked":false},"field_background_color":"#F3F3F3","houzez_search_tabs_align":"","button_text_color":"#FFFFFF","_margin":{"unit":"px","top":"0","right":"-150","bottom":"0","left":"0","isLinked":false},"_z_index":1,"__globals__":{"button_text_color":"","button_background_color":"","search_tabs_bg_color":"","button_background_hover_color":"","button_hover_color":""},"_animation":"fadeIn","_animation_delay":500,"search_tabs_bg_color":"#FF6333","button_background_color":"#28A77C","button_background_hover_color":"#FF7800","_margin_mobile":{"unit":"px","top":"0","right":"0","bottom":"0","left":"0","isLinked":true},"_padding_mobile":{"unit":"px","top":"0","right":"0","bottom":"0","left":"0","isLinked":true},"button_hover_color":"#FFFFFF","input_size":"md","button_size":"md","field_border_color":"#FFFFFF","field_border_radius":{"unit":"px","top":"32","right":"32","bottom":"32","left":"32","isLinked":true},"button_border_radius":{"unit":"px","top":"32","right":"32","bottom":"32","left":"32","isLinked":true},"border_border":"solid","border_width":{"unit":"px","top":"1","right":"1","bottom":"1","left":"1","isLinked":true},"border_color":"#F4F4F4","field_typography_typography":"custom","field_typography_font_size":{"unit":"px","size":16,"sizes":[]},"_margin_tablet":{"unit":"px","top":"0","right":"0","bottom":"0","left":"0","isLinked":true},"form_padding_mobile":{"unit":"px","top":"10","right":"5","bottom":"0","left":"5","isLinked":false},"form_radius_mobile":{"unit":"px","top":"32","right":"32","bottom":"32","left":"32","isLinked":true}},"elements":[],"isInner":false,"widgetType":"houzez_elementor_search_builder","elType":"widget"}],"isInner":true,"elType":"column"},{"id":"fe93d9f","settings":{"_column_size":50,"_inline_size":null,"background_background":"slideshow","background_size":"cover","background_slideshow_gallery":[{"id":17835,"url":"https:\/\/demo27.houzez.co\/wp-content\/uploads\/2020\/04\/0036.jpg"},{"id":17813,"url":"https:\/\/demo27.houzez.co\/wp-content\/uploads\/2020\/04\/0014.jpg"},{"id":17820,"url":"https:\/\/demo27.houzez.co\/wp-content\/uploads\/2020\/04\/0021.jpg"}],"background_slideshow_ken_burns":"yes","border_radius":{"unit":"px","top":"8","right":"8","bottom":"8","left":"8","isLinked":true},"_inline_size_tablet":100},"elements":[{"id":"16c597b9","settings":{"space":{"unit":"px","size":200,"sizes":[]},"space_mobile":{"unit":"px","size":200,"sizes":[]}},"elements":[],"isInner":false,"widgetType":"spacer","elType":"widget"}],"isInner":true,"elType":"column"}],"isInner":true,"elType":"section"}],"isInner":false,"elType":"column"}],"isInner":false,"elType":"section"},{"id":"25dfacc1","settings":{"content_width":{"unit":"px","size":1370,"sizes":[]},"background_background":"classic","background_color":"#FFFFFF"},"elements":[{"id":"ed38e0c","settings":{"_column_size":100,"_inline_size":null},"elements":[{"id":"465c82ae","settings":{"layout":"full_width","structure":"50"},"elements":[{"id":"4d6c33f5","settings":{"_column_size":20,"_inline_size":null,"_inline_size_mobile":50},"elements":[{"id":"1fe60e4c","settings":{"image":{"url":"https:\/\/demo27.houzez.co\/wp-content\/uploads\/2016\/03\/partner-04-e1582734649458.jpg","id":1121,"alt":"","source":"library"},"_animation":"fadeIn"},"elements":[],"isInner":false,"widgetType":"image","elType":"widget"}],"isInner":true,"elType":"column"},{"id":"b6513a3","settings":{"_column_size":20,"_inline_size":null,"_inline_size_mobile":50},"elements":[{"id":"19c0641d","settings":{"image":{"url":"https:\/\/demo27.houzez.co\/wp-content\/uploads\/2016\/03\/partner-02-e1582734691936.jpg","id":1119,"alt":"","source":"library"},"_animation":"fadeIn","_animation_delay":250},"elements":[],"isInner":false,"widgetType":"image","elType":"widget"}],"isInner":true,"elType":"column"},{"id":"2cd569c8","settings":{"_column_size":20,"_inline_size":null,"_inline_size_mobile":50},"elements":[{"id":"bfd58fc","settings":{"image":{"url":"https:\/\/demo27.houzez.co\/wp-content\/uploads\/2016\/03\/partner-01-e1582734705113.jpg","id":1118,"alt":"","source":"library"},"_animation":"fadeIn","_animation_delay":500},"elements":[],"isInner":false,"widgetType":"image","elType":"widget"}],"isInner":true,"elType":"column"},{"id":"146271f1","settings":{"_column_size":20,"_inline_size":null,"_inline_size_mobile":50},"elements":[{"id":"7ba2319e","settings":{"image":{"url":"https:\/\/demo27.houzez.co\/wp-content\/uploads\/2016\/03\/partner-05-e1582734603812.jpg","id":1122,"alt":"","source":"library"},"_animation":"fadeIn","_animation_delay":750},"elements":[],"isInner":false,"widgetType":"image","elType":"widget"}],"isInner":true,"elType":"column"},{"id":"21750214","settings":{"_column_size":20,"_inline_size":null},"elements":[{"id":"7c61eecd","settings":{"image":{"url":"https:\/\/demo27.houzez.co\/wp-content\/uploads\/2016\/03\/partner-03-e1582734671602.jpg","id":1120,"alt":"","source":"library"},"_animation":"fadeIn","_animation_delay":1000},"elements":[],"isInner":false,"widgetType":"image","elType":"widget"}],"isInner":true,"elType":"column"}],"isInner":true,"elType":"section"},{"id":"3b88075e","settings":{"space":{"unit":"px","size":80,"sizes":[]},"space_tablet":{"unit":"px","size":30,"sizes":[]}},"elements":[],"isInner":false,"widgetType":"spacer","elType":"widget"}],"isInner":false,"elType":"column"}],"isInner":false,"elType":"section"},{"id":"55a734dd","settings":{"content_width":{"unit":"px","size":1400,"sizes":[]},"background_background":"classic","background_color":"#FFFFFF","layout":"full_width","background_color_b":"#F7F8F9","background_image":{"url":"","id":"","alt":"","source":"library"},"background_position":"center center","background_size":"cover","background_overlay_color":"#000000","background_overlay_opacity":{"unit":"px","size":0.26,"sizes":[]}},"elements":[{"id":"6a0ffd08","settings":{"_column_size":100,"_inline_size":null},"elements":[{"id":"22512e3f","settings":{"content_width":{"unit":"px","size":774,"sizes":[]}},"elements":[{"id":"45f5bb9a","settings":{"_column_size":100,"_inline_size":null},"elements":[{"id":"22a6b143","settings":{"title":"Search Your Land By Type","title_color":"#000000","typography_typography":"custom","typography_font_size":{"unit":"px","size":34,"sizes":[]},"typography_line_height":{"unit":"em","size":1.5,"sizes":[]},"align":"center","typography_letter_spacing":{"unit":"px","size":-1,"sizes":[]},"typography_font_size_tablet":{"unit":"px","size":24,"sizes":[]}},"elements":[],"isInner":false,"widgetType":"heading","elType":"widget"},{"id":"4edc02a4","settings":{"editor":"<p>Let our land purchase advisors help you to find the perfect spot for your next home. We can offer in-depth insights and assessments of the land that meet your needs.<\/p>","align":"center","typography_typography":"custom","typography_font_size":{"unit":"px","size":18,"sizes":[]},"typography_line_height":{"unit":"em","size":1.6,"sizes":[]},"text_color":"#797979","align_mobile":"center","_margin":{"unit":"px","top":"0","right":"0","bottom":"0","left":"0","isLinked":false},"_margin_mobile":{"unit":"px","top":"0","right":"0","bottom":"0","left":"0","isLinked":true},"_padding_mobile":{"unit":"px","top":"0","right":"0","bottom":"0","left":"0","isLinked":true},"_animation":"fadeIn","_animation_delay":200,"__globals__":{"text_color":""}},"elements":[],"isInner":false,"widgetType":"text-editor","elType":"widget"},{"id":"785e0cfe","settings":{"height":{"unit":"px","size":30,"sizes":[]},"height_mobile":{"unit":"px","size":10,"sizes":[]}},"elements":[],"isInner":false,"widgetType":"houzez_elementor_space","elType":"widget"}],"isInner":true,"elType":"column"}],"isInner":true,"elType":"section"},{"id":"71735d1d","settings":{"structure":"50","gap":"narrow","content_width":{"unit":"px","size":1400,"sizes":[]}},"elements":[{"id":"47aa43f9","settings":{"_column_size":20,"_inline_size":null},"elements":[{"id":"4a433be","settings":{"grid_data":"dynamic","more_text":"More Details","tax_city":"englewood","more_text_d":"","properties_text":"Properties","property_text":"Property","grid_type":"grid-item-v3","grid_v3_height":{"unit":"%","size":170,"sizes":[]},"grid_item_margin":{"unit":"px","size":10,"sizes":[]},"grid_title_typography_typography":"custom","grid_title_typography_font_family":"","grid_title_typography_font_weight":"500","grid_subtitle_typography_typography":"custom","grid_subtitle_typography_font_family":"","grid_subtitle_typography_font_weight":"500","grid_v3_height_tablet":{"unit":"%","size":166,"sizes":[]},"grid_item_margin_tablet":{"unit":"px","size":0,"sizes":[]},"grid_item_margin_mobile":{"unit":"px","size":0,"sizes":[]},"image":{"id":18055,"url":"https:\/\/demo27.houzez.co\/wp-content\/uploads\/2022\/08\/placeholder.png"},"tax_custom_image":{"id":18056,"url":"https:\/\/demo27.houzez.co\/wp-content\/uploads\/2022\/08\/placeholder-1.png"},"tax_type":"land-for-sale","_animation":"fadeIn","grid_title_typography_font_size":{"unit":"px","size":24,"sizes":[]},"grid_subtitle_typography_font_size":{"unit":"px","size":15,"sizes":[]},"_z_index":100,"grid_padding_tablet":{"unit":"px","top":"15","right":"15","bottom":"15","left":"15","isLinked":true},"grid_title_typography_font_size_tablet":{"unit":"px","size":14,"sizes":[]}},"elements":[],"isInner":false,"widgetType":"Houzez_elementor_grid_builder","elType":"widget"}],"isInner":true,"elType":"column"},{"id":"4c2fe723","settings":{"_column_size":20,"_inline_size":null},"elements":[{"id":"25099535","settings":{"grid_data":"dynamic","more_text":"More Details","tax_city":"englewood","more_text_d":"","properties_text":"Properties","property_text":"Property","grid_v3_height":{"unit":"%","size":148,"sizes":[]},"grid_item_margin":{"unit":"px","size":10,"sizes":[]},"grid_title_typography_typography":"custom","grid_title_typography_font_family":"","grid_title_typography_font_weight":"500","grid_subtitle_typography_typography":"custom","grid_subtitle_typography_font_family":"","grid_subtitle_typography_font_weight":"500","grid_v3_height_tablet":{"unit":"%","size":148,"sizes":[]},"grid_item_margin_tablet":{"unit":"px","size":"","sizes":[]},"grid_item_margin_mobile":{"unit":"px","size":"","sizes":[]},"image":{"id":18055,"url":"https:\/\/demo27.houzez.co\/wp-content\/uploads\/2022\/08\/placeholder.png"},"tax_custom_image":{"id":18056,"url":"https:\/\/demo27.houzez.co\/wp-content\/uploads\/2022\/08\/placeholder-1.png"},"tax_type":"farms-and-ranches","_animation":"fadeIn","_animation_delay":200,"grid_title_typography_font_size":{"unit":"px","size":24,"sizes":[]},"grid_subtitle_typography_font_size":{"unit":"px","size":15,"sizes":[]},"grid_padding_tablet":{"unit":"px","top":"15","right":"15","bottom":"15","left":"15","isLinked":true},"grid_title_typography_font_size_tablet":{"unit":"px","size":14,"sizes":[]}},"elements":[],"isInner":false,"widgetType":"Houzez_elementor_grid_builder","elType":"widget"},{"id":"54660df6","settings":{"grid_data":"dynamic","more_text":"More Details","tax_city":"englewood","more_text_d":"","properties_text":"Properties","property_text":"Property","grid_v3_height":{"unit":"%","size":148,"sizes":[]},"grid_item_margin":{"unit":"px","size":10,"sizes":[]},"grid_title_typography_typography":"custom","grid_title_typography_font_family":"","grid_title_typography_font_weight":"500","grid_subtitle_typography_typography":"custom","grid_subtitle_typography_font_family":"","grid_subtitle_typography_font_weight":"500","grid_v3_height_tablet":{"unit":"%","size":148,"sizes":[]},"grid_item_margin_tablet":{"unit":"px","size":0,"sizes":[]},"grid_item_margin_mobile":{"unit":"px","size":0,"sizes":[]},"image":{"id":18055,"url":"https:\/\/demo27.houzez.co\/wp-content\/uploads\/2022\/08\/placeholder.png"},"tax_custom_image":{"id":18056,"url":"https:\/\/demo27.houzez.co\/wp-content\/uploads\/2022\/08\/placeholder-1.png"},"tax_type":"timberland","_animation":"fadeIn","_animation_delay":100,"grid_type":"grid-item-v2","grid_title_typography_font_size":{"unit":"px","size":24,"sizes":[]},"grid_subtitle_typography_font_size":{"unit":"px","size":15,"sizes":[]},"grid_padding_tablet":{"unit":"px","top":"15","right":"15","bottom":"15","left":"15","isLinked":true},"grid_title_typography_font_size_tablet":{"unit":"px","size":14,"sizes":[]}},"elements":[],"isInner":false,"widgetType":"Houzez_elementor_grid_builder","elType":"widget"}],"isInner":true,"elType":"column"},{"id":"7dd5d21f","settings":{"_column_size":20,"_inline_size":null},"elements":[{"id":"f81d51f","settings":{"grid_data":"dynamic","more_text":"More Details","tax_city":"englewood","more_text_d":"","properties_text":"Properties","property_text":"Property","grid_type":"grid-item-v2","grid_v3_height":{"unit":"%","size":148,"sizes":[]},"grid_item_margin":{"unit":"px","size":10,"sizes":[]},"grid_title_typography_typography":"custom","grid_title_typography_font_family":"","grid_title_typography_font_weight":"500","grid_subtitle_typography_typography":"custom","grid_subtitle_typography_font_family":"","grid_subtitle_typography_font_weight":"500","grid_v3_height_tablet":{"unit":"%","size":148,"sizes":[]},"grid_item_margin_tablet":{"unit":"px","size":"","sizes":[]},"grid_item_margin_mobile":{"unit":"px","size":"","sizes":[]},"image":{"id":18055,"url":"https:\/\/demo27.houzez.co\/wp-content\/uploads\/2022\/08\/placeholder.png"},"tax_custom_image":{"id":18056,"url":"https:\/\/demo27.houzez.co\/wp-content\/uploads\/2022\/08\/placeholder-1.png"},"tax_type":"undeveloped-land","_animation":"fadeIn","_animation_delay":100,"grid_title_typography_font_size":{"unit":"px","size":24,"sizes":[]},"grid_subtitle_typography_font_size":{"unit":"px","size":15,"sizes":[]},"grid_padding_tablet":{"unit":"px","top":"15","right":"15","bottom":"15","left":"15","isLinked":true},"grid_title_typography_font_size_tablet":{"unit":"px","size":14,"sizes":[]}},"elements":[],"isInner":false,"widgetType":"Houzez_elementor_grid_builder","elType":"widget"},{"id":"3b86c511","settings":{"grid_data":"dynamic","more_text":"More Details","tax_city":"englewood","more_text_d":"","properties_text":"Properties","property_text":"Property","grid_v3_height":{"unit":"%","size":148,"sizes":[]},"grid_item_margin":{"unit":"px","size":10,"sizes":[]},"grid_title_typography_typography":"custom","grid_title_typography_font_family":"","grid_title_typography_font_weight":"500","grid_subtitle_typography_typography":"custom","grid_subtitle_typography_font_family":"","grid_subtitle_typography_font_weight":"500","grid_v3_height_tablet":{"unit":"%","size":148,"sizes":[]},"grid_item_margin_tablet":{"unit":"px","size":0,"sizes":[]},"grid_item_margin_mobile":{"unit":"px","size":0,"sizes":[]},"image":{"id":18055,"url":"https:\/\/demo27.houzez.co\/wp-content\/uploads\/2022\/08\/placeholder.png"},"tax_custom_image":{"id":18056,"url":"https:\/\/demo27.houzez.co\/wp-content\/uploads\/2022\/08\/placeholder-1.png"},"tax_type":"homesites","_animation":"fadeIn","_animation_delay":200,"grid_title_typography_font_size":{"unit":"px","size":24,"sizes":[]},"grid_subtitle_typography_font_size":{"unit":"px","size":15,"sizes":[]},"grid_padding_tablet":{"unit":"px","top":"15","right":"15","bottom":"15","left":"15","isLinked":true},"grid_title_typography_font_size_tablet":{"unit":"px","size":14,"sizes":[]}},"elements":[],"isInner":false,"widgetType":"Houzez_elementor_grid_builder","elType":"widget"}],"isInner":true,"elType":"column"},{"id":"1189d5c","settings":{"_column_size":20,"_inline_size":null},"elements":[{"id":"36dccd49","settings":{"grid_data":"dynamic","more_text":"More Details","tax_city":"englewood","more_text_d":"","properties_text":"Properties","property_text":"Property","grid_v3_height":{"unit":"%","size":148,"sizes":[]},"grid_item_margin":{"unit":"px","size":10,"sizes":[]},"grid_title_typography_typography":"custom","grid_title_typography_font_family":"","grid_title_typography_font_weight":"500","grid_subtitle_typography_typography":"custom","grid_subtitle_typography_font_family":"","grid_subtitle_typography_font_weight":"500","grid_v3_height_tablet":{"unit":"%","size":148,"sizes":[]},"grid_item_margin_tablet":{"unit":"px","size":"","sizes":[]},"grid_item_margin_mobile":{"unit":"px","size":"","sizes":[]},"image":{"id":18055,"url":"https:\/\/demo27.houzez.co\/wp-content\/uploads\/2022\/08\/placeholder.png"},"tax_custom_image":{"id":18056,"url":"https:\/\/demo27.houzez.co\/wp-content\/uploads\/2022\/08\/placeholder-1.png"},"tax_type":"hunting-land","_animation":"fadeIn","grid_title_typography_font_size":{"unit":"px","size":24,"sizes":[]},"grid_subtitle_typography_font_size":{"unit":"px","size":15,"sizes":[]},"grid_padding_tablet":{"unit":"px","top":"15","right":"15","bottom":"15","left":"15","isLinked":true},"grid_title_typography_font_size_tablet":{"unit":"px","size":14,"sizes":[]}},"elements":[],"isInner":false,"widgetType":"Houzez_elementor_grid_builder","elType":"widget"},{"id":"71fa829e","settings":{"grid_data":"dynamic","more_text":"More Details","tax_city":"englewood","more_text_d":"","properties_text":"Properties","property_text":"Property","grid_type":"grid-item-v2","grid_v3_height":{"unit":"%","size":148,"sizes":[]},"grid_item_margin":{"unit":"px","size":10,"sizes":[]},"grid_title_typography_typography":"custom","grid_title_typography_font_family":"","grid_title_typography_font_weight":"500","grid_subtitle_typography_typography":"custom","grid_subtitle_typography_font_family":"","grid_subtitle_typography_font_weight":"500","grid_v3_height_tablet":{"unit":"%","size":148,"sizes":[]},"grid_item_margin_tablet":{"unit":"px","size":0,"sizes":[]},"grid_item_margin_mobile":{"unit":"px","size":0,"sizes":[]},"image":{"id":18055,"url":"https:\/\/demo27.houzez.co\/wp-content\/uploads\/2022\/08\/placeholder.png"},"tax_custom_image":{"id":18056,"url":"https:\/\/demo27.houzez.co\/wp-content\/uploads\/2022\/08\/placeholder-1.png"},"tax_type":"commercial-land","_animation":"fadeIn","_animation_delay":300,"grid_title_typography_font_size":{"unit":"px","size":24,"sizes":[]},"grid_subtitle_typography_font_size":{"unit":"px","size":15,"sizes":[]},"grid_padding_tablet":{"unit":"px","top":"15","right":"15","bottom":"15","left":"15","isLinked":true},"grid_title_typography_font_size_tablet":{"unit":"px","size":14,"sizes":[]}},"elements":[],"isInner":false,"widgetType":"Houzez_elementor_grid_builder","elType":"widget"}],"isInner":true,"elType":"column"},{"id":"1664414e","settings":{"_column_size":20,"_inline_size":null},"elements":[{"id":"169ac748","settings":{"grid_data":"dynamic","more_text":"More Details","tax_city":"englewood","more_text_d":"","properties_text":"Properties","property_text":"Property","grid_v3_height":{"unit":"%","size":170,"sizes":[]},"grid_item_margin":{"unit":"px","size":10,"sizes":[]},"grid_title_typography_typography":"custom","grid_title_typography_font_family":"","grid_title_typography_font_weight":"500","grid_subtitle_typography_typography":"custom","grid_subtitle_typography_font_family":"","grid_subtitle_typography_font_weight":"500","grid_v3_height_tablet":{"unit":"%","size":166,"sizes":[]},"grid_item_margin_tablet":{"unit":"px","size":0,"sizes":[]},"grid_item_margin_mobile":{"unit":"px","size":0,"sizes":[]},"image":{"id":18055,"url":"https:\/\/demo27.houzez.co\/wp-content\/uploads\/2022\/08\/placeholder.png"},"tax_custom_image":{"id":18056,"url":"https:\/\/demo27.houzez.co\/wp-content\/uploads\/2022\/08\/placeholder-1.png"},"tax_type":"waterfront","_animation":"fadeIn","grid_type":"grid-item-v3","grid_title_typography_font_size":{"unit":"px","size":24,"sizes":[]},"grid_subtitle_typography_font_size":{"unit":"px","size":15,"sizes":[]},"_z_index":100,"grid_padding_tablet":{"unit":"px","top":"15","right":"15","bottom":"15","left":"15","isLinked":true},"grid_title_typography_font_size_tablet":{"unit":"px","size":14,"sizes":[]}},"elements":[],"isInner":false,"widgetType":"Houzez_elementor_grid_builder","elType":"widget"}],"isInner":true,"elType":"column"}],"isInner":true,"elType":"section"}],"isInner":false,"elType":"column"}],"isInner":false,"elType":"section"},{"id":"1868829b","settings":{"background_background":"gradient","background_color":"#FFFFFF","background_color_b":"#F7F8F9","content_width":{"unit":"px","size":1400,"sizes":[]}},"elements":[{"id":"2398cf8c","settings":{"_column_size":100,"_inline_size":null},"elements":[{"id":"74733df","settings":{"content_width":{"unit":"px","size":773,"sizes":[]}},"elements":[{"id":"5dc45275","settings":{"_column_size":100,"_inline_size":null},"elements":[{"id":"17fe6360","settings":{"space":{"unit":"px","size":30,"sizes":[]}},"elements":[],"isInner":false,"widgetType":"spacer","elType":"widget"},{"id":"6cc1e5f2","settings":{"title":"Recently Added Properties for sale","title_color":"#000000","typography_typography":"custom","typography_font_size":{"unit":"px","size":34,"sizes":[]},"typography_line_height":{"unit":"em","size":1.5,"sizes":[]},"align":"center","typography_letter_spacing":{"unit":"px","size":-1,"sizes":[]},"typography_font_size_tablet":{"unit":"px","size":24,"sizes":[]}},"elements":[],"isInner":false,"widgetType":"heading","elType":"widget"},{"id":"c37e21a","settings":{"editor":"<p>Search land for sale in your local area by price, amenities, or other features. We'll show you the sales history and provide helpful advice.<\/p>","align":"center","typography_typography":"custom","typography_font_size":{"unit":"px","size":18,"sizes":[]},"typography_line_height":{"unit":"em","size":1.6,"sizes":[]},"text_color":"#797979","align_mobile":"center","_margin":{"unit":"px","top":"0","right":"0","bottom":"0","left":"0","isLinked":false},"_margin_mobile":{"unit":"px","top":"0","right":"0","bottom":"0","left":"0","isLinked":true},"_padding_mobile":{"unit":"px","top":"0","right":"0","bottom":"0","left":"0","isLinked":true},"_animation":"fadeIn","_animation_delay":200,"__globals__":{"text_color":""}},"elements":[],"isInner":false,"widgetType":"text-editor","elType":"widget"},{"id":"7815faf5","settings":{"height":{"unit":"px","size":30,"sizes":[]},"height_mobile":{"unit":"px","size":10,"sizes":[]}},"elements":[],"isInner":false,"widgetType":"houzez_elementor_space","elType":"widget"}],"isInner":true,"elType":"column"}],"isInner":true,"elType":"section"},{"id":"571624ed","settings":{"show_tabs_icon":"","tabs_items":[{"tab_title":"All","_id":"10f19ea","tabs_icon_type":"none","tab_icon_image":{"id":18079,"url":"https:\/\/demo27.houzez.co\/wp-content\/uploads\/2022\/08\/placeholder-20.png"}},{"tab_title":"Land for sale","property_type":["land-for-sale"],"_id":"623ac98"},{"tab_title":"Farms & Ranches","property_type":["farms-and-ranches"],"_id":"c8e530d"},{"tab_title":"Homesites","property_type":["homesites"],"_id":"87409a6"},{"_id":"496d2b7","tab_title":"Commercial","property_type":["commercial-land"]},{"tab_title":"Hunting","property_type":["hunting-land"],"_id":"0709bfd"}],"module_type":"grid_4_cols","posts_limit":4,"tab_title_border":"#28A77C","tabs_typography_typography":"custom","tabs_typography_font_size":{"unit":"px","size":14,"sizes":[]},"tabs_typography_text_transform":"uppercase","houzez_tabs_style":"property-nav-tabs-v5","grid_style":"cards-v6","tab_title_color_hover":"#28A77C","tabs_typography_font_weight":"bold","hide_compare":"none","hide_favorite":"none","_animation":"fadeIn"},"elements":[],"isInner":false,"widgetType":"houzez_properties_tabs","elType":"widget"}],"isInner":false,"elType":"column"}],"isInner":false,"elType":"section"},{"id":"20603b65","settings":{"background_background":"classic","background_color":"#F5F9F8","background_color_b":"#F7F8F9","content_width":{"unit":"px","size":1400,"sizes":[]},"background_image":{"url":"","id":"","alt":"","source":"library"},"background_position":"center center","background_size":"cover","background_overlay_color":"#000000","background_overlay_opacity":{"unit":"px","size":0.26,"sizes":[]}},"elements":[{"id":"77edef77","settings":{"_column_size":100,"_inline_size":null},"elements":[{"id":"29e0a6b4","settings":[],"elements":[],"isInner":false,"widgetType":"houzez_elementor_space","elType":"widget"},{"id":"2f1bfd3c","settings":{"content_width":{"unit":"px","size":773,"sizes":[]}},"elements":[{"id":"1153d4ed","settings":{"_column_size":100,"_inline_size":null},"elements":[{"id":"31fb9fa0","settings":{"title":"Featured Properties","title_color":"#000000","typography_typography":"custom","typography_font_size":{"unit":"px","size":34,"sizes":[]},"typography_line_height":{"unit":"em","size":1.5,"sizes":[]},"align":"center","typography_letter_spacing":{"unit":"px","size":-1,"sizes":[]},"typography_font_size_tablet":{"unit":"px","size":24,"sizes":[]}},"elements":[],"isInner":false,"widgetType":"heading","elType":"widget"},{"id":"3cd0632f","settings":{"editor":"<p>Search land for sale in your local area by price, amenities, or other features. We'll show you the sales history and provide helpful advice.<\/p>","align":"center","typography_typography":"custom","typography_font_size":{"unit":"px","size":18,"sizes":[]},"typography_line_height":{"unit":"em","size":1.6,"sizes":[]},"text_color":"#797979","align_mobile":"center","_margin":{"unit":"px","top":"0","right":"0","bottom":"0","left":"0","isLinked":false},"_margin_mobile":{"unit":"px","top":"0","right":"0","bottom":"0","left":"0","isLinked":true},"_padding_mobile":{"unit":"px","top":"0","right":"0","bottom":"0","left":"0","isLinked":true},"_animation":"fadeIn","_animation_delay":200,"__globals__":{"text_color":""}},"elements":[],"isInner":false,"widgetType":"text-editor","elType":"widget"}],"isInner":true,"elType":"column"}],"isInner":true,"elType":"section"},{"id":"56e922c2","settings":{"slides_to_show":"5","slide_auto":"true","auto_speed":"3000","featured_prop":"yes","hz_item_price_typography":"custom","hz_item_price_font_weight":"600"},"elements":[],"isInner":false,"widgetType":"houzez_elementor_properties_carousel_v6","elType":"widget"}],"isInner":false,"elType":"column"}],"isInner":false,"elType":"section"},{"id":"5a131ecc","settings":{"custom_height":{"unit":"px","size":760,"sizes":[]},"content_position":"middle","background_position":"center left","background_repeat":"no-repeat","background_overlay_color":"#FFFFFF","background_overlay_opacity":{"unit":"px","size":0.9,"sizes":[]},"css_filters_blur":{"unit":"px","size":5,"sizes":[]},"stretch_section":"section-stretched","background_background":"classic","padding":{"unit":"px","top":"70","right":"0","bottom":"70","left":"0","isLinked":false},"__globals__":{"background_color":""},"animation":"fadeIn","content_width":{"unit":"px","size":1400,"sizes":[]}},"elements":[{"id":"62f56fa7","settings":{"_column_size":100,"_inline_size":null},"elements":[{"id":"c29be5d","settings":{"image":{"url":"https:\/\/demo27.houzez.co\/wp-content\/uploads\/2022\/08\/rating-stars.png","id":18215,"alt":"","source":"library"},"image_size":"full"},"elements":[],"isInner":false,"widgetType":"image","elType":"widget"},{"id":"38cf3e93","settings":{"title":"What customers are saying","align":"center","typography_typography":"custom","typography_letter_spacing":{"unit":"px","size":-1,"sizes":[]},"__globals__":{"title_color":""},"title_color":"#000000","typography_font_size":{"unit":"px","size":34,"sizes":[]},"typography_font_size_tablet":{"unit":"px","size":24,"sizes":[]},"typography_line_height":{"unit":"em","size":1.5,"sizes":[]}},"elements":[],"isInner":false,"widgetType":"heading","elType":"widget"},{"id":"fdaf0f","settings":{"space":{"unit":"px","size":10,"sizes":[]}},"elements":[],"isInner":false,"widgetType":"spacer","elType":"widget"},{"id":"7945243e","settings":{"posts_limit":"3","houzez_testi_v2_text_color":"#000000","_animation":"fadeIn","animation_duration":"slow","__globals__":{"houzez_testi_v2_bg_color":""},"houzez_testi_v2_bg_color":"#FFFFFF"},"elements":[],"isInner":false,"widgetType":"houzez_elementor_testimonials_v2","elType":"widget"}],"isInner":false,"elType":"column"}],"isInner":false,"elType":"section"},{"id":"4f7f2771","settings":{"background_color":"#F7F8F9","content_width":{"unit":"px","size":1440,"sizes":[]},"background_background":"gradient","background_color_b":"#FFFFFF"},"elements":[{"id":"1b65df8e","settings":{"_column_size":100,"_inline_size":null},"elements":[{"id":"3d4a636c","settings":{"height":{"unit":"px","size":25,"sizes":[]}},"elements":[],"isInner":false,"widgetType":"houzez_elementor_space","elType":"widget"},{"id":"40bb9d4c","settings":{"content_width":{"unit":"px","size":773,"sizes":[]}},"elements":[{"id":"715c05a7","settings":{"_column_size":100,"_inline_size":null},"elements":[{"id":"695e0f62","settings":{"title":"Guide for buyers and sellers","title_color":"#000000","typography_typography":"custom","typography_font_size":{"unit":"px","size":34,"sizes":[]},"typography_line_height":{"unit":"em","size":1.5,"sizes":[]},"align":"center","typography_letter_spacing":{"unit":"px","size":-1,"sizes":[]},"typography_font_size_tablet":{"unit":"px","size":24,"sizes":[]}},"elements":[],"isInner":false,"widgetType":"heading","elType":"widget"},{"id":"182783fb","settings":{"editor":"<p>Get immediate access to find the best homes for sale, information on market trends, open houses and homes-in-progress.<\/p>","align":"center","typography_typography":"custom","typography_font_size":{"unit":"px","size":18,"sizes":[]},"typography_line_height":{"unit":"em","size":1.6,"sizes":[]},"text_color":"#797979","align_mobile":"center","_margin":{"unit":"px","top":"0","right":"0","bottom":"0","left":"0","isLinked":false},"_margin_mobile":{"unit":"px","top":"0","right":"0","bottom":"0","left":"0","isLinked":true},"_padding_mobile":{"unit":"px","top":"0","right":"0","bottom":"0","left":"0","isLinked":true},"_animation":"fadeIn","_animation_delay":200,"__globals__":{"text_color":""}},"elements":[],"isInner":false,"widgetType":"text-editor","elType":"widget"},{"id":"3135146","settings":{"height":{"unit":"px","size":30,"sizes":[]},"height_mobile":{"unit":"px","size":10,"sizes":[]}},"elements":[],"isInner":false,"widgetType":"houzez_elementor_space","elType":"widget"}],"isInner":true,"elType":"column"}],"isInner":true,"elType":"section"},{"id":"6e78f8fd","settings":{"content_width":{"unit":"px","size":1600,"sizes":[]},"layout":"full_width"},"elements":[{"id":"252d1ff5","settings":{"_column_size":100,"_inline_size":null},"elements":[{"id":"268a8ad8","settings":{"posts_limit":4,"show_author":"","box_padding_top":{"unit":"px","size":0,"sizes":[]},"box_padding_bottom":{"unit":"px","size":11,"sizes":[]},"image_margin":{"unit":"px","size":10,"sizes":[]},"title_typo_typography":"custom","title_typo_font_size":{"unit":"px","size":18,"sizes":[]},"title_typo_font_weight":"bold","title_margin_top":{"unit":"px","size":10,"sizes":[]},"title_margin_bottom":{"unit":"px","size":0,"sizes":[]},"content_typo_typography":"custom","content_typo_font_size":{"unit":"px","size":15,"sizes":[]},"content_margin_bottom":{"unit":"px","size":0,"sizes":[]},"postmeta_typo_typography":"custom","postmeta_typo_font_size":{"unit":"px","size":15,"sizes":[]},"postmeta_margin_top":{"unit":"px","size":7,"sizes":[]},"author_padding":{"unit":"px","top":"20","right":"30","bottom":"0","left":"30","isLinked":false},"box_bg_color":"#FFFFFF00","box_margin_bottom":{"unit":"px","size":0,"sizes":[]},"content_padding_pst":{"unit":"px","top":"10","right":"10","bottom":"10","left":"10","isLinked":true}},"elements":[],"isInner":false,"widgetType":"houzez_elementor_blog_posts","elType":"widget"},{"id":"3e570253","settings":{"height":{"unit":"px","size":25,"sizes":[]}},"elements":[],"isInner":false,"widgetType":"houzez_elementor_space","elType":"widget"}],"isInner":true,"elType":"column"}],"isInner":true,"elType":"section"}],"isInner":false,"elType":"column"}],"isInner":false,"elType":"section"}],"page_settings":{"background_color":"#FFFFFF"},"version":"0.4","title":"Homepage 01 - Demo 27","type":"page"}