{"content":[{"id":"395ea0f1","settings":{"margin":{"unit":"px","top":"0","right":0,"bottom":"0","left":0,"isLinked":false},"__globals__":{"background_color":""},"content_position":"middle","background_background":"classic","background_color":"#FFFFFF","content_width":{"unit":"px","size":1400,"sizes":[]},"custom_height":{"unit":"px","size":789,"sizes":[]},"background_image":{"url":"","id":"","alt":"","source":"library"},"background_position":"center left","background_repeat":"no-repeat","background_size":"contain","background_overlay_color":"#000000","background_slideshow_ken_burns":"yes","background_overlay_opacity":{"unit":"px","size":0.34,"sizes":[]},"layout":"full_width","padding":{"unit":"px","top":"20","right":"20","bottom":"20","left":"20","isLinked":true},"padding_mobile":{"unit":"px","top":"0","right":"5","bottom":"0","left":"5","isLinked":false}},"elements":[{"id":"55bf6cd4","settings":{"_column_size":100,"_inline_size":null,"background_background":"slideshow","background_position":"initial","background_repeat":"no-repeat","background_size":"cover","background_ypos":{"unit":"px","size":-50,"sizes":[]},"background_slideshow_ken_burns":"yes","background_overlay_background":"classic","background_overlay_color":"#FFFFFF","background_slideshow_background_size":"cover","border_border":"solid","border_width":{"unit":"px","top":"0","right":"0","bottom":"0","left":"0","isLinked":true}},"elements":[{"id":"7b24768b","settings":{"custom_height_inner":{"unit":"px","size":730,"sizes":[]},"content_position":"middle","background_background":"classic","background_position":"center center","background_repeat":"no-repeat","background_size":"cover","background_overlay_color_b":"#FFFFFF00","background_overlay_gradient_angle":{"unit":"deg","size":90,"sizes":[]},"background_overlay_opacity":{"unit":"px","size":0.2,"sizes":[]},"__globals__":{"background_overlay_color":""},"gap":"no","background_image":{"url":"https:\/\/demo27.houzez.co\/wp-content\/uploads\/2020\/04\/0014.jpg","id":17813,"alt":"","source":"library"},"content_width":{"unit":"px","size":906,"sizes":[]},"height_inner":"min-height","border_radius":{"unit":"px","top":"16","right":"16","bottom":"16","left":"16","isLinked":true},"layout":"full_width","structure":"20","background_overlay_background":"classic","background_overlay_color":"#000000","custom_height_inner_tablet":{"unit":"px","size":0,"sizes":[]},"custom_height_inner_mobile":{"unit":"px","size":486,"sizes":[]}},"elements":[{"id":"5be4dfb8","settings":{"_column_size":50,"_inline_size":null,"space_between_widgets":10,"padding":{"unit":"%","top":"25","right":"0","bottom":"25","left":"14","isLinked":false},"padding_tablet":{"unit":"%","top":"10","right":"10","bottom":"10","left":"10","isLinked":true},"padding_mobile":{"unit":"%","top":"8","right":"8","bottom":"8","left":"8","isLinked":true},"_inline_size_tablet":100},"elements":[{"id":"2867656d","settings":{"title":"land and farm for sale","typography_typography":"custom","typography_letter_spacing":{"unit":"px","size":-1,"sizes":[]},"__globals__":{"title_color":""},"typography_font_size":{"unit":"px","size":54,"sizes":[]},"typography_line_height":{"unit":"em","size":1.3,"sizes":[]},"_animation":"fadeIn","align_mobile":"center","typography_font_size_mobile":{"unit":"px","size":36,"sizes":[]},"title_color":"#FFFFFF","_margin":{"unit":"px","top":"0","right":"0","bottom":"0","left":"0","isLinked":false},"header_size":"h1","align":"left","align_tablet":"center","_margin_mobile":{"unit":"px","top":"0","right":"0","bottom":"0","left":"0","isLinked":true}},"elements":[],"isInner":false,"widgetType":"heading","elType":"widget"},{"id":"15781d07","settings":{"typography_typography":"custom","typography_font_size":{"unit":"px","size":20,"sizes":[]},"typography_line_height":{"unit":"em","size":1.6,"sizes":[]},"__globals__":{"text_color":""},"editor":"<p>Find your perfect piece of land by searching by location, price, and features.&nbsp;<\/p>","text_color":"#FFFFFF","_animation":"fadeIn","_animation_delay":250,"align_mobile":"center","_margin_mobile":{"unit":"px","top":"0","right":"0","bottom":"0","left":"0","isLinked":true},"_padding_mobile":{"unit":"px","top":"0","right":"0","bottom":"0","left":"0","isLinked":true},"align":"left","align_tablet":"center"},"elements":[],"isInner":false,"widgetType":"text-editor","elType":"widget"},{"id":"317415d5","settings":{"text":"View our properties","link":{"url":"https:\/\/demo27.houzez.co\/with-half-map\/","is_external":"","nofollow":"","custom_attributes":""},"size":"md","typography_typography":"custom","typography_font_size":{"unit":"px","size":18,"sizes":[]},"typography_font_weight":"500","typography_text_transform":"capitalize","typography_letter_spacing":{"unit":"px","size":1,"sizes":[]},"background_color":"#28A77C","button_background_hover_color":"#20B885","text_padding":{"unit":"px","top":"20","right":"50","bottom":"20","left":"50","isLinked":false},"align_tablet":"center","text_padding_mobile":{"unit":"px","top":"20","right":"20","bottom":"20","left":"20","isLinked":false}},"elements":[],"isInner":false,"widgetType":"button","elType":"widget"}],"isInner":true,"elType":"column"},{"id":"60eebc38","settings":{"_column_size":50,"_inline_size":null,"_inline_size_tablet":100},"elements":[],"isInner":true,"elType":"column"}],"isInner":true,"elType":"section"}],"isInner":false,"elType":"column"}],"isInner":false,"elType":"section"},{"id":"10b70c4c","settings":{"content_width":{"unit":"px","size":1370,"sizes":[]},"background_background":"classic","background_color":"#FFFFFF","border_width":{"unit":"px","top":"8","right":"0","bottom":"0","left":"0","isLinked":false},"border_color":"#28A77C","padding":{"unit":"px","top":"0","right":"0","bottom":"0","left":"0","isLinked":false}},"elements":[{"id":"181257e3","settings":{"_column_size":100,"_inline_size":null},"elements":[{"id":"aef6310","settings":{"layout":"full_width","structure":"50"},"elements":[{"id":"29a75db5","settings":{"_column_size":20,"_inline_size":null,"_inline_size_mobile":50},"elements":[{"id":"e16249a","settings":{"image":{"url":"https:\/\/demo27.houzez.co\/wp-content\/uploads\/2016\/03\/partner-04-e1582734649458.jpg","id":1121,"alt":"","source":"library"},"_animation":"fadeIn"},"elements":[],"isInner":false,"widgetType":"image","elType":"widget"}],"isInner":true,"elType":"column"},{"id":"6d2d5337","settings":{"_column_size":20,"_inline_size":null,"_inline_size_mobile":50},"elements":[{"id":"2944a0ad","settings":{"image":{"url":"https:\/\/demo27.houzez.co\/wp-content\/uploads\/2016\/03\/partner-02-e1582734691936.jpg","id":1119,"alt":"","source":"library"},"_animation":"fadeIn","_animation_delay":250},"elements":[],"isInner":false,"widgetType":"image","elType":"widget"}],"isInner":true,"elType":"column"},{"id":"1517f242","settings":{"_column_size":20,"_inline_size":null,"_inline_size_mobile":50},"elements":[{"id":"5aafca7e","settings":{"image":{"url":"https:\/\/demo27.houzez.co\/wp-content\/uploads\/2016\/03\/partner-01-e1582734705113.jpg","id":1118,"alt":"","source":"library"},"_animation":"fadeIn","_animation_delay":500},"elements":[],"isInner":false,"widgetType":"image","elType":"widget"}],"isInner":true,"elType":"column"},{"id":"4104c6f4","settings":{"_column_size":20,"_inline_size":null,"_inline_size_mobile":50},"elements":[{"id":"5f5f6609","settings":{"image":{"url":"https:\/\/demo27.houzez.co\/wp-content\/uploads\/2016\/03\/partner-05-e1582734603812.jpg","id":1122,"alt":"","source":"library"},"_animation":"fadeIn","_animation_delay":750},"elements":[],"isInner":false,"widgetType":"image","elType":"widget"}],"isInner":true,"elType":"column"},{"id":"9bc14d1","settings":{"_column_size":20,"_inline_size":null},"elements":[{"id":"397404b8","settings":{"image":{"url":"https:\/\/demo27.houzez.co\/wp-content\/uploads\/2016\/03\/partner-03-e1582734671602.jpg","id":1120,"alt":"","source":"library"},"_animation":"fadeIn","_animation_delay":1000},"elements":[],"isInner":false,"widgetType":"image","elType":"widget"}],"isInner":true,"elType":"column"}],"isInner":true,"elType":"section"}],"isInner":false,"elType":"column"}],"isInner":false,"elType":"section"},{"id":"7ec8ae70","settings":{"content_width":{"unit":"px","size":1400,"sizes":[]},"background_background":"classic","background_color":"#FFFFFF","layout":"full_width","background_color_b":"#F7F8F9","background_image":{"url":"","id":"","alt":"","source":"library"},"background_position":"center center","background_size":"cover","background_overlay_color":"#000000","background_overlay_opacity":{"unit":"px","size":0.26,"sizes":[]}},"elements":[{"id":"48ff8776","settings":{"_column_size":100,"_inline_size":null},"elements":[{"id":"4ae9cb92","settings":[],"elements":[],"isInner":false,"widgetType":"spacer","elType":"widget"},{"id":"517a4e86","settings":{"content_width":{"unit":"px","size":887,"sizes":[]}},"elements":[{"id":"30d17b8","settings":{"_column_size":100,"_inline_size":null},"elements":[{"id":"4914cb0","settings":{"title":"Search Your Land By Type","title_color":"#000000","typography_typography":"custom","typography_font_size":{"unit":"px","size":34,"sizes":[]},"typography_line_height":{"unit":"em","size":1.5,"sizes":[]},"align":"center","typography_letter_spacing":{"unit":"px","size":-1,"sizes":[]},"typography_font_size_tablet":{"unit":"px","size":24,"sizes":[]}},"elements":[],"isInner":false,"widgetType":"heading","elType":"widget"},{"id":"ddcc9fa","settings":{"editor":"<p>Let our land purchase advisors help you to find the perfect spot for your next home. We can offer in-depth insights and assessments of the land that meet your needs.<\/p>","align":"center","typography_typography":"custom","typography_font_size":{"unit":"px","size":18,"sizes":[]},"typography_line_height":{"unit":"em","size":1.6,"sizes":[]},"text_color":"#797979","align_mobile":"center","_margin":{"unit":"px","top":"0","right":"0","bottom":"0","left":"0","isLinked":false},"_margin_mobile":{"unit":"px","top":"0","right":"0","bottom":"0","left":"0","isLinked":true},"_padding_mobile":{"unit":"px","top":"0","right":"0","bottom":"0","left":"0","isLinked":true},"_animation":"fadeIn","_animation_delay":200,"__globals__":{"text_color":""}},"elements":[],"isInner":false,"widgetType":"text-editor","elType":"widget"},{"id":"1b74609a","settings":{"height":{"unit":"px","size":30,"sizes":[]},"height_mobile":{"unit":"px","size":10,"sizes":[]}},"elements":[],"isInner":false,"widgetType":"houzez_elementor_space","elType":"widget"}],"isInner":true,"elType":"column"}],"isInner":true,"elType":"section"},{"id":"63928f73","settings":{"structure":"40","gap":"narrow","content_width":{"unit":"px","size":1400,"sizes":[]}},"elements":[{"id":"7446c353","settings":{"_column_size":25,"_inline_size":40},"elements":[{"id":"b5ffcae","settings":{"grid_data":"dynamic","more_text":"More Details","tax_city":"englewood","more_text_d":"","properties_text":"Properties","property_text":"Property","grid_type":"grid-item-v2","grid_v3_height":{"unit":"%","size":170,"sizes":[]},"grid_item_margin":{"unit":"px","size":10,"sizes":[]},"grid_title_typography_typography":"custom","grid_title_typography_font_family":"","grid_title_typography_font_weight":"500","grid_subtitle_typography_typography":"custom","grid_subtitle_typography_font_family":"","grid_subtitle_typography_font_weight":"500","grid_v3_height_tablet":{"unit":"%","size":166,"sizes":[]},"grid_item_margin_tablet":{"unit":"px","size":0,"sizes":[]},"grid_item_margin_mobile":{"unit":"px","size":0,"sizes":[]},"image":{"id":18055,"url":"https:\/\/demo27.houzez.co\/wp-content\/uploads\/2022\/08\/placeholder.png"},"tax_custom_image":{"id":18056,"url":"https:\/\/demo27.houzez.co\/wp-content\/uploads\/2022\/08\/placeholder-1.png"},"tax_type":"land-for-sale","_animation":"fadeIn","grid_title_typography_font_size":{"unit":"px","size":24,"sizes":[]},"grid_subtitle_typography_font_size":{"unit":"px","size":15,"sizes":[]},"_z_index":100,"grid_padding_tablet":{"unit":"px","top":"15","right":"15","bottom":"15","left":"15","isLinked":true},"grid_title_typography_font_size_tablet":{"unit":"px","size":14,"sizes":[]}},"elements":[],"isInner":false,"widgetType":"Houzez_elementor_grid_builder","elType":"widget"}],"isInner":true,"elType":"column"},{"id":"5df5ac29","settings":{"_column_size":25,"_inline_size":20},"elements":[{"id":"6a46761f","settings":{"grid_data":"dynamic","more_text":"More Details","tax_city":"englewood","more_text_d":"","properties_text":"Properties","property_text":"Property","grid_v3_height":{"unit":"%","size":148,"sizes":[]},"grid_item_margin":{"unit":"px","size":10,"sizes":[]},"grid_title_typography_typography":"custom","grid_title_typography_font_family":"","grid_title_typography_font_weight":"500","grid_subtitle_typography_typography":"custom","grid_subtitle_typography_font_family":"","grid_subtitle_typography_font_weight":"500","grid_v3_height_tablet":{"unit":"%","size":148,"sizes":[]},"grid_item_margin_tablet":{"unit":"px","size":"","sizes":[]},"grid_item_margin_mobile":{"unit":"px","size":"","sizes":[]},"image":{"id":18055,"url":"https:\/\/demo27.houzez.co\/wp-content\/uploads\/2022\/08\/placeholder.png"},"tax_custom_image":{"id":18056,"url":"https:\/\/demo27.houzez.co\/wp-content\/uploads\/2022\/08\/placeholder-1.png"},"tax_type":"farms-and-ranches","_animation":"fadeIn","_animation_delay":200,"grid_title_typography_font_size":{"unit":"px","size":24,"sizes":[]},"grid_subtitle_typography_font_size":{"unit":"px","size":15,"sizes":[]},"grid_padding_tablet":{"unit":"px","top":"15","right":"15","bottom":"15","left":"15","isLinked":true},"grid_title_typography_font_size_tablet":{"unit":"px","size":14,"sizes":[]},"grid_type":"grid-item-v2"},"elements":[],"isInner":false,"widgetType":"Houzez_elementor_grid_builder","elType":"widget"},{"id":"7a034835","settings":{"grid_data":"dynamic","more_text":"More Details","tax_city":"englewood","more_text_d":"","properties_text":"Properties","property_text":"Property","grid_v3_height":{"unit":"%","size":148,"sizes":[]},"grid_item_margin":{"unit":"px","size":10,"sizes":[]},"grid_title_typography_typography":"custom","grid_title_typography_font_family":"","grid_title_typography_font_weight":"500","grid_subtitle_typography_typography":"custom","grid_subtitle_typography_font_family":"","grid_subtitle_typography_font_weight":"500","grid_v3_height_tablet":{"unit":"%","size":148,"sizes":[]},"grid_item_margin_tablet":{"unit":"px","size":0,"sizes":[]},"grid_item_margin_mobile":{"unit":"px","size":0,"sizes":[]},"image":{"id":18055,"url":"https:\/\/demo27.houzez.co\/wp-content\/uploads\/2022\/08\/placeholder.png"},"tax_custom_image":{"id":18056,"url":"https:\/\/demo27.houzez.co\/wp-content\/uploads\/2022\/08\/placeholder-1.png"},"tax_type":"timberland","_animation":"fadeIn","_animation_delay":100,"grid_type":"grid-item-v2","grid_title_typography_font_size":{"unit":"px","size":24,"sizes":[]},"grid_subtitle_typography_font_size":{"unit":"px","size":15,"sizes":[]},"grid_padding_tablet":{"unit":"px","top":"15","right":"15","bottom":"15","left":"15","isLinked":true},"grid_title_typography_font_size_tablet":{"unit":"px","size":14,"sizes":[]}},"elements":[],"isInner":false,"widgetType":"Houzez_elementor_grid_builder","elType":"widget"}],"isInner":true,"elType":"column"},{"id":"5d3b0ff3","settings":{"_column_size":25,"_inline_size":20},"elements":[{"id":"11dac02a","settings":{"grid_data":"dynamic","more_text":"More Details","tax_city":"englewood","more_text_d":"","properties_text":"Properties","property_text":"Property","grid_type":"grid-item-v2","grid_v3_height":{"unit":"%","size":148,"sizes":[]},"grid_item_margin":{"unit":"px","size":10,"sizes":[]},"grid_title_typography_typography":"custom","grid_title_typography_font_family":"","grid_title_typography_font_weight":"500","grid_subtitle_typography_typography":"custom","grid_subtitle_typography_font_family":"","grid_subtitle_typography_font_weight":"500","grid_v3_height_tablet":{"unit":"%","size":148,"sizes":[]},"grid_item_margin_tablet":{"unit":"px","size":"","sizes":[]},"grid_item_margin_mobile":{"unit":"px","size":"","sizes":[]},"image":{"id":18055,"url":"https:\/\/demo27.houzez.co\/wp-content\/uploads\/2022\/08\/placeholder.png"},"tax_custom_image":{"id":18056,"url":"https:\/\/demo27.houzez.co\/wp-content\/uploads\/2022\/08\/placeholder-1.png"},"tax_type":"undeveloped-land","_animation":"fadeIn","_animation_delay":100,"grid_title_typography_font_size":{"unit":"px","size":24,"sizes":[]},"grid_subtitle_typography_font_size":{"unit":"px","size":15,"sizes":[]},"grid_padding_tablet":{"unit":"px","top":"15","right":"15","bottom":"15","left":"15","isLinked":true},"grid_title_typography_font_size_tablet":{"unit":"px","size":14,"sizes":[]}},"elements":[],"isInner":false,"widgetType":"Houzez_elementor_grid_builder","elType":"widget"},{"id":"26d17e21","settings":{"grid_data":"dynamic","more_text":"More Details","tax_city":"englewood","more_text_d":"","properties_text":"Properties","property_text":"Property","grid_v3_height":{"unit":"%","size":148,"sizes":[]},"grid_item_margin":{"unit":"px","size":10,"sizes":[]},"grid_title_typography_typography":"custom","grid_title_typography_font_family":"","grid_title_typography_font_weight":"500","grid_subtitle_typography_typography":"custom","grid_subtitle_typography_font_family":"","grid_subtitle_typography_font_weight":"500","grid_v3_height_tablet":{"unit":"%","size":148,"sizes":[]},"grid_item_margin_tablet":{"unit":"px","size":0,"sizes":[]},"grid_item_margin_mobile":{"unit":"px","size":0,"sizes":[]},"image":{"id":18055,"url":"https:\/\/demo27.houzez.co\/wp-content\/uploads\/2022\/08\/placeholder.png"},"tax_custom_image":{"id":18056,"url":"https:\/\/demo27.houzez.co\/wp-content\/uploads\/2022\/08\/placeholder-1.png"},"tax_type":"homesites","_animation":"fadeIn","_animation_delay":200,"grid_title_typography_font_size":{"unit":"px","size":24,"sizes":[]},"grid_subtitle_typography_font_size":{"unit":"px","size":15,"sizes":[]},"grid_padding_tablet":{"unit":"px","top":"15","right":"15","bottom":"15","left":"15","isLinked":true},"grid_title_typography_font_size_tablet":{"unit":"px","size":14,"sizes":[]},"grid_type":"grid-item-v2"},"elements":[],"isInner":false,"widgetType":"Houzez_elementor_grid_builder","elType":"widget"}],"isInner":true,"elType":"column"},{"id":"79c96246","settings":{"_column_size":25,"_inline_size":20},"elements":[{"id":"125f533","settings":{"grid_data":"dynamic","more_text":"More Details","tax_city":"englewood","more_text_d":"","properties_text":"Properties","property_text":"Property","grid_v3_height":{"unit":"%","size":148,"sizes":[]},"grid_item_margin":{"unit":"px","size":10,"sizes":[]},"grid_title_typography_typography":"custom","grid_title_typography_font_family":"","grid_title_typography_font_weight":"500","grid_subtitle_typography_typography":"custom","grid_subtitle_typography_font_family":"","grid_subtitle_typography_font_weight":"500","grid_v3_height_tablet":{"unit":"%","size":148,"sizes":[]},"grid_item_margin_tablet":{"unit":"px","size":"","sizes":[]},"grid_item_margin_mobile":{"unit":"px","size":"","sizes":[]},"image":{"id":18055,"url":"https:\/\/demo27.houzez.co\/wp-content\/uploads\/2022\/08\/placeholder.png"},"tax_custom_image":{"id":18056,"url":"https:\/\/demo27.houzez.co\/wp-content\/uploads\/2022\/08\/placeholder-1.png"},"tax_type":"hunting-land","_animation":"fadeIn","grid_title_typography_font_size":{"unit":"px","size":24,"sizes":[]},"grid_subtitle_typography_font_size":{"unit":"px","size":15,"sizes":[]},"grid_padding_tablet":{"unit":"px","top":"15","right":"15","bottom":"15","left":"15","isLinked":true},"grid_title_typography_font_size_tablet":{"unit":"px","size":14,"sizes":[]},"grid_type":"grid-item-v2"},"elements":[],"isInner":false,"widgetType":"Houzez_elementor_grid_builder","elType":"widget"},{"id":"1805a4c5","settings":{"grid_data":"dynamic","more_text":"More Details","tax_city":"englewood","more_text_d":"","properties_text":"Properties","property_text":"Property","grid_type":"grid-item-v2","grid_v3_height":{"unit":"%","size":148,"sizes":[]},"grid_item_margin":{"unit":"px","size":10,"sizes":[]},"grid_title_typography_typography":"custom","grid_title_typography_font_family":"","grid_title_typography_font_weight":"500","grid_subtitle_typography_typography":"custom","grid_subtitle_typography_font_family":"","grid_subtitle_typography_font_weight":"500","grid_v3_height_tablet":{"unit":"%","size":148,"sizes":[]},"grid_item_margin_tablet":{"unit":"px","size":0,"sizes":[]},"grid_item_margin_mobile":{"unit":"px","size":0,"sizes":[]},"image":{"id":18055,"url":"https:\/\/demo27.houzez.co\/wp-content\/uploads\/2022\/08\/placeholder.png"},"tax_custom_image":{"id":18056,"url":"https:\/\/demo27.houzez.co\/wp-content\/uploads\/2022\/08\/placeholder-1.png"},"tax_type":"commercial-land","_animation":"fadeIn","_animation_delay":300,"grid_title_typography_font_size":{"unit":"px","size":24,"sizes":[]},"grid_subtitle_typography_font_size":{"unit":"px","size":15,"sizes":[]},"grid_padding_tablet":{"unit":"px","top":"15","right":"15","bottom":"15","left":"15","isLinked":true},"grid_title_typography_font_size_tablet":{"unit":"px","size":14,"sizes":[]}},"elements":[],"isInner":false,"widgetType":"Houzez_elementor_grid_builder","elType":"widget"}],"isInner":true,"elType":"column"}],"isInner":true,"elType":"section"}],"isInner":false,"elType":"column"}],"isInner":false,"elType":"section"},{"id":"5861509e","settings":{"background_background":"gradient","background_color":"#FFFFFF","background_color_b":"#F7F8F9","content_width":{"unit":"px","size":1400,"sizes":[]}},"elements":[{"id":"334f72bb","settings":{"_column_size":100,"_inline_size":null},"elements":[{"id":"56693cb4","settings":{"content_width":{"unit":"px","size":773,"sizes":[]}},"elements":[{"id":"6b104d58","settings":{"_column_size":100,"_inline_size":null},"elements":[{"id":"4611b9a4","settings":{"space":{"unit":"px","size":30,"sizes":[]}},"elements":[],"isInner":false,"widgetType":"spacer","elType":"widget"},{"id":"1eeaa0aa","settings":{"title":"Recently Added Properties for sale","title_color":"#000000","typography_typography":"custom","typography_font_size":{"unit":"px","size":34,"sizes":[]},"typography_line_height":{"unit":"em","size":1.5,"sizes":[]},"align":"center","typography_letter_spacing":{"unit":"px","size":-1,"sizes":[]},"typography_font_size_tablet":{"unit":"px","size":24,"sizes":[]}},"elements":[],"isInner":false,"widgetType":"heading","elType":"widget"},{"id":"79697c55","settings":{"editor":"<p>Search land for sale in your local area by price, amenities, or other features. We'll show you the sales history and provide helpful advice.<\/p>","align":"center","typography_typography":"custom","typography_font_size":{"unit":"px","size":18,"sizes":[]},"typography_line_height":{"unit":"em","size":1.6,"sizes":[]},"text_color":"#797979","align_mobile":"center","_margin":{"unit":"px","top":"0","right":"0","bottom":"0","left":"0","isLinked":false},"_margin_mobile":{"unit":"px","top":"0","right":"0","bottom":"0","left":"0","isLinked":true},"_padding_mobile":{"unit":"px","top":"0","right":"0","bottom":"0","left":"0","isLinked":true},"_animation":"fadeIn","_animation_delay":200,"__globals__":{"text_color":""}},"elements":[],"isInner":false,"widgetType":"text-editor","elType":"widget"},{"id":"7406000f","settings":{"height":{"unit":"px","size":30,"sizes":[]},"height_mobile":{"unit":"px","size":10,"sizes":[]}},"elements":[],"isInner":false,"widgetType":"houzez_elementor_space","elType":"widget"}],"isInner":true,"elType":"column"}],"isInner":true,"elType":"section"},{"id":"7acdb1d1","settings":{"show_tabs_icon":"","tabs_items":[{"tab_title":"All","_id":"10f19ea","tabs_icon_type":"none","tab_icon_image":{"id":18079,"url":"https:\/\/demo27.houzez.co\/wp-content\/uploads\/2022\/08\/placeholder-20.png"}},{"tab_title":"Land for sale","property_type":["land-for-sale"],"_id":"623ac98"},{"tab_title":"Farms & Ranches","property_type":["farms-and-ranches"],"_id":"c8e530d"},{"tab_title":"Homesites","property_type":["homesites"],"_id":"87409a6"},{"_id":"496d2b7","tab_title":"Commercial","property_type":["commercial-land"]},{"tab_title":"Hunting","property_type":["hunting-land"],"_id":"0709bfd"}],"module_type":"grid_4_cols","posts_limit":4,"tab_title_border":"#28A77C","tabs_typography_typography":"custom","tabs_typography_font_size":{"unit":"px","size":14,"sizes":[]},"tabs_typography_text_transform":"uppercase","houzez_tabs_style":"property-nav-tabs-v5","grid_style":"cards-v6","tab_title_color_hover":"#28A77C","tabs_typography_font_weight":"bold","hide_compare":"none","hide_favorite":"none","_animation":"fadeIn"},"elements":[],"isInner":false,"widgetType":"houzez_properties_tabs","elType":"widget"}],"isInner":false,"elType":"column"}],"isInner":false,"elType":"section"},{"id":"6b636b55","settings":[],"elements":[{"id":"29ae32cf","settings":{"_column_size":100,"_inline_size":null},"elements":[{"id":"73cf7f55","settings":{"structure":"20"},"elements":[{"id":"45aa605c","settings":{"_column_size":50,"_inline_size":null},"elements":[],"isInner":true,"elType":"column"},{"id":"55b71312","settings":{"_column_size":50,"_inline_size":null},"elements":[],"isInner":true,"elType":"column"}],"isInner":true,"elType":"section"}],"isInner":false,"elType":"column"}],"isInner":false,"elType":"section"},{"id":"6060b373","settings":{"background_background":"classic","background_color":"#F5F9F8","background_color_b":"#F7F8F9","content_width":{"unit":"px","size":1400,"sizes":[]},"background_image":{"url":"","id":"","alt":"","source":"library"},"background_position":"center center","background_size":"cover","background_overlay_color":"#000000","background_overlay_opacity":{"unit":"px","size":0.26,"sizes":[]}},"elements":[{"id":"227d5778","settings":{"_column_size":100,"_inline_size":null},"elements":[{"id":"73434420","settings":[],"elements":[],"isInner":false,"widgetType":"houzez_elementor_space","elType":"widget"},{"id":"2ac92ce","settings":{"content_width":{"unit":"px","size":773,"sizes":[]}},"elements":[{"id":"73f87687","settings":{"_column_size":100,"_inline_size":null},"elements":[{"id":"5f2057b6","settings":{"title":"Featured Properties","title_color":"#000000","typography_typography":"custom","typography_font_size":{"unit":"px","size":34,"sizes":[]},"typography_line_height":{"unit":"em","size":1.5,"sizes":[]},"align":"center","typography_letter_spacing":{"unit":"px","size":-1,"sizes":[]},"typography_font_size_tablet":{"unit":"px","size":24,"sizes":[]}},"elements":[],"isInner":false,"widgetType":"heading","elType":"widget"},{"id":"4715463e","settings":{"editor":"<p>Search land for sale in your local area by price, amenities, or other features. We'll show you the sales history and provide helpful advice.<\/p>","align":"center","typography_typography":"custom","typography_font_size":{"unit":"px","size":18,"sizes":[]},"typography_line_height":{"unit":"em","size":1.6,"sizes":[]},"text_color":"#797979","align_mobile":"center","_margin":{"unit":"px","top":"0","right":"0","bottom":"0","left":"0","isLinked":false},"_margin_mobile":{"unit":"px","top":"0","right":"0","bottom":"0","left":"0","isLinked":true},"_padding_mobile":{"unit":"px","top":"0","right":"0","bottom":"0","left":"0","isLinked":true},"_animation":"fadeIn","_animation_delay":200,"__globals__":{"text_color":""}},"elements":[],"isInner":false,"widgetType":"text-editor","elType":"widget"}],"isInner":true,"elType":"column"}],"isInner":true,"elType":"section"},{"id":"4a430196","settings":{"slides_to_show":"5","slide_auto":"true","auto_speed":"3000","featured_prop":"yes","hz_item_price_typography":"custom","hz_item_price_font_weight":"600"},"elements":[],"isInner":false,"widgetType":"houzez_elementor_properties_carousel_v6","elType":"widget"}],"isInner":false,"elType":"column"}],"isInner":false,"elType":"section"},{"id":"6ee34692","settings":{"custom_height":{"unit":"px","size":760,"sizes":[]},"content_position":"middle","background_position":"center left","background_repeat":"no-repeat","background_overlay_color":"#FFFFFF","background_overlay_opacity":{"unit":"px","size":0.9,"sizes":[]},"css_filters_blur":{"unit":"px","size":5,"sizes":[]},"stretch_section":"section-stretched","background_background":"classic","padding":{"unit":"px","top":"70","right":"0","bottom":"70","left":"0","isLinked":false},"__globals__":{"background_color":""},"animation":"fadeIn","content_width":{"unit":"px","size":1400,"sizes":[]}},"elements":[{"id":"728f2566","settings":{"_column_size":100,"_inline_size":null},"elements":[{"id":"5713cbdf","settings":{"image":{"url":"https:\/\/demo27.houzez.co\/wp-content\/uploads\/2022\/08\/rating-stars.png","id":18215,"alt":"","source":"library"},"image_size":"full"},"elements":[],"isInner":false,"widgetType":"image","elType":"widget"},{"id":"49d1bf4b","settings":{"title":"What customers are saying","align":"center","typography_typography":"custom","typography_letter_spacing":{"unit":"px","size":-1,"sizes":[]},"__globals__":{"title_color":""},"title_color":"#000000","typography_font_size":{"unit":"px","size":34,"sizes":[]},"typography_font_size_tablet":{"unit":"px","size":24,"sizes":[]},"typography_line_height":{"unit":"em","size":1.5,"sizes":[]}},"elements":[],"isInner":false,"widgetType":"heading","elType":"widget"},{"id":"1334b217","settings":{"space":{"unit":"px","size":10,"sizes":[]}},"elements":[],"isInner":false,"widgetType":"spacer","elType":"widget"},{"id":"589e6baa","settings":{"posts_limit":"3","houzez_testi_v2_text_color":"#000000","_animation":"fadeIn","animation_duration":"slow","__globals__":{"houzez_testi_v2_bg_color":""},"houzez_testi_v2_bg_color":"#FFFFFF"},"elements":[],"isInner":false,"widgetType":"houzez_elementor_testimonials_v2","elType":"widget"}],"isInner":false,"elType":"column"}],"isInner":false,"elType":"section"},{"id":"7a2c1f2e","settings":{"background_color":"#F7F8F9","content_width":{"unit":"px","size":1440,"sizes":[]},"background_background":"gradient","background_color_b":"#FFFFFF"},"elements":[{"id":"cab2f67","settings":{"_column_size":100,"_inline_size":null},"elements":[{"id":"5df4d8e0","settings":{"height":{"unit":"px","size":25,"sizes":[]}},"elements":[],"isInner":false,"widgetType":"houzez_elementor_space","elType":"widget"},{"id":"2b22f67a","settings":{"content_width":{"unit":"px","size":773,"sizes":[]}},"elements":[{"id":"6fb18682","settings":{"_column_size":100,"_inline_size":null},"elements":[{"id":"599c1251","settings":{"title":"Guide for buyers and sellers","title_color":"#000000","typography_typography":"custom","typography_font_size":{"unit":"px","size":34,"sizes":[]},"typography_line_height":{"unit":"em","size":1.5,"sizes":[]},"align":"center","typography_letter_spacing":{"unit":"px","size":-1,"sizes":[]},"typography_font_size_tablet":{"unit":"px","size":24,"sizes":[]}},"elements":[],"isInner":false,"widgetType":"heading","elType":"widget"},{"id":"3286eaab","settings":{"editor":"<p>Get immediate access to find the best homes for sale, information on market trends, open houses and homes-in-progress.<\/p>","align":"center","typography_typography":"custom","typography_font_size":{"unit":"px","size":18,"sizes":[]},"typography_line_height":{"unit":"em","size":1.6,"sizes":[]},"text_color":"#797979","align_mobile":"center","_margin":{"unit":"px","top":"0","right":"0","bottom":"0","left":"0","isLinked":false},"_margin_mobile":{"unit":"px","top":"0","right":"0","bottom":"0","left":"0","isLinked":true},"_padding_mobile":{"unit":"px","top":"0","right":"0","bottom":"0","left":"0","isLinked":true},"_animation":"fadeIn","_animation_delay":200,"__globals__":{"text_color":""}},"elements":[],"isInner":false,"widgetType":"text-editor","elType":"widget"},{"id":"6ca0c328","settings":{"height":{"unit":"px","size":30,"sizes":[]},"height_mobile":{"unit":"px","size":10,"sizes":[]}},"elements":[],"isInner":false,"widgetType":"houzez_elementor_space","elType":"widget"}],"isInner":true,"elType":"column"}],"isInner":true,"elType":"section"},{"id":"3212ca71","settings":{"content_width":{"unit":"px","size":1600,"sizes":[]},"layout":"full_width"},"elements":[{"id":"4f08752e","settings":{"_column_size":100,"_inline_size":null},"elements":[{"id":"624bec80","settings":{"posts_limit":4,"show_author":"","box_padding_top":{"unit":"px","size":0,"sizes":[]},"box_padding_bottom":{"unit":"px","size":11,"sizes":[]},"image_margin":{"unit":"px","size":10,"sizes":[]},"title_typo_typography":"custom","title_typo_font_size":{"unit":"px","size":18,"sizes":[]},"title_typo_font_weight":"bold","title_margin_top":{"unit":"px","size":10,"sizes":[]},"title_margin_bottom":{"unit":"px","size":0,"sizes":[]},"content_typo_typography":"custom","content_typo_font_size":{"unit":"px","size":15,"sizes":[]},"content_margin_bottom":{"unit":"px","size":0,"sizes":[]},"postmeta_typo_typography":"custom","postmeta_typo_font_size":{"unit":"px","size":15,"sizes":[]},"postmeta_margin_top":{"unit":"px","size":7,"sizes":[]},"author_padding":{"unit":"px","top":"20","right":"30","bottom":"0","left":"30","isLinked":false},"box_bg_color":"#FFFFFF00","box_margin_bottom":{"unit":"px","size":0,"sizes":[]},"content_padding_pst":{"unit":"px","top":"10","right":"10","bottom":"10","left":"10","isLinked":true}},"elements":[],"isInner":false,"widgetType":"houzez_elementor_blog_posts","elType":"widget"},{"id":"d58edf","settings":{"height":{"unit":"px","size":25,"sizes":[]}},"elements":[],"isInner":false,"widgetType":"houzez_elementor_space","elType":"widget"}],"isInner":true,"elType":"column"}],"isInner":true,"elType":"section"}],"isInner":false,"elType":"column"}],"isInner":false,"elType":"section"}],"page_settings":{"background_color":"#FFFFFF"},"version":"0.4","title":"Homepage 03 - Demo 27","type":"page"}