{"version":"0.4","title":"Demo 02 &#8211; Homepage","type":"page","content":[{"id":"768a603a","settings":{"custom_height":{"unit":"px","size":760,"sizes":[]},"content_position":"middle","background_color":"#FFFFFF","background_position":"center center","background_repeat":"no-repeat","background_size":"cover","background_overlay_background":"classic","background_overlay_opacity":{"unit":"px","size":0.97,"sizes":[]},"css_filters_blur":{"unit":"px","size":5,"sizes":[]},"stretch_section":"section-stretched","layout":"full_width","gap":"wide","content_width":{"unit":"px","size":1482,"sizes":[]},"box_shadow_box_shadow":{"horizontal":0,"vertical":20,"blur":40,"spread":-30,"color":"rgba(0, 0, 0, 0.2)"},"box_shadow_box_shadow_position":"inset"},"elements":[{"id":"243323b6","settings":{"_column_size":100,"_inline_size":null},"elements":[{"id":"3f0b003d","settings":{"height":{"unit":"px","size":30,"sizes":[]}},"elements":[],"isInner":false,"widgetType":"houzez_elementor_space","elType":"widget"},{"id":"73478c74","settings":{"content_width":{"unit":"px","size":1280,"sizes":[]}},"elements":[{"id":"573a8708","settings":{"_column_size":100,"_inline_size":null},"elements":[{"id":"614b7490","settings":{"hz_section_title":"Discover Our Best Deals","section_title_typography_typography":"custom","section_title_typography_font_size":{"unit":"px","size":35,"sizes":[]},"section_title_typography_font_weight":"300","section_subtitle_typography_typography":"custom","houzez_section_title_margin_bottom":{"unit":"px","size":20,"sizes":[]},"_animation":"fadeIn","animation_duration":"slow","hz_section_subtitle":"Lorem ipsum dolor sit amet, consectetur adipiscing elit donec sollicitudin ","houzez_section_subtitle_color":"#7A7A7A","section_title_typography_font_size_mobile":{"unit":"px","size":25,"sizes":[]},"section_subtitle_typography_font_size_mobile":{"unit":"px","size":16,"sizes":[]},"houzez_section_title_color":"#000000"},"elements":[],"isInner":false,"widgetType":"houzez_elementor_section_title","elType":"widget"},{"id":"352c0ea2","settings":{"height":{"unit":"px","size":10,"sizes":[]}},"elements":[],"isInner":false,"widgetType":"houzez_elementor_space","elType":"widget"},{"id":"94de137","settings":{"sort_by":"featured_top","property_type":["apartment"],"property_city":[],"posts_limit":6},"elements":[],"isInner":false,"widgetType":"houzez_elementor_property-card-v6","elType":"widget"},{"id":"56d05479","settings":[],"elements":[],"isInner":false,"widgetType":"spacer","elType":"widget"}],"isInner":true,"elType":"column"}],"isInner":true,"elType":"section"}],"isInner":false,"elType":"column"}],"isInner":false,"elType":"section"},{"id":"4a573342","settings":{"layout":"full_width","background_background":"classic","background_color":"#FFFFFF","background_position":"center center","background_repeat":"no-repeat","background_size":"cover","background_overlay_color":"#004274","background_overlay_position":"center right","background_overlay_repeat":"no-repeat","background_overlay_size":"cover","box_shadow_box_shadow":{"horizontal":0,"vertical":20,"blur":40,"spread":-20,"color":"rgba(0,0,0,0.5)"},"box_shadow_box_shadow_position":"inset","shape_divider_top_color":"#F7F8F9","shape_divider_top_height":{"unit":"px","size":110,"sizes":[]},"shape_divider_top_flip":"yes","shape_divider_bottom_color":"#F7F8F9","shape_divider_bottom_height":{"unit":"px","size":110,"sizes":[]},"shape_divider_bottom_flip":"yes","background_image":{"url":"https:\/\/demo01.houzez.co\/wp-content\/uploads\/2020\/02\/slider1.jpg","id":16757},"background_overlay_background":"classic","background_overlay_attachment":"fixed","css_filters_blur":{"unit":"px","size":3,"sizes":[]}},"elements":[{"id":"b6cbdb","settings":{"_column_size":100,"_inline_size":null},"elements":[{"id":"4f565061","settings":{"space":{"unit":"px","size":100,"sizes":[]}},"elements":[],"isInner":false,"widgetType":"spacer","elType":"widget"},{"id":"72b9c853","settings":{"content_position":"middle","structure":"30"},"elements":[{"id":"3c6ab58","settings":{"_column_size":33,"_inline_size":38.596},"elements":[{"id":"286e312c","settings":{"hz_section_title":"Design Custom Real Estate Inquiry Forms","section_title_typography_typography":"custom","section_title_typography_font_size":{"unit":"px","size":35,"sizes":[]},"section_title_typography_font_weight":"300","section_subtitle_typography_typography":"custom","houzez_section_title_margin_bottom":{"unit":"px","size":20,"sizes":[]},"_animation":"fadeIn","animation_duration":"slow","hz_section_subtitle":"Design custom lead capture forms that integrate with the Houzez CRM","houzez_section_title_align":"left","houzez_section_subtitle_color":"#FFFFFF","houzez_section_title_color":"#FFFFFF","section_title_typography_font_size_mobile":{"unit":"px","size":25,"sizes":[]},"section_subtitle_typography_font_size_mobile":{"unit":"px","size":16,"sizes":[]}},"elements":[],"isInner":false,"widgetType":"houzez_elementor_section_title","elType":"widget"},{"id":"62ecf2a0","settings":{"width":{"unit":"%","size":20,"sizes":[]},"text":"Divider","color":"#000000","gap":{"unit":"px","size":2,"sizes":[]}},"elements":[],"isInner":false,"widgetType":"divider","elType":"widget"}],"isInner":true,"elType":"column"},{"id":"66346efc","settings":{"_column_size":33,"_inline_size":10.72},"elements":[],"isInner":true,"elType":"column"},{"id":"92022d","settings":{"_column_size":33,"_inline_size":50.016,"content_position":"center","space_between_widgets":0,"background_background":"classic","background_color":"#FFFFFF","padding":{"unit":"px","top":"50","right":"50","bottom":"30","left":"50","isLinked":false},"box_shadow_box_shadow_type":"yes","box_shadow_box_shadow":{"horizontal":0,"vertical":20,"blur":40,"spread":0,"color":"rgba(0, 0, 0, 0.1)"}},"elements":[{"id":"208d2bba","settings":{"form_name":"New Form","form_fields":[{"field_type":"enquiry_type","field_label":"Inquiry Type","placeholder":"Select","required":"true","field_options":"","width":"100","width_tablet":"","width_mobile":"","rows":4,"_id":"ba6c34c"},{"field_type":"user_type","field_label":"Information","placeholder":"I'm a ","required":"true","field_options":"Select\nI'm a real estate agent\nI'm a property owner","width":"100","width_tablet":"","width_mobile":"","rows":4,"_id":"b7fe77d"},{"field_type":"first_name","field_label":"","placeholder":"First Name","required":"true","field_options":"","width":"50","width_tablet":"","width_mobile":"","rows":4,"_id":"cc6b92f"},{"field_type":"last_name","field_label":"","placeholder":"Last Name","required":"","field_options":"","width":"50","width_tablet":"","width_mobile":"","rows":4,"_id":"3cc124e"},{"field_type":"email","field_label":"","placeholder":"Email Address","required":"true","field_options":"","width":"100","width_tablet":"","width_mobile":"","rows":4,"_id":"932d82c"},{"field_type":"e_meta[city]","field_label":"Location","placeholder":"Select city","required":"true","field_options":"","width":"50","width_tablet":"","width_mobile":"","rows":4,"_id":"2eaf20d"},{"field_type":"e_meta[zipcode]","field_label":"&nbsp;","placeholder":"Zip Code","required":"true","field_options":"","width":"50","width_tablet":"","width_mobile":"","rows":4,"_id":"f0ee6fc"},{"field_type":"e_meta[property_type]","field_label":"Property","placeholder":"Select type","required":"true","field_options":"","width":"100","width_tablet":"","width_mobile":"","rows":4,"_id":"3180222"},{"field_type":"e_meta[price]","field_label":"","placeholder":"Max price","required":"true","field_options":"","width":"50","width_tablet":"","width_mobile":"","rows":4,"_id":"c549d17"},{"field_type":"e_meta[area-size]","field_label":"","placeholder":"Minimum size (Sq Ft)","required":"true","field_options":"","width":"50","width_tablet":"","width_mobile":"","rows":4,"_id":"e08cbcb"},{"field_type":"e_meta[beds]","field_label":"","placeholder":"Number of beds","required":"true","field_options":"","width":"50","width_tablet":"","width_mobile":"","rows":4,"_id":"66cc0de"},{"field_type":"e_meta[baths]","field_label":"","placeholder":"Number of baths","required":"true","field_options":"","width":"50","width_tablet":"","width_mobile":"","rows":4,"_id":"dea086f"}],"input_size":"md","button_text":"Submit","button_size":"md","email_to":"hello@favethemes.com","email_subject":"New message from &quot;Houzez 01&quot;","field_border_width":{"unit":"px","top":"2","right":"2","bottom":"2","left":"2","isLinked":true}},"elements":[],"isInner":false,"widgetType":"houzez_elementor_inquiry_form","elType":"widget"}],"isInner":true,"elType":"column"}],"isInner":true,"elType":"section"},{"id":"34ad12d3","settings":{"space":{"unit":"px","size":100,"sizes":[]}},"elements":[],"isInner":false,"widgetType":"spacer","elType":"widget"}],"isInner":false,"elType":"column"}],"isInner":false,"elType":"section"},{"id":"55ab81ff","settings":{"layout":"full_width","background_background":"classic","background_color":"#FFFFFF"},"elements":[{"id":"362d1c76","settings":{"_column_size":100,"_inline_size":null},"elements":[{"id":"6b634ecd","settings":{"space":{"unit":"px","size":100,"sizes":[]}},"elements":[],"isInner":false,"widgetType":"spacer","elType":"widget"},{"id":"55dc0f0e","settings":[],"elements":[{"id":"79107e78","settings":{"_column_size":100,"_inline_size":null},"elements":[{"id":"564ec0b6","settings":{"hz_section_title":"Explore Our Properties","section_title_typography_typography":"custom","section_title_typography_font_size":{"unit":"px","size":35,"sizes":[]},"section_title_typography_font_weight":"300","section_subtitle_typography_typography":"custom","houzez_section_title_margin_bottom":{"unit":"px","size":20,"sizes":[]},"_animation":"fadeIn","animation_duration":"slow","hz_section_subtitle":"Lorem ipsum dolor sit amet, consectetur adipiscing elit donec sollicitudin ","houzez_section_subtitle_color":"#7A7A7A","section_title_typography_font_size_mobile":{"unit":"px","size":25,"sizes":[]},"section_subtitle_typography_font_size_mobile":{"unit":"px","size":16,"sizes":[]},"houzez_section_title_color":"#000000"},"elements":[],"isInner":false,"widgetType":"houzez_elementor_section_title","elType":"widget"}],"isInner":true,"elType":"column"}],"isInner":true,"elType":"section"},{"id":"5f2121c4","settings":{"structure":"60","content_width":{"unit":"px","size":1280,"sizes":[]}},"elements":[{"id":"6cced0b","settings":{"_column_size":16,"_inline_size":null},"elements":[{"id":"4c6a9675","settings":{"more_text":"More Details","more_text_d":"More Details","grid_type":"grid-item-v3","grid_data":"dynamic","tax_type":"apartment","grid_title_typography_typography":"custom","grid_subtitle_typography_typography":"custom","_animation":"fadeIn","animation_duration":"slow"},"elements":[],"isInner":false,"widgetType":"Houzez_elementor_grid_builder","elType":"widget"}],"isInner":true,"elType":"column"},{"id":"5ae98fe","settings":{"_column_size":16,"_inline_size":null},"elements":[{"id":"19db12d3","settings":{"more_text":"More Details","more_text_d":"More Details","grid_type":"grid-item-v3","grid_data":"dynamic","tax_type":"single-family-home","grid_title_typography_typography":"custom","grid_subtitle_typography_typography":"custom","_animation":"fadeIn","animation_duration":"slow","_animation_delay":300},"elements":[],"isInner":false,"widgetType":"Houzez_elementor_grid_builder","elType":"widget"}],"isInner":true,"elType":"column"},{"id":"59de2fb6","settings":{"_column_size":16,"_inline_size":null},"elements":[{"id":"4a6c1c41","settings":{"more_text":"More Details","more_text_d":"More Details","grid_type":"grid-item-v3","grid_data":"dynamic","tax_type":"studio","grid_title_typography_typography":"custom","grid_subtitle_typography_typography":"custom","_animation":"fadeIn","animation_duration":"slow","_animation_delay":600},"elements":[],"isInner":false,"widgetType":"Houzez_elementor_grid_builder","elType":"widget"}],"isInner":true,"elType":"column"},{"id":"9771c7f","settings":{"_column_size":16,"_inline_size":null},"elements":[{"id":"52ba8c1a","settings":{"more_text":"More Details","more_text_d":"More Details","grid_type":"grid-item-v3","grid_data":"dynamic","tax_type":"villa","tax_city":"los-angeles","grid_title_typography_typography":"custom","grid_subtitle_typography_typography":"custom","_animation":"fadeIn","animation_duration":"slow","_animation_delay":900},"elements":[],"isInner":false,"widgetType":"Houzez_elementor_grid_builder","elType":"widget"}],"isInner":true,"elType":"column"},{"id":"7e69abc","settings":{"_column_size":16,"_inline_size":null},"elements":[{"id":"3b29a446","settings":{"more_text":"More Details","more_text_d":"More Details","grid_type":"grid-item-v3","grid_data":"dynamic","tax_type":"office","grid_title_typography_typography":"custom","grid_subtitle_typography_typography":"custom","_animation":"fadeIn","animation_duration":"slow","_animation_delay":1200},"elements":[],"isInner":false,"widgetType":"Houzez_elementor_grid_builder","elType":"widget"}],"isInner":true,"elType":"column"},{"id":"11f9f8c0","settings":{"_column_size":16,"_inline_size":null},"elements":[{"id":"12c4fdb6","settings":{"more_text":"More Details","more_text_d":"More Details","grid_type":"grid-item-v3","grid_data":"dynamic","tax_type":"shop","grid_title_typography_typography":"custom","grid_subtitle_typography_typography":"custom","_animation":"fadeIn","animation_duration":"slow","_animation_delay":1500},"elements":[],"isInner":false,"widgetType":"Houzez_elementor_grid_builder","elType":"widget"}],"isInner":true,"elType":"column"}],"isInner":true,"elType":"section"},{"id":"60c8a2a","settings":{"space":{"unit":"px","size":100,"sizes":[]}},"elements":[],"isInner":false,"widgetType":"spacer","elType":"widget"}],"isInner":false,"elType":"column"}],"isInner":false,"elType":"section"},{"id":"42cb5391","settings":{"custom_height":{"unit":"px","size":900,"sizes":[]},"content_position":"middle","background_color":"#FFFFFF","background_position":"center left","background_repeat":"no-repeat","background_size":"cover","background_overlay_background":"classic","background_overlay_opacity":{"unit":"px","size":0.9,"sizes":[]},"css_filters_blur":{"unit":"px","size":2,"sizes":[]},"stretch_section":"section-stretched","layout":"full_width","gap":"wide","background_background":"classic","background_bg_width":{"unit":"%","size":15,"sizes":[]},"background_image":{"url":"https:\/\/demo01.houzez.co\/wp-content\/uploads\/2020\/02\/bg-blue.jpg","id":16543},"background_overlay_color":"#005A84","overlay_blend_mode":"multiply","shape_divider_top_color":"#F7F8F9","shape_divider_top_width":{"unit":"%","size":100,"sizes":[]},"shape_divider_top_height":{"unit":"px","size":100,"sizes":[]},"shape_divider_top_flip":"yes","shape_divider_top_negative":"yes","shape_divider_bottom_color":"#F7F8F9","shape_divider_bottom_width":{"unit":"%","size":101,"sizes":[]},"shape_divider_bottom_height":{"unit":"px","size":100,"sizes":[]},"shape_divider_bottom_flip":"yes","shape_divider_bottom_negative":"yes"},"elements":[{"id":"4c2a3ffa","settings":{"_column_size":100,"_inline_size":null},"elements":[{"id":"5562da8b","settings":{"height":{"unit":"px","size":100,"sizes":[]}},"elements":[],"isInner":false,"widgetType":"houzez_elementor_space","elType":"widget"},{"id":"68ed23db","settings":{"gap":"extended","structure":"40"},"elements":[{"id":"44cfbc9f","settings":{"_column_size":25,"_inline_size":null},"elements":[{"id":"5e9b4da2","settings":{"style":"slashes","width":{"unit":"%","size":25,"sizes":[]},"align":"left","look":"line","text":"Divider","color":"#00AEFF","weight":{"unit":"px","size":2,"sizes":[]},"pattern_height":{"unit":"px","size":15,"sizes":[]},"gap":{"unit":"px","size":2,"sizes":[]},"_offset_x":{"size":2,"unit":"px"},"_offset_y":{"size":11,"unit":"px"}},"elements":[],"isInner":false,"widgetType":"divider","elType":"widget"},{"id":"3898749f","settings":{"hz_section_title":"Why Houzez Is The Perfect Choice?","section_title_typography_typography":"custom","section_title_typography_font_size":{"unit":"px","size":31,"sizes":[]},"section_title_typography_font_weight":"300","section_subtitle_typography_typography":"custom","houzez_section_title_align":"left","section_subtitle_typography_line_height":{"unit":"em","size":1.5,"sizes":[]},"houzez_section_title_color":"#FFFFFF","houzez_section_subtitle_color":"#7A7A7A","homey_main_title_spacing":{"unit":"px","size":15,"sizes":[]},"_animation":"fadeIn","animation_duration":"slow","section_title_typography_line_height":{"unit":"em","size":1.6,"sizes":[]},"_offset_x":{"size":0,"unit":"px"},"_offset_y":{"size":58,"unit":"px"}},"elements":[],"isInner":false,"widgetType":"houzez_elementor_section_title","elType":"widget"},{"id":"592985e4","settings":{"width":{"unit":"%","size":30,"sizes":[]},"text":"Divider","color":"rgba(255, 255, 255, 0.46)"},"elements":[],"isInner":false,"widgetType":"divider","elType":"widget"}],"isInner":true,"elType":"column"},{"id":"dd2b32c","settings":{"_column_size":25,"_inline_size":null},"elements":[{"id":"5925a059","settings":{"title":"01.","header_size":"div","title_color":"#00AEFF","typography_typography":"custom","typography_font_family":"Noto Serif JP","typography_font_size":{"unit":"px","size":40,"sizes":[]},"typography_font_weight":"300","_animation":"fadeIn","animation_duration":"slow"},"elements":[],"isInner":false,"widgetType":"heading","elType":"widget"},{"id":"59bb8811","settings":{"hz_section_title":"Easy To Get Started","hz_section_subtitle":"Get ready to launch your real estate  website without any previous experience","section_title_typography_typography":"custom","section_title_typography_font_size":{"unit":"px","size":25,"sizes":[]},"section_title_typography_font_weight":"300","section_subtitle_typography_typography":"custom","houzez_section_title_align":"left","section_subtitle_typography_line_height":{"unit":"em","size":1.5,"sizes":[]},"houzez_section_title_color":"#FFFFFF","houzez_section_subtitle_color":"rgba(255, 255, 255, 0.63)","homey_main_title_spacing":{"unit":"px","size":15,"sizes":[]},"_animation":"fadeIn","animation_duration":"slow"},"elements":[],"isInner":false,"widgetType":"houzez_elementor_section_title","elType":"widget"},{"id":"378984f2","settings":{"width":{"unit":"%","size":30,"sizes":[]},"text":"Divider","color":"rgba(255, 255, 255, 0.46)"},"elements":[],"isInner":false,"widgetType":"divider","elType":"widget"}],"isInner":true,"elType":"column"},{"id":"30c114a3","settings":{"_column_size":25,"_inline_size":null,"content_position":"center"},"elements":[{"id":"5a7253ed","settings":{"title":"02.","header_size":"div","title_color":"#00AEFF","typography_typography":"custom","typography_font_family":"Noto Serif JP","typography_font_size":{"unit":"px","size":40,"sizes":[]},"typography_font_weight":"300","_animation":"fadeIn","animation_duration":"slow"},"elements":[],"isInner":false,"widgetType":"heading","elType":"widget"},{"id":"1e0b835","settings":{"hz_section_title":"Pre-Built Websites","hz_section_subtitle":"Get started by choosing from one of our pre-built page templates to showcase your properties","section_title_typography_typography":"custom","section_title_typography_font_size":{"unit":"px","size":25,"sizes":[]},"section_title_typography_font_weight":"300","section_subtitle_typography_typography":"custom","houzez_section_title_align":"left","section_subtitle_typography_line_height":{"unit":"em","size":1.5,"sizes":[]},"houzez_section_title_color":"#FFFFFF","houzez_section_subtitle_color":"rgba(255, 255, 255, 0.63)","homey_main_title_spacing":{"unit":"px","size":15,"sizes":[]},"_animation":"fadeIn","animation_duration":"slow"},"elements":[],"isInner":false,"widgetType":"houzez_elementor_section_title","elType":"widget"},{"id":"793601f9","settings":{"width":{"unit":"%","size":30,"sizes":[]},"text":"Divider","color":"rgba(255, 255, 255, 0.46)"},"elements":[],"isInner":false,"widgetType":"divider","elType":"widget"}],"isInner":true,"elType":"column"},{"id":"1be23b8","settings":{"_column_size":25,"_inline_size":null,"content_position":"center"},"elements":[{"id":"7af136ad","settings":{"title":"03.","header_size":"div","title_color":"#00AEFF","typography_typography":"custom","typography_font_family":"Noto Serif JP","typography_font_size":{"unit":"px","size":40,"sizes":[]},"typography_font_weight":"300","_animation":"fadeIn","animation_duration":"slow"},"elements":[],"isInner":false,"widgetType":"heading","elType":"widget"},{"id":"4f121108","settings":{"hz_section_title":"Highly Customizable","hz_section_subtitle":"Customize your  website to your expectations by using all of the theme features","section_title_typography_typography":"custom","section_title_typography_font_size":{"unit":"px","size":25,"sizes":[]},"section_title_typography_font_weight":"300","section_subtitle_typography_typography":"custom","houzez_section_title_align":"left","section_subtitle_typography_line_height":{"unit":"em","size":1.5,"sizes":[]},"houzez_section_title_color":"#FFFFFF","houzez_section_subtitle_color":"rgba(255, 255, 255, 0.63)","homey_main_title_spacing":{"unit":"px","size":15,"sizes":[]},"_animation":"fadeIn","animation_duration":"slow"},"elements":[],"isInner":false,"widgetType":"houzez_elementor_section_title","elType":"widget"},{"id":"7d2bab18","settings":{"width":{"unit":"%","size":30,"sizes":[]},"text":"Divider","color":"rgba(255, 255, 255, 0.46)"},"elements":[],"isInner":false,"widgetType":"divider","elType":"widget"}],"isInner":true,"elType":"column"}],"isInner":true,"elType":"section"},{"id":"2da4416","settings":{"height":{"unit":"px","size":100,"sizes":[]}},"elements":[],"isInner":false,"widgetType":"houzez_elementor_space","elType":"widget"}],"isInner":false,"elType":"column"}],"isInner":false,"elType":"section"},{"id":"12480eb1","settings":{"layout":"full_width","background_color":"#FFFFFF"},"elements":[{"id":"461c0d0d","settings":{"_column_size":100,"_inline_size":null},"elements":[{"id":"5594d031","settings":[],"elements":[],"isInner":false,"widgetType":"spacer","elType":"widget"},{"id":"5d7b6aed","settings":[],"elements":[{"id":"7df4f7d7","settings":{"_column_size":100,"_inline_size":null},"elements":[{"id":"55a15c79","settings":{"hz_section_title":"Meet Our Real Estate Agents","section_title_typography_typography":"custom","section_title_typography_font_size":{"unit":"px","size":35,"sizes":[]},"section_title_typography_font_weight":"300","section_subtitle_typography_typography":"custom","houzez_section_title_margin_bottom":{"unit":"px","size":20,"sizes":[]},"_animation":"fadeIn","animation_duration":"slow","hz_section_subtitle":"Lorem ipsum dolor sit amet, consectetur adipiscing elit donec sollicitudin ","houzez_section_title_align":"left","houzez_section_subtitle_color":"#7A7A7A","section_title_typography_font_size_mobile":{"unit":"px","size":25,"sizes":[]},"section_subtitle_typography_font_size_mobile":{"unit":"px","size":16,"sizes":[]},"houzez_section_title_color":"#000000"},"elements":[],"isInner":false,"widgetType":"houzez_elementor_section_title","elType":"widget"}],"isInner":true,"elType":"column"}],"isInner":true,"elType":"section"},{"id":"3c9c8cb2","settings":[],"elements":[{"id":"feef097","settings":{"_column_size":100,"_inline_size":null},"elements":[{"id":"68665a2f","settings":{"columns":"4","posts_limit":"4","orderby":"title","_animation":"fadeIn","animation_duration":"slow"},"elements":[],"isInner":false,"widgetType":"houzez_elementor_agents","elType":"widget"}],"isInner":true,"elType":"column"}],"isInner":true,"elType":"section"},{"id":"6e72e459","settings":{"space":{"unit":"px","size":70,"sizes":[]}},"elements":[],"isInner":false,"widgetType":"spacer","elType":"widget"}],"isInner":false,"elType":"column"}],"isInner":false,"elType":"section"},{"id":"512d20c7","settings":{"layout":"full_width","background_color":"#FFFFFF","background_position":"center center","background_repeat":"no-repeat","background_size":"cover","background_overlay_color":"#FFFFFF","background_overlay_position":"center right","background_overlay_repeat":"no-repeat","background_overlay_size":"auto","background_overlay_opacity":{"unit":"px","size":0.75,"sizes":[]},"box_shadow_box_shadow":{"horizontal":0,"vertical":20,"blur":40,"spread":-20,"color":"rgba(0,0,0,0.5)"},"box_shadow_box_shadow_position":"inset","background_background":"classic"},"elements":[{"id":"31d8d6d6","settings":{"_column_size":100,"_inline_size":null},"elements":[{"id":"43d5bee4","settings":[],"elements":[],"isInner":false,"widgetType":"spacer","elType":"widget"},{"id":"1cff44c8","settings":[],"elements":[{"id":"4ae08350","settings":{"_column_size":100,"_inline_size":null},"elements":[{"id":"24b75ab0","settings":{"hz_section_title":"Read From Our Blog","section_title_typography_typography":"custom","section_title_typography_font_size":{"unit":"px","size":35,"sizes":[]},"section_title_typography_font_weight":"300","section_subtitle_typography_typography":"custom","houzez_section_title_margin_bottom":{"unit":"px","size":20,"sizes":[]},"_animation":"fadeIn","animation_duration":"slow","hz_section_subtitle":"Lorem ipsum dolor sit amet, consectetur adipiscing elit donec sollicitudin ","houzez_section_title_align":"left","houzez_section_subtitle_color":"#7A7A7A","section_title_typography_font_size_mobile":{"unit":"px","size":25,"sizes":[]},"section_subtitle_typography_font_size_mobile":{"unit":"px","size":16,"sizes":[]},"houzez_section_title_color":"#000000"},"elements":[],"isInner":false,"widgetType":"houzez_elementor_section_title","elType":"widget"}],"isInner":true,"elType":"column"}],"isInner":true,"elType":"section"},{"id":"76baccda","settings":[],"elements":[{"id":"240623a9","settings":{"_column_size":100,"_inline_size":null},"elements":[{"id":"6987174f","settings":{"grid_style":"style_2","posts_limit":"9","_animation":"fadeIn","animation_duration":"slow"},"elements":[],"isInner":false,"widgetType":"houzez_elementor_blog_posts_carousel","elType":"widget"}],"isInner":true,"elType":"column"}],"isInner":true,"elType":"section"},{"id":"21109c41","settings":{"space":{"unit":"px","size":70,"sizes":[]}},"elements":[],"isInner":false,"widgetType":"spacer","elType":"widget"}],"isInner":false,"elType":"column"}],"isInner":false,"elType":"section"},{"id":"25d96143","settings":{"background_background":"classic","background_color":"#FFFFFF","structure":"50","border_border":"solid","border_width":{"unit":"px","top":"1","right":"0","bottom":"0","left":"0","isLinked":false},"border_color":"#ECECEC","padding":{"unit":"px","top":"15","right":"0","bottom":"15","left":"0","isLinked":false}},"elements":[{"id":"2b0ed8cf","settings":{"_column_size":20,"_inline_size":null},"elements":[{"id":"22f15476","settings":{"image":{"url":"https:\/\/demo01.houzez.co\/wp-content\/uploads\/2016\/03\/partner-01-e1582734705113.jpg","id":1118}},"elements":[],"isInner":false,"widgetType":"image","elType":"widget"}],"isInner":false,"elType":"column"},{"id":"1de28b24","settings":{"_column_size":20,"_inline_size":null},"elements":[{"id":"1ee356a","settings":{"image":{"url":"https:\/\/demo01.houzez.co\/wp-content\/uploads\/2016\/03\/partner-02-e1582734691936.jpg","id":1119}},"elements":[],"isInner":false,"widgetType":"image","elType":"widget"}],"isInner":false,"elType":"column"},{"id":"7f19e083","settings":{"_column_size":20,"_inline_size":null},"elements":[{"id":"7a20e9d7","settings":{"image":{"url":"https:\/\/demo01.houzez.co\/wp-content\/uploads\/2016\/03\/partner-04-e1582734649458.jpg","id":1121}},"elements":[],"isInner":false,"widgetType":"image","elType":"widget"}],"isInner":false,"elType":"column"},{"id":"630e0db2","settings":{"_column_size":20,"_inline_size":null},"elements":[{"id":"1fa0aedc","settings":{"image":{"url":"https:\/\/demo01.houzez.co\/wp-content\/uploads\/2016\/03\/partner-03-e1582734671602.jpg","id":1120}},"elements":[],"isInner":false,"widgetType":"image","elType":"widget"}],"isInner":false,"elType":"column"},{"id":"6bcaeed6","settings":{"_column_size":20,"_inline_size":null},"elements":[{"id":"1f42499","settings":{"image":{"url":"https:\/\/demo01.houzez.co\/wp-content\/uploads\/2016\/03\/partner-05-e1582734603812.jpg","id":1122}},"elements":[],"isInner":false,"widgetType":"image","elType":"widget"}],"isInner":false,"elType":"column"}],"isInner":false,"elType":"section"}]}