{"version":"0.4","title":"Demo 14 &#8211; About us","type":"page","content":[{"id":"10bce152","settings":{"height":"min-height","custom_height":{"unit":"px","size":200,"sizes":[]},"background_background":"classic","background_image":{"id":7846,"url":"https:\/\/demo14.houzez.co\/wp-content\/uploads\/2016\/03\/pexels-photo-87223.jpeg"},"background_attachment":"scroll","background_repeat":"no-repeat","background_size":"cover","background_overlay_background":"classic","background_overlay_color":"#000000","animation":"fadeIn","animation_duration":"slow","background_position":"center center"},"elements":[{"id":"79496a48","settings":{"_column_size":100,"_inline_size":null},"elements":[{"id":"1b083716","settings":{"hz_section_title":"About us","section_title_typography_typography":"custom","section_title_typography_font_family":"Nokora","section_title_typography_font_size":{"unit":"px","size":37,"sizes":[]},"section_title_typography_font_weight":"700","section_title_typography_line_height":{"unit":"em","size":1.5,"sizes":[]},"section_title_typography_letter_spacing":{"unit":"px","size":-1,"sizes":[]},"section_subtitle_typography_typography":"custom","section_subtitle_typography_font_family":"Nokora","section_subtitle_typography_font_weight":"100","section_subtitle_typography_line_height":{"unit":"em","size":1.75,"sizes":[]},"houzez_section_title_align":"left","houzez_section_title_color":"#FFFFFF","homey_main_title_spacing":{"unit":"px","size":0,"sizes":[]},"homey_subtitle_spacing":{"unit":"px","size":0,"sizes":[]},"houzez_section_title_margin_bottom":{"unit":"px","size":0,"sizes":[]}},"elements":[],"isInner":false,"widgetType":"houzez_elementor_section_title","elType":"widget"}],"isInner":false,"elType":"column"}],"isInner":false,"elType":"section"},{"id":"68843e98","settings":{"background_background":"classic","background_color":"#FFFFFF"},"elements":[{"id":"6ca26241","settings":{"_column_size":100,"_inline_size":null,"background_color":"#FFFFFF","box_shadow_box_shadow":{"horizontal":0,"vertical":20,"blur":40,"spread":0,"color":"rgba(0, 0, 0, 0.1)"}},"elements":[{"id":"3ad9c28b","settings":[],"elements":[],"isInner":false,"widgetType":"spacer","elType":"widget"},{"id":"83b01ea","settings":{"hz_section_title":"Your Vision Unrestricted\n","section_title_typography_typography":"custom","section_title_typography_font_size":{"unit":"px","size":37,"sizes":[]},"section_title_typography_font_weight":"700","section_subtitle_typography_typography":"custom","houzez_section_title_align":"left","section_title_typography_font_family":"Nokora","section_title_typography_line_height":{"unit":"em","size":1.5,"sizes":[]},"section_title_typography_letter_spacing":{"unit":"px","size":-1,"sizes":[]},"section_subtitle_typography_font_family":"Nokora","section_subtitle_typography_font_weight":"100","section_subtitle_typography_line_height":{"unit":"em","size":1.75,"sizes":[]}},"elements":[],"isInner":false,"widgetType":"houzez_elementor_section_title","elType":"widget"},{"id":"1b3f186a","settings":{"editor":"<p><strong>Houzez is a premium WordPress theme for real estate agents and agencies<\/strong> where modern aesthetics are combined with a tasteful simplicity and where the ease of use is achieved without compromise in your ability to customize the design.<\/p><p>Whether you are a real estate agent looking to build a website for your company or a web developer seeking a perfect WordPress theme for your next project, you are certain to appreciate the numerous features and benefits that our theme provides.<\/p><p>Houzez is also a WordPress-based property management system which allows you to own and maintain a real estate marketplace, coordinate your agents, accept submissions and offer membership packages.<\/p><p>Unlike many other real estate themes which confine you to a handful of predefined layouts, <b>Houzez offers a limitless array of possibilities to structure and style your content.<\/b> All of the customization options are logically organized in your WordPress admin panel and thorough customization in the provided documentation.<\/p>","align":"left","text_color":"#54595F","typography_typography":"custom","typography_font_size":{"unit":"px","size":16,"sizes":[]},"typography_line_height":{"unit":"em","size":1.7,"sizes":[]},"text_columns":"2","column_gap":{"unit":"px","size":40,"sizes":[]}},"elements":[],"isInner":false,"widgetType":"text-editor","elType":"widget"},{"id":"2eccef9b","settings":[],"elements":[],"isInner":false,"widgetType":"spacer","elType":"widget"}],"isInner":false,"elType":"column"}],"isInner":false,"elType":"section"},{"id":"3e3958f8","settings":[],"elements":[{"id":"4e15e41f","settings":{"_column_size":100,"_inline_size":null},"elements":[{"id":"2211af93","settings":[],"elements":[],"isInner":false,"widgetType":"spacer","elType":"widget"},{"id":"30fd0fef","settings":{"hz_section_title":"Meet our Team","section_title_typography_typography":"custom","section_title_typography_font_size":{"unit":"px","size":37,"sizes":[]},"section_title_typography_font_weight":"700","section_subtitle_typography_typography":"custom","hz_section_subtitle":"Lorem ipsum dolor sit amet, consectetur adipisicing elit","houzez_section_title_align":"left","section_title_typography_font_family":"Nokora","section_title_typography_line_height":{"unit":"em","size":1.5,"sizes":[]},"section_title_typography_letter_spacing":{"unit":"px","size":-1,"sizes":[]},"section_subtitle_typography_font_family":"Nokora","section_subtitle_typography_font_weight":"100","section_subtitle_typography_line_height":{"unit":"em","size":1.75,"sizes":[]}},"elements":[],"isInner":false,"widgetType":"houzez_elementor_section_title","elType":"widget"},{"id":"49eaf849","settings":{"structure":"40"},"elements":[{"id":"71a9d340","settings":{"_column_size":25,"_inline_size":null},"elements":[{"id":"2704c987","settings":{"team_image":{"id":8128,"url":"https:\/\/demo14.houzez.co\/wp-content\/uploads\/2020\/03\/Artboard-1team.jpg"},"team_name":"Kathleen Grant","team_position":"Funder","team_description":"Lorem ipsum dolor sit amet, consectetur adipiscing elit. In malesuada, odio sit amet pharetra vehicula, sapien leo egestas magna, vitae auctor diam magna cursus arcu.","team_social_facebook":"#","team_social_facebook_target":"_self","team_social_twitter":"#","team_social_linkedin":"#","team_social_pinterest":"#","team_social_googleplus":"#"},"elements":[],"isInner":false,"widgetType":"houzez_elementor_team_member","elType":"widget"}],"isInner":true,"elType":"column"},{"id":"4a33414e","settings":{"_column_size":25,"_inline_size":null},"elements":[{"id":"723a192f","settings":{"team_image":{"id":8129,"url":"https:\/\/demo14.houzez.co\/wp-content\/uploads\/2020\/03\/Artboard-4team.jpg"},"team_name":"Keith Bailey","team_position":"CEO","team_description":"Lorem ipsum dolor sit amet, consectetur adipiscing elit. In malesuada, odio sit amet pharetra vehicula, sapien leo egestas magna, vitae auctor diam magna cursus arcu.","team_social_facebook":"#","team_social_facebook_target":"_self","team_social_twitter":"#","team_social_linkedin":"#","team_social_pinterest":"#","team_social_googleplus":"#"},"elements":[],"isInner":false,"widgetType":"houzez_elementor_team_member","elType":"widget"}],"isInner":true,"elType":"column"},{"id":"2f6f2fc7","settings":{"_column_size":25,"_inline_size":null},"elements":[{"id":"3c553c7d","settings":{"team_image":{"id":8130,"url":"https:\/\/demo14.houzez.co\/wp-content\/uploads\/2020\/03\/Artboard-2team.jpg"},"team_name":"Danielle Murray","team_position":"Manager","team_description":"Lorem ipsum dolor sit amet, consectetur adipiscing elit. In malesuada, odio sit amet pharetra vehicula, sapien leo egestas magna, vitae auctor diam magna cursus arcu.","team_social_facebook":"#","team_social_facebook_target":"_self","team_social_twitter":"#","team_social_linkedin":"#","team_social_pinterest":"#","team_social_googleplus":"#"},"elements":[],"isInner":false,"widgetType":"houzez_elementor_team_member","elType":"widget"}],"isInner":true,"elType":"column"},{"id":"3e07d4c2","settings":{"_column_size":25,"_inline_size":null},"elements":[{"id":"42a61717","settings":{"team_image":{"id":8131,"url":"https:\/\/demo14.houzez.co\/wp-content\/uploads\/2020\/03\/Artboard-3team.jpg"},"team_name":"Thomas Stevens","team_position":"Manager","team_description":"Lorem ipsum dolor sit amet, consectetur adipiscing elit. In malesuada, odio sit amet pharetra vehicula, sapien leo egestas magna, vitae auctor diam magna cursus arcu.","team_social_facebook":"#","team_social_facebook_target":"_self","team_social_twitter":"#","team_social_linkedin":"#","team_social_pinterest":"#","team_social_googleplus":"#"},"elements":[],"isInner":false,"widgetType":"houzez_elementor_team_member","elType":"widget"}],"isInner":true,"elType":"column"}],"isInner":true,"elType":"section"},{"id":"4f7883bc","settings":[],"elements":[],"isInner":false,"widgetType":"spacer","elType":"widget"}],"isInner":false,"elType":"column"}],"isInner":false,"elType":"section"},{"id":"477f5f1","settings":{"background_background":"classic","background_color":"#FFFFFF"},"elements":[{"id":"52f7ea78","settings":{"_column_size":100,"_inline_size":null},"elements":[{"id":"275ea093","settings":[],"elements":[],"isInner":false,"widgetType":"spacer","elType":"widget"},{"id":"6413bf","settings":{"hz_section_title":"Services","section_title_typography_typography":"custom","section_title_typography_font_size":{"unit":"px","size":37,"sizes":[]},"section_title_typography_font_weight":"700","section_subtitle_typography_typography":"custom","hz_section_subtitle":"Lorem ipsum dolor sit amet, consectetur adipisicing elit","houzez_section_title_align":"left","section_title_typography_font_family":"Nokora","section_title_typography_line_height":{"unit":"em","size":1.5,"sizes":[]},"section_title_typography_letter_spacing":{"unit":"px","size":-1,"sizes":[]},"section_subtitle_typography_font_family":"Nokora","section_subtitle_typography_font_weight":"100","section_subtitle_typography_line_height":{"unit":"em","size":1.75,"sizes":[]}},"elements":[],"isInner":false,"widgetType":"houzez_elementor_section_title","elType":"widget"},{"id":"17d593af","settings":{"structure":"40"},"elements":[{"id":"17bc313e","settings":{"_column_size":25,"_inline_size":null},"elements":[{"id":"10b23fb2","settings":{"more_text":"More Details","grid_taxonomy":"property_city","tax_city":"miami","more_text_d":"More Details","grid_type":"grid-item-v2","image":{"id":8127,"url":"https:\/\/demo14.houzez.co\/wp-content\/uploads\/2020\/03\/023.jpg"},"grid_title":"Property Management","grid_subtitle":"Services","more_link":{"url":"#","is_external":true,"nofollow":true,"custom_attributes":""},"grid_title_typography_typography":"custom","grid_title_typography_font_size":{"unit":"px","size":18,"sizes":[]},"tax_custom_image":{"id":8132,"url":"https:\/\/demo14.houzez.co\/wp-content\/uploads\/2020\/03\/placeholder.png"}},"elements":[],"isInner":false,"widgetType":"Houzez_elementor_grid_builder","elType":"widget"},{"id":"44f4a8ec","settings":{"more_text":"More Details","grid_taxonomy":"property_city","tax_city":"miami","more_text_d":"More Details","grid_type":"grid-item-v2","image":{"id":8133,"url":"https:\/\/demo14.houzez.co\/wp-content\/uploads\/2020\/03\/205.jpg"},"grid_title":"Financial Reporting","grid_subtitle":"Services","more_link":{"url":"#","is_external":true,"nofollow":true,"custom_attributes":""},"grid_title_typography_typography":"custom","grid_title_typography_font_size":{"unit":"px","size":18,"sizes":[]},"tax_custom_image":{"id":8132,"url":"https:\/\/demo14.houzez.co\/wp-content\/uploads\/2020\/03\/placeholder.png"}},"elements":[],"isInner":false,"widgetType":"Houzez_elementor_grid_builder","elType":"widget"}],"isInner":true,"elType":"column"},{"id":"40c024f2","settings":{"_column_size":25,"_inline_size":null},"elements":[{"id":"4e49013a","settings":{"more_text":"More Details","grid_taxonomy":"property_city","tax_city":"miami","more_text_d":"More Details","grid_type":"grid-item-v2","image":{"id":8134,"url":"https:\/\/demo14.houzez.co\/wp-content\/uploads\/2020\/03\/206.jpg"},"grid_title":"Capital Improvements","grid_subtitle":"Services","more_link":{"url":"#","is_external":true,"nofollow":true,"custom_attributes":""},"grid_title_typography_typography":"custom","grid_title_typography_font_size":{"unit":"px","size":18,"sizes":[]},"tax_custom_image":{"id":8132,"url":"https:\/\/demo14.houzez.co\/wp-content\/uploads\/2020\/03\/placeholder.png"}},"elements":[],"isInner":false,"widgetType":"Houzez_elementor_grid_builder","elType":"widget"},{"id":"1651277d","settings":{"more_text":"More Details","grid_taxonomy":"property_city","tax_city":"miami","more_text_d":"More Details","grid_type":"grid-item-v2","image":{"id":8135,"url":"https:\/\/demo14.houzez.co\/wp-content\/uploads\/2020\/03\/007.jpg"},"grid_title":"Business Development","grid_subtitle":"Services","more_link":{"url":"#","is_external":true,"nofollow":true,"custom_attributes":""},"grid_title_typography_typography":"custom","grid_title_typography_font_size":{"unit":"px","size":18,"sizes":[]},"tax_custom_image":{"id":8132,"url":"https:\/\/demo14.houzez.co\/wp-content\/uploads\/2020\/03\/placeholder.png"}},"elements":[],"isInner":false,"widgetType":"Houzez_elementor_grid_builder","elType":"widget"}],"isInner":true,"elType":"column"},{"id":"f9a91c5","settings":{"_column_size":25,"_inline_size":null},"elements":[{"id":"69513851","settings":{"more_text":"More Details","grid_taxonomy":"property_city","tax_city":"miami","more_text_d":"More Details","grid_type":"grid-item-v3","image":{"id":8136,"url":"https:\/\/demo14.houzez.co\/wp-content\/uploads\/2020\/03\/006.jpg"},"grid_title":"Finance Real Estate","grid_subtitle":"Services","more_link":{"url":"#","is_external":true,"nofollow":true,"custom_attributes":""},"grid_title_typography_typography":"custom","grid_title_typography_font_size":{"unit":"px","size":18,"sizes":[]},"tax_custom_image":{"id":8132,"url":"https:\/\/demo14.houzez.co\/wp-content\/uploads\/2020\/03\/placeholder.png"}},"elements":[],"isInner":false,"widgetType":"Houzez_elementor_grid_builder","elType":"widget"}],"isInner":true,"elType":"column"},{"id":"242afadc","settings":{"_column_size":25,"_inline_size":null},"elements":[{"id":"517d0644","settings":{"more_text":"More Details","grid_taxonomy":"property_city","tax_city":"miami","more_text_d":"More Details","grid_type":"grid-item-v3","image":{"id":8137,"url":"https:\/\/demo14.houzez.co\/wp-content\/uploads\/2020\/03\/204.jpg"},"grid_title":"Recover Asset Value","grid_subtitle":"Services","more_link":{"url":"#","is_external":true,"nofollow":true,"custom_attributes":""},"grid_title_typography_typography":"custom","grid_title_typography_font_size":{"unit":"px","size":18,"sizes":[]},"tax_custom_image":{"id":8132,"url":"https:\/\/demo14.houzez.co\/wp-content\/uploads\/2020\/03\/placeholder.png"}},"elements":[],"isInner":false,"widgetType":"Houzez_elementor_grid_builder","elType":"widget"}],"isInner":true,"elType":"column"}],"isInner":true,"elType":"section"},{"id":"6cbc1eaf","settings":[],"elements":[],"isInner":false,"widgetType":"spacer","elType":"widget"}],"isInner":false,"elType":"column"}],"isInner":false,"elType":"section"},{"id":"2308a9c9","settings":[],"elements":[{"id":"4678681c","settings":{"_column_size":100,"_inline_size":null},"elements":[{"id":"55405d47","settings":[],"elements":[],"isInner":false,"widgetType":"spacer","elType":"widget"},{"id":"75099a0b","settings":{"hz_section_title":"Read From Our Blog","section_title_typography_typography":"custom","section_title_typography_font_size":{"unit":"px","size":37,"sizes":[]},"section_title_typography_font_weight":"700","section_subtitle_typography_typography":"custom","hz_section_subtitle":"Lorem ipsum dolor sit amet, consectetur adipisicing elit","houzez_section_title_align":"left","section_title_typography_font_family":"Nokora","section_title_typography_line_height":{"unit":"em","size":1.5,"sizes":[]},"section_title_typography_letter_spacing":{"unit":"px","size":-1,"sizes":[]},"section_subtitle_typography_font_family":"Nokora","section_subtitle_typography_font_weight":"100","section_subtitle_typography_line_height":{"unit":"em","size":1.75,"sizes":[]}},"elements":[],"isInner":false,"widgetType":"houzez_elementor_section_title","elType":"widget"},{"id":"66b36d4c","settings":{"background_color":"#FFFFFF","box_shadow_box_shadow":{"horizontal":0,"vertical":20,"blur":40,"spread":0,"color":"rgba(0, 0, 0, 0.1)"}},"elements":[{"id":"7c4526ce","settings":{"_column_size":100,"_inline_size":null},"elements":[{"id":"357505e0","settings":{"posts_limit":"4"},"elements":[],"isInner":false,"widgetType":"houzez_elementor_blog_posts","elType":"widget"}],"isInner":true,"elType":"column"}],"isInner":true,"elType":"section"},{"id":"27af1f10","settings":[],"elements":[],"isInner":false,"widgetType":"spacer","elType":"widget"}],"isInner":false,"elType":"column"}],"isInner":false,"elType":"section"},{"id":"7ff5a382","settings":{"custom_height":{"unit":"px","size":760,"sizes":[]},"content_position":"middle","background_color":"#FFFFFF","background_position":"center center","background_repeat":"no-repeat","background_size":"cover","background_overlay_background":"classic","background_overlay_opacity":{"unit":"px","size":0.2,"sizes":[]},"css_filters_blur":{"unit":"px","size":2,"sizes":[]},"stretch_section":"section-stretched","layout":"full_width","gap":"wide","css_filters_css_filter":"custom","background_background":"classic"},"elements":[{"id":"5f42a019","settings":{"_column_size":100,"_inline_size":null},"elements":[{"id":"571e4ed7","settings":[],"elements":[],"isInner":false,"widgetType":"houzez_elementor_space","elType":"widget"},{"id":"589702ef","settings":{"gap":"extended"},"elements":[{"id":"21094721","settings":{"_column_size":100,"_inline_size":null,"content_position":"bottom"},"elements":[{"id":"91e7f33","settings":{"hz_section_title":"Testimonials","section_title_typography_typography":"custom","section_title_typography_font_size":{"unit":"px","size":37,"sizes":[]},"section_title_typography_font_weight":"700","section_subtitle_typography_typography":"custom","hz_section_subtitle":"Lorem ipsum dolor sit amet, consectetur adipisicing elit","section_title_typography_font_family":"Nokora","section_title_typography_line_height":{"unit":"em","size":1.5,"sizes":[]},"section_title_typography_letter_spacing":{"unit":"px","size":-1,"sizes":[]},"section_subtitle_typography_font_family":"Nokora","section_subtitle_typography_font_weight":"100","section_subtitle_typography_line_height":{"unit":"em","size":1.75,"sizes":[]},"houzez_section_title_align":"left"},"elements":[],"isInner":false,"widgetType":"houzez_elementor_section_title","elType":"widget"},{"id":"61107e8b","settings":{"posts_limit":"3","houzez_testi_v2_text_color":"#000000","houzez_testi_v2_bg_color":"#EDF9FF","_animation":"fadeIn","animation_duration":"slow"},"elements":[],"isInner":false,"widgetType":"houzez_elementor_testimonials_v2","elType":"widget"}],"isInner":true,"elType":"column"}],"isInner":true,"elType":"section"},{"id":"2f2662aa","settings":{"height":{"unit":"px","size":70,"sizes":[]}},"elements":[],"isInner":false,"widgetType":"houzez_elementor_space","elType":"widget"}],"isInner":false,"elType":"column"}],"isInner":false,"elType":"section"}]}