{"version":"0.4","title":"Demo 07 &#8211; About us","type":"page","content":[{"id":"29a42c8f","settings":{"background_background":"classic","background_color":"#FFFFFF","animation":"fadeIn"},"elements":[{"id":"566c8c39","settings":{"_column_size":100,"_inline_size":null},"elements":[{"id":"43f00176","settings":{"space":{"unit":"px","size":60,"sizes":[]}},"elements":[],"isInner":false,"widgetType":"spacer","elType":"widget"},{"id":"1179462b","settings":[],"elements":[{"id":"62f555d5","settings":{"_column_size":100,"_inline_size":null},"elements":[{"id":"16051fab","settings":{"hz_section_title":"Our Story","section_title_typography_typography":"custom","section_title_typography_font_family":"Muli","section_title_typography_font_size":{"unit":"px","size":30,"sizes":[]},"section_title_typography_text_transform":"capitalize","section_subtitle_typography_typography":"custom","section_subtitle_typography_font_size":{"unit":"px","size":17,"sizes":[]},"houzez_section_title_align":"left","houzez_section_title_color":"#000000","houzez_section_subtitle_color":"#7A7A7A","section_subtitle_typography_font_family":"Muli","houzez_section_title_margin_bottom":{"unit":"px","size":0,"sizes":[]}},"elements":[],"isInner":false,"widgetType":"houzez_elementor_section_title","elType":"widget"},{"id":"299a1e5a","settings":{"editor":"<div class=\"vc_row wpb_row vc_inner vc_row-fluid\"><div class=\"wpb_column vc_column_container vc_col-sm-6\"><div class=\"vc_column-inner\"><div class=\"wpb_wrapper\"><div class=\"wpb_text_column wpb_content_element \"><div class=\"wpb_wrapper\"><p>Lorem ipsum dolor sit amet, consectetur adipiscing elit. Quisque quis ligula eu lectus vulputate porttitor sed feugiat nunc. Mauris ac consectetur ante, dapibus gravida tellus. Nullam aliquet eleifend dapibus. Cras sagittis, ex euismod lacinia tempor, lectus orci elementum augue, eget auctor metus ante sit amet velit.<\/p><\/div><\/div><\/div><\/div><\/div><div class=\"wpb_column vc_column_container vc_col-sm-6\"><div class=\"vc_column-inner\"><div class=\"wpb_wrapper\"><div class=\"wpb_text_column wpb_content_element \"><div class=\"wpb_wrapper\"><p>Maecenas quis viverra metus, et efficitur ligula. Nam congue augue et ex congue, sed luctus lectus congue. Integer convallis condimentum sem. Duis elementum tortor eget condimentum tempor. Praesent sollicitudin lectus ut pharetra pulvinar. Donec et libero ligula. Vivamus semper at orci at placerat.<\/p><\/div><\/div><\/div><\/div><\/div><\/div>","typography_typography":"custom","typography_font_size":{"unit":"px","size":16,"sizes":[]},"typography_font_weight":"300","typography_line_height":{"unit":"em","size":1.6,"sizes":[]},"text_columns":"2","column_gap":{"unit":"px","size":68,"sizes":[]}},"elements":[],"isInner":false,"widgetType":"text-editor","elType":"widget"}],"isInner":true,"elType":"column"}],"isInner":true,"elType":"section"},{"id":"7212dc40","settings":{"space":{"unit":"px","size":80,"sizes":[]}},"elements":[],"isInner":false,"widgetType":"spacer","elType":"widget"}],"isInner":false,"elType":"column"}],"isInner":false,"elType":"section"},{"id":"3d5c9f30","settings":{"background_color":"#FFFFFF","animation":"fadeIn"},"elements":[{"id":"553dc8cb","settings":{"_column_size":100,"_inline_size":null},"elements":[{"id":"182d6465","settings":{"space":{"unit":"px","size":60,"sizes":[]}},"elements":[],"isInner":false,"widgetType":"spacer","elType":"widget"},{"id":"d95c4d","settings":{"hz_section_title":"Our Values\n","section_title_typography_typography":"custom","section_title_typography_font_family":"Muli","section_title_typography_font_size":{"unit":"px","size":30,"sizes":[]},"section_title_typography_text_transform":"capitalize","section_subtitle_typography_typography":"custom","section_subtitle_typography_font_size":{"unit":"px","size":17,"sizes":[]},"houzez_section_title_align":"left","houzez_section_title_color":"#000000","houzez_section_subtitle_color":"#7A7A7A"},"elements":[],"isInner":false,"widgetType":"houzez_elementor_section_title","elType":"widget"},{"id":"28d25e7f","settings":{"structure":"30","gap":"wide"},"elements":[{"id":"3b69ab4","settings":{"_column_size":33,"_inline_size":null},"elements":[{"id":"f2270f2","settings":{"image":{"url":"https:\/\/demo07.houzez.co\/wp-content\/uploads\/revslider\/news-gallery2-1\/206.jpg","id":1964},"title_text":"Quality","description_text":"Lorem ipsum dolor sit amet, consectetur adipiscing elit. Ut elit tellus, luctus nec ullamcorper mattis, pulvinar dapibus leo.","image_space":{"unit":"px","size":20,"sizes":[]},"image_size":{"unit":"%","size":100,"sizes":[]},"text_align":"left","title_bottom_space":{"unit":"px","size":13,"sizes":[]},"title_typography_typography":"custom","title_typography_font_family":"Muli","title_typography_font_size":{"unit":"px","size":20,"sizes":[]},"title_typography_font_weight":"700"},"elements":[],"isInner":false,"widgetType":"image-box","elType":"widget"}],"isInner":true,"elType":"column"},{"id":"48f6e914","settings":{"_column_size":33,"_inline_size":null},"elements":[{"id":"797125dc","settings":{"image":{"url":"https:\/\/demo07.houzez.co\/wp-content\/uploads\/2016\/03\/new-york-06.jpg","id":289},"title_text":"Teamwork","description_text":"Lorem ipsum dolor sit amet, consectetur adipiscing elit. Ut elit tellus, luctus nec ullamcorper mattis, pulvinar dapibus leo.","image_space":{"unit":"px","size":20,"sizes":[]},"image_size":{"unit":"%","size":100,"sizes":[]},"text_align":"left","title_bottom_space":{"unit":"px","size":13,"sizes":[]},"title_typography_typography":"custom","title_typography_font_family":"Muli","title_typography_font_size":{"unit":"px","size":20,"sizes":[]},"title_typography_font_weight":"700"},"elements":[],"isInner":false,"widgetType":"image-box","elType":"widget"}],"isInner":true,"elType":"column"},{"id":"652d5771","settings":{"_column_size":33,"_inline_size":null},"elements":[{"id":"4f745129","settings":{"image":{"url":"https:\/\/demo07.houzez.co\/wp-content\/uploads\/2016\/06\/slide-2.jpg","id":1747},"title_text":"Respect","description_text":"Lorem ipsum dolor sit amet, consectetur adipiscing elit. Ut elit tellus, luctus nec ullamcorper mattis, pulvinar dapibus leo.","image_space":{"unit":"px","size":20,"sizes":[]},"image_size":{"unit":"%","size":100,"sizes":[]},"text_align":"left","title_bottom_space":{"unit":"px","size":13,"sizes":[]},"title_typography_typography":"custom","title_typography_font_family":"Muli","title_typography_font_size":{"unit":"px","size":20,"sizes":[]},"title_typography_font_weight":"700"},"elements":[],"isInner":false,"widgetType":"image-box","elType":"widget"}],"isInner":true,"elType":"column"}],"isInner":true,"elType":"section"},{"id":"665f5cf","settings":{"structure":"30","gap":"wide"},"elements":[{"id":"64fa5b0f","settings":{"_column_size":33,"_inline_size":null},"elements":[{"id":"4fb2f51a","settings":{"image":{"url":"https:\/\/demo07.houzez.co\/wp-content\/uploads\/2016\/03\/new-york-03.jpg","id":280},"title_text":"Integrity","description_text":"Lorem ipsum dolor sit amet, consectetur adipiscing elit. Ut elit tellus, luctus nec ullamcorper mattis, pulvinar dapibus leo.","image_space":{"unit":"px","size":20,"sizes":[]},"image_size":{"unit":"%","size":100,"sizes":[]},"text_align":"left","title_bottom_space":{"unit":"px","size":13,"sizes":[]},"title_typography_typography":"custom","title_typography_font_family":"Muli","title_typography_font_size":{"unit":"px","size":20,"sizes":[]},"title_typography_font_weight":"700"},"elements":[],"isInner":false,"widgetType":"image-box","elType":"widget"}],"isInner":true,"elType":"column"},{"id":"77e61a5a","settings":{"_column_size":33,"_inline_size":null},"elements":[{"id":"58992990","settings":{"image":{"url":"https:\/\/demo07.houzez.co\/wp-content\/uploads\/2016\/06\/slide-1.jpg","id":1748},"title_text":"Responsibility","description_text":"Lorem ipsum dolor sit amet, consectetur adipiscing elit. Ut elit tellus, luctus nec ullamcorper mattis, pulvinar dapibus leo.","image_space":{"unit":"px","size":20,"sizes":[]},"image_size":{"unit":"%","size":100,"sizes":[]},"text_align":"left","title_bottom_space":{"unit":"px","size":13,"sizes":[]},"title_typography_typography":"custom","title_typography_font_family":"Muli","title_typography_font_size":{"unit":"px","size":20,"sizes":[]},"title_typography_font_weight":"700"},"elements":[],"isInner":false,"widgetType":"image-box","elType":"widget"}],"isInner":true,"elType":"column"},{"id":"2494997e","settings":{"_column_size":33,"_inline_size":null},"elements":[{"id":"5c4721e8","settings":{"image":{"url":"https:\/\/demo07.houzez.co\/wp-content\/uploads\/2016\/03\/apt-2.jpg","id":1766},"title_text":"Innovative","description_text":"Lorem ipsum dolor sit amet, consectetur adipiscing elit. Ut elit tellus, luctus nec ullamcorper mattis, pulvinar dapibus leo.","image_space":{"unit":"px","size":20,"sizes":[]},"image_size":{"unit":"%","size":100,"sizes":[]},"text_align":"left","title_bottom_space":{"unit":"px","size":13,"sizes":[]},"title_typography_typography":"custom","title_typography_font_family":"Muli","title_typography_font_size":{"unit":"px","size":20,"sizes":[]},"title_typography_font_weight":"700"},"elements":[],"isInner":false,"widgetType":"image-box","elType":"widget"}],"isInner":true,"elType":"column"}],"isInner":true,"elType":"section"},{"id":"6e8b929a","settings":{"space":{"unit":"px","size":80,"sizes":[]}},"elements":[],"isInner":false,"widgetType":"spacer","elType":"widget"}],"isInner":false,"elType":"column"}],"isInner":false,"elType":"section"},{"id":"68a4f828","settings":{"background_background":"classic","background_color":"#FFFFFF"},"elements":[{"id":"6a7788","settings":{"_column_size":100,"_inline_size":null},"elements":[{"id":"476eea5f","settings":[],"elements":[{"id":"572bb1fd","settings":{"_column_size":100,"_inline_size":null},"elements":[{"id":"1cc61ebb","settings":{"space":{"unit":"px","size":20,"sizes":[]}},"elements":[],"isInner":false,"widgetType":"spacer","elType":"widget"},{"id":"5985203c","settings":{"hz_section_title":"Services","section_title_typography_typography":"custom","section_title_typography_font_family":"Muli","section_title_typography_font_size":{"unit":"px","size":30,"sizes":[]},"section_title_typography_text_transform":"capitalize","section_subtitle_typography_typography":"custom","section_subtitle_typography_font_size":{"unit":"px","size":17,"sizes":[]},"houzez_section_title_align":"left","houzez_section_title_color":"#000000","houzez_section_subtitle_color":"#7A7A7A","houzez_section_title_margin_bottom":{"unit":"px","size":30,"sizes":[]}},"elements":[],"isInner":false,"widgetType":"houzez_elementor_section_title","elType":"widget"},{"id":"41269252","settings":{"icon_boxes":[{"icon_type":"custom_icon","title":"Property Management","text":"Lorem ipsum dolor sit amet, consectetuer adipiscing elit, sed diam nonummy nibh euismod tincidunt ut laoreet dolore magna aliquam erat volutpat\n\n","_id":"53ac53d","custom_icon":{"id":1905,"url":"https:\/\/wordpress-248995-779707.cloudwaysapps.com\/wp-content\/uploads\/2019\/03\/people.png"},"read_more_text":"Read More","read_more_link":{"url":"#","is_external":"","nofollow":""},"icon":""},{"icon_type":"custom_icon","title":"Capital Improvements","text":"Lorem ipsum dolor sit amet, consectetuer adipiscing elit, sed diam nonummy nibh euismod tincidunt ut laoreet dolore magna aliquam erat volutpat\n\n","_id":"72b35bd","custom_icon":{"id":1903,"url":"https:\/\/wordpress-248995-779707.cloudwaysapps.com\/wp-content\/uploads\/2019\/03\/bar-chart-stats-up.png"},"read_more_text":"Read More","read_more_link":{"url":"#","is_external":"","nofollow":""},"icon":""},{"icon_type":"custom_icon","title":"Financial Reporting","text":"Lorem ipsum dolor sit amet, consectetuer adipiscing elit, sed diam nonummy nibh euismod tincidunt ut laoreet dolore magna aliquam erat volutpat\n\n","_id":"8660b74","custom_icon":{"id":1904,"url":"https:\/\/wordpress-248995-779707.cloudwaysapps.com\/wp-content\/uploads\/2019\/03\/donut-chart-1.png"},"read_more_text":"Read More","read_more_link":{"url":"#","is_external":"","nofollow":""},"icon":""}],"icon_boxes_style":"style3","title_typography_a_typography":"custom","title_typography_a_font_weight":"700"},"elements":[],"isInner":false,"widgetType":"houzez_elementor_icon_box","elType":"widget"},{"id":"1dd4cc04","settings":{"icon_boxes":[{"icon_type":"custom_icon","title":"Business Development","text":"Lorem ipsum dolor sit amet, consectetuer adipiscing elit, sed diam nonummy nibh euismod tincidunt ut laoreet dolore magna aliquam erat volutpat\n\n","_id":"53ac53d","custom_icon":{"id":1899,"url":"https:\/\/wordpress-248995-779707.cloudwaysapps.com\/wp-content\/uploads\/2019\/03\/shacking-hands.png"},"read_more_text":"Read More","read_more_link":{"url":"#","is_external":"","nofollow":""},"icon":""},{"icon_type":"custom_icon","title":"Finance Real Estate","text":"Lorem ipsum dolor sit amet, consectetuer adipiscing elit, sed diam nonummy nibh euismod tincidunt ut laoreet dolore magna aliquam erat volutpat\n\n","_id":"72b35bd","custom_icon":{"id":1901,"url":"https:\/\/wordpress-248995-779707.cloudwaysapps.com\/wp-content\/uploads\/2019\/03\/bar-chart-board.png"},"read_more_text":"Read More","read_more_link":{"url":"#","is_external":"","nofollow":""},"icon":""},{"icon_type":"custom_icon","title":"\t Recover Asset Value","text":"Lorem ipsum dolor sit amet, consectetuer adipiscing elit, sed diam nonummy nibh euismod tincidunt ut laoreet dolore magna aliquam erat volutpat\n\n","_id":"8660b74","custom_icon":{"id":1900,"url":"https:\/\/wordpress-248995-779707.cloudwaysapps.com\/wp-content\/uploads\/2019\/03\/balance.png"},"read_more_text":"Read More","read_more_link":{"url":"#","is_external":"","nofollow":""},"icon":""}],"icon_boxes_style":"style3","title_typography_a_typography":"custom","title_typography_a_font_weight":"700"},"elements":[],"isInner":false,"widgetType":"houzez_elementor_icon_box","elType":"widget"},{"id":"1d7521b2","settings":{"space":{"unit":"px","size":30,"sizes":[]}},"elements":[],"isInner":false,"widgetType":"spacer","elType":"widget"}],"isInner":true,"elType":"column"}],"isInner":true,"elType":"section"}],"isInner":false,"elType":"column"}],"isInner":false,"elType":"section"},{"id":"1b49386b","settings":{"background_color":"#FFFFFF"},"elements":[{"id":"748d0bfc","settings":{"_column_size":100,"_inline_size":null},"elements":[{"id":"3981c69f","settings":{"space":{"unit":"px","size":60,"sizes":[]}},"elements":[],"isInner":false,"widgetType":"spacer","elType":"widget"},{"id":"56d703c1","settings":{"hz_section_title":"Meet our team","hz_section_subtitle":"Lorem ipsum dolor sit amet, consectetur adipiscing ","section_title_typography_typography":"custom","section_title_typography_font_family":"Muli","section_title_typography_font_size":{"unit":"px","size":30,"sizes":[]},"section_title_typography_text_transform":"capitalize","section_subtitle_typography_typography":"custom","section_subtitle_typography_font_size":{"unit":"px","size":17,"sizes":[]},"houzez_section_title_align":"left","houzez_section_title_color":"#000000","houzez_section_subtitle_color":"#7A7A7A"},"elements":[],"isInner":false,"widgetType":"houzez_elementor_section_title","elType":"widget"},{"id":"364edd5c","settings":{"structure":"40"},"elements":[{"id":"51af2b04","settings":{"_column_size":25,"_inline_size":null},"elements":[{"id":"124924b8","settings":{"team_image":{"url":"https:\/\/wordpress-248995-779707.cloudwaysapps.com\/wp-content\/uploads\/2016\/02\/Artboard-1team.jpg","id":1699},"team_name":"Kathryn Wallace","team_position":"Chair Manager","team_description":"Intelligent, ambitious, energetic and proactive perfectionist. Working with Kathryn Wallace is a signature of success.","team_link":"#","team_social_facebook":"#","team_social_twitter":"#","team_social_linkedin":"#","team_social_pinterest":"#","team_social_googleplus":"#"},"elements":[],"isInner":false,"widgetType":"houzez_elementor_team_member","elType":"widget"}],"isInner":true,"elType":"column"},{"id":"216b95aa","settings":{"_column_size":25,"_inline_size":null},"elements":[{"id":"57b0600e","settings":{"team_image":{"url":"https:\/\/wordpress-248995-779707.cloudwaysapps.com\/wp-content\/uploads\/2016\/02\/Artboard-3team.jpg","id":1701},"team_name":"Jerry Edwards","team_position":"Sales Manager","team_description":"Intelligent, ambitious, energetic and proactive perfectionist. Working with Kathryn Wallace is a signature of success.","team_link":"#","team_social_facebook":"#","team_social_twitter":"#","team_social_linkedin":"#","team_social_pinterest":"#","team_social_googleplus":"#"},"elements":[],"isInner":false,"widgetType":"houzez_elementor_team_member","elType":"widget"}],"isInner":true,"elType":"column"},{"id":"512185ea","settings":{"_column_size":25,"_inline_size":null},"elements":[{"id":"5565c5b9","settings":{"team_image":{"url":"https:\/\/wordpress-248995-779707.cloudwaysapps.com\/wp-content\/uploads\/2016\/02\/Artboard-2team.jpg","id":1700},"team_name":"Virginia Holland","team_position":"Real Estate Agent","team_description":"Intelligent, ambitious, energetic and proactive perfectionist. Working with Kathryn Wallace is a signature of success.","team_link":"#","team_social_facebook":"#","team_social_twitter":"#","team_social_linkedin":"#","team_social_pinterest":"#","team_social_googleplus":"#"},"elements":[],"isInner":false,"widgetType":"houzez_elementor_team_member","elType":"widget"}],"isInner":true,"elType":"column"},{"id":"24da16e2","settings":{"_column_size":25,"_inline_size":null},"elements":[{"id":"6a627ebe","settings":{"team_image":{"url":"https:\/\/wordpress-248995-779707.cloudwaysapps.com\/wp-content\/uploads\/2016\/02\/Artboard-4team.jpg","id":1702},"team_name":"Donald Douglas","team_position":"Marketing Strategist","team_description":"Intelligent, ambitious, energetic and proactive perfectionist. Working with Kathryn Wallace is a signature of success.","team_link":"#","team_social_facebook":"#","team_social_twitter":"#","team_social_linkedin":"#","team_social_pinterest":"#","team_social_googleplus":"#"},"elements":[],"isInner":false,"widgetType":"houzez_elementor_team_member","elType":"widget"}],"isInner":true,"elType":"column"}],"isInner":true,"elType":"section"},{"id":"1334dd3e","settings":{"space":{"unit":"px","size":80,"sizes":[]}},"elements":[],"isInner":false,"widgetType":"spacer","elType":"widget"}],"isInner":false,"elType":"column"}],"isInner":false,"elType":"section"},{"id":"3035bb56","settings":{"background_background":"classic","background_color":"#FFFFFF"},"elements":[{"id":"65a06918","settings":{"_column_size":100,"_inline_size":null},"elements":[{"id":"661becee","settings":[],"elements":[{"id":"72d91c26","settings":{"_column_size":100,"_inline_size":null},"elements":[{"id":"6bce06ce","settings":{"space":{"unit":"px","size":20,"sizes":[]}},"elements":[],"isInner":false,"widgetType":"spacer","elType":"widget"},{"id":"6c732656","settings":{"hz_section_title":"Our Customers Say","section_title_typography_typography":"custom","section_title_typography_font_family":"Muli","section_title_typography_font_size":{"unit":"px","size":30,"sizes":[]},"section_title_typography_text_transform":"capitalize","section_subtitle_typography_typography":"custom","section_subtitle_typography_font_size":{"unit":"px","size":17,"sizes":[]},"houzez_section_title_color":"#000000","houzez_section_subtitle_color":"#7A7A7A","houzez_section_title_margin_bottom":{"unit":"px","size":30,"sizes":[]}},"elements":[],"isInner":false,"widgetType":"houzez_elementor_section_title","elType":"widget"},{"id":"77905a54","settings":{"testimonials_type":"slides"},"elements":[],"isInner":false,"widgetType":"houzez_elementor_testimonials","elType":"widget"},{"id":"1062a04d","settings":{"space":{"unit":"px","size":30,"sizes":[]}},"elements":[],"isInner":false,"widgetType":"spacer","elType":"widget"}],"isInner":true,"elType":"column"}],"isInner":true,"elType":"section"}],"isInner":false,"elType":"column"}],"isInner":false,"elType":"section"},{"id":"5d05228f","settings":[],"elements":[{"id":"6825c20d","settings":{"_column_size":100,"_inline_size":null},"elements":[{"id":"4887ffa6","settings":[],"elements":[{"id":"5c9aab07","settings":{"_column_size":100,"_inline_size":null},"elements":[{"id":"2e20baa","settings":[],"elements":[],"isInner":false,"widgetType":"spacer","elType":"widget"},{"id":"3f258954","settings":{"hz_section_title":"From our blog","section_title_typography_typography":"custom","section_title_typography_font_family":"Muli","section_title_typography_font_size":{"unit":"px","size":30,"sizes":[]},"section_title_typography_text_transform":"capitalize","section_subtitle_typography_typography":"custom","section_subtitle_typography_font_size":{"unit":"px","size":17,"sizes":[]},"houzez_section_title_align":"left","houzez_section_title_color":"#000000","houzez_section_subtitle_color":"#7A7A7A"},"elements":[],"isInner":false,"widgetType":"houzez_elementor_section_title","elType":"widget"},{"id":"715c4da8","settings":{"posts_limit":"4"},"elements":[],"isInner":false,"widgetType":"houzez_elementor_blog_posts","elType":"widget"},{"id":"20b6d7ae","settings":{"space":{"unit":"px","size":30,"sizes":[]}},"elements":[],"isInner":false,"widgetType":"spacer","elType":"widget"}],"isInner":true,"elType":"column"}],"isInner":true,"elType":"section"}],"isInner":false,"elType":"column"}],"isInner":false,"elType":"section"}]}