{"content":[{"id":"18a9b434","settings":{"background_color_b":"#FFFFFF","background_gradient_angle":{"unit":"deg","size":91,"sizes":[]},"background_color_stop":{"unit":"%","size":50,"sizes":[]},"background_color_b_stop":{"unit":"%","size":11,"sizes":[]},"shape_divider_top_above_content":"yes","margin":{"unit":"px","top":"0","right":0,"bottom":"0","left":0,"isLinked":false},"padding":{"unit":"%","top":"0","right":"0","bottom":"0","left":"0","isLinked":true},"padding_tablet":{"unit":"%","top":"","right":"","bottom":"","left":"","isLinked":true},"padding_mobile":{"unit":"%","top":"","right":"","bottom":"","left":"","isLinked":true},"z_index":1,"background_background":"classic","content_width":{"unit":"px","size":1320,"sizes":[]},"height":"min-height","background_image":{"url":"https:\/\/wordpress-432351-3264149.cloudwaysapps.com\/wp-content\/uploads\/2023\/02\/fallback.png","id":18918,"size":"","alt":"","source":"library"},"background_position":"center center","background_attachment":"fixed","background_repeat":"no-repeat","background_size":"cover","background_overlay_background":"classic","background_overlay_color":"#00335A","background_overlay_opacity":{"unit":"px","size":0.7,"sizes":[]},"overlay_blend_mode":"overlay"},"elements":[{"id":"44d6f4d1","settings":{"_column_size":100,"_inline_size":null},"elements":[{"id":"1a5bf4c7","settings":{"hz_section_title":"\u0645\u0639\u0644\u0648\u0645\u0627\u062a \u0639\u0646\u0627","hz_section_subtitle":"\u0646\u062d\u0646 \u0645\u062a\u062e\u0635\u0635\u0648\u0646 \u0641\u064a \u0631\u0628\u0637 \u0627\u0644\u0645\u0634\u062a\u0631\u064a\u0646 \u0648\u0627\u0644\u0628\u0627\u0626\u0639\u064a\u0646 \u0644\u0644\u0639\u0642\u0627\u0631\u0627\u062a \u0627\u0644\u0641\u0627\u062e\u0631\u0629 \u0641\u064a \u062f\u0628\u064a. \u0641\u0631\u064a\u0642\u0646\u0627 \u0627\u0644\u0645\u062a\u0645\u0631\u0633 \u0645\u0643\u0631\u0633 \u0644\u062a\u0642\u062f\u064a\u0645 \u0623\u0639\u0644\u0649 \u0645\u0633\u062a\u0648\u0649 \u0645\u0646 \u0627\u0644\u062e\u062f\u0645\u0629 \u0648\u0627\u0644\u062e\u0628\u0631\u0629 \u0644\u0639\u0645\u0644\u0627\u0626\u0646\u0627.","houzez_section_title_align":"right","houzez_section_title_color":"#00335A","houzez_section_subtitle_color":"#62798B","_padding":{"unit":"%","top":"11","right":"11","bottom":"11","left":"11","isLinked":true},"_padding_tablet":{"unit":"%","top":"6","right":"6","bottom":"6","left":"6","isLinked":true},"_padding_mobile":{"unit":"%","top":"","right":"","bottom":"","left":"","isLinked":true},"_element_width":"initial","_element_custom_width":{"unit":"%","size":43,"sizes":[]},"_position":"absolute","_offset_orientation_h":"end","_offset_x_end":{"size":61,"unit":"%"},"_offset_x_end_tablet":{"unit":"%","size":22,"sizes":[]},"_offset_x_end_mobile":{"size":14,"unit":"%"},"_offset_y":{"size":16,"unit":"px"},"_offset_y_end":{"unit":"px","size":0,"sizes":[]},"_offset_y_end_tablet":{"unit":"%","size":"","sizes":[]},"_offset_y_end_mobile":{"unit":"%","size":"","sizes":[]},"_background_background":"classic","_background_color":"#FFFFFF","_border_border":"solid","_border_width":{"unit":"px","top":"0","right":"0","bottom":"5","left":"0","isLinked":false},"_border_color":"#BDB290","_box_shadow_box_shadow_type":"yes","_box_shadow_box_shadow":{"horizontal":0,"vertical":30,"blur":60,"spread":0,"color":"rgba(0, 0, 0, 0.1)"},"_element_custom_width_tablet":{"unit":"%","size":72,"sizes":[]},"_element_custom_width_mobile":{"unit":"%","size":"","sizes":[]},"_offset_y_tablet":{"unit":"px","size":88,"sizes":[]},"_offset_y_mobile":{"size":12,"unit":"px"}},"elements":[],"isInner":false,"widgetType":"houzez_elementor_section_title","elType":"widget"}],"isInner":false,"elType":"column"}],"isInner":false,"elType":"section"},{"id":"1565cf58","settings":{"content_width":{"unit":"px","size":1320,"sizes":[]},"padding_tablet":{"unit":"%","top":"0","right":"6","bottom":"0","left":"5","isLinked":false},"padding_mobile":{"unit":"%","top":"","right":"","bottom":"","left":"","isLinked":true}},"elements":[{"id":"6b26bbb5","settings":{"_column_size":100,"_inline_size":null},"elements":[{"id":"21440bba","settings":{"space_mobile":{"unit":"px","size":10,"sizes":[]},"space":{"unit":"px","size":114,"sizes":[]}},"elements":[],"isInner":false,"widgetType":"spacer","elType":"widget"},{"id":"3e5f4ec9","settings":{"editor":"<p>\u0634\u0631\u0643\u062a\u0646\u0627 \u0647\u064a \u0648\u0627\u062d\u062f\u0629 \u0645\u0646 \u0627\u0644\u0634\u0631\u0643\u0627\u062a \u0627\u0644\u0631\u0627\u0626\u062f\u0629 \u0641\u064a \u0645\u062c\u0627\u0644 \u0627\u0644\u0639\u0642\u0627\u0631\u0627\u062a \u0627\u0644\u0631\u0627\u0642\u064a\u0629. \u062a\u0634\u0645\u0644 \u062e\u062f\u0645\u0627\u062a\u0646\u0627 \u0645\u062c\u0645\u0648\u0639\u0629 \u0645\u062a\u0646\u0648\u0639\u0629 \u0645\u0646 \u0627\u0644\u0639\u0642\u0627\u0631\u0627\u062a \u0627\u0644\u0641\u0627\u062e\u0631\u0629 \u0648\u0633\u0646\u062a\u0623\u0643\u062f \u0645\u0646 \u062d\u0635\u0648\u0644\u0643 \u0639\u0644\u0649 \u0623\u0641\u0636\u0644 \u062a\u062c\u0631\u0628\u0629 \u0639\u0646\u062f \u0627\u0644\u062a\u0639\u0627\u0645\u0644 \u0645\u0639\u0646\u0627 \u060c \u0648\u0642\u062f \u0628\u062f\u0623\u0646\u0627 \u0647\u0630\u0647 \u0627\u0644\u0634\u0631\u0643\u0629 \u0644\u0645\u0633\u0627\u0639\u062f\u0629 \u0627\u0644\u0623\u0634\u062e\u0627\u0635 \u0641\u064a \u0627\u0644\u0639\u062b\u0648\u0631 \u0639\u0644\u0649 \u0627\u0644\u0645\u0646\u0632\u0644 \u0627\u0644\u0630\u064a \u064a\u0633\u062a\u062d\u0642\u0648\u0646\u0647 \u0648\u0633\u0646\u0639\u0645\u0644 \u0639\u0644\u0649 \u062c\u0639\u0644 \u0645\u0647\u0645\u062a\u0646\u0627 \u0647\u064a \u0627\u0644\u062a\u0623\u0643\u062f \u0645\u0646 \u0623\u0646 \u0623\u0633\u0644\u0648\u0628 \u062d\u064a\u0627\u062a\u0643 \u062d\u0635\u0631\u064a .<\/p><p>\u062a\u0634\u0645\u0644 \u062e\u062f\u0645\u0627\u062a\u0646\u0627 \u0645\u062c\u0645\u0648\u0639\u0629 \u0645\u062a\u0646\u0648\u0639\u0629 \u0645\u0646 \u0627\u0644\u0639\u0642\u0627\u0631\u0627\u062a \u0627\u0644\u0641\u0627\u062e\u0631\u0629 \u0648\u0633\u0646\u062a\u0623\u0643\u062f \u0645\u0646 \u062d\u0635\u0648\u0644\u0643 \u0639\u0644\u0649 \u0623\u0641\u0636\u0644 \u062a\u062c\u0631\u0628\u0629 \u0639\u0646\u062f \u0627\u0644\u062a\u0639\u0627\u0645\u0644 \u0645\u0639\u0646\u0627 \u060c \u0648\u0642\u062f \u0628\u062f\u0623\u0646\u0627 \u0647\u0630\u0647 \u0627\u0644\u0634\u0631\u0643\u0629 \u0644\u0645\u0633\u0627\u0639\u062f\u0629 \u0627\u0644\u0623\u0634\u062e\u0627\u0635 \u0641\u064a \u0627\u0644\u0639\u062b\u0648\u0631 \u0639\u0644\u0649 \u0627\u0644\u0645\u0646\u0632\u0644 \u0627\u0644\u0630\u064a \u064a\u0633\u062a\u062d\u0642\u0648\u0646\u0647 \u0648\u0633\u0646\u0639\u0645\u0644 \u0639\u0644\u0649 \u062c\u0639\u0644 \u0645\u0647\u0645\u062a\u0646\u0627 \u0647\u064a \u0627\u0644\u062a\u0623\u0643\u062f \u0645\u0646 \u0623\u0646 \u0623\u0633\u0644\u0648\u0628 \u062d\u064a\u0627\u062a\u0643 \u062d\u0635\u0631\u064a . \u062a\u0645\u062a\u0644\u0643 \u0634\u0631\u0643\u062a\u0646\u0627 \u0627\u0644\u0639\u0642\u0627\u0631\u064a\u0629 \u0639\u062f\u062f\u064b\u0627 \u0645\u0646 \u0627\u0644\u0642\u0648\u0627\u0626\u0645 \u0627\u0644\u0641\u0627\u062e\u0631\u0629 \u0648\u0627\u0644\u062d\u0635\u0631\u064a\u0629 \u0627\u0644\u0645\u062b\u0627\u0644\u064a\u0629 \u0644\u0644\u0639\u0645\u0644\u0627\u0621 \u0627\u0644\u062f\u0648\u0644\u064a\u064a\u0646.<\/p>","text_columns":"2","column_gap":{"unit":"px","size":100,"sizes":[]},"align":"right","text_color":"#2F2F2F","typography_typography":"custom","typography_font_size":{"unit":"px","size":16,"sizes":[]},"typography_font_size_tablet":{"unit":"px","size":16,"sizes":[]},"typography_font_size_mobile":{"unit":"px","size":16,"sizes":[]},"typography_line_height":{"unit":"em","size":1.7,"sizes":[]},"text_columns_mobile":"1","align_mobile":"center"},"elements":[],"isInner":false,"widgetType":"text-editor","elType":"widget"},{"id":"28fb2896","settings":{"space_mobile":{"unit":"px","size":10,"sizes":[]},"space":{"unit":"px","size":114,"sizes":[]}},"elements":[],"isInner":false,"widgetType":"spacer","elType":"widget"}],"isInner":false,"elType":"column"}],"isInner":false,"elType":"section"},{"id":"17b3af5c","settings":{"background_color":"#E9F5FD96","background_color_b":"#FFFFFF","background_gradient_angle":{"unit":"deg","size":0,"sizes":[]},"padding":{"unit":"%","top":"4","right":"4","bottom":"4","left":"4","isLinked":true},"padding_tablet":{"unit":"%","top":"","right":"","bottom":"","left":"","isLinked":true},"padding_mobile":{"unit":"%","top":"","right":"","bottom":"","left":"","isLinked":true},"content_width":{"unit":"px","size":1320,"sizes":[]},"background_background":"classic","background_color_stop":{"unit":"%","size":50,"sizes":[]},"background_image":{"url":"","id":"","size":"","alt":"","source":"library"},"background_position":"center center","background_attachment":"fixed","background_repeat":"no-repeat","background_size":"cover","background_overlay_color":"#00335A","background_overlay_opacity":{"unit":"px","size":0.86,"sizes":[]},"border_border":"solid","border_width":{"unit":"px","top":"1","right":"0","bottom":"0","left":"0","isLinked":false},"border_color":"#D5E0EC","shape_divider_top_above_content":"yes","margin":{"unit":"px","top":"0","right":0,"bottom":"0","left":0,"isLinked":false},"z_index":1},"elements":[{"id":"78cf6957","settings":{"_column_size":100,"_inline_size":null},"elements":[{"id":"6ba14595","settings":{"content_width":{"unit":"px","size":1320,"sizes":[]},"layout":"full_width","animation":"fadeIn"},"elements":[{"id":"73d18cc7","settings":{"_column_size":100,"_inline_size":null,"_inline_size_tablet":100,"space_between_widgets":5,"padding":{"unit":"%","top":"","right":"","bottom":"","left":"","isLinked":true},"padding_tablet":{"unit":"px","top":"70","right":"70","bottom":"40","left":"70","isLinked":false},"padding_mobile":{"unit":"px","top":"30","right":"30","bottom":"30","left":"30","isLinked":true}},"elements":[{"id":"2327357d","settings":{"width":{"unit":"px","size":208,"sizes":[]},"width_tablet":{"unit":"px","size":"","sizes":[]},"width_mobile":{"unit":"px","size":"","sizes":[]},"align":"center","look":"line_text","text":"\u0645\u0627\u0630\u0627 \u064a\u0642\u0648\u0644 \u0639\u0645\u0644\u0627\u0624\u0646\u0627","color":"#BDB290","text_color":"#BDB290"},"elements":[],"isInner":false,"widgetType":"divider","elType":"widget"},{"id":"597a2d1a","settings":{"title":"\u0645\u0627\u0630\u0627 \u064a\u0642\u0648\u0644 \u0639\u0645\u0644\u0627\u0624\u0646\u0627","size":"large","align":"center","title_color":"#00335A","typography_typography":"custom","typography_line_height":{"unit":"em","size":1.5,"sizes":[]},"typography_font_size_mobile":{"unit":"px","size":24,"sizes":[]},"header_size":"h3","typography_font_size":{"unit":"px","size":34,"sizes":[]},"typography_font_size_tablet":{"unit":"px","size":28,"sizes":[]}},"elements":[],"isInner":false,"widgetType":"heading","elType":"widget"},{"id":"77d5baa1","settings":{"editor":"<p>\u0634\u0631\u0627\u0621 \u0623\u0648 \u0628\u064a\u0639 \u0645\u0646\u0632\u0644\u0643 \u0645\u0639 \u0648\u0643\u0644\u0627\u0626\u0646\u0627. \u0648\u0643\u0644\u0627\u0624\u0646\u0627 \u0639\u0644\u0649 \u062f\u0631\u0627\u064a\u0629 \u0648\u0645\u0647\u0646\u064a\u0629 \u0648\u0645\u062e\u0644\u0635\u0648\u0646 \u0644\u0625\u0631\u0636\u0627\u0621 \u0627\u0644\u062c\u0645\u064a\u0639!<\/p>","text_color":"#62798B","align":"center","typography_typography":"custom","typography_font_size":{"unit":"px","size":18,"sizes":[]},"typography_font_size_tablet":{"unit":"px","size":18,"sizes":[]},"typography_font_size_mobile":{"unit":"px","size":16,"sizes":[]},"typography_line_height":{"unit":"em","size":1.7,"sizes":[]}},"elements":[],"isInner":false,"widgetType":"text-editor","elType":"widget"}],"isInner":true,"elType":"column"}],"isInner":true,"elType":"section"},{"id":"25eb45a","settings":{"content_width":{"unit":"px","size":1320,"sizes":[]},"structure":"30","layout":"full_width","animation":"fadeIn"},"elements":[{"id":"7ff8818","settings":{"_column_size":33,"_inline_size":null,"_inline_size_tablet":100},"elements":[{"id":"7d5f57fc","settings":{"testimonial_content":"\u0644\u0642\u062f \u0633\u0627\u0639\u062f\u0648\u0646\u064a \u0641\u064a \u0627\u0644\u0639\u062b\u0648\u0631 \u0639\u0644\u0649 \u0627\u0644\u0639\u0642\u0627\u0631 \u0627\u0644\u0645\u062b\u0627\u0644\u064a \u0641\u064a \u062f\u0628\u064a \u0648\u062c\u0639\u0644\u0648\u0627 \u0627\u0644\u0639\u0645\u0644\u064a\u0629 \u0628\u0631\u0645\u062a\u0647\u0627 \u0633\u0644\u0633\u0629 \u0642\u062f\u0631 \u0627\u0644\u0625\u0645\u0643\u0627\u0646. \u0623\u0648\u0635\u064a \u0628\u0647\u0645 \u0628\u0634\u062f\u0629 \u0644\u0623\u064a \u0634\u062e\u0635 \u064a\u0628\u062d\u062b \u0639\u0646 \u062e\u062f\u0645\u0627\u062a \u0639\u0642\u0627\u0631\u064a\u0629 \u0645\u062a\u062e\u0635\u0635\u0629 \u0641\u064a \u0627\u0644\u0645\u0646\u0637\u0642\u0629.","testimonial_image":{"url":"https:\/\/wordpress-432351-3264149.cloudwaysapps.com\/wp-content\/uploads\/2023\/01\/ts-01.jpg","id":18438,"alt":"","source":"library"},"testimonial_name":"\u0646\u0648\u0631 \u0645\u062d\u0645\u062f","testimonial_job":"\u0639\u0645\u064a\u0644","testimonial_alignment":"right","content_typography_typography":"custom","content_typography_font_size":{"unit":"px","size":15,"sizes":[]},"name_typography_typography":"custom","name_typography_font_weight":"600","job_typography_typography":"custom","job_typography_font_weight":"300","_padding":{"unit":"px","top":"30","right":"30","bottom":"30","left":"30","isLinked":true},"_background_background":"classic","_background_color":"#FFFFFF","_border_border":"solid","_border_width":{"unit":"px","top":"0","right":"0","bottom":"5","left":"0","isLinked":false},"_border_color":"#BDB290","_border_radius":{"unit":"px","top":"0","right":"0","bottom":"0","left":"0","isLinked":true},"_box_shadow_box_shadow_type":"yes","_box_shadow_box_shadow":{"horizontal":0,"vertical":15,"blur":60,"spread":0,"color":"rgba(0, 0, 0, 0.15)"}},"elements":[],"isInner":false,"widgetType":"testimonial","elType":"widget"}],"isInner":true,"elType":"column"},{"id":"64ddb2b1","settings":{"_column_size":33,"_inline_size":null,"_inline_size_tablet":100},"elements":[{"id":"7c23da2d","settings":{"testimonial_content":"\u0644\u0642\u062f \u0633\u0627\u0639\u062f\u0648\u0646\u064a \u0641\u064a \u0627\u0644\u0639\u062b\u0648\u0631 \u0639\u0644\u0649 \u0627\u0644\u0639\u0642\u0627\u0631 \u0627\u0644\u0645\u062b\u0627\u0644\u064a \u0641\u064a \u062f\u0628\u064a \u0648\u062c\u0639\u0644\u0648\u0627 \u0627\u0644\u0639\u0645\u0644\u064a\u0629 \u0628\u0631\u0645\u062a\u0647\u0627 \u0633\u0644\u0633\u0629 \u0642\u062f\u0631 \u0627\u0644\u0625\u0645\u0643\u0627\u0646. \u0623\u0648\u0635\u064a \u0628\u0647\u0645 \u0628\u0634\u062f\u0629 \u0644\u0623\u064a \u0634\u062e\u0635 \u064a\u0628\u062d\u062b \u0639\u0646 \u062e\u062f\u0645\u0627\u062a \u0639\u0642\u0627\u0631\u064a\u0629 \u0645\u062a\u062e\u0635\u0635\u0629 \u0641\u064a \u0627\u0644\u0645\u0646\u0637\u0642\u0629.","testimonial_image":{"url":"https:\/\/wordpress-432351-3264149.cloudwaysapps.com\/wp-content\/uploads\/2023\/01\/ts-02.jpg","id":18437,"alt":"","source":"library"},"testimonial_name":"\u0644\u064a\u0646\u0627 \u0643\u0645\u0627\u0644 \u0627\u0644\u062f\u064a\u0646","testimonial_job":"\u0639\u0645\u064a\u0644","testimonial_alignment":"right","content_typography_typography":"custom","content_typography_font_size":{"unit":"px","size":15,"sizes":[]},"name_typography_typography":"custom","name_typography_font_weight":"600","job_typography_typography":"custom","job_typography_font_weight":"300","_padding":{"unit":"px","top":"30","right":"30","bottom":"30","left":"30","isLinked":true},"_background_background":"classic","_background_color":"#FFFFFF","_border_border":"solid","_border_width":{"unit":"px","top":"0","right":"0","bottom":"5","left":"0","isLinked":false},"_border_color":"#BDB290","_border_radius":{"unit":"px","top":"0","right":"0","bottom":"0","left":"0","isLinked":true},"_box_shadow_box_shadow_type":"yes","_box_shadow_box_shadow":{"horizontal":0,"vertical":15,"blur":60,"spread":0,"color":"rgba(0, 0, 0, 0.15)"}},"elements":[],"isInner":false,"widgetType":"testimonial","elType":"widget"}],"isInner":true,"elType":"column"},{"id":"9ef94a3","settings":{"_column_size":33,"_inline_size":null,"_inline_size_tablet":100},"elements":[{"id":"1d4d004f","settings":{"testimonial_content":"\u0644\u0642\u062f \u0633\u0627\u0639\u062f\u0648\u0646\u064a \u0641\u064a \u0627\u0644\u0639\u062b\u0648\u0631 \u0639\u0644\u0649 \u0627\u0644\u0639\u0642\u0627\u0631 \u0627\u0644\u0645\u062b\u0627\u0644\u064a \u0641\u064a \u062f\u0628\u064a \u0648\u062c\u0639\u0644\u0648\u0627 \u0627\u0644\u0639\u0645\u0644\u064a\u0629 \u0628\u0631\u0645\u062a\u0647\u0627 \u0633\u0644\u0633\u0629 \u0642\u062f\u0631 \u0627\u0644\u0625\u0645\u0643\u0627\u0646. \u0623\u0648\u0635\u064a \u0628\u0647\u0645 \u0628\u0634\u062f\u0629 \u0644\u0623\u064a \u0634\u062e\u0635 \u064a\u0628\u062d\u062b \u0639\u0646 \u062e\u062f\u0645\u0627\u062a \u0639\u0642\u0627\u0631\u064a\u0629 \u0645\u062a\u062e\u0635\u0635\u0629 \u0641\u064a \u0627\u0644\u0645\u0646\u0637\u0642\u0629.","testimonial_image":{"url":"https:\/\/wordpress-432351-3264149.cloudwaysapps.com\/wp-content\/uploads\/2023\/01\/ts-03.jpg","id":18436,"alt":"","source":"library"},"testimonial_name":"\u0639\u0644\u064a \u0628\u0646 \u0635\u0627\u0644\u062d","testimonial_job":"\u0639\u0645\u064a\u0644","testimonial_alignment":"right","content_typography_typography":"custom","content_typography_font_size":{"unit":"px","size":15,"sizes":[]},"name_typography_typography":"custom","name_typography_font_weight":"600","job_typography_typography":"custom","job_typography_font_weight":"300","_padding":{"unit":"px","top":"30","right":"30","bottom":"30","left":"30","isLinked":true},"_background_background":"classic","_background_color":"#FFFFFF","_border_border":"solid","_border_width":{"unit":"px","top":"0","right":"0","bottom":"5","left":"0","isLinked":false},"_border_color":"#BDB290","_border_radius":{"unit":"px","top":"0","right":"0","bottom":"0","left":"0","isLinked":true},"_box_shadow_box_shadow_type":"yes","_box_shadow_box_shadow":{"horizontal":0,"vertical":15,"blur":60,"spread":0,"color":"rgba(0, 0, 0, 0.15)"}},"elements":[],"isInner":false,"widgetType":"testimonial","elType":"widget"}],"isInner":true,"elType":"column"}],"isInner":true,"elType":"section"}],"isInner":false,"elType":"column"}],"isInner":false,"elType":"section"},{"id":"2a8707bd","settings":{"content_width":{"unit":"px","size":1320,"sizes":[]},"background_color":"#E9F5FD96","background_color_stop":{"unit":"%","size":50,"sizes":[]},"background_color_b":"#FFFFFF","background_gradient_angle":{"unit":"deg","size":0,"sizes":[]},"background_image":{"url":"","id":"","size":"","alt":"","source":"library"},"background_position":"center center","background_attachment":"fixed","background_repeat":"no-repeat","background_size":"cover","background_overlay_color":"#00335A","background_overlay_opacity":{"unit":"px","size":0.86,"sizes":[]},"border_border":"none","border_width":{"unit":"px","top":"1","right":"0","bottom":"0","left":"0","isLinked":false},"border_color":"#D5E0EC","shape_divider_top_above_content":"yes","margin":{"unit":"px","top":"0","right":0,"bottom":"0","left":0,"isLinked":false},"padding":{"unit":"%","top":"4","right":"4","bottom":"4","left":"4","isLinked":true},"padding_tablet":{"unit":"%","top":"","right":"","bottom":"","left":"","isLinked":true},"padding_mobile":{"unit":"%","top":"","right":"","bottom":"","left":"","isLinked":true},"z_index":1},"elements":[{"id":"2413fa8b","settings":{"_column_size":100,"_inline_size":null},"elements":[{"id":"7bb9ab43","settings":{"layout":"full_width","content_width":{"unit":"px","size":1320,"sizes":[]},"animation":"fadeIn"},"elements":[{"id":"6ea2dae1","settings":{"_column_size":100,"_inline_size":null,"padding":{"unit":"%","top":"","right":"","bottom":"","left":"","isLinked":true},"_inline_size_tablet":100,"padding_tablet":{"unit":"px","top":"70","right":"70","bottom":"40","left":"70","isLinked":false},"padding_mobile":{"unit":"px","top":"30","right":"30","bottom":"30","left":"30","isLinked":true},"space_between_widgets":5},"elements":[{"id":"2fb81","settings":{"width":{"unit":"px","size":208,"sizes":[]},"width_tablet":{"unit":"px","size":"","sizes":[]},"width_mobile":{"unit":"px","size":"","sizes":[]},"align":"center","look":"line_text","text":"\u0627\u062a\u0635\u0644 \u0628\u0646\u0627","color":"#BDB290","text_color":"#BDB290"},"elements":[],"isInner":false,"widgetType":"divider","elType":"widget"},{"id":"4564a57e","settings":{"title":"\u0623\u0628\u0642 \u0639\u0644\u0649 \u0627\u062a\u0635\u0627\u0644","size":"large","align":"center","title_color":"#00335A","typography_typography":"custom","typography_line_height":{"unit":"em","size":1.5,"sizes":[]},"typography_font_size_mobile":{"unit":"px","size":24,"sizes":[]},"header_size":"h3","typography_font_size":{"unit":"px","size":34,"sizes":[]},"typography_font_size_tablet":{"unit":"px","size":28,"sizes":[]}},"elements":[],"isInner":false,"widgetType":"heading","elType":"widget"},{"id":"12a38a82","settings":{"editor":"<p>\u062a\u0645\u062a\u0644\u0643 \u0634\u0631\u0643\u062a\u0646\u0627 \u0627\u0644\u0639\u0642\u0627\u0631\u064a\u0629 \u0639\u062f\u062f\u064b\u0627 \u0645\u0646 \u0627\u0644\u0642\u0648\u0627\u0626\u0645 \u0627\u0644\u0641\u0627\u062e\u0631\u0629 \u0648\u0627\u0644\u062d\u0635\u0631\u064a\u0629 \u0627\u0644\u0645\u062b\u0627\u0644\u064a\u0629 \u0644\u0644\u0639\u0645\u0644\u0627\u0621 \u0627\u0644\u062f\u0648\u0644\u064a\u064a\u0646.<\/p>","text_color":"#62798B","align":"center","typography_typography":"custom","typography_font_size":{"unit":"px","size":18,"sizes":[]},"typography_font_size_tablet":{"unit":"px","size":18,"sizes":[]},"typography_font_size_mobile":{"unit":"px","size":16,"sizes":[]},"typography_line_height":{"unit":"em","size":1.7,"sizes":[]}},"elements":[],"isInner":false,"widgetType":"text-editor","elType":"widget"},{"id":"6cb909f6","settings":{"icon_list":[{"text":"\u062f\u0628\u064a, \u0627\u0644\u0625\u0645\u0627\u0631\u0627\u062a \u0627\u0644\u0639\u0631\u0628\u064a\u0629 \u0627\u0644\u0645\u062a\u062d\u062f\u0629","selected_icon":{"value":{"url":"https:\/\/wordpress-432351-3264149.cloudwaysapps.com\/wp-content\/uploads\/2023\/02\/marker.svg","id":18931},"library":"svg"},"_id":"ca28b70"},{"text":"(987) 654 3210","selected_icon":{"value":{"url":"https:\/\/wordpress-432351-3264149.cloudwaysapps.com\/wp-content\/uploads\/2023\/02\/whatsapp.svg","id":18930},"library":"svg"},"_id":"2599af1"}],"space_between":{"unit":"px","size":10,"sizes":[]},"icon_color":"#FFFFFF","icon_size":{"unit":"px","size":18,"sizes":[]},"text_color":"#00335A","_margin":{"unit":"px","top":"0","right":"0","bottom":"0","left":"0","isLinked":false},"icon_typography_typography":"custom","icon_typography_font_weight":"bold","view":"inline","icon_align":"center"},"elements":[],"isInner":false,"widgetType":"icon-list","elType":"widget"}],"isInner":true,"elType":"column"}],"isInner":true,"elType":"section"},{"id":"5883633d","settings":{"content_position":"middle","z_index":1,"content_width":{"unit":"px","size":784,"sizes":[]}},"elements":[{"id":"71254048","settings":{"_column_size":100,"_inline_size":null,"_inline_size_tablet":100,"padding_tablet":{"unit":"px","top":"0","right":"70","bottom":"40","left":"70","isLinked":false},"padding_mobile":{"unit":"px","top":"10","right":"30","bottom":"30","left":"30","isLinked":false}},"elements":[{"id":"630b4362","settings":{"form_name":"New Form","form_fields":[{"field_type":"user_type","field_label":"\u0645\u0639\u0644\u0648\u0645\u0627\u062a \u0634\u062e\u0635\u064a\u0629","placeholder":"\u064a\u062e\u062a\u0627\u0631","required":"true","field_options":"Property owner\nAgent\n","width":"33","_id":"b66c734"},{"field_type":"first_name","field_label":"&nbsp;","placeholder":"\u0627\u0644\u0627\u0633\u0645 \u0627\u0644\u0623\u0648\u0644","required":"true","width":"33","_id":"ac32e68"},{"field_type":"last_name","field_label":"&nbsp;","placeholder":"\u0627\u0633\u0645 \u0627\u0644\u0639\u0627\u0626\u0644\u0629","required":"true","width":"33","_id":"7304c05"},{"field_type":"email","placeholder":"\u0639\u0646\u0648\u0627\u0646 \u0627\u0644\u0628\u0631\u064a\u062f \u0627\u0644\u0625\u0644\u0643\u062a\u0631\u0648\u0646\u064a","required":"true","width":"66","_id":"7b74074"},{"field_type":"mobile","placeholder":"\u0631\u0642\u0645 \u0627\u0644\u062a\u0644\u064a\u0641\u0648\u0646","required":"true","width":"33","_id":"e92d2c5"},{"field_type":"e_meta[property_type]","field_label":"\u0645\u0639\u0644\u0648\u0645\u0627\u062a \u0627\u0644\u0645\u0644\u0643\u064a\u0629","placeholder":"\u064a\u0643\u062a\u0628","required":"true","width":"33","_id":"08ee178"},{"field_type":"e_meta[zipcode]","field_label":"&nbsp;","placeholder":"\u0627\u0644\u0631\u0645\u0632 \u0627\u0644\u0628\u0631\u064a\u062f\u064a","required":"true","width":"33","_id":"cfcfcd6"},{"field_type":"e_meta[city]","field_label":"&nbsp;","placeholder":"\u0645\u062f\u064a\u0646\u0629","width":"33","_id":"5e7d721"},{"field_type":"e_meta[beds]","placeholder":"\u063a\u0631\u0641 \u0646\u0648\u0645","required":"true","width":"33","_id":"c3053de"},{"field_type":"e_meta[baths]","placeholder":"\u0627\u0644\u062d\u0645\u0627\u0645\u0627\u062a","required":"true","width":"33","_id":"ca559d7"},{"field_type":"e_meta[price]","placeholder":"\u0645\u064a\u0632\u0627\u0646\u064a\u062a\u0643","required":"true","width":"33","_id":"3dbb366"}],"button_text":"\u0625\u0631\u0633\u0627\u0644 \u0631\u0633\u0627\u0644\u0629","email_to":"hello@favethemes.com","email_subject":"New message from &quot;Houzez - Highly Customizable Real Estate WordPress Theme&quot;","button_background_color":"#BDB290","button_background_hover_color":"#D5C9A4","_background_color":"#FFFFFF","input_size":"md","button_size":"md","column_gap":{"unit":"px","size":15,"sizes":[]},"row_gap":{"unit":"px","size":15,"sizes":[]},"label_spacing":{"unit":"px","size":15,"sizes":[]},"label_typography_typography":"custom","label_typography_font_family":"Inter","label_typography_font_size":{"unit":"px","size":14,"sizes":[]},"field_typography_typography":"custom","field_typography_font_size":{"unit":"px","size":14,"sizes":[]},"field_border_color":"#CCDBE7","button_typography_typography":"custom","button_typography_font_size":{"unit":"px","size":14,"sizes":[]},"button_typography_text_transform":"uppercase","button_typography_letter_spacing":{"unit":"px","size":1.9,"sizes":[]},"button_border_radius":{"unit":"px","top":"3","right":"3","bottom":"3","left":"3","isLinked":true},"_box_shadow_box_shadow":{"horizontal":0,"vertical":80,"blur":80,"spread":0,"color":"rgba(0, 0, 0, 0.16)"},"column_gap_mobile":{"unit":"px","size":20,"sizes":[]},"row_gap_mobile":{"unit":"px","size":10,"sizes":[]},"_padding_tablet":{"unit":"px","top":"0","right":"0","bottom":"0","left":"0","isLinked":true},"label_color":"#00335A","field_text_color":"#62798B","field_border_width":{"unit":"px","top":"1","right":"1","bottom":"1","left":"1","isLinked":true},"field_border_radius":{"unit":"px","top":"0","right":"0","bottom":"0","left":"0","isLinked":true},"_z_index":0,"_border_width":{"unit":"px","top":"1","right":"1","bottom":"1","left":"1","isLinked":true}},"elements":[],"isInner":false,"widgetType":"houzez_elementor_inquiry_form","elType":"widget"}],"isInner":true,"elType":"column"}],"isInner":true,"elType":"section"}],"isInner":false,"elType":"column"}],"isInner":false,"elType":"section"},{"id":"46aed8b","settings":{"background_color":"#E9F5FD96","background_color_b":"#FFFFFF","background_gradient_angle":{"unit":"deg","size":0,"sizes":[]},"padding":{"unit":"%","top":"4","right":"4","bottom":"4","left":"4","isLinked":true},"padding_tablet":{"unit":"%","top":"","right":"","bottom":"","left":"","isLinked":true},"padding_mobile":{"unit":"%","top":"","right":"","bottom":"","left":"","isLinked":true},"content_width":{"unit":"px","size":1320,"sizes":[]},"background_color_stop":{"unit":"%","size":50,"sizes":[]},"background_image":{"url":"","id":"","size":"","alt":"","source":"library"},"background_position":"center center","background_attachment":"fixed","background_repeat":"no-repeat","background_size":"cover","background_overlay_color":"#00335A","background_overlay_opacity":{"unit":"px","size":0.86,"sizes":[]},"border_border":"solid","border_width":{"unit":"px","top":"1","right":"0","bottom":"0","left":"0","isLinked":false},"border_color":"#D5E0EC","shape_divider_top_above_content":"yes","margin":{"unit":"px","top":"0","right":0,"bottom":"0","left":0,"isLinked":false},"z_index":1},"elements":[{"id":"31b484cf","settings":{"_column_size":100,"_inline_size":null},"elements":[{"id":"7662fffe","settings":{"content_width":{"unit":"px","size":1320,"sizes":[]},"layout":"full_width","animation":"fadeIn"},"elements":[{"id":"d51010","settings":{"_column_size":100,"_inline_size":null,"_inline_size_tablet":100,"space_between_widgets":5,"padding":{"unit":"%","top":"","right":"","bottom":"","left":"","isLinked":true},"padding_tablet":{"unit":"px","top":"70","right":"70","bottom":"40","left":"70","isLinked":false},"padding_mobile":{"unit":"px","top":"30","right":"30","bottom":"30","left":"30","isLinked":true}},"elements":[{"id":"2ba1cd3","settings":{"width":{"unit":"px","size":208,"sizes":[]},"width_tablet":{"unit":"px","size":"","sizes":[]},"width_mobile":{"unit":"px","size":"","sizes":[]},"align":"center","look":"line_text","text":"\u0627\u062a\u0635\u0644 \u0628\u0646\u0627","color":"#BDB290","text_color":"#BDB290"},"elements":[],"isInner":false,"widgetType":"divider","elType":"widget"},{"id":"8a3d970","settings":{"title":"\u0623\u0628\u0642 \u0639\u0644\u0649 \u0627\u062a\u0635\u0627\u0644","size":"large","align":"center","title_color":"#00335A","typography_typography":"custom","typography_line_height":{"unit":"em","size":1.5,"sizes":[]},"typography_font_size_mobile":{"unit":"px","size":24,"sizes":[]},"header_size":"h3","typography_font_size":{"unit":"px","size":34,"sizes":[]},"typography_font_size_tablet":{"unit":"px","size":28,"sizes":[]}},"elements":[],"isInner":false,"widgetType":"heading","elType":"widget"},{"id":"3fddc1a6","settings":{"editor":"<p>\u062a\u0645\u062a\u0644\u0643 \u0634\u0631\u0643\u062a\u0646\u0627 \u0627\u0644\u0639\u0642\u0627\u0631\u064a\u0629 \u0639\u062f\u062f\u064b\u0627 \u0645\u0646 \u0627\u0644\u0642\u0648\u0627\u0626\u0645 \u0627\u0644\u0641\u0627\u062e\u0631\u0629 \u0648\u0627\u0644\u062d\u0635\u0631\u064a\u0629 \u0627\u0644\u0645\u062b\u0627\u0644\u064a\u0629 \u0644\u0644\u0639\u0645\u0644\u0627\u0621 \u0627\u0644\u062f\u0648\u0644\u064a\u064a\u0646.<\/p>","text_color":"#62798B","align":"center","typography_typography":"custom","typography_font_size":{"unit":"px","size":18,"sizes":[]},"typography_font_size_tablet":{"unit":"px","size":18,"sizes":[]},"typography_font_size_mobile":{"unit":"px","size":16,"sizes":[]},"typography_line_height":{"unit":"em","size":1.7,"sizes":[]}},"elements":[],"isInner":false,"widgetType":"text-editor","elType":"widget"}],"isInner":true,"elType":"column"}],"isInner":true,"elType":"section"},{"id":"4d313cf4","settings":{"content_width":{"unit":"px","size":1320,"sizes":[]},"layout":"full_width","animation":"fadeIn"},"elements":[{"id":"14960219","settings":{"_column_size":100,"_inline_size":null,"_inline_size_tablet":100},"elements":[{"id":"5cb6bd4b","settings":{"posts_limit":4,"grid_style":"style_2"},"elements":[],"isInner":false,"widgetType":"houzez_elementor_blog_posts","elType":"widget"}],"isInner":true,"elType":"column"}],"isInner":true,"elType":"section"}],"isInner":false,"elType":"column"}],"isInner":false,"elType":"section"}],"page_settings":[],"version":"0.4","title":"About us - Demo 30","type":"page"}