{"content":[{"id":"5e004e5b","settings":{"background_color_b":"#FFFFFF","background_gradient_angle":{"unit":"deg","size":91,"sizes":[]},"background_color_stop":{"unit":"%","size":50,"sizes":[]},"background_color_b_stop":{"unit":"%","size":11,"sizes":[]},"shape_divider_top_above_content":"yes","margin":{"unit":"px","top":"0","right":0,"bottom":"0","left":0,"isLinked":false},"padding":{"unit":"%","top":"0","right":"0","bottom":"0","left":"0","isLinked":true},"padding_tablet":{"unit":"%","top":"","right":"","bottom":"","left":"","isLinked":true},"padding_mobile":{"unit":"%","top":"","right":"","bottom":"","left":"","isLinked":true},"z_index":1,"background_background":"classic","content_width":{"unit":"px","size":1320,"sizes":[]},"height":"min-height","background_image":{"url":"https:\/\/wordpress-432351-3264149.cloudwaysapps.com\/wp-content\/uploads\/2023\/02\/fallback.png","id":18918,"size":"","alt":"","source":"library"},"background_position":"center center","background_attachment":"scroll","background_repeat":"no-repeat","background_size":"cover","background_overlay_background":"classic","background_overlay_color":"#00335A","background_overlay_opacity":{"unit":"px","size":0.7,"sizes":[]},"overlay_blend_mode":"overlay","custom_height":{"unit":"px","size":117,"sizes":[]}},"elements":[{"id":"44932a1c","settings":{"_column_size":100,"_inline_size":null},"elements":[],"isInner":false,"elType":"column"}],"isInner":false,"elType":"section"},{"id":"555cab0e","settings":{"content_width":{"unit":"px","size":1320,"sizes":[]},"background_color":"#E9F5FD96","background_color_stop":{"unit":"%","size":50,"sizes":[]},"background_color_b":"#FFFFFF","background_gradient_angle":{"unit":"deg","size":0,"sizes":[]},"background_image":{"url":"","id":"","size":"","alt":"","source":"library"},"background_position":"center center","background_attachment":"fixed","background_repeat":"no-repeat","background_size":"cover","background_overlay_color":"#00335A","background_overlay_opacity":{"unit":"px","size":0.86,"sizes":[]},"border_border":"solid","border_width":{"unit":"px","top":"1","right":"0","bottom":"0","left":"0","isLinked":false},"border_color":"#D5E0EC","shape_divider_top_above_content":"yes","margin":{"unit":"px","top":"0","right":0,"bottom":"0","left":0,"isLinked":false},"padding":{"unit":"%","top":"4","right":"4","bottom":"4","left":"4","isLinked":true},"padding_tablet":{"unit":"%","top":"","right":"","bottom":"","left":"","isLinked":true},"padding_mobile":{"unit":"%","top":"","right":"","bottom":"","left":"","isLinked":true},"z_index":1},"elements":[{"id":"14236dc0","settings":{"_column_size":100,"_inline_size":null},"elements":[{"id":"1fe44d15","settings":{"layout":"full_width","content_position":"middle","structure":"20","z_index":1},"elements":[{"id":"34d1f7e1","settings":{"_column_size":50,"_inline_size":31.001,"padding":{"unit":"%","top":"0","right":"0","bottom":"0","left":"015","isLinked":false},"_inline_size_tablet":100,"padding_tablet":{"unit":"px","top":"70","right":"70","bottom":"40","left":"70","isLinked":false},"padding_mobile":{"unit":"px","top":"30","right":"30","bottom":"30","left":"30","isLinked":true},"space_between_widgets":5},"elements":[{"id":"298028c7","settings":{"width":{"unit":"px","size":208,"sizes":[]},"width_tablet":{"unit":"px","size":"","sizes":[]},"width_mobile":{"unit":"px","size":"","sizes":[]},"align":"right","look":"line_text","text":"\u0627\u062a\u0635\u0644 \u0628\u0646\u0627","color":"#BDB290","text_color":"#BDB290","text_align":"right"},"elements":[],"isInner":false,"widgetType":"divider","elType":"widget"},{"id":"438dfef5","settings":{"title":"\u0623\u0628\u0642 \u0639\u0644\u0649 \u0627\u062a\u0635\u0627\u0644","size":"large","align":"right","title_color":"#00335A","typography_typography":"custom","typography_line_height":{"unit":"em","size":1.5,"sizes":[]},"typography_font_size_mobile":{"unit":"px","size":24,"sizes":[]},"header_size":"h3","typography_font_size":{"unit":"px","size":34,"sizes":[]},"typography_font_size_tablet":{"unit":"px","size":28,"sizes":[]}},"elements":[],"isInner":false,"widgetType":"heading","elType":"widget"},{"id":"396afb1f","settings":{"editor":"<p>\u062a\u0645\u062a\u0644\u0643 \u0634\u0631\u0643\u062a\u0646\u0627 \u0627\u0644\u0639\u0642\u0627\u0631\u064a\u0629 \u0639\u062f\u062f\u064b\u0627 \u0645\u0646 \u0627\u0644\u0642\u0648\u0627\u0626\u0645 \u0627\u0644\u0641\u0627\u062e\u0631\u0629 \u0648\u0627\u0644\u062d\u0635\u0631\u064a\u0629 \u0627\u0644\u0645\u062b\u0627\u0644\u064a\u0629 \u0644\u0644\u0639\u0645\u0644\u0627\u0621 \u0627\u0644\u062f\u0648\u0644\u064a\u064a\u0646.<\/p>","text_color":"#62798B","align":"right","typography_typography":"custom","typography_font_size":{"unit":"px","size":18,"sizes":[]},"typography_font_size_tablet":{"unit":"px","size":18,"sizes":[]},"typography_font_size_mobile":{"unit":"px","size":16,"sizes":[]},"typography_line_height":{"unit":"em","size":1.7,"sizes":[]}},"elements":[],"isInner":false,"widgetType":"text-editor","elType":"widget"},{"id":"c5eaf54","settings":{"icon_list":[{"text":"\u062f\u0628\u064a, \u0627\u0644\u0625\u0645\u0627\u0631\u0627\u062a \u0627\u0644\u0639\u0631\u0628\u064a\u0629 \u0627\u0644\u0645\u062a\u062d\u062f\u0629","selected_icon":{"value":{"url":"https:\/\/wordpress-432351-3264149.cloudwaysapps.com\/wp-content\/uploads\/2023\/02\/marker.svg","id":18931},"library":"svg"},"_id":"ca28b70"},{"text":"(987) 654 3210","selected_icon":{"value":{"url":"https:\/\/wordpress-432351-3264149.cloudwaysapps.com\/wp-content\/uploads\/2023\/02\/whatsapp.svg","id":18930},"library":"svg"},"_id":"2599af1"}],"space_between":{"unit":"px","size":10,"sizes":[]},"icon_color":"#FFFFFF","icon_size":{"unit":"px","size":18,"sizes":[]},"text_color":"#00335A","_margin":{"unit":"px","top":"0","right":"0","bottom":"0","left":"0","isLinked":false},"icon_typography_typography":"custom","icon_typography_font_weight":"bold"},"elements":[],"isInner":false,"widgetType":"icon-list","elType":"widget"}],"isInner":true,"elType":"column"},{"id":"406f7973","settings":{"_column_size":50,"_inline_size":68.999,"_inline_size_tablet":100,"padding_tablet":{"unit":"px","top":"0","right":"70","bottom":"40","left":"70","isLinked":false},"padding_mobile":{"unit":"px","top":"10","right":"30","bottom":"30","left":"30","isLinked":false}},"elements":[{"id":"1d1bfe92","settings":{"form_name":"New Form","form_fields":[{"field_type":"user_type","field_label":"\u0645\u0639\u0644\u0648\u0645\u0627\u062a \u0634\u062e\u0635\u064a\u0629","placeholder":"\u064a\u062e\u062a\u0627\u0631","required":"true","field_options":"Property owner\nAgent\n","width":"33","_id":"b66c734"},{"field_type":"first_name","field_label":"&nbsp;","placeholder":"\u0627\u0644\u0627\u0633\u0645 \u0627\u0644\u0623\u0648\u0644","required":"true","width":"33","_id":"ac32e68"},{"field_type":"last_name","field_label":"&nbsp;","placeholder":"\u0627\u0633\u0645 \u0627\u0644\u0639\u0627\u0626\u0644\u0629","required":"true","width":"33","_id":"7304c05"},{"field_type":"email","placeholder":"\u0639\u0646\u0648\u0627\u0646 \u0627\u0644\u0628\u0631\u064a\u062f \u0627\u0644\u0625\u0644\u0643\u062a\u0631\u0648\u0646\u064a","required":"true","width":"66","_id":"7b74074"},{"field_type":"mobile","placeholder":"\u0631\u0642\u0645 \u0627\u0644\u062a\u0644\u064a\u0641\u0648\u0646","required":"true","width":"33","_id":"e92d2c5"},{"field_type":"e_meta[property_type]","field_label":"\u0645\u0639\u0644\u0648\u0645\u0627\u062a \u0627\u0644\u0645\u0644\u0643\u064a\u0629","placeholder":"\u064a\u0643\u062a\u0628","required":"true","width":"33","_id":"08ee178"},{"field_type":"e_meta[zipcode]","field_label":"&nbsp;","placeholder":"\u0627\u0644\u0631\u0645\u0632 \u0627\u0644\u0628\u0631\u064a\u062f\u064a","required":"true","width":"33","_id":"cfcfcd6"},{"field_type":"e_meta[city]","field_label":"&nbsp;","placeholder":"\u0645\u062f\u064a\u0646\u0629","width":"33","_id":"5e7d721"},{"field_type":"e_meta[beds]","placeholder":"\u063a\u0631\u0641 \u0646\u0648\u0645","required":"true","width":"33","_id":"c3053de"},{"field_type":"e_meta[baths]","placeholder":"\u0627\u0644\u062d\u0645\u0627\u0645\u0627\u062a","required":"true","width":"33","_id":"ca559d7"},{"field_type":"e_meta[price]","placeholder":"\u0645\u064a\u0632\u0627\u0646\u064a\u062a\u0643","required":"true","width":"33","_id":"3dbb366"}],"button_text":"\u0625\u0631\u0633\u0627\u0644 \u0631\u0633\u0627\u0644\u0629","email_to":"hello@favethemes.com","email_subject":"New message from &quot;Houzez - Highly Customizable Real Estate WordPress Theme&quot;","button_background_color":"#BDB290","button_background_hover_color":"#D5C9A4","_background_color":"#FFFFFF","input_size":"md","button_size":"md","column_gap":{"unit":"px","size":15,"sizes":[]},"row_gap":{"unit":"px","size":15,"sizes":[]},"label_spacing":{"unit":"px","size":15,"sizes":[]},"label_typography_typography":"custom","label_typography_font_family":"Inter","label_typography_font_size":{"unit":"px","size":14,"sizes":[]},"field_typography_typography":"custom","field_typography_font_size":{"unit":"px","size":14,"sizes":[]},"field_border_color":"#CCDBE7","button_typography_typography":"custom","button_typography_font_size":{"unit":"px","size":14,"sizes":[]},"button_typography_text_transform":"uppercase","button_typography_letter_spacing":{"unit":"px","size":1.9,"sizes":[]},"button_border_radius":{"unit":"px","top":"3","right":"3","bottom":"3","left":"3","isLinked":true},"_box_shadow_box_shadow":{"horizontal":0,"vertical":80,"blur":80,"spread":0,"color":"rgba(0, 0, 0, 0.16)"},"column_gap_mobile":{"unit":"px","size":20,"sizes":[]},"row_gap_mobile":{"unit":"px","size":10,"sizes":[]},"_padding_tablet":{"unit":"px","top":"0","right":"0","bottom":"0","left":"0","isLinked":true},"label_color":"#00335A","field_text_color":"#62798B","field_border_width":{"unit":"px","top":"1","right":"1","bottom":"1","left":"1","isLinked":true},"field_border_radius":{"unit":"px","top":"0","right":"0","bottom":"0","left":"0","isLinked":true},"_z_index":0,"_border_width":{"unit":"px","top":"1","right":"1","bottom":"1","left":"1","isLinked":true}},"elements":[],"isInner":false,"widgetType":"houzez_elementor_inquiry_form","elType":"widget"}],"isInner":true,"elType":"column"}],"isInner":true,"elType":"section"}],"isInner":false,"elType":"column"}],"isInner":false,"elType":"section"}],"page_settings":[],"version":"0.4","title":"Contact us - Demo 30","type":"page"}