{"content":[{"id":"3c3855b","settings":{"__globals__":{"background_color":""},"content_position":"middle","background_image":{"url":"","id":"","alt":"","source":"library","size":""},"content_width":{"unit":"px","size":1150,"sizes":[]},"background_position":"center center","background_repeat":"no-repeat","background_size":"cover","background_slideshow_slide_duration":3000,"background_slideshow_transition_duration":1000,"background_slideshow_ken_burns":"yes","background_overlay_color":"#00335A","background_overlay_color_b":"#BDB290","box_shadow_box_shadow":{"horizontal":0,"vertical":30,"blur":60,"spread":0,"color":"rgba(0, 0, 0, 0.16)"},"margin_mobile":{"unit":"px","top":"","right":0,"bottom":"","left":0,"isLinked":true},"padding":{"unit":"%","top":"","right":"","bottom":"","left":"","isLinked":true},"padding_tablet":{"unit":"%","top":"2","right":"2","bottom":"2","left":"2","isLinked":false},"padding_mobile":{"unit":"%","top":"5","right":"5","bottom":"5","left":"5","isLinked":true},"z_index":1,"background_background":"video","background_color_b":"#F2295B00","background_gradient_angle":{"unit":"deg","size":0,"sizes":[]},"custom_height":{"unit":"vh","size":100,"sizes":[]},"custom_height_tablet":{"unit":"vh","size":"","sizes":[]},"custom_height_mobile":{"unit":"vh","size":"","sizes":[]},"background_overlay_background":"classic","layout":"full_width","gap":"no","column_position":"stretch","background_video_link":"https:\/\/youtu.be\/ECGSYnCuU3Y","background_play_on_mobile":"yes","background_video_fallback":{"url":"https:\/\/wordpress-432351-3264149.cloudwaysapps.com\/wp-content\/uploads\/2023\/02\/fallback.png","id":18918,"size":"","alt":"","source":"library"},"background_overlay_color_stop":{"unit":"%","size":28,"sizes":[]},"background_overlay_opacity":{"unit":"px","size":0.65,"sizes":[]},"shape_divider_bottom_height":{"unit":"px","size":100,"sizes":[]},"shape_divider_bottom_negative":"yes","height":"min-height","overlay_blend_mode":"multiply"},"elements":[{"id":"379e027f","settings":{"_column_size":100,"_inline_size":null,"background_background":"slideshow","background_position":"initial","background_repeat":"no-repeat","background_size":"cover","background_ypos":{"unit":"px","size":-50,"sizes":[]},"background_slideshow_ken_burns":"yes","background_overlay_background":"classic","background_overlay_color":"#FFFFFF","background_slideshow_background_size":"cover","border_border":"solid","border_width":{"unit":"px","top":"0","right":"0","bottom":"0","left":"0","isLinked":true},"content_position":"center"},"elements":[{"id":"70197067","settings":{"height_inner":"min-height","custom_height_inner":{"unit":"px","size":"","sizes":[]},"content_position":"middle","background_background":"classic","background_position":"center center","background_repeat":"no-repeat","background_size":"cover","background_overlay_color_b":"#FFFFFF00","background_overlay_gradient_angle":{"unit":"deg","size":90,"sizes":[]},"background_overlay_opacity":{"unit":"px","size":0.66,"sizes":[]},"__globals__":{"background_overlay_color":"globals\/colors?id=6dd1783"},"gap":"no","reverse_order_tablet":"reverse-tablet","reverse_order_mobile":"reverse-mobile","custom_height_inner_tablet":{"unit":"px","size":396,"sizes":[]},"content_width":{"unit":"px","size":1340,"sizes":[]},"margin":{"unit":"%","top":"0","right":0,"bottom":"0","left":0,"isLinked":false},"margin_tablet":{"unit":"%","top":"","right":"","bottom":"","left":"","isLinked":true},"margin_mobile":{"unit":"%","top":"","right":"","bottom":"","left":"","isLinked":true},"animation":"fadeIn","animation_duration":"fast"},"elements":[{"id":"21849684","settings":{"_column_size":100,"_inline_size":null,"_inline_size_tablet":100},"elements":[{"id":"770516fa","settings":{"width":{"unit":"px","size":146,"sizes":[]},"width_tablet":{"unit":"px","size":"","sizes":[]},"width_mobile":{"unit":"px","size":"","sizes":[]},"align":"right","look":"line_text","text":"\u0645\u0631\u062d\u0628\u0627 \u0628\u0643\u0645 \u0641\u064a \u0647\u0648\u0632\u064a\u0632","color":"#BDB290","text_color":"#BDB290","text_align":"right"},"elements":[],"isInner":false,"widgetType":"divider","elType":"widget"},{"id":"345a46f0","settings":{"title":"\u0627\u0628\u062d\u062b \u0639\u0646 \u0645\u0646\u0632\u0644 \u0623\u062d\u0644\u0627\u0645\u0643 \u0641\u064a \u0627\u0644\u0625\u0645\u0627\u0631\u0627\u062a \u0627\u0644\u0639\u0631\u0628\u064a\u0629 \u0627\u0644\u0645\u062a\u062d\u062f\u0629","title_color":"#FFFFFF","typography_typography":"custom","typography_font_size":{"unit":"px","size":36,"sizes":[]},"header_size":"h1","typography_letter_spacing":{"unit":"px","size":0,"sizes":[]},"typography_font_size_tablet":{"unit":"px","size":30,"sizes":[]},"typography_font_size_mobile":{"unit":"px","size":25,"sizes":[]},"typography_line_height_mobile":{"unit":"em","size":1.4,"sizes":[]},"typography_line_height_tablet":{"unit":"px","size":"","sizes":[]},"_animation":"fadeIn","_offset_orientation_v":"end","_offset_y":{"unit":"%","size":170,"sizes":[]},"_offset_y_tablet":{"unit":"%","size":"","sizes":[]},"_offset_y_mobile":{"unit":"%","size":"","sizes":[]},"_offset_y_end":{"unit":"vh","size":-43,"sizes":[]},"_offset_y_end_tablet":{"unit":"vh","size":"","sizes":[]},"_offset_y_end_mobile":{"unit":"vh","size":"","sizes":[]},"align":"right","text_shadow_text_shadow":{"horizontal":0,"vertical":1,"blur":1,"color":"rgba(0, 0, 0, 0.75)"}},"elements":[],"isInner":false,"widgetType":"heading","elType":"widget"},{"id":"37172ec3","settings":{"title":"\u062f\u0628\u064a \u2022 \u0623\u0628\u0648 \u0638\u0628\u064a \u2022 \u0627\u0644\u0634\u0627\u0631\u0642\u0629 \u2022 \u0627\u0644\u0645\u0636\u064a\u0641","header_size":"div","title_color":"#FFFFFF","typography_typography":"custom","typography_font_size":{"unit":"px","size":14,"sizes":[]},"typography_text_transform":"uppercase","typography_letter_spacing":{"unit":"px","size":6,"sizes":[]},"_margin":{"unit":"px","top":"0","right":"0","bottom":"10","left":"0","isLinked":false},"typography_font_weight":"500","_animation":"fadeIn","_animation_delay":250,"typography_line_height_mobile":{"unit":"em","size":1.7,"sizes":[]},"_offset_orientation_v":"end","_offset_y_end":{"unit":"vh","size":-48,"sizes":[]},"_offset_y_end_tablet":{"unit":"%","size":"","sizes":[]},"_offset_y_end_mobile":{"unit":"%","size":"","sizes":[]},"align":"right","text_shadow_text_shadow":{"horizontal":0,"vertical":1,"blur":0,"color":"rgba(0, 0, 0, 0.75)"}},"elements":[],"isInner":false,"widgetType":"heading","elType":"widget"},{"id":"71285b92","settings":{"form_fields":[{"_id":"field-types","field_type":"type[]","field_label":"Property Type","placeholder":"\u0646\u0648\u0639 \u0627\u0644\u0645\u0644\u0643\u064a\u0629","is_multiple":"true","select_all_btns":"true","selected_count_text":"types selected","width":"20","width_mobile":"100","price_from_text":"From","price_to_text":"To","width_tablet":"20"},{"_id":"036d381","field_type":"bedrooms","field_label":"Bedrooms","placeholder":"\u063a\u0631\u0641 \u0646\u0648\u0645","price_from_text":"From","price_to_text":"To","width":"20","selected_count_text":"items selected","width_tablet":"20"},{"_id":"field-max-price","field_type":"max-price","field_label":"Price","placeholder":"\u0633\u0639\u0631","width":"20","width_mobile":"100","price_from_text":"From","price_to_text":"To","selected_count_text":"items selected","width_tablet":"20"},{"_id":"6d940ff","field_type":"location[]","field_label":"City","placeholder":"\u0645\u062f\u064a\u0646\u0629","price_from_text":"From","price_to_text":"To","width":"20","selected_count_text":"items selected"},{"_id":"field-search-btn","field_type":"search-button","field_label":"Search Button","placeholder":"\u064a\u0628\u062d\u062b","width":"20","price_from_text":"From","price_to_text":"To","selected_count_text":"items selected","width_tablet":"20"}],"show_tabs":"","status_data":["%d9%84%d9%84%d8%a5%d9%8a%d8%ac%d8%a7%d8%b1","%d9%84%d9%84%d8%a8%d9%8a%d8%b9"],"tabs_all_text":"ALL","__globals__":{"button_text_color":"","button_background_color":"","search_tabs_bg_color":"","button_background_hover_color":"","button_hover_color":""},"city_data":["abu-dhabi","ajman","dubai","sharjah"],"input_size":"md","button_size":"md","column_gap":{"unit":"px","size":0,"sizes":[]},"row_gap":{"unit":"px","size":0,"sizes":[]},"label_spacing":{"unit":"px","size":8,"sizes":[]},"label_typography_typography":"custom","form_background_color":"#FFFFFF","form_padding":{"unit":"px","top":"11","right":"11","bottom":"11","left":"11","isLinked":true},"field_background_color":"#FFFFFF","field_border_color":"#FFFFFF","search_tabs_bg_color":"#BDB290","tabs_padding":{"unit":"px","top":"10","right":"40","bottom":"18","left":"40","isLinked":false},"tabs_margin":{"unit":"px","top":"0","right":"0","bottom":"0","left":"0","isLinked":false},"tabs_radius":{"unit":"px","top":"0","right":"0","bottom":"0","left":"0","isLinked":true},"houzez_search_tabs_align":"","button_background_color":"#BDB290","button_border_radius":{"unit":"px","top":"0","right":"0","bottom":"0","left":"0","isLinked":true},"button_background_hover_color":"#D5C9A4","form_radius":{"unit":"px","top":"4","right":"4","bottom":"4","left":"4","isLinked":true},"field_typography_typography":"custom","field_typography_font_size":{"unit":"px","size":20,"sizes":[]},"button_typography_typography":"custom","button_typography_font_size":{"unit":"px","size":20,"sizes":[]},"_padding":{"unit":"px","top":"0","right":"0","bottom":"0","left":"0","isLinked":true},"_element_width":"initial","_element_custom_width":{"unit":"%","size":75,"sizes":[]},"_box_shadow_box_shadow_type":"yes","_box_shadow_box_shadow":{"horizontal":0,"vertical":30,"blur":60,"spread":0,"color":"rgba(0,0,0,0.5)"},"_element_custom_width_tablet":{"unit":"%","size":100,"sizes":[]},"_element_custom_width_mobile":{"unit":"%","size":"","sizes":[]}},"elements":[],"isInner":false,"widgetType":"houzez_elementor_search_builder","elType":"widget"},{"id":"4e90c47f","settings":{"icon_list":[{"text":"\u062f\u0628\u064a, \u0627\u0644\u0625\u0645\u0627\u0631\u0627\u062a \u0627\u0644\u0639\u0631\u0628\u064a\u0629 \u0627\u0644\u0645\u062a\u062d\u062f\u0629","selected_icon":{"value":{"url":"https:\/\/wordpress-432351-3264149.cloudwaysapps.com\/wp-content\/uploads\/2023\/02\/marker.svg","id":18931},"library":"svg"},"_id":"ca28b70"},{"text":"(987) 654 3210","selected_icon":{"value":{"url":"https:\/\/wordpress-432351-3264149.cloudwaysapps.com\/wp-content\/uploads\/2023\/02\/whatsapp.svg","id":18930},"library":"svg"},"_id":"2599af1"}],"space_between":{"unit":"px","size":10,"sizes":[]},"icon_color":"#FFFFFF","icon_size":{"unit":"px","size":18,"sizes":[]},"text_color":"#FFFFFF","_margin":{"unit":"px","top":"30","right":"0","bottom":"0","left":"0","isLinked":false}},"elements":[],"isInner":false,"widgetType":"icon-list","elType":"widget"}],"isInner":true,"elType":"column"}],"isInner":true,"elType":"section"}],"isInner":false,"elType":"column"}],"isInner":false,"elType":"section"},{"id":"4a30351d","settings":{"content_width":{"unit":"px","size":1320,"sizes":[]},"structure":"30","background_background":"classic","background_color":"#E9F5FD96","background_color_stop":{"unit":"%","size":50,"sizes":[]},"background_color_b":"#FFFFFF","background_image":{"url":"","id":"","size":"","alt":"","source":"library"},"background_position":"center center","background_attachment":"fixed","background_repeat":"no-repeat","background_size":"cover","background_overlay_color":"#00335A","background_overlay_opacity":{"unit":"px","size":0.86,"sizes":[]},"shape_divider_top_above_content":"yes","margin":{"unit":"px","top":"0","right":0,"bottom":"0","left":0,"isLinked":false},"padding":{"unit":"%","top":"4","right":"4","bottom":"4","left":"4","isLinked":false},"padding_tablet":{"unit":"%","top":"","right":"","bottom":"","left":"","isLinked":true},"padding_mobile":{"unit":"%","top":"","right":"","bottom":"","left":"","isLinked":true},"z_index":1},"elements":[{"id":"3b5ae25","settings":{"_column_size":33,"background_background":"classic","padding":{"unit":"%","top":"0","right":"8","bottom":"0","left":"8","isLinked":false},"padding_tablet":{"unit":"%","top":"","right":"","bottom":"","left":"","isLinked":true},"padding_mobile":{"unit":"%","top":"","right":"","bottom":"","left":"","isLinked":true},"_inline_size_tablet":100},"elements":[{"id":"56553bd0","settings":{"image":{"url":"https:\/\/wordpress-432351-3264149.cloudwaysapps.com\/wp-content\/uploads\/2023\/02\/single-home-0010.jpg","id":18804,"size":"","alt":"","source":"library"},"thumbnail_size":"custom","thumbnail_custom_dimension":{"width":"400","height":"400"},"title_text":"\u062e\u0635\u0627\u0626\u0635 \u0645\u0645\u064a\u0632\u0629","description_text":"\u0627\u0643\u062a\u0634\u0641 \u0623\u0641\u0636\u0644 \u0627\u0644\u0639\u0642\u0627\u0631\u0627\u062a \u0641\u064a \u0645\u062d\u0641\u0638\u062a\u0646\u0627 \u0645\u0639 \u0642\u0633\u0645 \u0627\u0644\u0639\u0642\u0627\u0631\u0627\u062a \u0627\u0644\u0645\u0645\u064a\u0632\u0629. \u0645\u0646 \u0627\u0644\u0634\u0642\u0642 \u0627\u0644\u062d\u062f\u064a\u062b\u0629 \u0625\u0644\u0649 \u0627\u0644\u0641\u064a\u0644\u0627\u062a \u0627\u0644\u0641\u0627\u062e\u0631\u0629 \u060c \u0641\u0623\u0646\u062a \u0645\u062a\u0623\u0643\u062f \u0645\u0646 \u0627\u0644\u0639\u062b\u0648\u0631 \u0639\u0644\u0649 \u0645\u0646\u0632\u0644 \u0623\u062d\u0644\u0627\u0645\u0643 \u0647\u0646\u0627.","link":{"url":"#","is_external":"","nofollow":"","custom_attributes":""},"position":"right","image_space":{"unit":"px","size":25,"sizes":[]},"image_size":{"unit":"%","size":60,"sizes":[]},"image_border_border":"none","image_border_width":{"unit":"px","top":"4","right":"4","bottom":"4","left":"4","isLinked":true},"image_border_color":"#00335A","image_border_radius":{"unit":"px","size":4,"sizes":[]},"title_bottom_space":{"unit":"px","size":10,"sizes":[]},"title_color":"#00335A","description_color":"#62798B","text_align":"right","image_size_tablet":{"unit":"%","size":22,"sizes":[]},"_margin_tablet":{"unit":"px","top":"0","right":"0","bottom":"30","left":"0","isLinked":false},"_animation":"fadeIn"},"elements":[],"isInner":false,"widgetType":"image-box","elType":"widget"}],"isInner":false,"elType":"column"},{"id":"6ad8441e","settings":{"_column_size":33,"background_background":"classic","border_width":{"unit":"px","top":"0","right":"1","bottom":"0","left":"1","isLinked":false},"border_color":"#FFFFFF","padding":{"unit":"%","top":"0","right":"8","bottom":"0","left":"8","isLinked":false},"padding_tablet":{"unit":"%","top":"","right":"","bottom":"","left":"","isLinked":true},"padding_mobile":{"unit":"%","top":"","right":"","bottom":"","left":"","isLinked":true},"_inline_size_tablet":100},"elements":[{"id":"7ca5a360","settings":{"image":{"url":"https:\/\/wordpress-432351-3264149.cloudwaysapps.com\/wp-content\/uploads\/2023\/02\/single-home-0003.jpg","id":18805,"size":"","alt":"","source":"library"},"thumbnail_size":"custom","thumbnail_custom_dimension":{"width":"400","height":"400"},"title_text":"\u0623\u062f\u0644\u0629 \u0627\u0644\u062d\u064a","description_text":"\u0627\u0633\u062a\u0643\u0634\u0641 \u0627\u0644\u0623\u062d\u064a\u0627\u0621 \u0627\u0644\u062a\u064a \u062a\u062c\u0639\u0644 \u0645\u062f\u064a\u0646\u062a\u0646\u0627 \u0631\u0627\u0626\u0639\u0629 \u0645\u0639 \u062f\u0644\u064a\u0644 \u0627\u0644\u0623\u062d\u064a\u0627\u0621 \u0627\u0644\u0633\u0643\u0646\u064a\u0629. \u062a\u0639\u0631\u0641 \u0639\u0644\u0649 \u0623\u0641\u0636\u0644 \u0627\u0644\u0645\u062f\u0627\u0631\u0633 \u0648\u0627\u0644\u062d\u062f\u0627\u0626\u0642 \u0648\u0627\u0644\u0645\u0637\u0627\u0639\u0645 \u0648\u0627\u0644\u0645\u0632\u064a\u062f \u060c \u0648\u0627\u0628\u062d\u062b \u0639\u0646 \u0627\u0644\u0645\u0648\u0642\u0639 \u0627\u0644\u0645\u062b\u0627\u0644\u064a \u0644\u0645\u0646\u0632\u0644\u0643 \u0627\u0644\u062a\u0627\u0644\u064a.","position":"right","image_space":{"unit":"px","size":25,"sizes":[]},"image_size":{"unit":"%","size":60,"sizes":[]},"image_border_border":"none","image_border_width":{"unit":"px","top":"4","right":"4","bottom":"4","left":"4","isLinked":true},"image_border_color":"#00335A","image_border_radius":{"unit":"px","size":4,"sizes":[]},"title_bottom_space":{"unit":"px","size":10,"sizes":[]},"title_color":"#00335A","description_color":"#62798B","text_align":"right","image_size_tablet":{"unit":"%","size":22,"sizes":[]},"_margin_tablet":{"unit":"px","top":"0","right":"0","bottom":"30","left":"0","isLinked":false},"_animation":"fadeIn","_animation_delay":250},"elements":[],"isInner":false,"widgetType":"image-box","elType":"widget"}],"isInner":false,"elType":"column"},{"id":"55bad071","settings":{"_column_size":33,"background_background":"classic","padding":{"unit":"%","top":"0","right":"8","bottom":"0","left":"8","isLinked":false},"padding_tablet":{"unit":"%","top":"","right":"","bottom":"","left":"","isLinked":true},"padding_mobile":{"unit":"%","top":"","right":"","bottom":"","left":"","isLinked":true},"_inline_size_tablet":100},"elements":[{"id":"7d882245","settings":{"image":{"url":"https:\/\/wordpress-432351-3264149.cloudwaysapps.com\/wp-content\/uploads\/2023\/02\/single-home-0002.jpg","id":18806,"size":"","alt":"","source":"library"},"thumbnail_size":"custom","thumbnail_custom_dimension":{"width":"400","height":"400"},"title_text":"\u0623\u062e\u0628\u0627\u0631 \u0627\u0644\u0639\u0642\u0627\u0631\u0627\u062a","description_text":"\u0627\u0628\u0642\u064e \u0639\u0644\u0649 \u0627\u0637\u0644\u0627\u0639\u064d \u0628\u0622\u062e\u0631 \u0623\u062e\u0628\u0627\u0631 \u0627\u0644\u0639\u0642\u0627\u0631\u0627\u062a \u0648\u0627\u0644\u0627\u062a\u062c\u0627\u0647\u0627\u062a \u0645\u0639 \u0642\u0633\u0645 \u0623\u062e\u0628\u0627\u0631 \u0627\u0644\u0639\u0642\u0627\u0631\u0627\u062a \u0644\u062f\u064a\u0646\u0627. \u0633\u0648\u0627\u0621 \u0643\u0646\u062a \u0645\u0634\u062a\u0631\u064d \u0623\u0648 \u0628\u0627\u0626\u0639\u064b\u0627 \u0623\u0648 \u0645\u062c\u0631\u062f \u0645\u0647\u062a\u0645\u064b\u0627 \u0628\u0627\u0644\u0633\u0648\u0642 \u060c \u0641\u0633\u064a\u062d\u0627\u0641\u0638 \u0639\u0644\u0649 \u0639\u0644\u0645\u0643 \u0648\u064a\u0645\u0646\u062d\u0643.","position":"right","image_space":{"unit":"px","size":25,"sizes":[]},"image_size":{"unit":"%","size":60,"sizes":[]},"image_border_border":"none","image_border_width":{"unit":"px","top":"4","right":"4","bottom":"4","left":"4","isLinked":true},"image_border_color":"#00335A","image_border_radius":{"unit":"px","size":4,"sizes":[]},"title_bottom_space":{"unit":"px","size":10,"sizes":[]},"title_color":"#00335A","description_color":"#62798B","text_align":"right","image_size_tablet":{"unit":"%","size":22,"sizes":[]},"_margin_tablet":{"unit":"px","top":"0","right":"0","bottom":"30","left":"0","isLinked":false},"_animation":"fadeIn","_animation_delay":500},"elements":[],"isInner":false,"widgetType":"image-box","elType":"widget"}],"isInner":false,"elType":"column"}],"isInner":false,"elType":"section"},{"id":"77bf04cc","settings":{"background_color_b":"#FFFFFF","background_color_stop":{"unit":"%","size":50,"sizes":[]},"shape_divider_top_above_content":"yes","margin":{"unit":"px","top":"0","right":0,"bottom":"0","left":0,"isLinked":false},"padding":{"unit":"%","top":"2","right":"4","bottom":"4","left":"4","isLinked":false},"padding_tablet":{"unit":"%","top":"","right":"","bottom":"","left":"","isLinked":true},"padding_mobile":{"unit":"%","top":"","right":"","bottom":"","left":"","isLinked":true},"z_index":1,"content_width":{"unit":"px","size":1320,"sizes":[]},"background_color":"#E9F5FD96","background_image":{"url":"","id":"","size":"","alt":"","source":"library"},"background_position":"center center","background_attachment":"fixed","background_repeat":"no-repeat","background_size":"cover","background_overlay_color":"#00335A","background_overlay_opacity":{"unit":"px","size":0.86,"sizes":[]}},"elements":[{"id":"3354a799","settings":{"_column_size":100,"_inline_size":null},"elements":[{"id":"2af3673e","settings":{"content_width":{"unit":"px","size":1320,"sizes":[]},"animation":"fadeIn","structure":"20","layout":"full_width"},"elements":[{"id":"2d9090b3","settings":{"_column_size":50,"_inline_size":null,"space_between_widgets":5},"elements":[{"id":"28d12d5e","settings":{"width":{"unit":"px","size":208,"sizes":[]},"width_tablet":{"unit":"px","size":"","sizes":[]},"width_mobile":{"unit":"px","size":"","sizes":[]},"align":"right","look":"line_text","text":"\u0645\u0646\u0627\u0632\u0644 \u0645\u0645\u064a\u0632\u0629","color":"#BDB290","text_color":"#BDB290","text_align":"right"},"elements":[],"isInner":false,"widgetType":"divider","elType":"widget"},{"id":"216c34fd","settings":{"title":"\u0645\u0646\u0627\u0632\u0644\u0646\u0627 \u0627\u0644\u062c\u062f\u064a\u062f\u0629 \u0644\u0644\u0628\u064a\u0639 \u0648\u0627\u0644\u0625\u064a\u062c\u0627\u0631","title_color":"#00335A","typography_typography":"custom","typography_font_size":{"unit":"px","size":34,"sizes":[]},"typography_line_height":{"unit":"em","size":1.5,"sizes":[]},"typography_font_size_tablet":{"unit":"px","size":28,"sizes":[]},"typography_font_size_mobile":{"unit":"px","size":24,"sizes":[]},"align":"right"},"elements":[],"isInner":false,"widgetType":"heading","elType":"widget"},{"id":"7950a93f","settings":{"editor":"<p>\u0627\u0628\u062d\u062b \u0639\u0646 \u0645\u0646\u0627\u0632\u0644 \u0644\u0644\u0628\u064a\u0639 \u0641\u064a \u0645\u0646\u0637\u0642\u062a\u0643 \u0627\u0644\u0645\u062d\u0644\u064a\u0629 \u062d\u0633\u0628 \u0627\u0644\u0633\u0639\u0631 \u0623\u0648 \u0648\u0633\u0627\u0626\u0644 \u0627\u0644\u0631\u0627\u062d\u0629 \u0623\u0648 \u0627\u0644\u0645\u064a\u0632\u0627\u062a \u0627\u0644\u0623\u062e\u0631\u0649. \u0633\u0646\u0639\u0631\u0636 \u0644\u0643 \u0633\u062c\u0644 \u0627\u0644\u0645\u0628\u064a\u0639\u0627\u062a \u0648\u0646\u0642\u062f\u0645 \u0644\u0643 \u0646\u0635\u0627\u0626\u062d \u0645\u0641\u064a\u062f\u0629.<\/p>","typography_typography":"custom","typography_font_size":{"unit":"px","size":18,"sizes":[]},"typography_line_height":{"unit":"em","size":1.7,"sizes":[]},"text_color":"#62798B","typography_font_size_tablet":{"unit":"px","size":18,"sizes":[]},"typography_font_size_mobile":{"unit":"px","size":16,"sizes":[]},"align":"right"},"elements":[],"isInner":false,"widgetType":"text-editor","elType":"widget"}],"isInner":true,"elType":"column"},{"id":"2b243df3","settings":{"_column_size":50,"_inline_size":null},"elements":[],"isInner":true,"elType":"column"}],"isInner":true,"elType":"section"},{"id":"1c552dae","settings":{"content_width":{"unit":"px","size":1320,"sizes":[]},"animation":"fadeIn","layout":"full_width"},"elements":[{"id":"37283606","settings":{"_column_size":100,"_inline_size":null},"elements":[{"id":"54c03e24","settings":{"houzez_tabs_style":"property-nav-tabs-v5","houzez_tabs_position":"start","tabs_spacer":{"unit":"px","size":10,"sizes":[]},"show_tabs_icon":"","tabs_items":[{"tab_title":"\u0623\u0628\u0648 \u0638\u0628\u064a","_id":"32738f3","tabs_icon_type":"none","tabs_icon_icon":{"value":"","library":""},"property_city":["%d8%a3%d8%a8%d9%88-%d8%b8%d8%a8%d9%8a"]},{"tab_title":"\u0627\u0644\u0634\u0627\u0631\u0642\u0629","_id":"81cf81a","tabs_icon_type":"none","tabs_icon_icon":{"value":"","library":""},"property_city":["%d8%a7%d9%84%d8%b4%d8%a7%d8%b1%d9%82%d8%a9"]},{"tab_title":"\u062f\u0628\u064a","_id":"b550d60","tabs_icon_type":"none","property_city":["%d8%af%d8%a8%d9%8a"]},{"tab_title":"\u0639\u062c\u0645\u0627\u0646","tabs_icon_type":"none","property_city":["%d8%b9%d8%ac%d9%85%d8%a7%d9%86"],"_id":"e4f19ca"}],"grid_style":"cards-v7","module_type":"grid_4_cols","posts_limit":4,"tab_title_color":"#00335A","tab_title_border":"#BDB290","tabs_spacer_mobile":{"unit":"px","size":10,"sizes":[]}},"elements":[],"isInner":false,"widgetType":"houzez_properties_tabs","elType":"widget"}],"isInner":true,"elType":"column"}],"isInner":true,"elType":"section"}],"isInner":false,"elType":"column"}],"isInner":false,"elType":"section"},{"id":"3803a91","settings":{"background_color_b":"#FFFFFF","background_gradient_angle":{"unit":"deg","size":91,"sizes":[]},"background_color_stop":{"unit":"%","size":50,"sizes":[]},"background_color_b_stop":{"unit":"%","size":11,"sizes":[]},"shape_divider_top_above_content":"yes","margin":{"unit":"px","top":"0","right":0,"bottom":"0","left":0,"isLinked":false},"padding":{"unit":"%","top":"0","right":"0","bottom":"0","left":"0","isLinked":true},"padding_tablet":{"unit":"%","top":"","right":"","bottom":"","left":"","isLinked":true},"padding_mobile":{"unit":"%","top":"","right":"","bottom":"","left":"","isLinked":true},"z_index":1,"background_background":"classic","content_width":{"unit":"px","size":1320,"sizes":[]},"height":"min-height","background_image":{"url":"https:\/\/wordpress-432351-3264149.cloudwaysapps.com\/wp-content\/uploads\/2023\/02\/fallback.png","id":18918,"size":"","alt":"","source":"library"},"background_position":"center center","background_attachment":"fixed","background_repeat":"no-repeat","background_size":"cover","background_overlay_background":"classic","background_overlay_color":"#00335A","background_overlay_opacity":{"unit":"px","size":0.7,"sizes":[]},"overlay_blend_mode":"overlay"},"elements":[{"id":"7c0add4c","settings":{"_column_size":100,"_inline_size":null},"elements":[{"id":"55b7bace","settings":{"hz_section_title":"\u0645\u0639\u0644\u0648\u0645\u0627\u062a \u0639\u0646\u0627","hz_section_subtitle":"\u0646\u062d\u0646 \u0645\u062a\u062e\u0635\u0635\u0648\u0646 \u0641\u064a \u0631\u0628\u0637 \u0627\u0644\u0645\u0634\u062a\u0631\u064a\u0646 \u0648\u0627\u0644\u0628\u0627\u0626\u0639\u064a\u0646 \u0644\u0644\u0639\u0642\u0627\u0631\u0627\u062a \u0627\u0644\u0641\u0627\u062e\u0631\u0629 \u0641\u064a \u062f\u0628\u064a. \u0641\u0631\u064a\u0642\u0646\u0627 \u0627\u0644\u0645\u062a\u0645\u0631\u0633 \u0645\u0643\u0631\u0633 \u0644\u062a\u0642\u062f\u064a\u0645 \u0623\u0639\u0644\u0649 \u0645\u0633\u062a\u0648\u0649 \u0645\u0646 \u0627\u0644\u062e\u062f\u0645\u0629 \u0648\u0627\u0644\u062e\u0628\u0631\u0629 \u0644\u0639\u0645\u0644\u0627\u0626\u0646\u0627.","houzez_section_title_align":"right","houzez_section_title_color":"#00335A","houzez_section_subtitle_color":"#62798B","_padding":{"unit":"%","top":"11","right":"11","bottom":"11","left":"11","isLinked":true},"_padding_tablet":{"unit":"%","top":"","right":"","bottom":"","left":"","isLinked":true},"_padding_mobile":{"unit":"%","top":"","right":"","bottom":"","left":"","isLinked":true},"_element_width":"initial","_element_custom_width":{"unit":"%","size":43,"sizes":[]},"_position":"absolute","_offset_orientation_h":"end","_offset_x_end":{"size":61,"unit":"%"},"_offset_x_end_tablet":{"size":52.069,"unit":"%"},"_offset_x_end_mobile":{"size":18.495,"unit":"%"},"_offset_y":{"size":16,"unit":"px"},"_offset_y_end":{"unit":"px","size":0,"sizes":[]},"_offset_y_end_tablet":{"unit":"%","size":"","sizes":[]},"_offset_y_end_mobile":{"unit":"%","size":"","sizes":[]},"_background_background":"classic","_background_color":"#FFFFFF","_border_border":"solid","_border_width":{"unit":"px","top":"0","right":"0","bottom":"5","left":"0","isLinked":false},"_border_color":"#BDB290","_box_shadow_box_shadow_type":"yes","_box_shadow_box_shadow":{"horizontal":0,"vertical":30,"blur":60,"spread":0,"color":"rgba(0, 0, 0, 0.1)"},"houzez_section_title_align_mobile":"right","_element_custom_width_mobile":{"unit":"px","size":302,"sizes":[]},"_offset_y_tablet":{"size":0,"unit":"px"},"_offset_y_mobile":{"size":-13,"unit":"px"},"_animation":"fadeInRight"},"elements":[],"isInner":false,"widgetType":"houzez_elementor_section_title","elType":"widget"}],"isInner":false,"elType":"column"}],"isInner":false,"elType":"section"},{"id":"55c5c7f","settings":{"background_color_b":"#FFFFFF","background_gradient_angle":{"unit":"deg","size":91,"sizes":[]},"background_color_stop":{"unit":"%","size":50,"sizes":[]},"background_color_b_stop":{"unit":"%","size":11,"sizes":[]},"shape_divider_top_above_content":"yes","margin":{"unit":"px","top":"0","right":0,"bottom":"0","left":0,"isLinked":false},"padding":{"unit":"%","top":"6","right":"4","bottom":"4","left":"4","isLinked":false},"padding_tablet":{"unit":"%","top":"","right":"","bottom":"","left":"","isLinked":true},"padding_mobile":{"unit":"%","top":"","right":"","bottom":"","left":"","isLinked":true},"z_index":1,"content_width":{"unit":"px","size":1320,"sizes":[]},"background_image":{"url":"https:\/\/wordpress-432351-3264149.cloudwaysapps.com\/wp-content\/uploads\/2023\/02\/fallback.png","id":18918,"size":"","alt":"","source":"library"},"background_position":"center center","background_attachment":"fixed","background_repeat":"no-repeat","background_size":"cover","background_overlay_color":"#00335A","background_overlay_opacity":{"unit":"px","size":0.86,"sizes":[]}},"elements":[{"id":"6bf6d47c","settings":{"_column_size":100,"_inline_size":null},"elements":[{"id":"5368b84e","settings":{"content_width":{"unit":"px","size":1320,"sizes":[]},"animation":"fadeIn","structure":"20"},"elements":[{"id":"67739b3c","settings":{"_column_size":50,"_inline_size":null,"space_between_widgets":5},"elements":[{"id":"fca1039","settings":{"width":{"unit":"px","size":208,"sizes":[]},"width_tablet":{"unit":"px","size":"","sizes":[]},"width_mobile":{"unit":"px","size":"","sizes":[]},"align":"right","look":"line_text","text":"\u062e\u062f\u0645\u0627\u062a","color":"#BDB290","text_color":"#BDB290","text_align":"right"},"elements":[],"isInner":false,"widgetType":"divider","elType":"widget"},{"id":"29eeae30","settings":{"title":"\u0643\u064a\u0641 \u064a\u0645\u0643\u0646\u0646\u0627 \u0627\u0644\u0645\u0633\u0627\u0639\u062f\u0629","title_color":"#00335A","typography_typography":"custom","typography_font_size":{"unit":"px","size":34,"sizes":[]},"typography_line_height":{"unit":"em","size":1.5,"sizes":[]},"typography_font_size_tablet":{"unit":"px","size":28,"sizes":[]},"typography_font_size_mobile":{"unit":"px","size":24,"sizes":[]},"align":"right"},"elements":[],"isInner":false,"widgetType":"heading","elType":"widget"},{"id":"52043de1","settings":{"editor":"<p>\u0627\u0643\u062a\u0634\u0641 \u0627\u0644\u0646\u0637\u0627\u0642 \u0627\u0644\u0648\u0627\u0633\u0639 \u0645\u0646 \u0627\u0644\u062e\u062f\u0645\u0627\u062a \u0627\u0644\u0639\u0642\u0627\u0631\u064a\u0629 \u0627\u0644\u062a\u064a \u0646\u0642\u062f\u0645\u0647\u0627.<\/p>","typography_typography":"custom","typography_font_size":{"unit":"px","size":18,"sizes":[]},"typography_line_height":{"unit":"em","size":1.7,"sizes":[]},"text_color":"#62798B","typography_font_size_tablet":{"unit":"px","size":18,"sizes":[]},"typography_font_size_mobile":{"unit":"px","size":16,"sizes":[]},"align":"right"},"elements":[],"isInner":false,"widgetType":"text-editor","elType":"widget"}],"isInner":true,"elType":"column"},{"id":"4d65d223","settings":{"_column_size":50,"_inline_size":null},"elements":[],"isInner":true,"elType":"column"}],"isInner":true,"elType":"section"},{"id":"70ee827f","settings":{"content_width":{"unit":"px","size":1320,"sizes":[]},"animation":"fadeIn","structure":"40"},"elements":[{"id":"4f4ebae8","settings":{"_column_size":25,"_inline_size":null,"_inline_size_tablet":50},"elements":[{"id":"7ac3700d","settings":{"selected_icon":{"value":{"url":"https:\/\/wordpress-432351-3264149.cloudwaysapps.com\/wp-content\/uploads\/2023\/02\/icon-04.svg","id":18962},"library":"svg"},"title_text":"\u0645\u0633\u0627\u0639\u062f\u0629 \u0628\u064a\u0639 \u0627\u0644\u0645\u0646\u0632\u0644","description_text":"\u0628\u064a\u0639 \u0645\u0646\u0632\u0644\u0643 \u0645\u0639 \u062e\u0628\u0631\u0627\u0626\u0646\u0627 \u0641\u064a \u0627\u0644\u062a\u0633\u0648\u064a\u0642 \u0648\u0627\u0644\u062a\u0641\u0627\u0648\u0636.","position":"right","text_align":"right","title_bottom_space":{"unit":"px","size":10,"sizes":[]},"title_color":"#00335A","description_color":"#62798B","icon_space":{"unit":"px","size":25,"sizes":[]},"icon_size":{"unit":"px","size":40,"sizes":[]},"_margin":{"unit":"px","top":"0","right":"0","bottom":"20","left":"0","isLinked":false}},"elements":[],"isInner":false,"widgetType":"icon-box","elType":"widget"}],"isInner":true,"elType":"column"},{"id":"111007c9","settings":{"_column_size":25,"_inline_size":null,"_inline_size_tablet":50},"elements":[{"id":"7d97c770","settings":{"selected_icon":{"value":{"url":"https:\/\/wordpress-432351-3264149.cloudwaysapps.com\/wp-content\/uploads\/2023\/02\/icon-06.svg","id":18964},"library":"svg"},"title_text":"\u0627\u0644\u0645\u0633\u0627\u0639\u062f\u0629 \u0641\u064a \u0634\u0631\u0627\u0621 ","description_text":"\u0625\u0631\u0634\u0627\u062f\u0627\u062a \u0627\u0644\u062e\u0628\u0631\u0627\u0621 \u0644\u062a\u062c\u0631\u0628\u0629 \u0634\u0631\u0627\u0621 \u0645\u0646\u0632\u0644 \u062e\u0627\u0644\u064a\u0629 \u0645\u0646 \u0627\u0644\u0625\u062c\u0647\u0627\u062f.","position":"right","text_align":"right","title_bottom_space":{"unit":"px","size":10,"sizes":[]},"title_color":"#00335A","description_color":"#62798B","icon_space":{"unit":"px","size":25,"sizes":[]},"icon_size":{"unit":"px","size":40,"sizes":[]},"_margin":{"unit":"px","top":"0","right":"0","bottom":"20","left":"0","isLinked":false}},"elements":[],"isInner":false,"widgetType":"icon-box","elType":"widget"}],"isInner":true,"elType":"column"},{"id":"7a8d4fa4","settings":{"_column_size":25,"_inline_size":null,"_inline_size_tablet":50},"elements":[{"id":"556b8e7f","settings":{"selected_icon":{"value":{"url":"https:\/\/wordpress-432351-3264149.cloudwaysapps.com\/wp-content\/uploads\/2023\/02\/icon-08.svg","id":18966},"library":"svg"},"title_text":"\u0625\u062f\u0627\u0631\u0629 \u0627\u0644\u0645\u0645\u062a\u0644\u0643\u0627\u062a","description_text":"\u0625\u062f\u0627\u0631\u0629 \u0645\u0645\u062a\u0644\u0643\u0627\u062a \u062e\u0627\u0644\u064a\u0629 \u0645\u0646 \u0627\u0644\u0645\u062a\u0627\u0639\u0628 \u0644\u0623\u0635\u062d\u0627\u0628 \u0627\u0644\u0639\u0642\u0627\u0631\u0627\u062a \u0648\u0627\u0644\u0645\u0633\u062a\u062b\u0645\u0631\u064a\u0646.","position":"right","text_align":"right","title_bottom_space":{"unit":"px","size":10,"sizes":[]},"title_color":"#00335A","description_color":"#62798B","icon_space":{"unit":"px","size":25,"sizes":[]},"icon_size":{"unit":"px","size":40,"sizes":[]},"_margin":{"unit":"px","top":"0","right":"0","bottom":"20","left":"0","isLinked":false}},"elements":[],"isInner":false,"widgetType":"icon-box","elType":"widget"}],"isInner":true,"elType":"column"},{"id":"2ac3180f","settings":{"_column_size":25,"_inline_size":null,"_inline_size_tablet":50},"elements":[{"id":"74c16246","settings":{"selected_icon":{"value":{"url":"https:\/\/wordpress-432351-3264149.cloudwaysapps.com\/wp-content\/uploads\/2023\/02\/icon-07.svg","id":18965},"library":"svg"},"title_text":"\u0642\u0648\u0627\u0626\u0645 \u0627\u0644\u0645\u0644\u0643\u064a\u0629","description_text":"\u0642\u0627\u0626\u0645\u0629 \u0627\u0644\u0645\u0645\u062a\u0644\u0643\u0627\u062a \u0627\u0644\u062e\u0627\u0635\u0629 \u0628\u0643 \u0645\u0639\u0646\u0627 \u060c \u0648\u0627\u0644\u062d\u0635\u0648\u0644 \u0639\u0644\u0649 \u0623\u0642\u0635\u0649 \u0642\u062f\u0631 \u0645\u0646 \u0627\u0644\u062a\u0639\u0631\u0636.","position":"right","text_align":"right","title_bottom_space":{"unit":"px","size":10,"sizes":[]},"title_color":"#00335A","description_color":"#62798B","icon_space":{"unit":"px","size":25,"sizes":[]},"icon_size":{"unit":"px","size":40,"sizes":[]},"_margin":{"unit":"px","top":"0","right":"0","bottom":"20","left":"0","isLinked":false}},"elements":[],"isInner":false,"widgetType":"icon-box","elType":"widget"}],"isInner":true,"elType":"column"}],"isInner":true,"elType":"section"},{"id":"6b17d33a","settings":{"content_width":{"unit":"px","size":1320,"sizes":[]},"animation":"fadeIn","structure":"40","background_color":"#C87A7A","margin":{"unit":"px","top":"0","right":0,"bottom":"30","left":0,"isLinked":false}},"elements":[{"id":"650ec1a3","settings":{"_column_size":25,"_inline_size":null,"_inline_size_tablet":50},"elements":[{"id":"31d85fa4","settings":{"selected_icon":{"value":{"url":"https:\/\/wordpress-432351-3264149.cloudwaysapps.com\/wp-content\/uploads\/2023\/02\/icon-02.svg","id":18960},"library":"svg"},"title_text":"\u0627\u0644\u062f\u0639\u0645 \u0627\u0644\u0642\u0627\u0646\u0648\u0646\u064a \u0648\u0627\u0644\u0645\u0627\u0644\u064a","description_text":"\u0645\u0633\u0627\u0639\u062f\u0629 \u0642\u0627\u0646\u0648\u0646\u064a\u0629 \u0648\u0645\u0627\u0644\u064a\u0629 \u0645\u0646 \u0627\u0644\u062e\u0628\u0631\u0627\u0621 \u0644\u0625\u062c\u0631\u0627\u0621 \u0645\u0639\u0627\u0645\u0644\u0629 \u0633\u0644\u0633\u0629.","position":"right","text_align":"right","title_bottom_space":{"unit":"px","size":10,"sizes":[]},"title_color":"#00335A","description_color":"#62798B","icon_space":{"unit":"px","size":25,"sizes":[]},"icon_size":{"unit":"px","size":40,"sizes":[]},"_margin":{"unit":"px","top":"0","right":"0","bottom":"20","left":"0","isLinked":false}},"elements":[],"isInner":false,"widgetType":"icon-box","elType":"widget"}],"isInner":true,"elType":"column"},{"id":"77f09788","settings":{"_column_size":25,"_inline_size":null,"_inline_size_tablet":50},"elements":[{"id":"733a450f","settings":{"selected_icon":{"value":{"url":"https:\/\/wordpress-432351-3264149.cloudwaysapps.com\/wp-content\/uploads\/2023\/02\/icon-01.svg","id":18959},"library":"svg"},"title_text":"\u062e\u062f\u0645\u0627\u062a \u0627\u0644\u0646\u0642\u0644","description_text":"\u0627\u0644\u0627\u0646\u062a\u0642\u0627\u0644 \u0627\u0644\u0633\u0644\u0633 \u0625\u0644\u0649 \u0645\u0646\u0632\u0644\u0643 \u0627\u0644\u062c\u062f\u064a\u062f \u0628\u0645\u0633\u0627\u0639\u062f\u0629 \u0627\u0644\u062e\u0628\u0631\u0627\u0621.","position":"right","text_align":"right","title_bottom_space":{"unit":"px","size":10,"sizes":[]},"title_color":"#00335A","description_color":"#62798B","icon_space":{"unit":"px","size":25,"sizes":[]},"icon_size":{"unit":"px","size":40,"sizes":[]},"_margin":{"unit":"px","top":"0","right":"0","bottom":"20","left":"0","isLinked":false}},"elements":[],"isInner":false,"widgetType":"icon-box","elType":"widget"}],"isInner":true,"elType":"column"},{"id":"2b1a3051","settings":{"_column_size":25,"_inline_size":null,"_inline_size_tablet":50},"elements":[{"id":"52b735fd","settings":{"selected_icon":{"value":{"url":"https:\/\/wordpress-432351-3264149.cloudwaysapps.com\/wp-content\/uploads\/2023\/02\/icon-03.svg","id":18961},"library":"svg"},"title_text":"\u062e\u062f\u0645\u0627\u062a \u0627\u0644\u062a\u0642\u064a\u064a\u0645","description_text":"\u062a\u0642\u064a\u064a\u0645\u0627\u062a \u062f\u0642\u064a\u0642\u0629 \u0644\u0644\u0645\u0645\u062a\u0644\u0643\u0627\u062a \u0644\u0627\u062a\u062e\u0627\u0630 \u0642\u0631\u0627\u0631\u0627\u062a \u0645\u0633\u062a\u0646\u064a\u0631\u0629.","position":"right","text_align":"right","title_bottom_space":{"unit":"px","size":10,"sizes":[]},"title_color":"#00335A","description_color":"#62798B","icon_space":{"unit":"px","size":25,"sizes":[]},"icon_size":{"unit":"px","size":40,"sizes":[]},"_margin":{"unit":"px","top":"0","right":"0","bottom":"20","left":"0","isLinked":false}},"elements":[],"isInner":false,"widgetType":"icon-box","elType":"widget"}],"isInner":true,"elType":"column"},{"id":"de70d24","settings":{"_column_size":25,"_inline_size":null,"_inline_size_tablet":50},"elements":[{"id":"b9e8d82","settings":{"selected_icon":{"value":{"url":"https:\/\/wordpress-432351-3264149.cloudwaysapps.com\/wp-content\/uploads\/2023\/02\/icon-05.svg","id":18963},"library":"svg"},"title_text":"\u0627\u0644\u0645\u0633\u062a\u062b\u0645\u0631\u0648\u0646 \u0627\u0644\u0639\u0642\u0627\u0631\u064a\u0648\u0646","description_text":"\u0627\u0644\u0646\u0635\u064a\u062d\u0629: \u0642\u0631\u0627\u0631\u0627\u062a \u0627\u0633\u062a\u062b\u0645\u0627\u0631\u064a\u0629 \u0645\u062f\u0631\u0648\u0633\u0629 \u0645\u0639 \u062a\u062d\u0644\u064a\u0644 \u0648\u0627\u0633\u062a\u0631\u0627\u062a\u064a\u062c\u064a\u0629 \u062e\u0628\u0631\u0627\u0621.","position":"right","text_align":"right","title_bottom_space":{"unit":"px","size":10,"sizes":[]},"title_color":"#00335A","description_color":"#62798B","icon_space":{"unit":"px","size":25,"sizes":[]},"icon_size":{"unit":"px","size":40,"sizes":[]},"_margin":{"unit":"px","top":"0","right":"0","bottom":"20","left":"0","isLinked":false}},"elements":[],"isInner":false,"widgetType":"icon-box","elType":"widget"}],"isInner":true,"elType":"column"}],"isInner":true,"elType":"section"}],"isInner":false,"elType":"column"}],"isInner":false,"elType":"section"},{"id":"51939985","settings":{"background_color":"#E9F5FD96","background_color_b":"#FFFFFF","background_background":"classic","background_color_stop":{"unit":"%","size":50,"sizes":[]},"shape_divider_top_above_content":"yes","margin":{"unit":"px","top":"0","right":0,"bottom":"0","left":0,"isLinked":false},"padding":{"unit":"%","top":"4","right":"4","bottom":"4","left":"4","isLinked":false},"padding_tablet":{"unit":"%","top":"","right":"","bottom":"","left":"","isLinked":true},"padding_mobile":{"unit":"%","top":"","right":"","bottom":"","left":"","isLinked":true},"z_index":1,"content_width":{"unit":"px","size":1320,"sizes":[]},"background_image":{"url":"https:\/\/wordpress-432351-3264149.cloudwaysapps.com\/wp-content\/uploads\/2023\/02\/fallback.png","id":18918,"size":"","alt":"","source":"library"},"background_position":"center center","background_attachment":"fixed","background_repeat":"no-repeat","background_size":"cover","background_overlay_background":"classic","background_overlay_color":"#FFFFFF","background_overlay_opacity":{"unit":"px","size":0.95,"sizes":[]}},"elements":[{"id":"6f12fba8","settings":{"_column_size":100,"_inline_size":null},"elements":[{"id":"1002718c","settings":{"gap":"extended","structure":"40","content_width":{"unit":"px","size":1320,"sizes":[]},"background_overlay_color":"#FFFFFF","background_overlay_color_stop":{"unit":"%","size":69,"sizes":[]},"background_overlay_color_b":"#36AA71","background_overlay_color_b_stop":{"unit":"%","size":26,"sizes":[]},"background_overlay_gradient_angle":{"unit":"deg","size":135,"sizes":[]},"background_overlay_opacity":{"unit":"px","size":1,"sizes":[]},"content_position":"middle","layout":"full_width"},"elements":[{"id":"68bb97ac","settings":{"_column_size":25,"_inline_size":null,"_inline_size_tablet":50,"space_between_widgets":0},"elements":[{"id":"608c1334","settings":{"width":{"unit":"px","size":208,"sizes":[]},"width_tablet":{"unit":"px","size":"","sizes":[]},"width_mobile":{"unit":"px","size":"","sizes":[]},"align":"right","look":"line_text","text":"\u0645\u062c\u062a\u0645\u0639\u0627\u062a","color":"#BDB290","text_color":"#BDB290","text_align":"right"},"elements":[],"isInner":false,"widgetType":"divider","elType":"widget"},{"id":"502e5dbb","settings":{"title":"\u0627\u0633\u062a\u0643\u0634\u0641 \u0627\u0644\u0645\u062c\u062a\u0645\u0639\u0627\u062a","title_color":"#00335A","typography_typography":"custom","typography_font_size":{"unit":"px","size":34,"sizes":[]},"typography_line_height":{"unit":"em","size":1.5,"sizes":[]},"typography_font_size_tablet":{"unit":"px","size":28,"sizes":[]},"typography_font_size_mobile":{"unit":"px","size":24,"sizes":[]},"align":"right"},"elements":[],"isInner":false,"widgetType":"heading","elType":"widget"},{"id":"7e9b470f","settings":{"editor":"<p>\u0627\u0628\u062d\u062b \u0639\u0646 \u0627\u0644\u062d\u064a \u0627\u0644\u0630\u064a \u062a\u062d\u0644\u0645 \u0628\u0647 \u0648\u0627\u0633\u062a\u0643\u0634\u0641\u0647 \u0645\u0639 \u0645\u0633\u062a\u0634\u0627\u0631 \u0634\u0631\u0627\u0621 \u0627\u0644\u0645\u0646\u0632\u0644 \u0627\u0644\u062e\u0627\u0635 \u0628\u0643. \u0646\u062d\u0646 \u0647\u0646\u0627 \u0644\u0645\u0633\u0627\u0639\u062f\u062a\u0643 \u0641\u064a \u0627\u0644\u0639\u062b\u0648\u0631 \u0639\u0644\u0649 \u0627\u0644\u0645\u0646\u0632\u0644 \u0627\u0644\u0645\u062b\u0627\u0644\u064a \u0644\u0643.<\/p>","typography_typography":"custom","typography_font_size":{"unit":"px","size":18,"sizes":[]},"typography_line_height":{"unit":"em","size":1.7,"sizes":[]},"text_color":"#62798B","typography_font_size_tablet":{"unit":"px","size":18,"sizes":[]},"typography_font_size_mobile":{"unit":"px","size":16,"sizes":[]},"align":"right"},"elements":[],"isInner":false,"widgetType":"text-editor","elType":"widget"},{"id":"270311a5","settings":{"text":"\u0627\u0644\u062e\u0627\u0645\u0633","background_color":"#BDB290","text_padding":{"unit":"px","top":"10","right":"26","bottom":"15","left":"25","isLinked":false}},"elements":[],"isInner":false,"widgetType":"button","elType":"widget"}],"isInner":true,"elType":"column"},{"id":"2ca2371e","settings":{"_column_size":25,"_inline_size":null,"_inline_size_tablet":50},"elements":[{"id":"5fd9915a","settings":{"grid_data":"dynamic","more_text":"More Details","grid_taxonomy":"property_city","tax_city":"%d8%af%d8%a8%d9%8a","more_text_d":"\u0627\u0644\u0645\u0632\u064a\u062f \u0645\u0646 \u0627\u0644\u062a\u0641\u0627\u0635\u064a\u0644","properties_text":"\u0645\u0644\u0643\u064a\u0627\u062a","property_text":"\u0645\u0644\u0643\u064a\u0629","grid_item_margin":{"unit":"px","size":30,"sizes":[]},"grid_title_typography_font_family":"","grid_title_typography_font_weight":"normal","grid_subtitle_typography_font_family":"","grid_subtitle_typography_font_weight":"normal","grid_item_margin_tablet":{"unit":"px","size":0,"sizes":[]},"grid_item_margin_mobile":{"unit":"px","size":0,"sizes":[]},"image":{"id":18272,"url":"https:\/\/wordpress-432351-3264149.cloudwaysapps.com\/wp-content\/uploads\/2023\/01\/placeholder-2.png"},"tax_custom_image":{"id":18273,"url":"https:\/\/wordpress-432351-3264149.cloudwaysapps.com\/wp-content\/uploads\/2023\/01\/placeholder-3.png"},"grid_type":"grid-item-v3","grid_v3_height":{"unit":"%","size":200,"sizes":[]},"grid_v3_height_tablet":{"unit":"%","size":100,"sizes":[]},"_box_shadow_box_shadow_type":"yes","_box_shadow_box_shadow":{"horizontal":0,"vertical":30,"blur":60,"spread":0,"color":"rgba(0, 0, 0, 0.16)"},"_animation":"fadeIn","_animation_delay":0,"grid_v3_height_mobile":{"unit":"%","size":60,"sizes":[]},"grid_title_typography_typography":"custom","grid_title_typography_font_size":{"unit":"px","size":28,"sizes":[]},"grid_subtitle_typography_typography":"custom","grid_subtitle_typography_font_size":{"unit":"px","size":15,"sizes":[]}},"elements":[],"isInner":false,"widgetType":"Houzez_elementor_grid_builder","elType":"widget"}],"isInner":true,"elType":"column"},{"id":"69a00bc1","settings":{"_column_size":25,"_inline_size":null,"_inline_size_tablet":50,"space_between_widgets":0},"elements":[{"id":"3da65bfe","settings":{"grid_data":"dynamic","more_text":"More Details","grid_taxonomy":"property_city","tax_city":"%d8%b9%d8%ac%d9%85%d8%a7%d9%86","more_text_d":"\u0627\u0644\u0645\u0632\u064a\u062f \u0645\u0646 \u0627\u0644\u062a\u0641\u0627\u0635\u064a\u0644","properties_text":"\u0645\u0644\u0643\u064a\u0627\u062a","property_text":"\u0645\u0644\u0643\u064a\u0629","grid_item_margin":{"unit":"px","size":30,"sizes":[]},"grid_title_typography_font_family":"","grid_title_typography_font_weight":"normal","grid_subtitle_typography_font_family":"","grid_subtitle_typography_font_weight":"normal","grid_item_margin_tablet":{"unit":"px","size":30,"sizes":[]},"grid_item_margin_mobile":{"unit":"px","size":30,"sizes":[]},"image":{"id":18274,"url":"https:\/\/wordpress-432351-3264149.cloudwaysapps.com\/wp-content\/uploads\/2023\/01\/placeholder-4.png"},"tax_custom_image":{"id":18275,"url":"https:\/\/wordpress-432351-3264149.cloudwaysapps.com\/wp-content\/uploads\/2023\/01\/placeholder-5.png"},"grid_type":"grid-item-v2","grid_v3_height":{"unit":"%","size":148,"sizes":[]},"grid_v3_height_tablet":{"unit":"%","size":50,"sizes":[]},"_box_shadow_box_shadow_type":"yes","_box_shadow_box_shadow":{"horizontal":0,"vertical":30,"blur":60,"spread":0,"color":"rgba(0, 0, 0, 0.16)"},"_animation":"fadeIn","grid_v3_height_mobile":{"unit":"%","size":45,"sizes":[]},"grid_title_typography_typography":"custom","grid_title_typography_font_size":{"unit":"px","size":28,"sizes":[]},"grid_subtitle_typography_typography":"custom","grid_subtitle_typography_font_size":{"unit":"px","size":15,"sizes":[]},"_animation_delay":250,"grid_v2_height_mobile":{"unit":"%","size":70,"sizes":[]}},"elements":[],"isInner":false,"widgetType":"Houzez_elementor_grid_builder","elType":"widget"},{"id":"2ad931e4","settings":{"grid_data":"dynamic","more_text":"More Details","grid_taxonomy":"property_city","tax_city":"%d8%a7%d9%84%d8%b4%d8%a7%d8%b1%d9%82%d8%a9","more_text_d":"\u0627\u0644\u0645\u0632\u064a\u062f \u0645\u0646 \u0627\u0644\u062a\u0641\u0627\u0635\u064a\u0644","properties_text":"\u0645\u0644\u0643\u064a\u0627\u062a","property_text":"\u0645\u0644\u0643\u064a\u0629","grid_type":"grid-item-v2","grid_v3_height":{"unit":"%","size":148,"sizes":[]},"grid_item_margin":{"unit":"px","size":30,"sizes":[]},"grid_title_typography_font_family":"","grid_title_typography_font_weight":"normal","grid_subtitle_typography_font_family":"","grid_subtitle_typography_font_weight":"normal","grid_v3_height_tablet":{"unit":"%","size":50,"sizes":[]},"grid_item_margin_tablet":{"unit":"px","size":0,"sizes":[]},"grid_item_margin_mobile":{"unit":"px","size":0,"sizes":[]},"image":{"id":18270,"url":"https:\/\/wordpress-432351-3264149.cloudwaysapps.com\/wp-content\/uploads\/2023\/01\/placeholder.png"},"tax_custom_image":{"id":18271,"url":"https:\/\/wordpress-432351-3264149.cloudwaysapps.com\/wp-content\/uploads\/2023\/01\/placeholder-1.png"},"_box_shadow_box_shadow_type":"yes","_box_shadow_box_shadow":{"horizontal":0,"vertical":30,"blur":60,"spread":0,"color":"rgba(0, 0, 0, 0.16)"},"_animation":"fadeIn","_animation_delay":500,"grid_v3_height_mobile":{"unit":"%","size":45,"sizes":[]},"grid_title_typography_typography":"custom","grid_title_typography_font_size":{"unit":"px","size":28,"sizes":[]},"grid_subtitle_typography_typography":"custom","grid_subtitle_typography_font_size":{"unit":"px","size":15,"sizes":[]},"grid_v2_height_mobile":{"unit":"%","size":70,"sizes":[]}},"elements":[],"isInner":false,"widgetType":"Houzez_elementor_grid_builder","elType":"widget"}],"isInner":true,"elType":"column"},{"id":"5423c6c6","settings":{"_column_size":25,"_inline_size":null,"_inline_size_tablet":50,"space_between_widgets":0},"elements":[{"id":"bebdbc4","settings":{"grid_data":"dynamic","more_text":"More Details","grid_taxonomy":"property_city","tax_city":"%d8%a3%d8%a8%d9%88-%d8%b8%d8%a8%d9%8a","more_text_d":"\u0627\u0644\u0645\u0632\u064a\u062f \u0645\u0646 \u0627\u0644\u062a\u0641\u0627\u0635\u064a\u0644","properties_text":"\u0645\u0644\u0643\u064a\u0627\u062a","property_text":"\u0645\u0644\u0643\u064a\u0629","grid_item_margin":{"unit":"px","size":30,"sizes":[]},"grid_title_typography_font_family":"","grid_title_typography_font_weight":"normal","grid_subtitle_typography_font_family":"","grid_subtitle_typography_font_weight":"normal","grid_item_margin_tablet":{"unit":"px","size":0,"sizes":[]},"grid_item_margin_mobile":{"unit":"px","size":0,"sizes":[]},"image":{"id":18276,"url":"https:\/\/wordpress-432351-3264149.cloudwaysapps.com\/wp-content\/uploads\/2023\/01\/placeholder-6.png"},"tax_custom_image":{"id":18277,"url":"https:\/\/wordpress-432351-3264149.cloudwaysapps.com\/wp-content\/uploads\/2023\/01\/placeholder-7.png"},"grid_type":"grid-item-v3","grid_v3_height":{"unit":"%","size":200,"sizes":[]},"grid_v3_height_tablet":{"unit":"%","size":200,"sizes":[]},"_box_shadow_box_shadow_type":"yes","_box_shadow_box_shadow":{"horizontal":0,"vertical":30,"blur":60,"spread":0,"color":"rgba(0, 0, 0, 0.16)"},"_animation":"fadeIn","_animation_delay":750,"grid_v3_height_mobile":{"unit":"%","size":60,"sizes":[]},"grid_title_typography_typography":"custom","grid_title_typography_font_size":{"unit":"px","size":28,"sizes":[]},"grid_subtitle_typography_typography":"custom","grid_subtitle_typography_font_size":{"unit":"px","size":15,"sizes":[]}},"elements":[],"isInner":false,"widgetType":"Houzez_elementor_grid_builder","elType":"widget"}],"isInner":true,"elType":"column"}],"isInner":true,"elType":"section"}],"isInner":false,"elType":"column"}],"isInner":false,"elType":"section"},{"id":"2ff4838b","settings":{"background_color_b":"#FFFFFF","background_color_stop":{"unit":"%","size":50,"sizes":[]},"shape_divider_top_above_content":"yes","margin":{"unit":"px","top":"0","right":0,"bottom":"0","left":0,"isLinked":false},"padding":{"unit":"%","top":"2","right":"4","bottom":"4","left":"4","isLinked":false},"padding_tablet":{"unit":"%","top":"","right":"","bottom":"","left":"","isLinked":true},"padding_mobile":{"unit":"%","top":"","right":"","bottom":"","left":"","isLinked":true},"z_index":1,"content_width":{"unit":"px","size":1320,"sizes":[]},"background_color":"#E9F5FD96","background_image":{"url":"","id":"","size":"","alt":"","source":"library"},"background_position":"center center","background_attachment":"fixed","background_repeat":"no-repeat","background_size":"cover","background_overlay_color":"#00335A","background_overlay_opacity":{"unit":"px","size":0.86,"sizes":[]}},"elements":[{"id":"38c0c390","settings":{"_column_size":100,"_inline_size":null},"elements":[{"id":"2c3a9737","settings":{"content_width":{"unit":"px","size":1320,"sizes":[]},"animation":"fadeIn","structure":"20","layout":"full_width"},"elements":[{"id":"d837888","settings":{"_column_size":50,"_inline_size":null,"space_between_widgets":5},"elements":[{"id":"301a9974","settings":{"width":{"unit":"px","size":208,"sizes":[]},"width_tablet":{"unit":"px","size":"","sizes":[]},"width_mobile":{"unit":"px","size":"","sizes":[]},"align":"right","look":"line_text","text":"\u0645\u0646\u0627\u0632\u0644 \u0645\u0645\u064a\u0632\u0629","color":"#BDB290","text_color":"#BDB290","text_align":"right"},"elements":[],"isInner":false,"widgetType":"divider","elType":"widget"},{"id":"5d09b320","settings":{"title":"\u0645\u0646\u0627\u0632\u0644\u0646\u0627 \u0627\u0644\u062c\u062f\u064a\u062f\u0629 \u0644\u0644\u0628\u064a\u0639 \u0648\u0627\u0644\u0625\u064a\u062c\u0627\u0631","title_color":"#00335A","typography_typography":"custom","typography_font_size":{"unit":"px","size":34,"sizes":[]},"typography_line_height":{"unit":"em","size":1.5,"sizes":[]},"typography_font_size_tablet":{"unit":"px","size":28,"sizes":[]},"typography_font_size_mobile":{"unit":"px","size":24,"sizes":[]},"align":"right"},"elements":[],"isInner":false,"widgetType":"heading","elType":"widget"},{"id":"12fad8dd","settings":{"editor":"<p>\u0627\u0628\u062d\u062b \u0639\u0646 \u0645\u0646\u0627\u0632\u0644 \u0644\u0644\u0628\u064a\u0639 \u0641\u064a \u0645\u0646\u0637\u0642\u062a\u0643 \u0627\u0644\u0645\u062d\u0644\u064a\u0629 \u062d\u0633\u0628 \u0627\u0644\u0633\u0639\u0631 \u0623\u0648 \u0648\u0633\u0627\u0626\u0644 \u0627\u0644\u0631\u0627\u062d\u0629 \u0623\u0648 \u0627\u0644\u0645\u064a\u0632\u0627\u062a \u0627\u0644\u0623\u062e\u0631\u0649. \u0633\u0646\u0639\u0631\u0636 \u0644\u0643 \u0633\u062c\u0644 \u0627\u0644\u0645\u0628\u064a\u0639\u0627\u062a \u0648\u0646\u0642\u062f\u0645 \u0644\u0643 \u0646\u0635\u0627\u0626\u062d \u0645\u0641\u064a\u062f\u0629.<\/p>","typography_typography":"custom","typography_font_size":{"unit":"px","size":18,"sizes":[]},"typography_line_height":{"unit":"em","size":1.7,"sizes":[]},"text_color":"#62798B","typography_font_size_tablet":{"unit":"px","size":18,"sizes":[]},"typography_font_size_mobile":{"unit":"px","size":16,"sizes":[]},"align":"right"},"elements":[],"isInner":false,"widgetType":"text-editor","elType":"widget"}],"isInner":true,"elType":"column"},{"id":"24994c35","settings":{"_column_size":50,"_inline_size":null},"elements":[],"isInner":true,"elType":"column"}],"isInner":true,"elType":"section"},{"id":"5b254696","settings":{"content_width":{"unit":"px","size":1320,"sizes":[]},"animation":"fadeIn","layout":"full_width"},"elements":[{"id":"7290b65","settings":{"_column_size":100,"_inline_size":null},"elements":[{"id":"6c54c3f8","settings":{"module_type":"grid_4_cols","posts_limit":4},"elements":[],"isInner":false,"widgetType":"houzez_elementor_property-card-v7","elType":"widget"}],"isInner":true,"elType":"column"}],"isInner":true,"elType":"section"}],"isInner":false,"elType":"column"}],"isInner":false,"elType":"section"},{"id":"4f579579","settings":{"content_width":{"unit":"px","size":1320,"sizes":[]},"background_color":"#E9F5FD96","background_color_stop":{"unit":"%","size":50,"sizes":[]},"background_color_b":"#FFFFFF","background_gradient_angle":{"unit":"deg","size":0,"sizes":[]},"background_image":{"url":"","id":"","size":"","alt":"","source":"library"},"background_position":"center center","background_attachment":"fixed","background_repeat":"no-repeat","background_size":"cover","background_overlay_color":"#00335A","background_overlay_opacity":{"unit":"px","size":0.86,"sizes":[]},"border_border":"solid","border_width":{"unit":"px","top":"1","right":"0","bottom":"0","left":"0","isLinked":false},"border_color":"#D5E0EC","shape_divider_top_above_content":"yes","margin":{"unit":"px","top":"0","right":0,"bottom":"0","left":0,"isLinked":false},"padding":{"unit":"%","top":"4","right":"4","bottom":"4","left":"4","isLinked":true},"padding_tablet":{"unit":"%","top":"","right":"","bottom":"","left":"","isLinked":true},"padding_mobile":{"unit":"%","top":"","right":"","bottom":"","left":"","isLinked":true},"z_index":1},"elements":[{"id":"34ee41c1","settings":{"_column_size":100,"_inline_size":null},"elements":[{"id":"10b52f0c","settings":{"layout":"full_width","content_position":"middle","structure":"20","z_index":1},"elements":[{"id":"a0a112","settings":{"_column_size":50,"_inline_size":31.001,"padding":{"unit":"%","top":"0","right":"0","bottom":"0","left":"015","isLinked":false},"_inline_size_tablet":100,"padding_tablet":{"unit":"px","top":"70","right":"70","bottom":"40","left":"70","isLinked":false},"padding_mobile":{"unit":"px","top":"30","right":"30","bottom":"30","left":"30","isLinked":true},"space_between_widgets":5},"elements":[{"id":"6e9c0e7e","settings":{"width":{"unit":"px","size":208,"sizes":[]},"width_tablet":{"unit":"px","size":"","sizes":[]},"width_mobile":{"unit":"px","size":"","sizes":[]},"align":"right","look":"line_text","text":"\u0627\u062a\u0635\u0644 \u0628\u0646\u0627","color":"#BDB290","text_color":"#BDB290","text_align":"right"},"elements":[],"isInner":false,"widgetType":"divider","elType":"widget"},{"id":"73e200c5","settings":{"title":"\u0623\u0628\u0642 \u0639\u0644\u0649 \u0627\u062a\u0635\u0627\u0644","size":"large","align":"right","title_color":"#00335A","typography_typography":"custom","typography_line_height":{"unit":"em","size":1.5,"sizes":[]},"typography_font_size_mobile":{"unit":"px","size":24,"sizes":[]},"header_size":"h3","typography_font_size":{"unit":"px","size":34,"sizes":[]},"typography_font_size_tablet":{"unit":"px","size":28,"sizes":[]}},"elements":[],"isInner":false,"widgetType":"heading","elType":"widget"},{"id":"6239455c","settings":{"editor":"<p>\u062a\u0645\u062a\u0644\u0643 \u0634\u0631\u0643\u062a\u0646\u0627 \u0627\u0644\u0639\u0642\u0627\u0631\u064a\u0629 \u0639\u062f\u062f\u064b\u0627 \u0645\u0646 \u0627\u0644\u0642\u0648\u0627\u0626\u0645 \u0627\u0644\u0641\u0627\u062e\u0631\u0629 \u0648\u0627\u0644\u062d\u0635\u0631\u064a\u0629 \u0627\u0644\u0645\u062b\u0627\u0644\u064a\u0629 \u0644\u0644\u0639\u0645\u0644\u0627\u0621 \u0627\u0644\u062f\u0648\u0644\u064a\u064a\u0646.<\/p>","text_color":"#62798B","align":"right","typography_typography":"custom","typography_font_size":{"unit":"px","size":18,"sizes":[]},"typography_font_size_tablet":{"unit":"px","size":18,"sizes":[]},"typography_font_size_mobile":{"unit":"px","size":16,"sizes":[]},"typography_line_height":{"unit":"em","size":1.7,"sizes":[]}},"elements":[],"isInner":false,"widgetType":"text-editor","elType":"widget"},{"id":"4e826a2c","settings":{"icon_list":[{"text":"\u062f\u0628\u064a, \u0627\u0644\u0625\u0645\u0627\u0631\u0627\u062a \u0627\u0644\u0639\u0631\u0628\u064a\u0629 \u0627\u0644\u0645\u062a\u062d\u062f\u0629","selected_icon":{"value":{"url":"https:\/\/wordpress-432351-3264149.cloudwaysapps.com\/wp-content\/uploads\/2023\/02\/marker.svg","id":18931},"library":"svg"},"_id":"ca28b70"},{"text":"(987) 654 3210","selected_icon":{"value":{"url":"https:\/\/wordpress-432351-3264149.cloudwaysapps.com\/wp-content\/uploads\/2023\/02\/whatsapp.svg","id":18930},"library":"svg"},"_id":"2599af1"}],"space_between":{"unit":"px","size":10,"sizes":[]},"icon_color":"#FFFFFF","icon_size":{"unit":"px","size":18,"sizes":[]},"text_color":"#00335A","_margin":{"unit":"px","top":"0","right":"0","bottom":"0","left":"0","isLinked":false},"icon_typography_typography":"custom","icon_typography_font_weight":"bold"},"elements":[],"isInner":false,"widgetType":"icon-list","elType":"widget"}],"isInner":true,"elType":"column"},{"id":"578ed23a","settings":{"_column_size":50,"_inline_size":68.999,"_inline_size_tablet":100,"padding_tablet":{"unit":"px","top":"0","right":"70","bottom":"40","left":"70","isLinked":false},"padding_mobile":{"unit":"px","top":"10","right":"30","bottom":"30","left":"30","isLinked":false}},"elements":[{"id":"584a493c","settings":{"form_name":"New Form","form_fields":[{"field_type":"user_type","field_label":"\u0645\u0639\u0644\u0648\u0645\u0627\u062a \u0634\u062e\u0635\u064a\u0629","placeholder":"\u064a\u062e\u062a\u0627\u0631","required":"true","field_options":"Property owner\nAgent\n","width":"33","_id":"b66c734"},{"field_type":"first_name","field_label":"&nbsp;","placeholder":"\u0627\u0644\u0627\u0633\u0645 \u0627\u0644\u0623\u0648\u0644","required":"true","width":"33","_id":"ac32e68"},{"field_type":"last_name","field_label":"&nbsp;","placeholder":"\u0627\u0633\u0645 \u0627\u0644\u0639\u0627\u0626\u0644\u0629","required":"true","width":"33","_id":"7304c05"},{"field_type":"email","placeholder":"\u0639\u0646\u0648\u0627\u0646 \u0627\u0644\u0628\u0631\u064a\u062f \u0627\u0644\u0625\u0644\u0643\u062a\u0631\u0648\u0646\u064a","required":"true","width":"66","_id":"7b74074"},{"field_type":"mobile","placeholder":"\u0631\u0642\u0645 \u0627\u0644\u062a\u0644\u064a\u0641\u0648\u0646","required":"true","width":"33","_id":"e92d2c5"},{"field_type":"e_meta[property_type]","field_label":"\u0645\u0639\u0644\u0648\u0645\u0627\u062a \u0627\u0644\u0645\u0644\u0643\u064a\u0629","placeholder":"\u064a\u0643\u062a\u0628","required":"true","width":"33","_id":"08ee178"},{"field_type":"e_meta[zipcode]","field_label":"&nbsp;","placeholder":"\u0627\u0644\u0631\u0645\u0632 \u0627\u0644\u0628\u0631\u064a\u062f\u064a","required":"true","width":"33","_id":"cfcfcd6"},{"field_type":"e_meta[city]","field_label":"&nbsp;","placeholder":"\u0645\u062f\u064a\u0646\u0629","width":"33","_id":"5e7d721"},{"field_type":"e_meta[beds]","placeholder":"\u063a\u0631\u0641 \u0646\u0648\u0645","required":"true","width":"33","_id":"c3053de"},{"field_type":"e_meta[baths]","placeholder":"\u0627\u0644\u062d\u0645\u0627\u0645\u0627\u062a","required":"true","width":"33","_id":"ca559d7"},{"field_type":"e_meta[price]","placeholder":"\u0645\u064a\u0632\u0627\u0646\u064a\u062a\u0643","required":"true","width":"33","_id":"3dbb366"}],"button_text":"\u0625\u0631\u0633\u0627\u0644 \u0631\u0633\u0627\u0644\u0629","email_to":"hello@favethemes.com","email_subject":"New message from &quot;Houzez - Highly Customizable Real Estate WordPress Theme&quot;","button_background_color":"#BDB290","button_background_hover_color":"#D5C9A4","_background_color":"#FFFFFF","input_size":"md","button_size":"md","column_gap":{"unit":"px","size":15,"sizes":[]},"row_gap":{"unit":"px","size":15,"sizes":[]},"label_spacing":{"unit":"px","size":15,"sizes":[]},"label_typography_typography":"custom","label_typography_font_family":"Inter","label_typography_font_size":{"unit":"px","size":14,"sizes":[]},"field_typography_typography":"custom","field_typography_font_size":{"unit":"px","size":14,"sizes":[]},"field_border_color":"#CCDBE7","button_typography_typography":"custom","button_typography_font_size":{"unit":"px","size":14,"sizes":[]},"button_typography_text_transform":"uppercase","button_typography_letter_spacing":{"unit":"px","size":1.9,"sizes":[]},"button_border_radius":{"unit":"px","top":"3","right":"3","bottom":"3","left":"3","isLinked":true},"_box_shadow_box_shadow":{"horizontal":0,"vertical":80,"blur":80,"spread":0,"color":"rgba(0, 0, 0, 0.16)"},"column_gap_mobile":{"unit":"px","size":20,"sizes":[]},"row_gap_mobile":{"unit":"px","size":10,"sizes":[]},"_padding_tablet":{"unit":"px","top":"0","right":"0","bottom":"0","left":"0","isLinked":true},"label_color":"#00335A","field_text_color":"#62798B","field_border_width":{"unit":"px","top":"1","right":"1","bottom":"1","left":"1","isLinked":true},"field_border_radius":{"unit":"px","top":"0","right":"0","bottom":"0","left":"0","isLinked":true},"_z_index":0,"_border_width":{"unit":"px","top":"1","right":"1","bottom":"1","left":"1","isLinked":true}},"elements":[],"isInner":false,"widgetType":"houzez_elementor_inquiry_form","elType":"widget"}],"isInner":true,"elType":"column"}],"isInner":true,"elType":"section"}],"isInner":false,"elType":"column"}],"isInner":false,"elType":"section"}],"page_settings":{"background_color":"#FFFFFF"},"version":"0.4","title":"Homepage 01 - Demo 30","type":"page"}