{"version":"0.4","title":"Demo 12 &#8211; Homepage","type":"page","content":[{"id":"71f88a43","settings":{"stretch_section":"section-stretched","background_background":"classic","background_color":"#ffffff","animation":"fadeIn"},"elements":[{"id":"3e8d7853","settings":{"_column_size":100},"elements":[{"id":"e3119f9","settings":{"height_mobile":{"unit":"px","size":10,"sizes":[]}},"elements":[],"isInner":false,"widgetType":"houzez_elementor_space","elType":"widget"},{"id":"3f687030","settings":{"hz_section_title":"The Best Way To Find Your Home\u200b","hz_section_subtitle":"Help your visitors find the right property by letting them set various search criteria\n","section_title_typography_typography":"custom","section_title_typography_font_family":"Lato","section_title_typography_font_size":{"unit":"px","size":35,"sizes":[]},"section_title_typography_line_height":{"unit":"em","size":1.3,"sizes":[]},"section_subtitle_typography_typography":"custom","section_subtitle_typography_font_size":{"unit":"px","size":18,"sizes":[]},"houzez_section_title_color":"#000000","section_title_typography_font_size_mobile":{"unit":"px","size":28,"sizes":[]},"section_subtitle_typography_font_size_mobile":{"unit":"px","size":16,"sizes":[]},"section_subtitle_typography_line_height_mobile":{"unit":"em","size":1.5,"sizes":[]}},"elements":[],"isInner":false,"widgetType":"houzez_elementor_section_title","elType":"widget"},{"id":"567fc09c","settings":{"_padding":{"unit":"px","top":"0","right":"0","bottom":"0","left":"0","isLinked":true}},"elements":[],"isInner":false,"widgetType":"houzez_elementor_advanced_search","elType":"widget"},{"id":"2547758b","settings":[],"elements":[],"isInner":false,"widgetType":"houzez_elementor_space","elType":"widget"}],"isInner":false,"elType":"column"}],"isInner":false,"elType":"section"},{"id":"199d49f9","settings":{"stretch_section":"section-stretched","background_background":"classic","background_color":"#ffffff","animation":"fadeIn"},"elements":[{"id":"2ee184a4","settings":{"_column_size":100},"elements":[{"id":"629101c1","settings":{"color":"#ebebeb","text":"Divider"},"elements":[],"isInner":false,"widgetType":"divider","elType":"widget"},{"id":"692dbee8","settings":[],"elements":[],"isInner":false,"widgetType":"houzez_elementor_space","elType":"widget"},{"id":"50dfd83","settings":{"icon_boxes":[{"icon_type":"custom_icon","custom_icon":{"url":"http:\/\/wordpress-248995-780983.cloudwaysapps.com\/wp-content\/uploads\/2017\/11\/icon-Asset-20.png","id":7710},"title":"Enable Radius Search Functionality","text":"Search properties by their proximity to you in kilometers or miles on all search pages","read_more_text":"Read more","read_more_link":{"url":"#"},"_id":"91578f3"},{"icon_type":"custom_icon","title":"Complete Search Filters","text":"Allow your clients to fine-tune their search results and focus on the details that matter the most","read_more_text":"Read more","read_more_link":{"url":"#"},"_id":"7096150","custom_icon":{"url":"http:\/\/wordpress-248995-780983.cloudwaysapps.com\/wp-content\/uploads\/2017\/11\/icon-Asset-19.png","id":7711}},{"icon_type":"custom_icon","title":"Advanced Search Options Panel","text":"Customize your search layout easily with a complete and advanced search option panel","read_more_text":"Read more","read_more_link":{"url":"#"},"_id":"09db415","custom_icon":{"url":"http:\/\/wordpress-248995-780983.cloudwaysapps.com\/wp-content\/uploads\/2017\/11\/icon-Asset-21.png","id":7709}},{"icon_type":"custom_icon","title":"Email Alerts For Saved Searches","text":"Let your visitors configure their searches with a range of criteria and notify them of new matches","read_more_text":"Read more","read_more_link":{"url":"#"},"_id":"3565070","custom_icon":{"url":"http:\/\/wordpress-248995-780983.cloudwaysapps.com\/wp-content\/uploads\/2017\/11\/icon-Asset-22.png","id":7758}}],"icon_boxes_style":"style3","icon_boxes_columns":"four_columns","title_spacing_a":{"unit":"px","size":0,"sizes":[]},"title_typography_a_typography":"custom","title_typography_a_font_weight":"500"},"elements":[],"isInner":false,"widgetType":"houzez_elementor_icon_box","elType":"widget"},{"id":"7fb56283","settings":[],"elements":[],"isInner":false,"widgetType":"houzez_elementor_space","elType":"widget"}],"isInner":false,"elType":"column"}],"isInner":false,"elType":"section"},{"id":"418098cb","settings":{"stretch_section":"section-stretched","height":"min-height","structure":"20","background_background":"classic","background_image":{"url":"http:\/\/wordpress-248995-780983.cloudwaysapps.com\/wp-content\/uploads\/2017\/11\/200.jpg","id":7698},"background_attachment":"fixed","background_size":"cover","background_overlay_background":"classic","background_overlay_color":"#000000","animation":"fadeIn","custom_height":{"unit":"vh","size":100,"sizes":[]},"custom_height_mobile":{"unit":"vh","size":100,"sizes":[]}},"elements":[{"id":"3f95f2b4","settings":{"_column_size":50,"_inline_size":50},"elements":[{"id":"16252400","settings":{"title":"$1,789,000","header_size":"div","title_color":"#FFFFFF","typography_typography":"custom","typography_font_size":{"unit":"px","size":30,"sizes":[]},"typography_font_weight":"100"},"elements":[],"isInner":false,"widgetType":"heading","elType":"widget"},{"id":"359caa62","settings":{"hz_section_title":"Modern Design Villa With Pool ","section_title_typography_typography":"custom","section_title_typography_font_family":"Lato","section_title_typography_font_size":{"unit":"px","size":60,"sizes":[]},"section_title_typography_line_height":{"unit":"em","size":1.3,"sizes":[]},"houzez_section_title_color":"#FFFFFF","section_title_typography_font_size_mobile":{"unit":"px","size":40,"sizes":[]},"section_subtitle_typography_typography":"custom","section_subtitle_typography_font_size":{"unit":"px","size":18,"sizes":[]},"section_title_typography_font_weight":"100","section_subtitle_typography_line_height":{"unit":"em","size":2,"sizes":[]},"houzez_section_title_align":"left","houzez_section_subtitle_color":"#FFFFFF","homey_main_title_spacing":{"unit":"px","size":0,"sizes":[]},"homey_subtitle_spacing":{"unit":"px","size":5,"sizes":[]},"houzez_section_title_margin_bottom":{"unit":"px","size":0,"sizes":[]}},"elements":[],"isInner":false,"widgetType":"houzez_elementor_section_title","elType":"widget"},{"id":"4dee6289","settings":{"view":"inline","icon_list":[{"text":"4 Beds","selected_icon":{"value":"fas fa-bed","library":"fa-solid"},"_id":"a698778","link":{"url":"","is_external":"","nofollow":"","custom_attributes":""}},{"text":"2 Full Baths, 2 Half","selected_icon":{"value":"fas fa-shower","library":"fa-solid"},"_id":"8ccedd1","link":{"url":"","is_external":"","nofollow":"","custom_attributes":""}},{"text":"2,987 Sq Ft","selected_icon":{"value":"fas fa-ruler-combined","library":"fa-solid"},"_id":"7da360a","link":{"url":"","is_external":"","nofollow":"","custom_attributes":""}}],"space_between":{"unit":"px","size":20,"sizes":[]},"icon_color":"#FFFFFF","icon_size":{"unit":"px","size":18,"sizes":[]},"text_color":"#FFFFFF","icon_typography_typography":"custom","icon_typography_font_size":{"unit":"px","size":18,"sizes":[]},"icon_typography_font_weight":"100","_margin":{"unit":"px","top":"0","right":"0","bottom":"15","left":"0","isLinked":false}},"elements":[],"isInner":false,"widgetType":"icon-list","elType":"widget"},{"id":"beb8088","settings":{"text":"View Property","background_color":"rgba(255, 255, 255, 0)","border_border":"solid","border_width":{"unit":"px","top":"1","right":"1","bottom":"1","left":"1","isLinked":true},"border_color":"#ffffff","border_radius":{"unit":"px","top":"4","right":"4","bottom":"4","left":"4","isLinked":true},"typography_typography":"custom","typography_font_weight":"500","align":"left","size":"md","hover_color":"#0C4F84","button_background_hover_color":"rgba(255, 255, 255, 0.87)"},"elements":[],"isInner":false,"widgetType":"button","elType":"widget"}],"isInner":false,"elType":"column"},{"id":"13883f91","settings":{"_column_size":50,"_inline_size":50},"elements":[],"isInner":false,"elType":"column"}],"isInner":false,"elType":"section"},{"id":"4d1f0c34","settings":{"stretch_section":"section-stretched","background_background":"classic","animation":"fadeIn"},"elements":[{"id":"25a583cb","settings":{"_column_size":100},"elements":[{"id":"7eb02894","settings":[],"elements":[],"isInner":false,"widgetType":"houzez_elementor_space","elType":"widget"},{"id":"3f18a1d2","settings":{"hz_section_title":"Our Featured Properties","hz_section_subtitle":"Create property listings with all the features you\u2019d expect\n\n","section_title_typography_typography":"custom","section_title_typography_font_family":"Lato","section_title_typography_font_size":{"unit":"px","size":35,"sizes":[]},"section_title_typography_line_height":{"unit":"em","size":1.3,"sizes":[]},"section_subtitle_typography_typography":"custom","section_subtitle_typography_font_size":{"unit":"px","size":18,"sizes":[]},"houzez_section_title_color":"#000000","section_title_typography_font_size_mobile":{"unit":"px","size":28,"sizes":[]},"section_subtitle_typography_font_size_mobile":{"unit":"px","size":16,"sizes":[]},"section_subtitle_typography_line_height_mobile":{"unit":"em","size":1.5,"sizes":[]},"houzez_section_title_align_mobile":"left"},"elements":[],"isInner":false,"widgetType":"houzez_elementor_section_title","elType":"widget"}],"isInner":false,"elType":"column"}],"isInner":false,"elType":"section"},{"id":"123ca3fb","settings":[],"elements":[{"id":"2d28ba63","settings":{"_column_size":100,"_inline_size":null},"elements":[{"id":"7ba93ec2","settings":{"posts_limit":"6","sort_by":"featured_top"},"elements":[],"isInner":false,"widgetType":"houzez_elementor_property-card-v6","elType":"widget"}],"isInner":false,"elType":"column"}],"isInner":false,"elType":"section"},{"id":"6302db11","settings":{"stretch_section":"section-stretched","background_background":"classic","animation":"fadeIn"},"elements":[{"id":"258258d6","settings":{"_column_size":100},"elements":[{"id":"15009751","settings":[],"elements":[],"isInner":false,"widgetType":"houzez_elementor_space","elType":"widget"},{"id":"7e0a07d2","settings":{"hz_section_title":"Complete Property Option Panel","hz_section_subtitle":"Choose from a number of property options and present your listings with style and substance","section_title_typography_typography":"custom","section_title_typography_font_family":"Lato","section_title_typography_font_size":{"unit":"px","size":35,"sizes":[]},"section_title_typography_line_height":{"unit":"em","size":1.3,"sizes":[]},"section_subtitle_typography_typography":"custom","section_subtitle_typography_font_size":{"unit":"px","size":18,"sizes":[]},"houzez_section_title_color":"#000000","section_title_typography_font_size_mobile":{"unit":"px","size":28,"sizes":[]},"section_subtitle_typography_font_size_mobile":{"unit":"px","size":16,"sizes":[]},"section_subtitle_typography_line_height_mobile":{"unit":"em","size":1.5,"sizes":[]},"houzez_section_title_align_mobile":"center"},"elements":[],"isInner":false,"widgetType":"houzez_elementor_section_title","elType":"widget"},{"id":"3f88daaf","settings":{"height":{"unit":"px","size":20,"sizes":[]}},"elements":[],"isInner":false,"widgetType":"houzez_elementor_space","elType":"widget"},{"id":"6619e8a5","settings":{"icon_boxes":[{"icon_type":"custom_icon","custom_icon":{"url":"http:\/\/wordpress-248995-780983.cloudwaysapps.com\/wp-content\/uploads\/2017\/11\/icon-Asset-23.png","id":7757},"title":"Property Settings","text":"Create property listings with all the features you\u2019d expect: area size, price range and more","read_more_text":"Read more","read_more_link":{"url":"#"},"_id":"91578f3"},{"icon_type":"custom_icon","title":"Layout Manager","text":"Sort, enable and disable property page sections as you see fit with a simple drag-and-drop panel","read_more_text":"Read more","read_more_link":{"url":"#"},"_id":"7096150","custom_icon":{"url":"http:\/\/wordpress-248995-780983.cloudwaysapps.com\/wp-content\/uploads\/2017\/11\/icon-Asset-24.png","id":7756}},{"icon_type":"custom_icon","title":"Compare Properties","text":"Let your users compare different properties based on their features and parameters","read_more_text":"Read more","read_more_link":{"url":"#"},"_id":"09db415","custom_icon":{"url":"http:\/\/wordpress-248995-780983.cloudwaysapps.com\/wp-content\/uploads\/2017\/11\/icon-Asset-25.png","id":7755}},{"icon_type":"custom_icon","title":"Agent Forms","text":"Help your agents make sales by placing an easy-to-use contact form in the header of each listing","read_more_text":"Read more","read_more_link":{"url":"#"},"_id":"3565070","custom_icon":{"url":"http:\/\/wordpress-248995-780983.cloudwaysapps.com\/wp-content\/uploads\/2017\/11\/icon-Asset-26.png","id":7754}}],"icon_boxes_style":"style3","icon_boxes_columns":"four_columns","title_spacing_a":{"unit":"px","size":0,"sizes":[]},"title_typography_a_typography":"custom","title_typography_a_font_weight":"500"},"elements":[],"isInner":false,"widgetType":"houzez_elementor_icon_box","elType":"widget"},{"id":"c831a75","settings":[],"elements":[],"isInner":false,"widgetType":"houzez_elementor_space","elType":"widget"},{"id":"4db9f4a8","settings":[],"elements":[],"isInner":false,"widgetType":"houzez_elementor_space","elType":"widget"}],"isInner":false,"elType":"column"}],"isInner":false,"elType":"section"},{"id":"55926bf4","settings":{"stretch_section":"section-stretched","height":"full","background_background":"classic","background_image":{"url":"http:\/\/wordpress-248995-780983.cloudwaysapps.com\/wp-content\/uploads\/2017\/11\/200.jpg","id":7698},"background_attachment":"fixed","background_size":"cover","background_overlay_background":"classic","background_overlay_color":"#000000","animation":"fadeIn","margin":{"unit":"px","top":"0","right":0,"bottom":"0","left":0,"isLinked":true},"padding":{"unit":"px","top":"0","right":"0","bottom":"0","left":"0","isLinked":true}},"elements":[{"id":"54fb6555","settings":{"_column_size":100,"_inline_size":null},"elements":[{"id":"73016a33","settings":{"hz_section_title":"Meet Our Real Estate Agents","hz_section_subtitle":"Provide your sales agents with attractive profile pages where they can display their contact info and listings","section_title_typography_typography":"custom","section_title_typography_font_family":"Lato","section_title_typography_font_size":{"unit":"px","size":35,"sizes":[]},"section_title_typography_line_height":{"unit":"em","size":1.3,"sizes":[]},"section_subtitle_typography_typography":"custom","section_subtitle_typography_font_size":{"unit":"px","size":18,"sizes":[]},"houzez_section_title_color":"#FFFFFF","houzez_section_subtitle_color":"#FFFFFF","section_title_typography_font_size_mobile":{"unit":"px","size":28,"sizes":[]},"section_subtitle_typography_font_size_mobile":{"unit":"px","size":16,"sizes":[]},"section_subtitle_typography_line_height_mobile":{"unit":"em","size":1.5,"sizes":[]},"houzez_section_title_align_mobile":"left"},"elements":[],"isInner":false,"widgetType":"houzez_elementor_section_title","elType":"widget"},{"id":"640fd129","settings":{"posts_limit":"9","columns":"4","_margin":{"unit":"px","top":"0","right":"0","bottom":"0","left":"0","isLinked":true},"_padding":{"unit":"px","top":"0","right":"0","bottom":"0","left":"0","isLinked":true}},"elements":[],"isInner":false,"widgetType":"houzez_elementor_agents","elType":"widget"}],"isInner":false,"elType":"column"}],"isInner":false,"elType":"section"},{"id":"6b6cf278","settings":{"stretch_section":"section-stretched","background_background":"classic","animation":"fadeIn"},"elements":[{"id":"73a6acd1","settings":{"_column_size":100},"elements":[{"id":"4d3d9012","settings":[],"elements":[],"isInner":false,"widgetType":"houzez_elementor_space","elType":"widget"},{"id":"5a0962d8","settings":{"hz_section_title":"News From Our Blog","hz_section_subtitle":"Keep always update on latest topics","section_title_typography_typography":"custom","section_title_typography_font_family":"Lato","section_title_typography_font_size":{"unit":"px","size":35,"sizes":[]},"section_title_typography_line_height":{"unit":"em","size":1.3,"sizes":[]},"section_subtitle_typography_typography":"custom","section_subtitle_typography_font_size":{"unit":"px","size":18,"sizes":[]},"houzez_section_title_color":"#000000","section_title_typography_font_size_mobile":{"unit":"px","size":28,"sizes":[]},"section_subtitle_typography_font_size_mobile":{"unit":"px","size":16,"sizes":[]},"section_subtitle_typography_line_height_mobile":{"unit":"em","size":1.5,"sizes":[]},"houzez_section_title_align_mobile":"left"},"elements":[],"isInner":false,"widgetType":"houzez_elementor_section_title","elType":"widget"},{"id":"5547ce77","settings":{"posts_limit":"4"},"elements":[],"isInner":false,"widgetType":"houzez_elementor_blog_posts","elType":"widget"},{"id":"7c1f14b6","settings":[],"elements":[],"isInner":false,"widgetType":"houzez_elementor_space","elType":"widget"}],"isInner":false,"elType":"column"}],"isInner":false,"elType":"section"},{"id":"7001da61","settings":{"stretch_section":"section-stretched","background_background":"classic","animation":"fadeIn","background_color":"#ffffff","margin":{"unit":"px","top":"0","right":0,"bottom":"0","left":0,"isLinked":false},"content_position":"middle","structure":"30","padding":{"unit":"px","top":"70","right":"0","bottom":"70","left":"0","isLinked":false}},"elements":[{"id":"41950f5a","settings":{"_column_size":33,"_inline_size":40},"elements":[{"id":"31bbbf18","settings":{"hz_section_title":"Get A Free Consultation","hz_section_subtitle":"Help your visitors find the right property by letting them set various search criteria\n","section_title_typography_typography":"custom","section_title_typography_font_family":"Lato","section_title_typography_font_size":{"unit":"px","size":35,"sizes":[]},"section_title_typography_line_height":{"unit":"em","size":1.3,"sizes":[]},"section_subtitle_typography_typography":"custom","section_subtitle_typography_font_size":{"unit":"px","size":18,"sizes":[]},"houzez_section_title_align":"left","houzez_section_title_color":"#000000","section_title_typography_font_size_mobile":{"unit":"px","size":28,"sizes":[]},"section_subtitle_typography_font_size_mobile":{"unit":"px","size":16,"sizes":[]},"section_subtitle_typography_line_height_mobile":{"unit":"em","size":1.5,"sizes":[]},"houzez_section_title_align_mobile":"left"},"elements":[],"isInner":false,"widgetType":"houzez_elementor_section_title","elType":"widget"}],"isInner":false,"elType":"column"},{"id":"77587300","settings":{"_column_size":33,"_inline_size":9.649},"elements":[],"isInner":false,"elType":"column"},{"id":"38d90bcc","settings":{"_column_size":33,"_inline_size":49.988},"elements":[{"id":"7151b1cd","settings":{"hz_section_title":"Information","section_title_typography_typography":"custom","section_title_typography_font_family":"Lato","section_title_typography_font_size":{"unit":"px","size":18,"sizes":[]},"section_title_typography_font_weight":"600","houzez_section_title_align":"left","homey_main_title_spacing":{"unit":"px","size":0,"sizes":[]},"homey_subtitle_spacing":{"unit":"px","size":0,"sizes":[]},"houzez_section_title_margin_bottom":{"unit":"px","size":0,"sizes":[]}},"elements":[],"isInner":false,"widgetType":"houzez_elementor_section_title","elType":"widget"},{"id":"551d4eeb","settings":{"form_name":"New Form","form_fields":[{"field_type":"first_name","field_label":"First name","placeholder":"First name","required":"","field_options":"","width":"50","width_tablet":"","width_mobile":"","rows":4,"_id":"7e77413"},{"field_type":"last_name","field_label":"Last name","placeholder":"Last name","required":"","field_options":"","width":"50","width_tablet":"","width_mobile":"","rows":4,"_id":"fee3c56"},{"_id":"email","field_type":"email","required":"true","field_label":"Email","placeholder":"Email","width":"100","field_options":"","width_tablet":"","width_mobile":"","rows":4},{"_id":"message","field_type":"message","field_label":"Message","placeholder":"Message","width":"100","required":"","field_options":"","width_tablet":"","width_mobile":"","rows":4}],"show_labels":"","con_google_recaptcha":"","gdpr_agreement":"yes","gdpr_label":"GDPR Agreement","gdpr_text":"Lorem ipsum dolor sit amet, consectetur adipiscing elit, sed do eiusmod tempor incididunt ut labore et dolore magna aliqua.","button_text":"Submit","email_to":"hello@favethemes.com","email_subject":"New message from &quot;Houzez&quot;","button_background_color":"#0C4F84","button_background_hover_color":"rgba(12, 79, 132, 0.81)"},"elements":[],"isInner":false,"widgetType":"houzez_elementor_contact_form","elType":"widget"}],"isInner":false,"elType":"column"}],"isInner":false,"elType":"section"}]}