{"version":"0.4","title":"Default Demo &#8211; Homepage with capture form","type":"page","content":[{"id":"77582186","settings":{"gap":"no","background_background":"slideshow","background_slideshow_gallery":[{"id":"16263","url":"https:\/\/default.houzez.co\/wp-content\/uploads\/2020\/03\/206.jpg"},{"id":"16248","url":"https:\/\/default.houzez.co\/wp-content\/uploads\/2020\/03\/205.jpg"},{"id":"16266","url":"https:\/\/default.houzez.co\/wp-content\/uploads\/2020\/03\/204.jpg"}],"background_overlay_background":"classic","background_overlay_color":"#004274","background_slideshow_ken_burns":"yes","background_overlay_opacity":{"unit":"px","size":0.65,"sizes":[]}},"elements":[{"id":"2b6c86e8","settings":{"_column_size":100,"_inline_size":null},"elements":[{"id":"e800c49","settings":[],"elements":[],"isInner":false,"widgetType":"houzez_elementor_space","elType":"widget"},{"id":"3efb0c37","settings":{"gap":"no","structure":"30","content_position":"middle","padding":{"unit":"px","top":"70","right":"0","bottom":"0","left":"0","isLinked":false}},"elements":[{"id":"5db42797","settings":{"_column_size":33,"_inline_size":49.298},"elements":[{"id":"1c9b6000","settings":{"hz_section_title":"Display custom contact forms that integrate with Houzez CRM","hz_section_subtitle":"When one of your visitors fill up this form the data will be stored in the Houzez CRM as new lead\n","section_title_typography_typography":"custom","section_title_typography_font_size":{"unit":"px","size":35,"sizes":[]},"section_title_typography_font_size_mobile":{"unit":"px","size":25,"sizes":[]},"section_title_typography_font_weight":"400","section_title_typography_line_height":{"unit":"em","size":1.4,"sizes":[]},"section_subtitle_typography_typography":"custom","section_subtitle_typography_font_size":{"unit":"px","size":20,"sizes":[]},"section_subtitle_typography_font_size_mobile":{"unit":"px","size":16,"sizes":[]},"section_subtitle_typography_line_height":{"unit":"em","size":1.5,"sizes":[]},"houzez_section_title_align":"left","houzez_section_title_color":"#FFFFFF","houzez_section_subtitle_color":"#FFFFFF","houzez_section_title_margin_bottom":{"unit":"px","size":20,"sizes":[]},"_animation":"fadeIn","animation_duration":"slow"},"elements":[],"isInner":false,"widgetType":"houzez_elementor_section_title","elType":"widget"}],"isInner":true,"elType":"column"},{"id":"7ea9e50a","settings":{"_column_size":33,"_inline_size":10.018},"elements":[],"isInner":true,"elType":"column"},{"id":"bfc7da0","settings":{"_column_size":33,"_inline_size":40.016,"space_between_widgets":0},"elements":[{"id":"53199351","settings":{"hz_section_title":"Get In Touch","hz_section_subtitle":"Fill out this form and one of our agents will be in touch with you soon\n","section_title_typography_typography":"custom","section_title_typography_font_size":{"unit":"px","size":18,"sizes":[]},"section_subtitle_typography_typography":"custom","section_subtitle_typography_font_weight":"400","houzez_section_title_align":"left","houzez_section_subtitle_color":"#7A7A7A","homey_main_title_spacing":{"unit":"px","size":15,"sizes":[]},"homey_subtitle_spacing":{"unit":"px","size":0,"sizes":[]},"houzez_section_title_margin_bottom":{"unit":"px","size":0,"sizes":[]},"_padding":{"unit":"px","top":"30","right":"30","bottom":"10","left":"30","isLinked":false},"_background_background":"classic","_background_color":"#FFFFFF"},"elements":[],"isInner":false,"widgetType":"houzez_elementor_section_title","elType":"widget"},{"id":"2500c98b","settings":{"form_name":"New Form","form_fields":[{"_id":"name","field_type":"name","field_label":"Name","placeholder":"Name","width":"100","required":"","field_options":"","width_tablet":"","width_mobile":"","rows":4},{"_id":"email","field_type":"email","required":"true","field_label":"Email","placeholder":"Email","width":"50","field_options":"","width_tablet":"","width_mobile":"","rows":4},{"field_type":"mobile","field_label":"Phone","placeholder":"Phone","required":"","field_options":"","width":"50","width_tablet":"","width_mobile":"","rows":4,"_id":"ac2e031"},{"_id":"message","field_type":"message","field_label":"Message","placeholder":"Message","width":"100","required":"","field_options":"","width_tablet":"","width_mobile":"","rows":4}],"show_labels":"","gdpr_agreement":"yes","gdpr_label":"GDPR Agreement","gdpr_required":"true","gdpr_text":"I consent to having this website store my submitted information","button_text":"Submit","email_to":"hello@favethemes.com","email_subject":"New message from &quot;Houzez - Highly Customizable Real Estate WordPress Theme&quot;","field_typography_typography":"custom","field_gdpr_color":"#7A7A7A","gdpr_typography_typography":"custom","gdpr_typography_font_size":{"unit":"px","size":14,"sizes":[]},"_padding":{"unit":"px","top":"10","right":"30","bottom":"30","left":"30","isLinked":false},"_background_background":"classic","_background_color":"#FFFFFF"},"elements":[],"isInner":false,"widgetType":"houzez_elementor_contact_form","elType":"widget"}],"isInner":true,"elType":"column"}],"isInner":true,"elType":"section"},{"id":"2f6015b2","settings":[],"elements":[],"isInner":false,"widgetType":"houzez_elementor_space","elType":"widget"}],"isInner":false,"elType":"column"}],"isInner":false,"elType":"section"},{"id":"7f59da62","settings":{"custom_height":{"unit":"px","size":760,"sizes":[]},"content_position":"middle","background_color":"#FFFFFF","background_position":"center center","background_repeat":"no-repeat","background_size":"cover","background_overlay_background":"classic","background_overlay_opacity":{"unit":"px","size":0.97,"sizes":[]},"css_filters_blur":{"unit":"px","size":5,"sizes":[]},"stretch_section":"section-stretched","layout":"full_width","gap":"wide","background_background":"classic"},"elements":[{"id":"28fcc6b3","settings":{"_column_size":100,"_inline_size":null},"elements":[{"id":"6d4e2e8","settings":{"space":{"unit":"px","size":10,"sizes":[]}},"elements":[],"isInner":false,"widgetType":"spacer","elType":"widget"},{"id":"2bb4863e","settings":{"content_width":{"unit":"px","size":870,"sizes":[]}},"elements":[{"id":"1091cc1b","settings":{"_column_size":100,"_inline_size":null},"elements":[{"id":"bd6a66","settings":{"hz_section_title":"Display Latest & Featured Properties","section_title_typography_typography":"custom","section_title_typography_font_size":{"unit":"px","size":35,"sizes":[]},"section_title_typography_font_weight":"400","_animation":"fadeIn","animation_duration":"slow","hz_section_subtitle":"With the features and filters provided with the Houzez widgets you can turn your visitors attention to the latest listings or the ones that are most profitable to buy at the moment.","houzez_section_title_color":"#000000","houzez_section_subtitle_color":"#7A7A7A","section_title_typography_letter_spacing":{"unit":"px","size":-1,"sizes":[]},"section_subtitle_typography_font_family":"Work Sans","section_subtitle_typography_font_size":{"unit":"px","size":18,"sizes":[]},"section_subtitle_typography_line_height":{"unit":"em","size":1.5,"sizes":[]},"homey_main_title_spacing":{"unit":"px","size":10,"sizes":[]},"section_title_typography_font_size_mobile":{"unit":"px","size":28,"sizes":[]},"section_subtitle_typography_font_size_mobile":{"unit":"px","size":15,"sizes":[]}},"elements":[],"isInner":false,"widgetType":"houzez_elementor_section_title","elType":"widget"}],"isInner":true,"elType":"column"}],"isInner":true,"elType":"section"},{"id":"32cec8b1","settings":{"content_width":{"unit":"px","size":1280,"sizes":[]}},"elements":[{"id":"128f6bd8","settings":{"_column_size":100,"_inline_size":null},"elements":[{"id":"18c1064d","settings":{"slides_to_show":"4","slide_auto":"true","auto_speed":"3000","property_type":["apartment","studio"],"featured_prop":"yes","hz_item_price_typography":"custom","hz_item_price_font_size":{"unit":"px","size":17,"sizes":[]},"np_border_color":"#00AEEF","np_bg_color_hover":"#00AEEF","np_color_hover":"#FFFFFF","np_border_color_hover":"#00AEEF"},"elements":[],"isInner":false,"widgetType":"houzez_elementor_properties_carousel_v1","elType":"widget"}],"isInner":true,"elType":"column"}],"isInner":true,"elType":"section"},{"id":"79005fe1","settings":[],"elements":[],"isInner":false,"widgetType":"spacer","elType":"widget"}],"isInner":false,"elType":"column"}],"isInner":false,"elType":"section"},{"id":"25ec56a1","settings":{"stretch_section":"section-stretched","content_width":{"unit":"px","size":960,"sizes":[]},"height":"min-height","custom_height":{"unit":"px","size":750,"sizes":[]},"background_background":"classic","background_image":{"id":16248,"url":"https:\/\/default.houzez.co\/wp-content\/uploads\/2020\/03\/205.jpg"},"background_position":"center center","background_attachment":"fixed","background_repeat":"no-repeat","background_size":"cover","background_overlay_background":"classic","background_overlay_color":"rgba(0, 66, 116, 0.45)","background_overlay_color_b":"#004274","background_overlay_opacity":{"unit":"px","size":1,"sizes":[]},"shape_divider_top":"tilt","shape_divider_top_width":{"unit":"%","size":255,"sizes":[]},"shape_divider_top_height":{"unit":"px","size":100,"sizes":[]},"shape_divider_top_flip":"yes","shape_divider_bottom":"tilt","shape_divider_bottom_width":{"unit":"%","size":225,"sizes":[]},"shape_divider_bottom_height":{"unit":"px","size":100,"sizes":[]},"shape_divider_bottom_flip":"yes"},"elements":[{"id":"23522a1c","settings":{"_column_size":100,"_inline_size":null},"elements":[{"id":"3a803e7f","settings":{"content_width":{"unit":"px","size":734,"sizes":[]},"animation_duration":"slow"},"elements":[{"id":"43b0548f","settings":{"_column_size":100,"_inline_size":null},"elements":[{"id":"7c79bc2c","settings":{"hz_section_title":"Houzez offers a wide range of drag-and-drop widgets to assist you in designing your pages\n","section_title_typography_typography":"custom","section_title_typography_font_size":{"unit":"px","size":30,"sizes":[]},"section_title_typography_font_weight":"100","section_subtitle_typography_typography":"custom","section_subtitle_typography_line_height":{"unit":"em","size":1.5,"sizes":[]},"houzez_section_title_color":"#FFFFFF","houzez_section_subtitle_color":"#FFFFFF","homey_main_title_spacing":{"unit":"px","size":10,"sizes":[]},"_animation":"fadeIn","animation_duration":"slow","section_title_typography_line_height":{"unit":"em","size":1.35,"sizes":[]},"section_subtitle_typography_font_family":"Work Sans","section_subtitle_typography_font_size":{"unit":"px","size":20,"sizes":[]},"section_subtitle_typography_font_weight":"100","houzez_section_title_margin_bottom":{"unit":"px","size":30,"sizes":[]},"_margin_mobile":{"unit":"px","top":"70","right":"0","bottom":"0","left":"0","isLinked":false}},"elements":[],"isInner":false,"widgetType":"houzez_elementor_section_title","elType":"widget"}],"isInner":true,"elType":"column"}],"isInner":true,"elType":"section"},{"id":"15976a17","settings":{"icon_boxes":[{"icon_type":"custom_icon","custom_icon":{"url":"https:\/\/default.houzez.co\/wp-content\/uploads\/2020\/03\/streamline-icon-real-estate-message-house-buy@40x40.png","id":16561},"title":"","text":"","read_more_text":"Looking to buy","read_more_link":{"url":"#"},"_id":"7fe8a29"},{"icon_type":"custom_icon","custom_icon":{"url":"https:\/\/default.houzez.co\/wp-content\/uploads\/2020\/03\/streamline-icon-real-estate-insurance-dollar-hand@40x40.png","id":16562},"title":"","text":"","read_more_text":"Sell your home","read_more_link":{"url":"#"},"_id":"0ce5984"},{"icon_type":"custom_icon","custom_icon":{"url":"https:\/\/default.houzez.co\/wp-content\/uploads\/2020\/03\/streamline-icon-real-estate-sign-board-rent@40x40.png","id":16563},"title":"","text":"","read_more_text":"Rent a place","read_more_link":{"url":"#"},"_id":"024847e"},{"icon_type":"custom_icon","custom_icon":{"url":"https:\/\/default.houzez.co\/wp-content\/uploads\/2020\/03\/streamline-icon-real-estate-action-house-information@40x40.png","id":16565},"title":"","text":"","read_more_text":"Need Help?","read_more_link":{"url":"#"},"_id":"f29a77f"}],"border_radius":{"unit":"px","size":0,"sizes":[]},"background_a_color":"rgba(0, 66, 116, 0.71)","icon_padding":{"unit":"px","size":0,"sizes":[]},"title_spacing_a":{"unit":"px","size":0,"sizes":[]},"icon_boxes_columns":"four_columns","padding_a":{"unit":"px","top":"30","right":"30","bottom":"30","left":"30","isLinked":true},"background_a_background":"classic","background_a_color_b":"rgba(242, 41, 91, 0)","background_a_repeat":"no-repeat","background_a_size":"cover","background_overlay_a":"#004274","readmore_text_color":"#FFFFFF","readmore_text_typography_typography":"custom","readmore_text_typography_font_size":{"unit":"px","size":16,"sizes":[]},"border_a_width":{"unit":"px","top":"15","right":"15","bottom":"15","left":"15","isLinked":true},"border_a_color":"#FFFFFF","readmore_text_typography_font_family":"Roboto Condensed","readmore_text_typography_font_weight":"300","readmore_text_typography_text_transform":"uppercase"},"elements":[],"isInner":false,"widgetType":"houzez_elementor_icon_box","elType":"widget"}],"isInner":false,"elType":"column"}],"isInner":false,"elType":"section"},{"id":"67fa48cc","settings":{"custom_height":{"unit":"px","size":760,"sizes":[]},"content_position":"middle","background_color":"#FFFFFF","background_position":"center center","background_repeat":"no-repeat","background_overlay_color":"#FFFFFF","background_overlay_opacity":{"unit":"px","size":0.75,"sizes":[]},"css_filters_blur":{"unit":"px","size":5,"sizes":[]},"stretch_section":"section-stretched","gap":"wider","background_background":"classic","content_width":{"unit":"px","size":1280,"sizes":[]}},"elements":[{"id":"3c5508b5","settings":{"_column_size":100,"_inline_size":null},"elements":[{"id":"2f1054b6","settings":{"hz_section_title":"Properties for Sale","section_title_typography_typography":"custom","section_title_typography_font_size":{"unit":"px","size":35,"sizes":[]},"section_title_typography_font_weight":"400","section_subtitle_typography_typography":"custom","_animation":"fadeIn","animation_duration":"slow","hz_section_subtitle":"Lorem ipsum dolor sit amet, consectetur adipiscing elit. luctus ligula ac faucibus faucibus.","houzez_section_title_color":"#000000","houzez_section_subtitle_color":"#7A7A7A","section_title_typography_letter_spacing":{"unit":"px","size":-1,"sizes":[]},"section_subtitle_typography_font_family":"Work Sans","section_subtitle_typography_font_size":{"unit":"px","size":18,"sizes":[]},"section_subtitle_typography_line_height":{"unit":"em","size":1.5,"sizes":[]},"homey_main_title_spacing":{"unit":"px","size":10,"sizes":[]}},"elements":[],"isInner":false,"widgetType":"houzez_elementor_section_title","elType":"widget"},{"id":"22e5553b","settings":{"auto_speed":"3000","property_status":["for-sale"],"hide_status":"none","hide_button":"none","hide_author_date":"none","box_shadow_box_shadow_type":"yes","box_shadow_box_shadow":{"horizontal":0,"vertical":0,"blur":5,"spread":2,"color":"rgba(0, 0, 0, 0.1)"}},"elements":[],"isInner":false,"widgetType":"houzez_elementor_properties_carousel_v2","elType":"widget"}],"isInner":false,"elType":"column"}],"isInner":false,"elType":"section"},{"id":"6aaf39ef","settings":{"custom_height":{"unit":"px","size":750,"sizes":[]},"background_repeat":"no-repeat","background_size":"cover","background_overlay_background":"classic","stretch_section":"section-stretched","background_background":"classic","background_image":{"id":16264,"url":"https:\/\/default.houzez.co\/wp-content\/uploads\/2020\/03\/007.jpg"},"background_overlay_color":"rgba(0, 66, 116, 0.45)","background_attachment":"fixed","height":"min-height","background_overlay_color_b":"#004274","background_overlay_opacity":{"unit":"px","size":1,"sizes":[]},"shape_divider_top":"tilt","shape_divider_top_width":{"unit":"%","size":255,"sizes":[]},"shape_divider_top_height":{"unit":"px","size":100,"sizes":[]},"shape_divider_top_flip":"yes","shape_divider_bottom":"tilt","shape_divider_bottom_width":{"unit":"%","size":225,"sizes":[]},"shape_divider_bottom_height":{"unit":"px","size":100,"sizes":[]},"shape_divider_bottom_flip":"yes","content_width":{"unit":"px","size":1280,"sizes":[]}},"elements":[{"id":"2c09fc07","settings":{"_column_size":100,"_inline_size":null},"elements":[{"id":"31656184","settings":{"height":{"unit":"px","size":100,"sizes":[]}},"elements":[],"isInner":false,"widgetType":"houzez_elementor_space","elType":"widget"},{"id":"58f068b6","settings":{"hz_section_title":"Properties for Rent","section_title_typography_typography":"custom","section_title_typography_font_size":{"unit":"px","size":35,"sizes":[]},"section_title_typography_font_weight":"400","section_subtitle_typography_typography":"custom","_animation":"fadeIn","animation_duration":"slow","hz_section_subtitle":"Lorem ipsum dolor sit amet, consectetur adipiscing elit. luctus ligula ac faucibus faucibus.","houzez_section_title_color":"#FFFFFF","houzez_section_subtitle_color":"#FFFFFF","section_title_typography_letter_spacing":{"unit":"px","size":-1,"sizes":[]},"section_subtitle_typography_font_family":"Work Sans","section_subtitle_typography_font_size":{"unit":"px","size":18,"sizes":[]},"section_subtitle_typography_line_height":{"unit":"em","size":1.5,"sizes":[]},"homey_main_title_spacing":{"unit":"px","size":10,"sizes":[]}},"elements":[],"isInner":false,"widgetType":"houzez_elementor_section_title","elType":"widget"},{"id":"45ae7063","settings":{"auto_speed":"3000","property_status":["for-rent"]},"elements":[],"isInner":false,"widgetType":"houzez_elementor_properties_carousel_v6","elType":"widget"},{"id":"300f468f","settings":{"height":{"unit":"px","size":140,"sizes":[]}},"elements":[],"isInner":false,"widgetType":"houzez_elementor_space","elType":"widget"}],"isInner":false,"elType":"column"}],"isInner":false,"elType":"section"},{"id":"f6bbcb","settings":{"custom_height":{"unit":"px","size":760,"sizes":[]},"content_position":"middle","background_color":"#FFFFFF","background_position":"center right","background_repeat":"no-repeat","background_size":"auto","background_overlay_background":"classic","background_overlay_opacity":{"unit":"px","size":0.2,"sizes":[]},"css_filters_blur":{"unit":"px","size":2,"sizes":[]},"layout":"full_width","gap":"wide","css_filters_css_filter":"custom","background_background":"classic","background_image":{"id":"16451","url":"https:\/\/default.houzez.co\/wp-content\/uploads\/2020\/03\/bg-marker-right.jpg"}},"elements":[{"id":"4c98b8c7","settings":{"_column_size":100,"_inline_size":null},"elements":[{"id":"3c0bc42f","settings":{"height":{"unit":"px","size":50,"sizes":[]}},"elements":[],"isInner":false,"widgetType":"houzez_elementor_space","elType":"widget"},{"id":"67784b17","settings":{"content_width":{"unit":"px","size":870,"sizes":[]}},"elements":[{"id":"1a0f4fa1","settings":{"_column_size":100,"_inline_size":null},"elements":[{"id":"6b05083e","settings":{"hz_section_title":"Display Different Content Types","section_title_typography_typography":"custom","section_title_typography_font_size":{"unit":"px","size":35,"sizes":[]},"section_title_typography_font_weight":"400","section_subtitle_typography_typography":"custom","_animation":"fadeIn","animation_duration":"slow","hz_section_subtitle":"The Houzez Grids widgets allow you to display property cities, types, status, etc within different grid style variations, colors and typography options ","houzez_section_title_color":"#000000","houzez_section_subtitle_color":"#7A7A7A","section_title_typography_letter_spacing":{"unit":"px","size":-1,"sizes":[]},"section_subtitle_typography_font_family":"Work Sans","section_subtitle_typography_font_size":{"unit":"px","size":18,"sizes":[]},"section_subtitle_typography_line_height":{"unit":"em","size":1.5,"sizes":[]},"homey_main_title_spacing":{"unit":"px","size":10,"sizes":[]},"section_title_typography_font_size_mobile":{"unit":"px","size":28,"sizes":[]}},"elements":[],"isInner":false,"widgetType":"houzez_elementor_section_title","elType":"widget"}],"isInner":true,"elType":"column"}],"isInner":true,"elType":"section"},{"id":"6835b57e","settings":[],"elements":[{"id":"20e43289","settings":{"_column_size":100,"_inline_size":null},"elements":[{"id":"625d29c4","settings":{"houzez_grid_type":"grid_v4","orderby":"count","order":"DESC","grid_title_typography_typography":"custom","grid_title_typography_font_family":"Roboto Condensed","grid_title_typography_font_size":{"unit":"px","size":20,"sizes":[]},"grid_title_typography_font_weight":"400","grid_title_typography_text_transform":"uppercase","grid_subtitle_typography_typography":"custom","grid_subtitle_typography_font_family":"Work Sans","grid_subtitle_typography_font_size":{"unit":"px","size":12,"sizes":[]},"grid_subtitle_typography_font_weight":"400","grid_subtitle_color":"rgba(255, 255, 255, 0.78)"},"elements":[],"isInner":false,"widgetType":"houzez_elementor_grids","elType":"widget"}],"isInner":true,"elType":"column"}],"isInner":true,"elType":"section"},{"id":"72eef5df","settings":{"height":{"unit":"px","size":70,"sizes":[]}},"elements":[],"isInner":false,"widgetType":"houzez_elementor_space","elType":"widget"}],"isInner":false,"elType":"column"}],"isInner":false,"elType":"section"},{"id":"39419a5a","settings":{"custom_height":{"unit":"px","size":760,"sizes":[]},"content_position":"middle","background_color":"#FFFFFF","background_position":"center center","background_repeat":"no-repeat","background_size":"cover","background_overlay_background":"classic","background_overlay_opacity":{"unit":"px","size":0.2,"sizes":[]},"css_filters_blur":{"unit":"px","size":2,"sizes":[]},"stretch_section":"section-stretched","layout":"full_width","gap":"wide","css_filters_css_filter":"custom"},"elements":[{"id":"722b7cfb","settings":{"_column_size":100,"_inline_size":null},"elements":[{"id":"57e61b8","settings":[],"elements":[],"isInner":false,"widgetType":"houzez_elementor_space","elType":"widget"},{"id":"7ec15bdb","settings":{"gap":"extended"},"elements":[{"id":"2e7b286b","settings":{"_column_size":100,"_inline_size":null,"content_position":"bottom"},"elements":[{"id":"7f678178","settings":{"hz_section_title":"Meet Our Agents","section_title_typography_typography":"custom","section_title_typography_font_size":{"unit":"px","size":35,"sizes":[]},"section_title_typography_font_weight":"400","section_subtitle_typography_typography":"custom","_animation":"fadeIn","animation_duration":"slow","hz_section_subtitle":"Lorem ipsum dolor sit amet, consectetur adipisicing elit","houzez_section_title_color":"#000000","houzez_section_subtitle_color":"#7A7A7A","section_title_typography_letter_spacing":{"unit":"px","size":-1,"sizes":[]},"section_subtitle_typography_font_family":"Work Sans","section_subtitle_typography_font_size":{"unit":"px","size":18,"sizes":[]},"section_subtitle_typography_line_height":{"unit":"em","size":1.5,"sizes":[]},"homey_main_title_spacing":{"unit":"px","size":10,"sizes":[]}},"elements":[],"isInner":false,"widgetType":"houzez_elementor_section_title","elType":"widget"},{"id":"79f71bac","settings":{"columns":"4","posts_limit":"9"},"elements":[],"isInner":false,"widgetType":"houzez_elementor_agents","elType":"widget"}],"isInner":true,"elType":"column"}],"isInner":true,"elType":"section"},{"id":"7670d7d8","settings":{"height":{"unit":"px","size":100,"sizes":[]}},"elements":[],"isInner":false,"widgetType":"houzez_elementor_space","elType":"widget"}],"isInner":false,"elType":"column"}],"isInner":false,"elType":"section"},{"id":"69c85dd7","settings":{"custom_height":{"unit":"px","size":760,"sizes":[]},"content_position":"middle","background_color":"#FFFFFF","background_position":"center center","background_repeat":"no-repeat","background_size":"cover","background_overlay_background":"classic","background_overlay_opacity":{"unit":"px","size":0.2,"sizes":[]},"css_filters_blur":{"unit":"px","size":2,"sizes":[]},"stretch_section":"section-stretched","layout":"full_width","gap":"wide","css_filters_css_filter":"custom","background_background":"classic"},"elements":[{"id":"2312df73","settings":{"_column_size":100,"_inline_size":null},"elements":[{"id":"c0841f0","settings":[],"elements":[],"isInner":false,"widgetType":"houzez_elementor_space","elType":"widget"},{"id":"3862fc52","settings":{"gap":"extended"},"elements":[{"id":"3b1896a6","settings":{"_column_size":100,"_inline_size":null,"content_position":"bottom"},"elements":[{"id":"157da717","settings":{"hz_section_title":"Testimonials","section_title_typography_typography":"custom","section_title_typography_font_size":{"unit":"px","size":35,"sizes":[]},"section_title_typography_font_weight":"400","section_subtitle_typography_typography":"custom","_animation":"fadeIn","animation_duration":"slow","hz_section_subtitle":"Lorem ipsum dolor sit amet, consectetur adipisicing elit","houzez_section_title_color":"#000000","houzez_section_subtitle_color":"#7A7A7A","section_title_typography_letter_spacing":{"unit":"px","size":-1,"sizes":[]},"section_subtitle_typography_font_family":"Work Sans","section_subtitle_typography_font_size":{"unit":"px","size":18,"sizes":[]},"section_subtitle_typography_line_height":{"unit":"em","size":1.5,"sizes":[]},"homey_main_title_spacing":{"unit":"px","size":10,"sizes":[]}},"elements":[],"isInner":false,"widgetType":"houzez_elementor_section_title","elType":"widget"},{"id":"5f2df0fb","settings":{"posts_limit":"3","houzez_testi_v2_text_color":"#000000","houzez_testi_v2_bg_color":"#EDF9FF","_animation":"fadeIn","animation_duration":"slow"},"elements":[],"isInner":false,"widgetType":"houzez_elementor_testimonials_v2","elType":"widget"}],"isInner":true,"elType":"column"}],"isInner":true,"elType":"section"},{"id":"1b82f9b1","settings":{"height":{"unit":"px","size":70,"sizes":[]}},"elements":[],"isInner":false,"widgetType":"houzez_elementor_space","elType":"widget"}],"isInner":false,"elType":"column"}],"isInner":false,"elType":"section"},{"id":"e640bef","settings":{"background_background":"classic","background_color":"#FFFFFF","structure":"50","padding":{"unit":"px","top":"15","right":"0","bottom":"15","left":"0","isLinked":false},"border_border":"solid","border_width":{"unit":"px","top":"1","right":"0","bottom":"0","left":"0","isLinked":false},"border_color":"#ECECEC","hide_tablet":"hidden-tablet","hide_mobile":"hidden-phone"},"elements":[{"id":"68c14fd6","settings":{"_column_size":20,"_inline_size":null},"elements":[{"id":"74736267","settings":{"image":{"id":16531,"url":"https:\/\/default.houzez.co\/wp-content\/uploads\/2020\/03\/partner-01-e1582734705113.jpg"}},"elements":[],"isInner":false,"widgetType":"image","elType":"widget"}],"isInner":false,"elType":"column"},{"id":"207d5e6e","settings":{"_column_size":20,"_inline_size":null},"elements":[{"id":"19d7a466","settings":{"image":{"id":16532,"url":"https:\/\/default.houzez.co\/wp-content\/uploads\/2020\/03\/partner-02-e1582734691936.jpg"}},"elements":[],"isInner":false,"widgetType":"image","elType":"widget"}],"isInner":false,"elType":"column"},{"id":"55e36895","settings":{"_column_size":20,"_inline_size":null},"elements":[{"id":"537089c5","settings":{"image":{"id":16533,"url":"https:\/\/default.houzez.co\/wp-content\/uploads\/2020\/03\/partner-04-e1582734649458.jpg"}},"elements":[],"isInner":false,"widgetType":"image","elType":"widget"}],"isInner":false,"elType":"column"},{"id":"6d7fd966","settings":{"_column_size":20,"_inline_size":null},"elements":[{"id":"b8266ad","settings":{"image":{"id":16534,"url":"https:\/\/default.houzez.co\/wp-content\/uploads\/2020\/03\/partner-03-e1582734671602.jpg"}},"elements":[],"isInner":false,"widgetType":"image","elType":"widget"}],"isInner":false,"elType":"column"},{"id":"6ddf9071","settings":{"_column_size":20,"_inline_size":null},"elements":[{"id":"3d5bb3ac","settings":{"image":{"id":16535,"url":"https:\/\/default.houzez.co\/wp-content\/uploads\/2020\/03\/partner-05-e1582734603812.jpg"}},"elements":[],"isInner":false,"widgetType":"image","elType":"widget"}],"isInner":false,"elType":"column"}],"isInner":false,"elType":"section"}]}